{"crs":{"type":"name","properties":{"name":"urn:ogc:def:crs:EPSG::5070"}},"type":"FeatureCollection","features":[{"type":"Feature","geometry":{"type":"LineString","coordinates":[[1826238.0606913976,2187916.7301685577],[1826237.5813515058,2187913.612546888],[1826235.349150175,2187905.298889103],[1826234.6072847254,2187903.2204746567],[1826234.0801747204,2187900.4492553947],[1826232.172838303,2187894.214012056],[1826228.0724862695,2187877.5866964855],[1826227.0077438324,2187874.8154772236],[1826226.7078165081,2187872.0442579617],[1826225.8752647555,2187868.5802338845],[1826222.5391557072,2187856.802552022],[1826222.37491842,2187854.724137576],[1826220.1339457377,2187847.1032846062],[1826218.6708864996,2187840.175236452],[1826217.937629407,2187838.096822005],[1826217.503107578,2187835.325602744],[1826216.9190974662,2187833.939993113],[1826216.4297616545,2187831.168773851],[1826215.6923965712,2187829.0903594047],[1826214.0292056273,2187821.664480589],[1826210.0306968286,2187806.9206053107],[1826209.5217415853,2187803.4565812335],[1826208.9497709905,2187802.0709716026],[1826207.4486124597,2187796.528533079],[1826205.288620634,2187787.522070478],[1826205.1844579524,2187785.443656032],[1826204.0831404217,2187782.67243677],[1826203.7035057053,2187779.9012175086],[1826203.1702802493,2187778.5156078776],[1826200.7411377053,2187767.4307308304],[1826200.0251514448,2187765.352316384],[1826199.7579701613,2187763.273901938],[1826198.8526435138,2187760.502682676],[1826198.3694159547,2187757.7314634146],[1826197.2110653806,2187754.2674393374],[1826196.1584669324,2187749.5506723253],[1826194.797131609,2187745.2609767364],[1826190.5738610902,2187725.0752743795],[1826189.788801695,2187723.0912226425],[1826184.2724208406,2187701.6142733637],[1826183.224578353,2187698.8430541023],[1826182.200701313,2187692.607810763],[1826181.4320792474,2187689.8365915013],[1826180.7213232853,2187686.372567424],[1826180.4215803507,2187683.6013481626],[1826178.4553169913,2187674.5948855616],[1826175.742703529,2187666.974032592],[1826175.0283785763,2187664.20281333],[1826174.220107919,2187662.124398884],[1826173.8200435636,2187660.1068881373],[1826172.465620002,2187656.5819603605],[1826171.2817798445,2187652.4251314676],[1826170.5469020335,2187648.268302575],[1826165.6054925022,2187628.8697677427],[1826164.880252734,2187624.7129388503],[1826163.3053763018,2187619.863305142],[1826160.4169895425,2187607.506025428],[1826158.3898674182,2187599.7719654944],[1826157.8389062309,2187598.3863558634],[1826157.270216097,2187595.6151366015],[1826156.716090413,2187594.229526971],[1826156.2219874149,2187591.458307709],[1826154.0917792043,2187583.837454739],[1826152.8813969907,2187578.2950162156],[1826151.9336358511,2187575.5237969537],[1826151.495715533,2187572.7525776923],[1826150.821112346,2187570.674163246],[1826149.2044326805,2187563.7461150917],[1826148.986733148,2187561.667700645],[1826147.2439561517,2187556.818066937],[1826144.518170723,2187546.4259947054],[1826142.3815423278,2187537.419532105],[1826142.19318383,2187535.3411176587],[1826141.152214481,2187532.5698983967],[1826139.3262675542,2187524.9490454267],[1826138.8075320323,2187523.563435796],[1826138.0988617542,2187519.4066069033],[1826135.308895708,2187509.014534672],[1826131.9027852465,2187494.4656335474],[1826130.547154739,2187489.6159998397],[1826129.6792491297,2187487.537585393],[1826129.1832622173,2187482.687951685],[1826128.182561563,2187478.5311227925],[1826122.9854067948,2187459.8253927757],[1826121.532964466,2187452.8973446214],[1826119.8157971061,2187447.3549060975],[1826119.0909063106,2187443.18986164],[1826118.0475310436,2187440.426857943],[1826116.0750778597,2187431.4203953426],[1826113.078209736,2187421.7211279264],[1826112.1145654218,2187415.4858845877],[1826111.0426306953,2187412.714665326],[1826110.6776603428,2187410.6362508796],[1826109.152771442,2187405.093812356],[1826108.1633420764,2187403.0153979096],[1826107.7479564263,2187400.2441786476],[1826106.8047734578,2187396.3365256507],[1826105.6878522893,2187392.209299987],[1826104.3910011512,2187388.466496785],[1826103.4540099525,2187382.7977165515],[1826100.6710811923,2187372.5319860303],[1826100.1032464472,2187369.1310647223],[1826098.5836368434,2187364.91113306],[1826097.3509970417,2187359.368694537],[1826096.2711357456,2187356.5974752754],[1826093.3275879913,2187342.7413789663],[1826092.8322270238,2187340.66296452],[1826092.0074166176,2187338.584550074],[1826091.6313223112,2187335.813330812],[1826089.3717870393,2187326.8068682114],[1826088.2921728385,2187324.0356489494],[1826087.3043959904,2187320.5716248723],[1826087.0815117497,2187318.493210426],[1826086.1865199942,2187316.41479598],[1826084.4011845877,2187309.4867478255],[1826082.9412199638,2187305.3299189326],[1826082.511340281,2187303.2515044864],[1826082.197301835,2187299.7874804093],[1826079.9986654154,2187290.835623842],[1826079.1064659464,2187288.009798547],[1826078.386982329,2187283.852969654],[1826076.4192709173,2187277.6177263153],[1826075.1387083337,2187270.689678161],[1826074.335663097,2187267.225654084],[1826072.618438269,2187261.68321556],[1826072.4274110582,2187259.6048011137],[1826071.8709599273,2187258.2191914828],[1826071.5782314513,2187256.1407770365],[1826070.4182709737,2187253.3695577746],[1826069.6617125203,2187250.598338513],[1826069.579382946,2187248.5199240665],[1826066.393122009,2187236.742242204],[1826065.6091640452,2187232.5854133116],[1826064.1515060053,2187227.7357796035],[1826063.4283233455,2187223.578950711],[1826061.5583328314,2187218.729317003],[1826061.011005552,2187215.607616011],[1826060.091507357,2187212.494073664],[1826059.9554323105,2187211.108464033],[1826058.5022586414,2187206.2588303247],[1826057.6865458789,2187201.4091966166],[1826056.4671100925,2187197.9451725394],[1826055.7951104997,2187194.4811484623],[1826055.0089435591,2187192.402734016],[1826054.359178405,2187188.2459051237],[1826049.3497508243,2187169.540175107],[1826048.7248726992,2187165.920159832],[1826046.268243593,2187157.7624932444],[1826045.9992654559,2187155.6840787977],[1826044.1266574287,2187148.7560306434],[1826043.8042832476,2187146.677616197],[1826042.7737926175,2187144.599201751],[1826042.731961877,2187142.5207873047],[1826041.348887809,2187138.363958412],[1826040.9064245203,2187134.5226908484],[1826040.2108451626,2187132.8215198885],[1826038.1644050302,2187124.507862103],[1826037.0396187615,2187121.7366428412],[1826036.59042642,2187118.96542358],[1826035.7391438296,2187115.501399502],[1826034.787090157,2187112.7301802407],[1826034.2048975097,2187109.6502765375],[1826032.565789099,2187103.7237176397],[1826032.1130745427,2187100.952498378],[1826030.5574226582,2187096.7956694853],[1826028.7256969837,2187088.4820117],[1826027.7471659228,2187082.2467683614],[1826026.702184582,2187078.7827442843],[1826026.3864493307,2187076.5713152704],[1826025.570265188,2187074.6259153914],[1826024.8214945837,2187071.161891314],[1826024.532766223,2187068.3906720527],[1826023.7220507327,2187066.312257606],[1826022.130190859,2187059.3842094517],[1826021.0846676128,2187056.6129901903],[1826020.8018434886,2187054.1401780336],[1826020.0658412122,2187052.4561612974],[1826019.68492232,2187050.3957366194],[1826018.1179083714,2187044.835308328],[1826017.4730232283,2187040.678479435],[1826016.0711661982,2187037.2144553578],[1826015.3414796388,2187033.0576264653],[1826014.447791141,2187030.9792120187],[1826013.722417312,2187027.5151879415],[1826012.642538279,2187024.74396868],[1826012.2315400317,2187021.279944603],[1826011.2311404916,2187017.12311571],[1826009.2450863612,2187010.1950675556],[1826007.8463010262,2187003.9598242166],[1826006.2315686313,2186999.1101905084],[1826005.394152619,2186994.2605568008],[1826004.3903441322,2186991.489337539],[1826002.6402694413,2186982.4828749383],[1826002.1361393528,2186978.3260460454],[1826001.1689169398,2186973.4764123373],[1826000.4126919957,2186966.548364183],[1825999.8404655089,2186964.4699497367],[1826000.0668131,2186961.698730475],[1825999.2928111886,2186959.6203160286],[1825999.61536398,2186957.5419015824],[1825999.261314372,2186955.4634871357],[1825999.2553267984,2186953.3850726895],[1825998.6700093956,2186949.9210486123],[1825998.6459780037,2186947.842634166],[1825997.8335348486,2186944.378610089],[1825997.8999246382,2186942.3001956427],[1825996.7067282305,2186937.4505619346],[1825996.3908763318,2186933.9865378574],[1825996.4795370828,2186930.5225137803],[1825996.229577783,2186929.299992709],[1825995.5740897132,2186927.7512945184],[1825995.7891504788,2186924.9800752564],[1825995.0309802194,2186920.823246364],[1825995.1126566145,2186917.6225567865],[1825994.3801808653,2186912.5095885787],[1825993.0930239891,2186909.738369317],[1825992.9277076505,2186907.6599548706],[1825992.3077547539,2186905.5815404244],[1825991.8215415294,2186902.117516347],[1825991.0773388466,2186899.3462970853],[1825988.8767675108,2186885.4902007766],[1825986.7963456158,2186877.8693478066],[1825986.2751876337,2186874.4053237294],[1825985.2949352202,2186872.326909283],[1825983.1859526678,2186864.013251498],[1825982.8766225416,2186861.2420322364],[1825981.724265978,2186858.4708129745],[1825979.263677032,2186848.7715455582],[1825978.3556789227,2186844.614716666],[1825978.2301111238,2186842.536302219],[1825977.0867611046,2186839.7650829577],[1825975.591754959,2186832.8370348033],[1825972.386634938,2186821.752157756],[1825971.8517743007,2186818.980938494],[1825971.1213057525,2186816.902524048],[1825969.3682662786,2186809.9744758937],[1825967.572595547,2186804.4320373703],[1825967.1896274039,2186802.252894171],[1825965.7217473348,2186798.196794031],[1825965.1124205946,2186795.4255747697],[1825964.382080903,2186793.347160323],[1825964.0938728717,2186791.268745877],[1825963.3321642051,2186789.1903314306],[1825963.3002137265,2186788.497526615],[1825963.899590564,2186786.4191121687],[1825964.0723528778,2186784.3406977225],[1825964.9812203045,2186780.8766736453],[1825964.955785067,2186779.2757230015],[1825964.001025893,2186775.334235122],[1825963.7836900533,2186772.56301586],[1825964.7400739794,2186770.484601414],[1825965.107190077,2186768.406186967],[1825964.9886011966,2186763.5565532595],[1825964.5214345094,2186761.478138813],[1825964.6523006598,2186760.7853339976],[1825965.2861968847,2186758.7069195514],[1825965.724725663,2186758.0141147356],[1825967.442978773,2186756.6285051047],[1825969.4234697407,2186755.517651146],[1825971.6573120775,2186753.3044424155],[1825972.1115284108,2186752.4716762123],[1825971.2892428383,2186750.393261766],[1825971.222544285,2186747.622042504],[1825972.0744150952,2186744.158018427],[1825973.1952240232,2186741.386799165],[1825973.6269296643,2186738.961982311]]},"properties":{"elevation":0.0}},{"type":"Feature","geometry":{"type":"LineString","coordinates":[[1826254.9588264255,2187916.7301685577],[1826253.7935271456,2187910.8413276267],[1826253.2711905113,2187909.4557179958],[1826252.9440784648,2187906.684498734],[1826250.8876041854,2187899.7479751366],[1826248.5003662515,2187890.0571831632],[1826246.8286511402,2187882.4363301937],[1826246.2018227237,2187878.279501301],[1826245.1764323951,2187875.5082820393],[1826243.8562196586,2187869.9658435155],[1826242.8941162762,2187867.8874290693],[1826242.208541705,2187863.730600177],[1826240.8353136696,2187861.0753039233],[1826239.7805381531,2187858.188161653],[1826239.4382629655,2187854.0313327606],[1826240.0910294878,2187850.5673086834],[1826239.6781118275,2187848.4888942367],[1826239.4085769816,2187842.9464557134],[1826238.944327323,2187841.5608460824],[1826240.5985670527,2187835.325602744],[1826241.6966749243,2187833.939993113],[1826244.186077175,2187831.9196290025],[1826245.3029983432,2187831.277329215],[1826247.5368406803,2187830.804510401],[1826249.770683017,2187829.6812278125],[1826252.004525354,2187828.952138852],[1826253.594825315,2187827.0119449585],[1826255.3552888592,2187826.01450779],[1826267.641421712,2187824.2221764796],[1826269.8752640488,2187824.6462542894],[1826273.2260275541,2187824.0435570558],[1826274.3429487227,2187824.121463426],[1826281.4624785897,2187827.7047497737],[1826282.8501964866,2187829.0903594047],[1826283.7436613743,2187830.4759690356],[1826285.398432632,2187836.7112123747],[1826285.4385228402,2187839.482431636],[1826287.1244289125,2187852.6457231296],[1826287.947625892,2187855.4169423915],[1826288.0762812444,2187857.4953568378],[1826288.7574434616,2187859.573771284],[1826289.142264457,2187861.65218573],[1826290.5775593184,2187866.5018194383],[1826291.698618028,2187869.2730387],[1826292.1663663802,2187871.3514531464],[1826293.3306085858,2187873.9996789754],[1826294.4475297544,2187874.8954774854],[1826295.5644509227,2187874.475182372],[1826296.6813720912,2187873.4435826656],[1826296.8789085199,2187869.9658435155],[1826296.855996256,2187868.5802338845],[1826296.4318533924,2187866.5018194383],[1826296.3853240344,2187860.959380915],[1826295.2541784358,2187853.338527945],[1826295.105052605,2187843.639260529],[1826295.2576713448,2187838.789626821],[1826296.1876826182,2187836.018407559],[1826297.46142848,2187833.939993113],[1826301.149056765,2187830.157581664],[1826303.3828991018,2187829.0478614476],[1826304.0468824296,2187828.3975545894],[1826304.3075085187,2187827.7047497737],[1826304.250822329,2187827.0119449585],[1826303.3828991018,2187820.3116326006],[1826302.886609679,2187819.3910919884],[1826302.2659779333,2187815.8070987687],[1826301.527319826,2187813.848653465],[1826301.149056765,2187810.8815307557],[1826300.5295347895,2187809.691824572],[1826300.0321355965,2187807.2675108775],[1826299.5016016897,2187806.227800495],[1826298.915214428,2187803.9516199874],[1826298.074181147,2187802.763776418],[1826297.7982932597,2187801.652011339],[1826296.6813720912,2187801.1062409948],[1826291.096766249,2187803.074264415],[1826289.9798450805,2187803.228364057],[1826287.7460027437,2187801.794633648],[1826286.6290815752,2187801.5479056435],[1826285.512160407,2187801.9929390177],[1826284.3952392384,2187803.964942628],[1826283.27831807,2187804.755851829],[1826276.5767910595,2187807.216588325],[1826275.417868826,2187808.3062149417],[1826272.5528876062,2187809.691824572],[1826267.641421712,2187809.714999185],[1826254.2383676907,2187811.2359824996],[1826253.060281839,2187811.077434203],[1826249.770683017,2187809.019983739],[1826248.6537618486,2187808.0819750247],[1826246.4199195118,2187806.9494150807],[1826244.186077175,2187807.5291917403],[1826243.0691560064,2187807.538270811],[1826240.8353136696,2187806.91554825],[1826238.6014713328,2187805.270332698],[1826237.493715142,2187804.149386049],[1826235.606242845,2187800.6853619716],[1826234.7250805707,2187798.6069475254],[1826234.3289820391,2187796.528533079],[1826233.0168654905,2187792.3196721342],[1826230.1516081425,2187779.9012175086],[1826229.8574734563,2187777.1299982467],[1826228.5463768735,2187770.8947549076],[1826228.3921952692,2187768.8163404614],[1826227.3912015138,2187763.9667067532],[1826226.4858148226,2187761.888292307],[1826225.9824139746,2187759.117073045],[1826224.6938717018,2187755.653048968],[1826224.4556412625,2187753.5746345217],[1826223.525419084,2187749.4178056293],[1826221.839298882,2187744.568171921],[1826221.4255834683,2187741.104147844],[1826220.3753770888,2187738.332928582],[1826220.1680927887,2187736.254514136],[1826219.6138114694,2187734.6044196016],[1826218.6544790834,2187733.483294874],[1826218.876040751,2187731.4048804278],[1826217.2679075378,2187729.3264659815],[1826217.3087272828,2187727.2480515353],[1826216.4577137006,2187723.0912226425],[1826216.1195808046,2187722.398417827],[1826215.1461267956,2187721.434465234],[1826212.9122844588,2187721.430677816],[1826211.0420225502,2187720.3200033805],[1826209.5615209534,2187718.2347403397],[1826206.6343683805,2187711.31354078],[1826204.114529375,2187700.9214685485],[1826203.6786911967,2187696.7646396556],[1826203.8806334315,2187694.6862252094],[1826203.8233845197,2187690.529396317],[1826205.2909034202,2187688.4509818708],[1826205.394503445,2187685.679762609],[1826207.3276786166,2187679.793837645],[1826207.2836249133,2187678.058909639],[1826206.842363514,2187675.9804951926],[1826204.9414157085,2187670.438056669],[1826204.7604365638,2187668.359642223],[1826203.4139263034,2187664.20281333],[1826201.7414299843,2187657.274765176],[1826200.626151606,2187653.3519279812],[1826199.4897001619,2187650.3467170214],[1826199.334084377,2187648.268302575],[1826198.3923092692,2187643.6641885033],[1826197.3369725738,2187641.340254421],[1826196.7434247362,2187639.261839974],[1826195.1800902372,2187636.4906207127],[1826194.988962608,2187634.412206266],[1826192.8184675404,2187633.0265966356],[1826192.6537733919,2187632.33379182],[1826193.0702184553,2187630.948182189],[1826192.91044957,2187630.2553773737],[1826192.022112897,2187629.5625725584],[1826193.0754881892,2187628.8697677427],[1826193.5488017232,2187627.4841581117],[1826192.807703427,2187626.7881844286],[1826191.298272494,2187626.0985484812],[1826191.1845397893,2187625.4057436655],[1826191.9118420382,2187624.0201340346],[1826192.1824572007,2187622.6345244036],[1826190.819295727,2187618.477695511],[1826190.8544017074,2187617.09208588],[1826190.1361207797,2187613.628061803],[1826190.177227638,2187612.242452172],[1826190.4092700118,2187611.549647357],[1826188.9038531114,2187607.392818464],[1826188.4623485138,2187602.5431847563],[1826187.672609295,2187600.4647703096],[1826187.5284293576,2187597.693551048],[1826185.3932023444,2187588.687088447],[1826184.2779020988,2187585.22306437],[1826184.0686245314,2187582.4518451085],[1826182.9912331875,2187577.6022114004],[1826182.4639186647,2187573.4453825075],[1826182.7461521372,2187570.674163246],[1826181.672102374,2187565.824529538],[1826181.8651191662,2187562.3605054608],[1826180.2810869562,2187556.818066937],[1826179.0243541428,2187554.7396524907],[1826178.8466777094,2187553.3540428597],[1826179.0570527387,2187551.2756284135],[1826178.8156282832,2187549.1972139673],[1826177.34381181,2187546.4259947054],[1826174.9369647321,2187544.559956547],[1826174.265996579,2187543.654775444],[1826173.7457999503,2187541.5763609973],[1826172.3358551918,2187539.497946551],[1826172.066351193,2187537.419532105],[1826171.4122878402,2187535.3411176587],[1826170.9543806072,2187532.5698983967],[1826171.0881535048,2187530.4914839505],[1826170.711932279,2187528.4130695043],[1826167.1185165532,2187524.8513137586],[1826164.3366201574,2187522.8706309805],[1826160.965158878,2187519.4066069033],[1826159.300068374,2187517.2052190755],[1826157.2916178457,2187515.249778011],[1826156.3912206853,2187513.86416838],[1826155.9493048687,2187512.455437566],[1826154.139304682,2187509.707339487],[1826153.715462532,2187508.6898431666],[1826151.97419695,2187506.9361202256],[1826151.3191828344,2187505.5505105946],[1826150.3646990266,2187504.60795787],[1826149.2477778583,2187503.22872412],[1826148.6334144915,2187502.0864865175],[1826147.3852116722,2187500.7008768865],[1826146.464738148,2187497.9296576246],[1826145.748115084,2187496.544047994],[1826145.25025064,2187494.4656335474],[1826143.1567600358,2187489.6159998397],[1826142.7718771633,2187484.7663661316],[1826140.9933593627,2187478.5311227925],[1826141.177088633,2187475.7599035306],[1826141.0246749881,2187475.0670987153],[1826140.1222310404,2187473.6814890844],[1826140.056672623,2187472.2958794534],[1826141.1049194008,2187470.217465007],[1826141.1126198191,2187468.8318553763],[1826140.665657201,2187466.75344093],[1826141.8063968415,2187463.289416853],[1826142.0001811157,2187459.13258796],[1826143.1780453208,2187451.5117349904],[1826145.6071205535,2187443.198077205],[1826147.0139355212,2187439.8421886824],[1826147.0677809124,2187438.348443497],[1826146.914652791,2187437.6556386817],[1826145.2142007977,2187435.577224235],[1826144.2344730766,2187433.498809789],[1826143.663172016,2187430.5716988645],[1826143.040648325,2187428.6491760807],[1826142.5462508476,2187425.676719694],[1826141.429329679,2187423.6190732373],[1826140.3124085108,2187422.379791389],[1826138.5453057457,2187419.64271348],[1826137.7293274207,2187414.793079772],[1826137.626181343,2187412.02186051],[1826136.9616450055,2187409.7222416555],[1826136.0258935895,2187407.8650316177],[1826135.8074093098,2187406.4794219867],[1826136.2550891824,2187404.4010075405],[1826136.6734883278,2187396.7801545705],[1826137.5451040927,2187394.7017401243],[1826137.8565816972,2187393.3161304933],[1826137.9379280296,2187389.159301601],[1826141.2348297706,2187380.8456438156],[1826141.5143448066,2187377.3816197384],[1826142.607074441,2187375.303205292],[1826143.0709564218,2187373.2247908455],[1826144.1329552843,2187365.603937876],[1826143.7607022247,2187364.91113306],[1826143.7037922041,2187364.218328245],[1826144.2633752562,2187362.139913799],[1826144.048480579,2187360.754304168],[1826144.3704528091,2187358.6758897216],[1826144.2669768145,2187355.2118656444],[1826144.67230291,2187352.4406463825],[1826144.6642975977,2187351.0550367516],[1826145.1259140493,2187349.6694271206],[1826145.2403447656,2187346.898207859],[1826145.9844976752,2187345.512598228],[1826145.2868705448,2187342.7413789663],[1826145.0993272776,2187338.584550074],[1826146.1524251113,2187336.5061356276],[1826145.897014353,2187335.61976656],[1826144.7067582929,2187334.427721181],[1826144.9522200662,2187333.0421115505],[1826144.8287318912,2187332.3493067347],[1826143.7581500944,2187330.2708922885],[1826143.6965029968,2187329.5780874733],[1826144.1358717608,2187328.1924778423],[1826143.893544403,2187327.4996730266],[1826143.1819967346,2187326.8068682114],[1826142.9185518785,2187326.1140633957],[1826142.9247072071,2187325.4212585804],[1826143.337714429,2187324.728453765],[1826141.860210245,2187321.9572345032],[1826140.3124085108,2187320.0027413405],[1826139.1954873423,2187319.993812116],[1826136.6784347668,2187319.1860152413],[1826134.7278026685,2187317.0428459835],[1826134.5620755604,2187316.41479598],[1826135.3057901107,2187315.029186349],[1826137.1732340981,2187313.643576718],[1826137.4445553897,2187312.9507719027],[1826137.3571261193,2187310.1795526408],[1826136.970477119,2187309.4867478255],[1826135.844723837,2187308.877943403],[1826134.5698033746,2187307.408333379],[1826134.2987886341,2187306.0227237483],[1826133.9645511806,2187305.3299189326],[1826133.243966444,2187304.6371141174],[1826133.0108899283,2187303.9443093017],[1826133.030839502,2187302.5586996707],[1826132.7928079204,2187301.8658948555],[1826131.4602445075,2187300.4802852245],[1826131.8664455055,2187299.7874804093],[1826132.0655933872,2187298.4018707783],[1826131.7592344459,2187297.709065963],[1826131.4542558312,2187294.937846701],[1826130.579009009,2187292.859432255],[1826129.096222225,2187291.473822624],[1826129.0778218543,2187289.3954081777],[1826127.3213199102,2187286.624188916],[1826127.2403965194,2187284.5457744696],[1826126.4556215277,2187281.7745552077],[1826125.7924333212,2187280.6781140855],[1826124.0831778855,2187279.6961407615],[1826122.1932079303,2187276.9249214996],[1826121.8419798773,2187275.5393118686],[1826121.3247486474,2187274.7282812977],[1826120.936713207,2187272.768092607],[1826120.155370692,2187270.689678161],[1826119.1725655163,2187269.30406853],[1826118.0938965138,2187266.532849268],[1826117.1393959888,2187265.840044453],[1826116.8570639738,2187265.381803656],[1826116.2738345442,2187263.068825191],[1826114.5289268454,2187258.9119962985],[1826114.3202928475,2187258.2191914828],[1826114.6121142965,2187256.1407770365],[1826114.4608605003,2187254.7551674056],[1826115.1243458795,2187253.3695577746],[1826115.8044594903,2187248.5199240665],[1826107.3488870533,2187236.742242204],[1826106.8047734578,2187235.7544361996],[1826105.9597402685,2187232.5854133116],[1826105.0825972531,2187231.1998036806],[1826104.3406998964,2187230.5069988654],[1826104.9281878269,2187228.4285844187],[1826105.1163034504,2187225.6573651573],[1826105.749759969,2187223.578950711],[1826105.598744306,2187221.5005362644],[1826106.8047734578,2187219.822542631],[1826108.5694961138,2187215.958097741],[1826109.6407679976,2187212.494073664],[1826113.8854431508,2187202.7948062476],[1826115.2575411224,2187197.9451725394],[1826115.9579943968,2187193.788343647],[1826115.9997028422,2187190.32431957],[1826116.2971941764,2187188.2459051237],[1826116.0352614478,2187183.3962714155],[1826115.3079986218,2187179.2394425226],[1826114.1073231904,2187175.7754184455],[1826113.6204549097,2187173.6970039993],[1826112.3893793,2187170.93321724],[1826109.0386157946,2187165.5460331645],[1826105.2581268118,2187160.533712506],[1826100.1032464472,2187155.911133076],[1826097.8694041104,2187153.1802654183],[1826095.6355617736,2187151.729796061],[1826093.4017194365,2187149.5345542287],[1826091.1678770997,2187148.3712218273],[1826088.934034763,2187146.282068127],[1826084.466350089,2187144.1647326676],[1826082.2325077523,2187142.3919287473],[1826081.391629646,2187141.135177674],[1826080.9122671383,2187138.363958412],[1826081.8776353209,2187135.59273915],[1826081.688042606,2187133.5143247037],[1826082.0762528311,2187130.7431054423],[1826083.729313425,2187127.2790813646],[1826083.5641089992,2187119.658228395],[1826083.3845047317,2187117.579813949],[1826083.090447038,2187116.887009133],[1826081.115586584,2187114.843610909],[1826080.451468004,2187113.422985056],[1826078.881744247,2187111.9563517664],[1826077.9787584916,2187110.6517657945],[1826078.1767057225,2187108.573351348],[1826078.0871094905,2187105.8021320864],[1826077.5739729619,2187103.0309128244],[1826077.6459846864,2187100.952498378],[1826078.0073339194,2187099.5668887473],[1826078.881744247,2187098.5384025183],[1826079.224568742,2187097.488474301],[1826079.0356708341,2187096.10286467],[1826078.3344823255,2187095.410059855],[1826078.103649759,2187094.024450224],[1826078.1601268968,2187092.638840593],[1826078.8941468752,2187090.5604261467],[1826078.555139658,2187086.403597254],[1826078.7336600826,2187080.8611587305],[1826078.355660224,2187074.6259153914],[1826078.6117187245,2187072.547500945],[1826078.2389703821,2187069.7762816832],[1826078.6157747712,2187062.848233529],[1826078.1625814917,2187058.6914046365],[1826077.4151440233,2187056.6129901903],[1826077.291172974,2187054.5345757436],[1826076.4647239423,2187051.763356482],[1826076.2417244154,2187049.6849420355],[1826074.759310504,2187045.528113143],[1826074.511109359,2187043.449698697],[1826073.969676169,2187042.756893881],[1826072.991396472,2187040.678479435],[1826071.5394424342,2187037.2144553578],[1826071.063296068,2187035.5068025566],[1826068.8294537312,2187031.5388244833],[1826066.1710019417,2187027.5151879415],[1826065.200347745,2187025.4367734953],[1826063.6405167715,2187023.358359049],[1826061.2303463512,2187019.201530156],[1826059.8940843837,2187017.6987633505],[1826059.4502572226,2187016.4303108947],[1826058.7771632152,2187015.3799469336],[1826055.3930664589,2187011.5806771866],[1826054.6318670393,2187010.1950675556],[1826053.192557373,2187008.513290176],[1826052.357495536,2187006.038238663],[1826048.7248726992,2187003.2370746518],[1826047.4251064975,2187002.5742145856],[1826046.6085886601,2186999.802995324],[1826046.4117386146,2186997.724580878],[1826045.4722418112,2186996.338971247],[1826045.2510149472,2186995.6461664313],[1826045.5606220155,2186993.567751985],[1826044.8822379655,2186991.489337539],[1826047.0823258583,2186988.0253134617],[1826047.8288314727,2186984.5612893845],[1826047.5942530083,2186981.7900701226],[1826047.9798410465,2186981.0972653073],[1826048.7248726992,2186980.2716749185],[1826052.0756362046,2186978.7522987365],[1826055.42639971,2186976.7975981585],[1826056.7741962837,2186975.5548267835],[1826062.1279267205,2186969.343434945],[1826065.4786902259,2186966.579989361],[1826068.4626982035,2186965.162754552],[1826071.063296068,2186964.3255308247],[1826073.2971384048,2186964.4719164874],[1826075.5309807416,2186965.020216921],[1826077.7648230786,2186966.84895643],[1826078.881744247,2186967.3553615427],[1826079.5072125604,2186967.241168998],[1826079.8464985457,2186966.548364183],[1826077.7973555273,2186961.698730475],[1826075.5309807416,2186958.087428042],[1826074.2685212933,2186956.8490967667],[1826073.5991022734,2186955.4634871357],[1826073.2971384048,2186953.778265676],[1826072.3803150505,2186951.9994630585],[1826072.2056762492,2186948.5354389814],[1826071.619067648,2186947.149829351],[1826071.063296068,2186944.4962602765],[1826068.8294537312,2186939.8830034863],[1826067.8965985002,2186938.8361715656],[1826067.0950200178,2186937.4505619346],[1826066.3923476273,2186935.3721474884],[1826066.4267296055,2186934.6793426727],[1826067.0099015178,2186933.2937330417],[1826067.7125325627,2186932.885318662],[1826069.9463748995,2186930.7108275034],[1826071.742579331,2186928.4440993336],[1826073.2971384048,2186926.9167341082],[1826085.5637905365,2186911.8167837635],[1826087.4398219748,2186910.4311741325],[1826095.6355617736,2186908.185937758],[1826098.2003595992,2186906.9671500553],[1826102.337088784,2186905.6519640894],[1826107.721913127,2186903.503125978],[1826110.1555369631,2186901.978255864],[1826112.230746615,2186901.4247115315],[1826116.8570639738,2186899.663821301],[1826120.2078274789,2186899.183113317],[1826123.5585909842,2186897.682671793],[1826127.0228727064,2186896.575077824],[1826127.0735125907,2186895.882273008],[1826123.5585909842,2186895.1361743603],[1826121.3247486474,2186894.953614995],[1826115.7401428053,2186894.001819455],[1826114.6232216367,2186893.6473512],[1826110.1555369631,2186891.2098245723],[1826106.8047734578,2186889.8804115737],[1826098.852887457,2186885.4902007766],[1826096.8584925258,2186882.7189815147],[1826094.2011418133,2186880.6405670685],[1826092.1890646005,2186877.8693478066],[1826092.1569918357,2186877.1765429913],[1826092.4119354696,2186876.483738176],[1826095.8242606139,2186871.634104468],[1826096.572984183,2186869.5556900217],[1826093.663937214,2186864.7060563136],[1826092.2847982682,2186862.8675148087],[1826091.1678770997,2186862.1633901643],[1826090.0509559314,2186861.9615988485],[1826083.3494289208,2186861.5051072575],[1826081.115586584,2186861.0997000383],[1826079.9986654154,2186860.149712555],[1826077.7648230786,2186855.9461475187],[1826076.6479019101,2186855.420525332],[1826076.3731784788,2186855.0067888973],[1826074.4140595733,2186850.783648824],[1826073.2971384048,2186850.8789283107],[1826071.063296068,2186851.7496499512],[1826070.8429116462,2186851.54276482],[1826070.3300802207,2186849.464350374],[1826071.3512009268,2186845.307521481],[1826071.4706221994,2186843.92191185],[1826070.8186428025,2186840.457887773],[1826069.524290926,2186837.6866685115],[1826067.8047764977,2186831.4514251724],[1826066.327451249,2186827.987401095],[1826064.2833453293,2186820.366548125],[1826063.7440384326,2186816.902524048],[1826061.9612297518,2186810.6672807094],[1826061.4369868394,2186807.8960614474],[1826060.816292882,2186806.5104518165],[1826059.057139213,2186803.7392325546],[1826058.3206060547,2186800.2752084774],[1826057.10299422,2186797.503989216],[1826055.7274406243,2186790.5759410616],[1826054.8515381804,2186787.8047217997],[1826054.3634326165,2186784.3406977225],[1826053.4252333455,2186781.5694784606],[1826051.950611726,2186774.6414303062],[1826051.6745344,2186773.948625491],[1826050.0895049407,2186772.56301586],[1826049.8417938678,2186772.082269703],[1826049.7200641166,2186771.177406229],[1826049.9575079584,2186770.484601414],[1826049.7620609205,2186769.098991783],[1826049.4596529433,2186768.406186967],[1826047.6964455133,2186766.327772521],[1826047.0886913168,2186764.94216289],[1826047.8102675024,2186763.5565532595],[1826048.2336408135,2186759.3997243666],[1826048.1397677881,2186756.6285051047],[1826047.6936577626,2186753.857285843],[1826046.768395651,2186751.0860665813],[1826046.2922738544,2186747.622042504],[1826045.530978645,2186744.850823242],[1826045.5016761022,2186742.0796039808],[1826045.1069027171,2186738.961982311]]},"properties":{"elevation":5.0}},{"type":"Feature","geometry":{"type":"LineString","coordinates":[[1826054.3094785416,2186906.9773445604],[1826053.6493283925,2186905.5815404244],[1826055.42639971,2186905.4791517453],[1826055.42639971,2186906.005447533],[1826054.3094785416,2186906.9773445604]]},"properties":{"elevation":5.0}},{"type":"Feature","geometry":{"type":"LineString","coordinates":[[1826042.0233456888,2186768.152272294],[1826040.9064245203,2186767.712303788],[1826039.7895033518,2186766.900514774],[1826039.0251118373,2186765.6349677057],[1826039.7863925116,2186764.2493580747],[1826040.9064245203,2186763.7372395266],[1826042.0233456888,2186763.6713242526],[1826043.140266857,2186763.9399598558],[1826044.4522327366,2186764.94216289],[1826044.6405128478,2186765.6349677057],[1826043.140266857,2186767.5506391553],[1826042.0233456888,2186768.152272294]]},"properties":{"elevation":5.0}},{"type":"Feature","geometry":{"type":"LineString","coordinates":[[1826320.5997686277,2187916.7301685577],[1826319.2205418348,2187908.070108365],[1826318.2822101281,2187904.6060842876],[1826318.1514113166,2187902.5276698414],[1826317.5574418681,2187899.7564505795],[1826314.8395431312,2187890.749987979],[1826314.1074727091,2187887.285963902],[1826313.6179525792,2187883.821939824],[1826312.8904052111,2187881.0507205627],[1826309.1860257844,2187862.344990546],[1826309.1998804135,2187859.573771284],[1826307.6041716328,2187857.4953568378],[1826306.660014476,2187854.0313327606],[1826306.6669465317,2187851.9529183144],[1826306.177987874,2187849.1816990525],[1826306.263892421,2187846.4104797905],[1826306.7336626071,2187845.3738434645],[1826307.8505837754,2187844.2400441943],[1826308.7366895068,2187842.253650898],[1826308.7456045905,2187841.5608460824],[1826308.4343210487,2187840.175236452],[1826308.617247869,2187837.40401719],[1826307.3580524086,2187833.939993113],[1826306.7972228075,2187830.4759690356],[1826306.5221671131,2187825.6263353275],[1826305.4006866764,2187822.8551160656],[1826305.0791857978,2187820.7767016194],[1826304.49982027,2187819.0956511362],[1826303.9223400739,2187815.234263096],[1826303.1115848396,2187812.463043834],[1826302.8461587597,2187810.384629388],[1826302.209372089,2187808.999019757],[1826301.2585590798,2187804.8421908645],[1826299.1889041716,2187797.9141427097],[1826297.7045429833,2187794.4501186325],[1826296.986981825,2187791.678899371],[1826296.0530132835,2187789.600484925],[1826295.8247871997,2187787.522070478],[1826295.463884348,2187786.829265663],[1826294.4475297544,2187785.832620021],[1826292.2136874176,2187785.1625421117],[1826291.6657793024,2187784.7508512167],[1826288.449727484,2187781.979631955],[1826286.0669072198,2187779.208412693],[1826285.6166595723,2187778.5156078776],[1826284.3952392384,2187773.202682734],[1826283.76759662,2187771.5875597233],[1826283.4470560157,2187768.123535646],[1826283.27831807,2187767.62334272],[1826282.1613969016,2187766.8178421557],[1826281.044475733,2187767.0227369377],[1826278.1717485762,2187770.2019500923],[1826277.8112678751,2187772.2803645385],[1826279.1854119226,2187777.8228030624],[1826279.0969545927,2187778.5156078776],[1826278.8106333963,2187778.8669220954],[1826276.5767910595,2187778.787454421],[1826275.459869891,2187778.4946500547],[1826273.8272967313,2187774.358778985],[1826273.5623109941,2187770.8947549076],[1826272.9051478899,2187767.4307308304],[1826272.1091063856,2187766.5601402773],[1826270.9921852173,2187766.512411123],[1826269.8752640488,2187765.409649404],[1826268.2431102379,2187766.737926015],[1826267.641421712,2187768.389234359],[1826266.5245005435,2187768.2518959716],[1826263.1737370382,2187769.3647495653],[1826262.0568158699,2187770.301076485],[1826261.6318281866,2187772.2803645385],[1826260.9398947014,2187772.950654876],[1826260.3707287922,2187772.2803645385],[1826260.1551464892,2187769.509145277],[1826260.339423627,2187768.8163404614],[1826259.6361654832,2187767.4307308304],[1826258.7758830101,2187761.195487492],[1826258.8168285175,2187758.42426823],[1826258.2310553044,2187755.653048968],[1826258.1155194787,2187752.189024891],[1826257.7109403596,2187750.1106104446],[1826255.600731483,2187730.019270797],[1826254.8293517719,2187727.2480515353],[1826254.2383676907,2187723.596180728],[1826253.7367785196,2187723.7840274577],[1826253.1214465224,2187724.5209910534],[1826252.004525354,2187724.6934635104],[1826250.8876041854,2187724.1928452346],[1826249.770683017,2187724.350744183],[1826248.6537618486,2187725.4341489975],[1826247.720968559,2187724.4768322734],[1826246.494905531,2187723.7840274577],[1826245.3029983432,2187722.2864424735],[1826244.1135323236,2187726.5552467196],[1826243.7066856613,2187730.7120756125],[1826243.7441501976,2187732.7904900587],[1826243.4659800224,2187734.1760996897],[1826243.0691560064,2187735.075543994],[1826241.93066851,2187734.868904505],[1826241.1665841718,2187730.7120756125],[1826241.5149363594,2187727.2480515353],[1826241.247998256,2187724.4768322734],[1826240.7564368376,2187721.7056130115],[1826240.588980556,2187718.93439375],[1826239.7913860378,2187716.163174488],[1826239.1417513622,2187706.463907072],[1826238.4070107893,2187703.6926878104],[1826238.3773373018,2187701.6142733637],[1826237.921595588,2187698.8430541023],[1826237.5638998172,2187691.915005948],[1826235.7366358668,2187678.7517144545],[1826234.9020677086,2187674.5948855616],[1826234.5388592829,2187671.8236663],[1826234.462060801,2187668.359642223],[1826233.958255484,2187666.2812277763],[1826232.6255795383,2187657.274765176],[1826231.9805778922,2187650.3467170214],[1826231.2295919303,2187648.268302575],[1826230.9646510722,2187646.1898881285],[1826230.003922201,2187643.418668867],[1826229.6728436968,2187641.340254421],[1826228.9434197596,2187639.261839974],[1826228.0513430263,2187633.719401451],[1826226.6443864657,2187629.5625725584],[1826225.7465284006,2187624.0201340346],[1826224.2754148545,2187619.1705003264],[1826223.4187553418,2187613.628061803],[1826222.2581513564,2187609.4712329106],[1826221.4566434175,2187607.392818464],[1826221.2377731954,2187604.6215992025],[1826218.9067812907,2187597.693551048],[1826218.6092177862,2187595.6151366015],[1826217.7095396915,2187593.5367221553],[1826217.6059144998,2187591.458307709],[1826216.5180224092,2187587.301478816],[1826214.7164596412,2187583.144649924],[1826213.494445612,2187576.2166017694],[1826210.6312913382,2187569.288553615],[1826210.1646615816,2187566.517334353],[1826209.0701894118,2187562.3605054608],[1826207.8510910412,2187558.8964813836],[1826205.8377943835,2187554.7396524907],[1826203.6787075484,2187549.1972139673],[1826201.789262086,2187545.73318989],[1826200.479793107,2187542.269165813],[1826200.2846813044,2187540.883556182],[1826200.5190464817,2187539.497946551],[1826201.2767864068,2187537.419532105],[1826201.7430727745,2187536.930962169],[1826202.1151062092,2187536.033922474],[1826202.201849869,2187534.648312843],[1826201.7919978905,2187532.5698983967],[1826199.0044673502,2187528.4130695043],[1826196.6802532913,2187525.6418502424],[1826196.0320713555,2187524.2562406114],[1826196.1192590075,2187522.177826165],[1826199.5092304377,2187517.1760324077],[1826201.7430727745,2187514.9238361823],[1826203.723441352,2187512.478558749],[1826206.7113216475,2187507.628925041],[1826208.0586592813,2187503.4720961484],[1826208.8980731925,2187500.0080720712],[1826209.0646119744,2187497.9296576246],[1826209.6522787407,2187495.158438363],[1826209.5155216206,2187492.387219101],[1826209.2098735617,2187491.694414286],[1826208.4445997851,2187491.1843378027],[1826207.3276786166,2187491.837495225],[1826203.1377941314,2187495.8512431784],[1826201.195470495,2187497.2368528093],[1826199.1886504057,2187499.3152672555],[1826198.3923092692,2187499.844263241],[1826194.5495991348,2187501.3936817017],[1826192.3579503174,2187502.7792913327],[1826189.0134298014,2187504.1649009637],[1826188.3624923942,2187504.8577057794],[1826188.3565965611,2187506.24331541],[1826188.0327114428,2187506.9361202256],[1826183.8723340796,2187510.9406212782],[1826180.5215705743,2187510.7705717715],[1826178.2877282375,2187509.587005201],[1826177.170807069,2187509.5017600567],[1826176.21553213,2187509.707339487],[1826175.1039978436,2187510.4001443028],[1826172.5909574155,2187512.478558749],[1826171.5862012268,2187513.9203592646],[1826170.2628698335,2187515.249778011],[1826169.35235889,2187515.8815953615],[1826168.2354377215,2187516.1230398584],[1826167.7659012347,2187516.635387642],[1826168.0840530242,2187519.4066069033],[1826167.9321910453,2187520.099411719],[1826167.1185165532,2187520.5823526303],[1826166.0015953847,2187520.3420338547],[1826164.2769993264,2187518.713802088],[1826161.5339107108,2187516.725906121],[1826161.123238122,2187515.942582826],[1826160.4169895425,2187515.233802152],[1826158.1831472057,2187511.8530650535],[1826157.7039555663,2187510.4001443028],[1826155.9493048687,2187507.456071114],[1826155.2874569497,2187505.5505105946],[1826153.715462532,2187502.4010561774],[1826153.1187842411,2187500.7008768865],[1826152.9529268588,2187499.3152672555],[1826151.5023928517,2187493.772828732],[1826151.8890799158,2187491.694414286],[1826151.2918778458,2187490.308804655],[1826150.1986955951,2187488.923195024],[1826149.9460646233,2187488.230390209],[1826149.760034301,2187484.7663661316],[1826148.7527934064,2187482.687951685],[1826148.6534814031,2187480.6095372387],[1826147.0901461449,2187475.7599035306],[1826146.9286956748,2187472.2958794534],[1826146.2619609933,2187470.217465007],[1826145.4763419088,2187466.060636115],[1826145.3113458846,2187463.982221668],[1826144.4712522503,2187460.518197591],[1826144.696601891,2187456.3613686985],[1826145.2856210729,2187454.2829542523],[1826145.6045379662,2187451.5117349904],[1826145.897014353,2187450.723427353],[1826146.5184110028,2187450.1261253594],[1826148.1308566898,2187446.1458033123],[1826148.6630048156,2187445.969296467],[1826149.2477778583,2187445.387907766],[1826150.3646990266,2187446.4564660825],[1826151.4323393498,2187448.0477109132],[1826152.5985413634,2187448.765761444],[1826153.715462532,2187449.234485624],[1826160.4169895425,2187450.3026374914],[1826161.5339107108,2187450.654637634],[1826162.6508318793,2187450.3745893226],[1826163.7677530479,2187448.821690093],[1826163.9663012633,2187448.0477109132],[1826164.7871067938,2187447.3549060975],[1826168.2354377215,2187445.323765262],[1826169.35235889,2187445.3707136204],[1826172.7031223953,2187446.8346990757],[1826173.8200435636,2187447.620877976],[1826174.723569563,2187448.7405157285],[1826175.6588332823,2187449.433320544],[1826177.170807069,2187449.8946645837],[1826183.8723340796,2187448.794457071],[1826186.1061764164,2187449.1706821285],[1826188.3400187532,2187449.087837756],[1826193.1043549723,2187450.1261253594],[1826197.2753881007,2187451.606401319],[1826198.3923092692,2187451.7873333455],[1826198.9826774073,2187451.5117349904],[1826199.4396888576,2187450.8189301747],[1826199.5020679021,2187450.1261253594],[1826199.0422903623,2187448.7405157285],[1826197.4891633647,2187446.6621012823],[1826196.7365053133,2187444.583686836],[1826194.8707862839,2187441.812467574],[1826192.1923621239,2187438.348443497],[1826189.4569399217,2187436.1313935523],[1826184.989255248,2187434.218912476],[1826182.755412911,2187433.8393311445],[1826181.6384917428,2187433.839333011],[1826179.4046494057,2187434.403411114],[1826178.2877282375,2187434.180501219],[1826173.7901117236,2187432.113200158],[1826172.2523892473,2187430.7275905274],[1826171.9308063574,2187430.0347857117],[1826172.0123017996,2187427.9563712655],[1826173.372658554,2187421.028323111],[1826172.7031223953,2187415.953585922],[1826171.5862012268,2187414.573087179],[1826170.4692800583,2187414.069950069],[1826169.35235889,2187413.180715278],[1826168.94880554,2187412.714665326],[1826168.4846046036,2187411.329055695],[1826168.3684558484,2187407.8650316177],[1826168.701587198,2187405.093812356],[1826168.7122393923,2187400.2441786476],[1826168.1010873883,2187389.852106416],[1826168.1690686552,2187387.77369197],[1826167.8551221332,2187385.002472708],[1826168.1211157865,2187381.538448631],[1826167.3218886778,2187376.6888149227],[1826167.412537859,2187373.9175956612],[1826166.755656394,2187370.453571584],[1826166.9334983784,2187368.375157138],[1826165.651278729,2187357.2902800906],[1826165.3977439725,2187353.133451198],[1826165.4903154834,2187351.0550367516],[1826165.1174518515,2187348.28381749],[1826165.1398077705,2187346.2054030434],[1826164.7069143972,2187343.434183782],[1826164.042434386,2187333.7349163657],[1826163.9990499143,2187329.5780874733],[1826162.6451860191,2187318.493210426],[1826162.1719876484,2187316.41479598],[1826161.9652102808,2187313.643576718],[1826160.968119682,2187307.408333379],[1826161.0046986574,2187304.6371141174],[1826158.4407114282,2187291.473822624],[1826155.7219100988,2187281.7745552077],[1826153.6902876988,2187276.2321166843],[1826151.7194897463,2187267.225654084],[1826150.6479919637,2187263.761630006],[1826149.4623554798,2187260.9904107447],[1826147.6477409857,2187254.7551674056],[1826146.5839340505,2187251.9839481437],[1826146.2656719903,2187249.212728882],[1826145.1115666078,2187245.0558999893],[1826144.0499335995,2187242.284680728],[1826142.8346558134,2187236.742242204],[1826140.5778206713,2187230.5069988654],[1826139.427447497,2187228.4285844187],[1826138.0785661738,2187223.7016662937],[1826137.8112902758,2187221.5005362644],[1826135.844723837,2187215.30822722],[1826134.7278026685,2187213.093191745],[1826133.6108815002,2187212.6147253867],[1826131.3770391634,2187213.305193759],[1826128.026275658,2187211.927080069],[1826125.7924333212,2187210.222417677],[1826125.365899494,2187209.722854402],[1826124.8693272667,2187208.3372447714],[1826124.5097231017,2187204.8732206943],[1826124.8618867847,2187202.7948062476],[1826124.7648491513,2187200.7163918014],[1826125.1515836688,2187197.9451725394],[1826124.8435283124,2187195.8667580932],[1826124.958645849,2187193.788343647],[1826124.717466264,2187191.709929201],[1826124.767258092,2187189.631514754],[1826124.230609909,2187184.089076231],[1826123.281924687,2187179.2394425226],[1826122.6301667567,2187177.1610280764],[1826122.2436855051,2187174.3898088145],[1826121.0840959037,2187170.232979922],[1826120.2078274789,2187168.6537284562],[1826119.4574760539,2187166.076151029],[1826117.7415214595,2187161.919322137],[1826114.7926516472,2187156.3768836134],[1826113.4650716076,2187154.298469167],[1826112.555964142,2187152.2200547205],[1826110.7040117872,2187149.448835459],[1826110.1164936603,2187148.063225828],[1826109.8486448235,2187146.677616197],[1826110.1236797562,2187145.292006566],[1826111.2724581314,2187143.764164132],[1826113.5063004685,2187142.31985708],[1826115.7401428053,2187141.3124004835],[1826116.8570639738,2187140.325779093],[1826117.1479256544,2187139.749568043],[1826117.2739220683,2187138.363958412],[1826113.8354358708,2187122.429447657],[1826111.664980641,2187110.6517657945],[1826110.4911146332,2187105.8021320864],[1826108.494661083,2187099.5668887473],[1826107.2953968463,2187094.717255039],[1826107.0902480567,2187092.638840593],[1826105.8413687667,2187087.789206885],[1826104.64304727,2187084.3251828076],[1826104.0316374358,2187080.8611587305],[1826103.963377279,2187078.0899394685],[1826102.8008064982,2187075.318720207],[1826102.0087038279,2187072.547500945],[1826100.7345332536,2187064.926647975],[1826100.1685253887,2187062.848233529],[1826099.8783151396,2187059.3842094517],[1826098.6878721337,2187053.8417709284],[1826098.4031765223,2187050.377746851],[1826096.983768639,2187046.2209179583],[1826095.127758915,2187038.6000649887],[1826093.7171422625,2187031.6720168344],[1826093.0005271987,2187029.5936023877],[1826092.6334989315,2187027.5151879415],[1826090.1438262772,2187018.508725341],[1826087.8171135944,2187013.8236928196],[1826086.700192426,2187013.0002688756],[1826083.3494289208,2187012.971708547],[1826082.2325077523,2187011.827814752],[1826081.3241115208,2187010.1950675556],[1826079.762852687,2187006.7310434785],[1826079.3755734868,2187005.3454338475],[1826079.0513203982,2187002.5742145856],[1826079.2808865577,2187000.4958001394],[1826079.000653154,2186997.724580878],[1826079.145101582,2186995.6461664313],[1826077.7648230786,2186992.775359499],[1826076.6479019101,2186991.484185148],[1826074.4140595733,2186990.280600753],[1826071.5746176427,2186988.0253134617],[1826070.3873246682,2186987.332508646],[1826067.7125325627,2186986.6946077007],[1826067.4212722091,2186985.9468990155],[1826067.6538325923,2186984.5612893845],[1826068.1159671922,2186983.868484569],[1826070.2104046596,2186982.4828749383],[1826070.3608597293,2186980.4044604916],[1826071.063296068,2186979.227769463],[1826071.3218973516,2186978.3260460454],[1826071.821369058,2186977.63324123],[1826072.7638140135,2186976.9404364144],[1826077.7648230786,2186975.2449156637],[1826079.9986654154,2186973.8077671262],[1826081.115586584,2186973.342104864],[1826083.3494289208,2186973.7264689878],[1826084.466350089,2186973.2338066013],[1826092.3696122628,2186968.626778629],[1826095.1044730307,2186966.548364183],[1826094.910373496,2186965.162754552],[1826092.3827415283,2186958.9275112133],[1826089.233274805,2186951.9994630585],[1826087.0979892502,2186948.5354389814],[1826084.548172248,2186940.914586012],[1826081.9205996618,2186936.757757119],[1826080.4026082496,2186933.9865378574],[1826079.9328712742,2186932.6009282265],[1826081.7803206823,2186929.8297089646],[1826090.847371903,2186918.744831918],[1826091.9932116116,2186915.2808078406],[1826092.8917673258,2186913.8951982097],[1826093.7943046,2186913.202393394],[1826097.8694041104,2186911.9849527627],[1826098.9863252789,2186911.0504337056],[1826099.828555837,2186909.738369317],[1826100.6214191413,2186909.0455645015],[1826104.570931121,2186907.147356997],[1826107.9216946263,2186905.2060273048],[1826109.0386157946,2186904.4876927664],[1826109.8308642057,2186903.503125978],[1826111.2724581314,2186902.494226602],[1826116.8570639738,2186900.708122047],[1826120.2078274789,2186900.4635796975],[1826121.3247486474,2186900.1192923733],[1826122.363643766,2186899.3462970853],[1826123.5585909842,2186898.8112422205],[1826130.2601179949,2186896.6351212473],[1826131.3770391634,2186896.642001779],[1826132.4939603317,2186896.965968936],[1826133.182155223,2186896.575077824],[1826133.400509312,2186895.882273008],[1826133.2233032759,2186895.189468193],[1826131.3770391634,2186893.7430371703],[1826129.1431968263,2186893.3650559452],[1826125.7924333212,2186892.0281114266],[1826121.3247486474,2186890.810493093],[1826120.2938477024,2186890.3398344847],[1826119.085248355,2186887.568615223],[1826118.5712496196,2186886.8758104076],[1826112.5635920542,2186883.4117863304],[1826112.2323453547,2186882.7189815147],[1826112.4189911964,2186879.2549574375],[1826112.1889521203,2186878.5621526223],[1826109.9009735058,2186876.483738176],[1826109.6054084243,2186875.7909333603],[1826109.7248922514,2186875.098128545],[1826110.9877238022,2186873.019714099],[1826128.3894204348,2186849.464350374],[1826129.3011872636,2186847.3859359273],[1826129.0287485092,2186846.693131112],[1826128.026275658,2186846.041299848],[1826125.7924333212,2186845.5556134586],[1826090.0509559314,2186842.8463957305],[1826088.663705334,2186842.536302219],[1826087.8171135944,2186841.912063476],[1826086.700192426,2186840.19120812],[1826085.7261522776,2186839.7650829577],[1826083.3494289208,2186840.5276624095],[1826082.2325077523,2186840.352213445],[1826081.115586584,2186838.527958965],[1826079.9986654154,2186838.123949002],[1826077.7648230786,2186839.209204031],[1826077.3887182176,2186839.072278142],[1826077.0321526055,2186838.3794733267],[1826077.4111969452,2186834.9154492496],[1826077.0653421637,2186832.1442299876],[1826075.2865805815,2186826.6017914643],[1826074.3872756362,2186824.523377018],[1826073.8214633132,2186821.752157756],[1826073.0699812155,2186819.67374331],[1826072.5070443198,2186815.516914417],[1826070.6167323424,2186806.5104518165],[1826068.0709231014,2186800.2752084774],[1826062.8312753902,2186791.268745877],[1826061.5013636323,2186785.7263073535],[1826058.9993701025,2186772.56301586],[1826057.692783251,2186770.484601414],[1826057.6787442525,2186767.713382152],[1826056.5433208784,2186765.31242346],[1826056.2192638388,2186763.5565532595],[1826056.2908172675,2186757.3213099204],[1826056.0163147233,2186752.4716762123],[1826055.2358778052,2186750.393261766],[1826054.1402378452,2186744.158018427],[1826053.6734495105,2186740.69399435],[1826053.6504664728,2186738.961982311]]},"properties":{"elevation":10.0}},{"type":"Feature","geometry":{"type":"LineString","coordinates":[[1826339.1243764916,2187556.260492861],[1826336.8905341546,2187555.025482538],[1826334.6566918178,2187555.049912293],[1826333.5397706495,2187553.8323357366],[1826332.422849481,2187553.467761935],[1826331.3059283125,2187553.420555028],[1826329.2416967792,2187551.9684332293],[1826325.7213224703,2187550.160985606],[1826323.4874801335,2187549.588836226],[1826322.370558965,2187548.1787254773],[1826321.2536377967,2187547.6689909715],[1826319.8837609575,2187547.8116043364],[1826319.01979546,2187547.3145212117],[1826318.7102257838,2187546.4259947054],[1826317.9028742914,2187545.4223715696],[1826316.9844140967,2187543.654775444],[1826313.4351896176,2187541.288562639],[1826312.6575051923,2187540.190751367],[1826312.3182684493,2187539.3454976524],[1826311.8946294244,2187536.033922474],[1826312.3983517748,2187531.8770935815],[1826312.8807902494,2187529.798679135],[1826312.9720006932,2187527.0274598734],[1826313.8155422497,2187520.7922165343],[1826313.626771862,2187518.0209972723],[1826312.9510910872,2187515.942582826],[1826312.1310411522,2187514.556973195],[1826311.2013472808,2187513.753613262],[1826308.967504944,2187512.6499418523],[1826307.7862113668,2187511.7857539337],[1826307.3543288251,2187510.4001443028],[1826307.14602385,2187506.9361202256],[1826307.3767901282,2187504.8577057794],[1826308.2778543234,2187502.7792913327],[1826308.967504944,2187500.3967465037],[1826310.7336524292,2187498.6224624403],[1826311.2013472808,2187497.7460613125],[1826312.3182684493,2187497.104710415],[1826313.5095552278,2187497.2368528093],[1826316.785953123,2187498.733384928],[1826317.9028742914,2187499.0157592855],[1826320.1367166282,2187499.215006333],[1826321.2536377967,2187499.0895836814],[1826323.4874801335,2187498.3456445523],[1826324.1687285015,2187498.6224624403],[1826325.7213224703,2187500.686915641],[1826328.2710103963,2187503.4720961484],[1826329.0693929545,2187504.8577057794],[1826329.3848124193,2187506.24331541],[1826330.839218919,2187508.3217298565],[1826333.243114088,2187512.478558749],[1826334.413440481,2187516.635387642],[1826334.4896445256,2187520.099411719],[1826335.186078519,2187521.4850213495],[1826336.8905341546,2187527.4163165726],[1826338.0074553231,2187528.3764969246],[1826339.1243764916,2187528.640144125],[1826339.4301331202,2187529.1058743196],[1826341.3921286867,2187530.4914839505],[1826339.383002198,2187531.8770935815],[1826339.2607214218,2187532.5698983967],[1826339.400832973,2187533.262703212],[1826340.5137341612,2187535.3411176587],[1826339.97350583,2187537.419532105],[1826340.265426418,2187538.11233692],[1826342.6024005522,2187540.883556182],[1826342.9570616465,2187542.269165813],[1826343.4545998222,2187542.9619706282],[1826345.825903502,2187544.5702601136],[1826349.1766670074,2187545.0403850744],[1826349.2969790665,2187545.73318989],[1826350.2612672495,2187547.118799521],[1826349.0318410632,2187548.5044091516],[1826349.8186468354,2187549.8900187826],[1826349.8721731338,2187550.5828235983],[1826350.4604989826,2187551.2756284135],[1826350.556333236,2187551.9684332293],[1826350.293588176,2187552.76953016],[1826349.1766670074,2187551.791377919],[1826348.059745839,2187552.100312442],[1826347.5970707794,2187552.6612380445],[1826347.519896696,2187553.3540428597],[1826345.825903502,2187554.9045483107],[1826344.7089823338,2187556.274786663],[1826342.475139997,2187556.116282902],[1826340.24129766,2187556.500006184],[1826339.1243764916,2187556.260492861]]},"properties":{"elevation":10.0}},{"type":"Feature","geometry":{"type":"LineString","coordinates":[[1826288.8629239122,2187507.09692162],[1826285.512160407,2187505.5466962373],[1826282.1613969016,2187504.364410467],[1826278.8106333963,2187502.6394746243],[1826275.459869891,2187500.4890282145],[1826270.0052461403,2187495.158438363],[1826267.7755109118,2187492.387219101],[1826266.5245005435,2187490.3894781065],[1826265.2725139612,2187487.537585393],[1826264.7714881354,2187485.459170947],[1826263.7491169788,2187483.3807565006],[1826263.4155852527,2187481.9951468697],[1826263.5251381437,2187481.3023420544],[1826266.5245005435,2187478.267810508],[1826269.8752640488,2187475.881262178],[1826270.9921852173,2187475.831926325],[1826274.3429487227,2187476.5341413026],[1826277.6937122277,2187478.1652935133],[1826281.044475733,2187480.6012839903],[1826284.3952392384,2187482.2516287155],[1826287.4467945246,2187484.7663661316],[1826294.4475297544,2187489.2876050007],[1826295.5644509227,2187490.3527971716],[1826296.0881976876,2187493.080023917],[1826294.5506766979,2187500.7008768865],[1826292.2136874176,2187505.2061873474],[1826291.096766249,2187506.710381787],[1826289.9798450805,2187507.4629160105],[1826288.8629239122,2187507.09692162]]},"properties":{"elevation":10.0}},{"type":"Feature","geometry":{"type":"LineString","coordinates":[[1826182.755412911,2187495.1588452216],[1826179.4046494057,2187494.6930516567],[1826178.2877282375,2187494.9312580484],[1826177.170807069,2187494.685044137],[1826171.5862012268,2187491.674567389],[1826170.4692800583,2187490.1422893526],[1826169.35235889,2187489.3461030065],[1826167.882719967,2187487.537585393],[1826166.7041182038,2187485.459170947],[1826166.0015953847,2187483.4223301555],[1826164.9005823408,2187481.3023420544],[1826164.7832771488,2187480.6095372387],[1826165.1196158729,2187478.5311227925],[1826164.5392574077,2187476.4527083463],[1826165.1655225137,2187473.6814890844],[1826165.0100708464,2187471.603074638],[1826165.2230364098,2187470.9102698225],[1826167.3490982407,2187467.4462457453],[1826169.9220802712,2187463.982221668],[1826172.1002414885,2187461.903807222],[1826173.1987612336,2187461.2110024067],[1826178.2877282375,2187459.2803116366],[1826181.6384917428,2187458.7959013823],[1826186.1061764164,2187459.179271518],[1826188.3400187532,2187459.859902025],[1826192.807703427,2187461.866646631],[1826194.6467732196,2187463.289416853],[1826196.8343733759,2187465.367831299],[1826198.6650217902,2187468.139050561],[1826199.5092304377,2187470.782987232],[1826200.0844930054,2187471.603074638],[1826200.9183970783,2187475.0670987153],[1826200.407869499,2187477.1455131616],[1826200.1762915764,2187480.6095372387],[1826199.0124612742,2187484.7663661316],[1826198.760588229,2187485.459170947],[1826196.906841384,2187487.537585393],[1826195.775345863,2187489.6159998397],[1826195.0415457638,2187490.2980452087],[1826190.5738610902,2187493.206733826],[1826184.989255248,2187494.9788852013],[1826183.8723340796,2187495.2500139144],[1826182.755412911,2187495.1588452216]]},"properties":{"elevation":10.0}},{"type":"Feature","geometry":{"type":"LineString","coordinates":[[1826254.2383676907,2187431.6189022665],[1826253.1214465224,2187431.044162554],[1826252.004525354,2187429.5168692553],[1826250.8865566626,2187424.4923471883],[1826250.3413929981,2187414.100274957],[1826250.5695585967,2187411.329055695],[1826250.4825523258,2187408.557836433],[1826251.312953783,2187406.4794219867],[1826254.7620595582,2187401.6297882786],[1826259.8229735328,2187395.17798595],[1826260.9398947014,2187393.9617242333],[1826262.0568158699,2187393.899697812],[1826263.1737370382,2187394.210878711],[1826265.4075793752,2187395.315501612],[1826268.4411547226,2187397.472959386],[1826270.9921852173,2187399.9847202115],[1826274.2132389753,2187405.7866171715],[1826274.3429487227,2187407.8310905686],[1826271.2485432797,2187412.02186051],[1826270.0045021356,2187414.100274957],[1826268.0853498015,2187418.949908665],[1826266.4244712892,2187422.413932742],[1826262.0568158699,2187427.902844938],[1826260.5929069268,2187429.3419808964],[1826258.7060523645,2187430.3682439984],[1826255.3552888592,2187431.719731674],[1826254.2383676907,2187431.6189022665]]},"properties":{"elevation":10.0}},{"type":"Feature","geometry":{"type":"LineString","coordinates":[[1826284.3952392384,2187392.016759364],[1826280.3454220693,2187389.852106416],[1826278.8106333963,2187388.0669774995],[1826276.9603713348,2187386.388082339],[1826276.4573499325,2187385.6952775237],[1826275.6191807783,2187383.6168630775],[1826275.40326386,2187382.2312534465],[1826275.5432492264,2187381.538448631],[1826276.3897153425,2187380.1528390003],[1826279.9275545648,2187377.2443328076],[1826284.3952392384,2187375.955475348],[1826285.512160407,2187375.9587127334],[1826286.49438849,2187377.3816197384],[1826287.3616402273,2187379.4600341846],[1826289.6357016952,2187381.538448631],[1826289.915658354,2187382.924058262],[1826289.7644517585,2187383.6168630775],[1826288.9809318532,2187385.002472708],[1826288.393547953,2187387.0808871547],[1826286.1206167336,2187391.237716047],[1826285.512160407,2187392.0264874883],[1826284.3952392384,2187392.016759364]]},"properties":{"elevation":10.0}},{"type":"Feature","geometry":{"type":"LineString","coordinates":[[1826359.461558566,2187916.7301685577],[1826359.3721063556,2187914.305351704],[1826358.4845150274,2187909.4557179958],[1826357.2458615736,2187904.6060842876],[1826356.8871558483,2187901.8348650257],[1826355.6042713176,2187898.3708409485],[1826355.0138212752,2187895.5996216866],[1826355.2752018585,2187892.1355976094],[1826355.1133614227,2187890.0571831632],[1826355.3243575213,2187886.593159086],[1826355.2963214125,2187881.0507205627],[1826356.0527667883,2187871.3514531464],[1826356.9918675683,2187865.809014623],[1826357.2909453998,2187860.266576099],[1826357.4138227922,2187855.4169423915],[1826356.4865574867,2187843.639260529],[1826357.243017709,2187836.7112123747],[1826356.9110795143,2187833.247188297],[1826355.2643405495,2187831.168773851],[1826354.180678897,2187826.3191401428],[1826352.9861505877,2187822.8551160656],[1826352.7123877357,2187821.4695064346],[1826352.6937488674,2187818.698287173],[1826352.0631949883,2187815.9270679113],[1826352.0317318954,2187814.5414582803],[1826352.8078343258,2187812.463043834],[1826353.2384147227,2187810.384629388],[1826353.2048974955,2187809.691824572],[1826352.213017351,2187807.613410126],[1826352.5274305127,2187806.748384075],[1826353.7408172558,2187805.5349956797],[1826353.8767801193,2187804.149386049],[1826353.7103321918,2187802.0709716026],[1826352.8907153052,2187799.2997523407],[1826350.8524580887,2187795.1429234482],[1826349.1766670074,2187792.2398739597],[1826346.0103414778,2187788.214875294],[1826344.912591761,2187786.136460847],[1826343.8474462011,2187784.7508512167],[1826342.3850594705,2187781.2868271396],[1826340.455937082,2187778.5156078776],[1826337.0275961494,2187771.5875597233],[1826335.5913140161,2187769.509145277],[1826333.7164997482,2187764.659511569],[1826332.5955988094,2187760.502682676],[1826332.3792897474,2187757.038658599],[1826333.1259133366,2187752.8818297065],[1826332.9740053334,2187749.4178056293],[1826332.1587398504,2187745.953781552],[1826332.230334931,2187741.7969526593],[1826332.564496383,2187739.718538213],[1826332.5818916676,2187737.640123767],[1826333.8736667666,2187734.868904505],[1826334.4025566732,2187732.097685243],[1826334.5933533446,2187729.3264659815],[1826336.4129997408,2187724.4768322734],[1826336.8905341546,2187723.7208744544],[1826339.1243764916,2187722.7559881583],[1826340.24129766,2187722.6551743],[1826342.475139997,2187722.982113528],[1826349.1766670074,2187720.928179368],[1826352.5274305127,2187721.090398586],[1826356.9951151866,2187721.7028320692],[1826361.4627998602,2187721.5891891075],[1826365.930484534,2187720.7795393406],[1826369.2812480393,2187719.4979156028],[1826370.3981692076,2187718.507592],[1826371.5150903761,2187717.974079788],[1826372.6320115444,2187717.995904019],[1826374.8658538815,2187718.5440999107],[1826375.779673109,2187718.2415889343],[1826377.0996962183,2187717.0190156084],[1826380.4504597236,2187715.1396903386],[1826381.5673808919,2187713.9920893125],[1826385.9195179183,2187711.31354078],[1826388.2689079025,2187710.1313736658],[1826390.1291817126,2187708.542321518],[1826393.899565768,2187704.3854926256],[1826394.417852251,2187702.9998829947],[1826394.6379680517,2187700.9214685485],[1826396.0873560817,2187698.1553112646],[1826397.5153808815,2187694.6862252094],[1826397.3195310433,2187693.3006155784],[1826396.9968955629,2187692.607810763],[1826398.3211984185,2187688.542078968],[1826398.61770254,2187686.372567424],[1826399.5323833902,2187683.6013481626],[1826400.0158171514,2187681.522933716],[1826400.2007560274,2187679.4445192697],[1826400.829640778,2187677.3661048235],[1826400.9283271763,2187674.5948855616],[1826402.1094415258,2187669.0524470382],[1826403.1446464756,2187666.2812277763],[1826403.4214514587,2187661.431594068],[1826404.22732534,2187658.6603748067],[1826404.3854371742,2187655.889155545],[1826405.6873159872,2187651.0395218367],[1826405.7159174131,2187647.5754977595],[1826406.7530293963,2187644.1114736823],[1826408.0496643004,2187633.0265966356],[1826408.649663917,2187630.2553773737],[1826408.4309163766,2187628.1769629274],[1826409.472047105,2187623.3273292193],[1826409.147261885,2187619.1705003264],[1826409.4904101028,2187615.9601746947],[1826411.5977153534,2187617.09208588],[1826412.3438071173,2187619.1705003264],[1826413.3295911187,2187620.5561099574],[1826415.075015945,2187621.7990864883],[1826416.1919371134,2187621.996524421],[1826418.1954044888,2187620.5561099574],[1826420.7397083242,2187615.7064762493],[1826422.361569159,2187615.013671434],[1826424.0103852923,2187613.898651852],[1826425.1273064609,2187614.1689127022],[1826427.3611487977,2187615.452276159],[1826428.3613393963,2187614.320866619],[1826430.711912303,2187613.0439357497],[1826431.8288334715,2187613.285405694],[1826432.953495476,2187614.320866619],[1826433.1931123713,2187620.5561099574],[1826434.3832816856,2187622.6345244036],[1826436.5562017285,2187625.4057436655],[1826437.2128233507,2187626.7913532965],[1826437.2633421028,2187628.1769629274],[1826437.905996819,2187631.6409870046],[1826439.014472257,2187634.412206266],[1826438.7774078636,2187635.797815897],[1826438.2016839979,2187637.183425528],[1826438.1484771399,2187639.261839974],[1826438.530360482,2187639.9782558437],[1826439.5444528416,2187640.647449605],[1826446.4629617685,2187644.1114736823],[1826447.4657298294,2187644.4817738095],[1826455.2841780086,2187643.2373293736],[1826464.219547356,2187639.7415285544],[1826467.5703108613,2187639.5770348855],[1826470.9210743664,2187639.770992724],[1826472.037995535,2187639.600356067],[1826473.1549167035,2187639.1485093012],[1826474.2718378718,2187638.240702654],[1826476.5056802088,2187635.5609629094],[1826478.535495108,2187634.412206266],[1826480.380336248,2187632.33379182],[1826482.090286051,2187629.9440245316],[1826483.2072072192,2187628.8914422253],[1826484.7186642168,2187628.1769629274],[1826488.7918130613,2187627.2830330734],[1826503.3117882512,2187624.7464140304],[1826504.4287094194,2187624.644073708],[1826505.5919080547,2187625.4057436655],[1826506.6625517562,2187625.6834067195],[1826509.1395352096,2187624.7129388503],[1826510.590471718,2187623.3273292193],[1826511.2925291415,2187621.248914773],[1826511.504859409,2187618.477695511],[1826511.930488018,2187616.399281065],[1826511.7614186485,2187614.320866619],[1826513.0950191722,2187607.392818464],[1826513.026391489,2187606.7000136487],[1826512.2471575986,2187606.297116275],[1826511.13023643,2187606.4865888674],[1826510.7633079034,2187606.0072088335],[1826510.520370464,2187605.3144040178],[1826510.2705937626,2187601.8503799406],[1826509.2486724881,2187598.3863558634],[1826508.4868595586,2187597.0007462325],[1826508.4324582561,2187596.307941417],[1826510.150514612,2187593.5367221553],[1826510.2176739036,2187591.458307709],[1826509.4231887087,2187589.379893263],[1826506.7019574796,2187584.5302595547],[1826504.4287094194,2187581.9891348504],[1826503.3117882512,2187581.2831955333],[1826502.1948670826,2187580.1748475437],[1826499.9610247458,2187576.0941097043],[1826498.8441035773,2187576.161342391],[1826496.6102612405,2187577.200469991],[1826495.493340072,2187577.3887354527],[1826494.3764189037,2187578.058781186],[1826493.2594977352,2187578.3484115084],[1826489.9087342299,2187577.638661693],[1826485.4410495562,2187576.2755992813],[1826483.2072072192,2187576.188627954],[1826479.856443714,2187577.8081733114],[1826475.3887590403,2187578.2457106016],[1826472.037995535,2187577.9196398715],[1826470.9210743664,2187578.076565726],[1826467.5703108613,2187579.6846045866],[1826465.3364685243,2187579.642400043],[1826460.8687838507,2187578.865277514],[1826459.7518626822,2187578.8687880025],[1826455.2841780086,2187579.9302458977],[1826453.0503356715,2187579.7869303348],[1826449.6995721664,2187580.998747859],[1826448.582650998,2187580.8384094457],[1826447.792939206,2187580.373430662],[1826447.810009525,2187579.6806258466],[1826447.2495852353,2187578.2950162156],[1826446.7665096389,2187575.5237969537],[1826445.3027861568,2187573.4453825075],[1826445.2222224248,2187572.7525776923],[1826444.114966324,2187571.745136476],[1826441.8811239873,2187571.3816994727],[1826439.6472816505,2187570.3708753935],[1826438.530360482,2187569.5971365855],[1826438.2813984856,2187569.9813584303],[1826436.2965181451,2187571.086369795],[1826432.9457546398,2187571.2499995437],[1826430.711912303,2187571.7832339653],[1826429.5949911345,2187571.1276495396],[1826428.9644998598,2187569.288553615],[1826429.2689393137,2187563.7461150917],[1826430.503684644,2187558.8964813836],[1826432.0914362841,2187555.4324573064],[1826432.3010762804,2187553.3540428597],[1826431.3982271159,2187550.5828235983],[1826430.8267472363,2187549.8900187826],[1826429.858568629,2187549.1972139673],[1826428.274002423,2187548.5044091516],[1826430.2147091425,2187546.4259947054],[1826434.2319248419,2187543.654775444],[1826436.4316644014,2187541.5763609973],[1826436.4132659785,2187540.190751367],[1826435.7251002926,2187538.805141736],[1826435.5091474804,2187537.419532105],[1826434.827079001,2187536.033922474],[1826434.4585470764,2187533.9555080277],[1826433.6540432617,2187532.5698983967],[1826433.6780048239,2187531.8770935815],[1826434.0626758083,2187531.6270119054],[1826434.1887049328,2187531.8770935815],[1826435.6068334952,2187532.5698983967],[1826437.4134393136,2187534.302367672],[1826437.9380160833,2187533.9555080277],[1826440.764202819,2187533.571963064],[1826441.353367649,2187533.262703212],[1826442.0115182262,2187532.5698983967],[1826442.0652212275,2187531.184288766],[1826441.8811239873,2187530.7761115446],[1826440.764202819,2187530.7127604345],[1826439.6472816505,2187531.151741593],[1826438.530360482,2187530.916496411],[1826436.2965181451,2187531.023883466],[1826434.0626758083,2187529.6954769366],[1826431.8288334715,2187529.277150715],[1826429.5949911345,2187529.5703390706],[1826426.2442276292,2187530.7596707614],[1826425.1273064609,2187530.7494112356],[1826424.8597714186,2187530.4914839505],[1826425.861221116,2187528.4130695043],[1826425.9404358082,2187527.7202646886],[1826425.559965427,2187527.0274598734],[1826421.7765429555,2187525.3908485807],[1826420.6819512541,2187523.563435796],[1826419.89470135,2187522.8706309805],[1826419.7278985463,2187522.177826165],[1826420.44653098,2187521.4850213495],[1826421.9929052116,2187520.7922165343],[1826422.2168827974,2187520.099411719],[1826422.1408131765,2187519.4066069033],[1826419.756483662,2187517.328192457],[1826417.0682649491,2187509.707339487],[1826417.3088582817,2187508.9810698517],[1826418.4257794502,2187508.7423222405],[1826418.9685091209,2187509.014534672],[1826420.247475369,2187510.4001443028],[1826420.659621787,2187511.340230355],[1826421.1004226878,2187510.4001443028],[1826421.316017076,2187508.3217298565],[1826422.0504298059,2187506.9361202256],[1826422.4521730866,2187505.5505105946],[1826423.7790851092,2187504.1649009637],[1826425.3024704778,2187501.3936817017],[1826424.3485010338,2187500.0080720712],[1826422.6203597889,2187495.158438363],[1826422.0063769333,2187494.4656335474],[1826419.8330705955,2187493.080023917],[1826417.3088582817,2187491.9348577247],[1826417.0260779946,2187491.00160947],[1826417.0879498315,2187490.308804655],[1826417.3088582817,2187489.9143845984],[1826419.5427006187,2187489.359524712],[1826420.659621787,2187488.2605912443],[1826420.2617903475,2187484.7663661316],[1826420.3108294397,2187483.3807565006],[1826420.659621787,2187482.736237949],[1826421.7765429555,2187482.3923977693],[1826422.306445212,2187481.9951468697],[1826424.0103852923,2187479.317403911],[1826425.1273064609,2187479.320108316],[1826428.4780699662,2187481.100269303],[1826429.5949911345,2187481.346732367],[1826431.8288334715,2187480.550032626],[1826437.4134393136,2187479.9043220184],[1826438.530360482,2187478.973308953],[1826439.6472816505,2187477.342787404],[1826440.764202819,2187476.5747382],[1826446.348808661,2187474.287143684],[1826447.4657298294,2187474.0828391984],[1826448.582650998,2187475.079741891],[1826451.9334145032,2187479.7794592627],[1826453.0503356715,2187480.486540668],[1826458.6349415139,2187478.8950210214],[1826460.9188561873,2187478.5311227925],[1826461.52223609,2187477.8383179773],[1826461.7708612299,2187477.1455131616],[1826461.041821211,2187472.2958794534],[1826460.8687838507,2187471.354463621],[1826460.152953175,2187470.217465007],[1826458.9065737948,2187466.75344093],[1826459.1526918197,2187466.060636115],[1826460.3171853325,2187464.675026484],[1826460.6843031053,2187463.982221668],[1826460.757177016,2187463.289416853],[1826459.7518626822,2187461.4818867035],[1826458.7553860007,2187460.518197591],[1826458.6349415139,2187459.0547497175],[1826457.5180203454,2187459.0656180657],[1826455.2841780086,2187459.630158868],[1826449.6995721664,2187461.431740836],[1826448.582650998,2187461.093807329],[1826447.4657298294,2187460.0568219204],[1826446.7658100692,2187458.4397831447],[1826445.8987420767,2187453.5901494366],[1826444.1759841577,2187449.433320544],[1826446.9288580837,2187447.3549060975],[1826447.1255127583,2187446.6621012823],[1826446.348808661,2187445.611493781],[1826445.2318874926,2187445.333967876],[1826444.114966324,2187445.8790860837],[1826439.8112756577,2187445.2764916513],[1826437.4134393136,2187444.528492383],[1826436.2965181451,2187444.4436453837],[1826436.1338215878,2187444.583686836],[1826436.2965181451,2187444.8815982062],[1826437.6727275962,2187445.969296467],[1826437.9395386293,2187446.6621012823],[1826437.4134393136,2187447.266495073],[1826434.0626758083,2187448.7661210517],[1826431.8288334715,2187448.522171494],[1826431.0249960034,2187449.433320544],[1826430.19952161,2187450.8189301747],[1826430.1548512606,2187451.5117349904],[1826428.9031888454,2187454.2829542523],[1826429.2169406046,2187460.518197591],[1826429.9327109675,2187463.289416853],[1826429.8154079746,2187465.367831299],[1826429.514061334,2187466.060636115],[1826428.5089855336,2187466.75344093],[1826427.3611487977,2187467.047622141],[1826425.1273064609,2187467.1298804297],[1826424.0103852923,2187466.412269422],[1826420.659621787,2187465.8025752665],[1826420.0140518018,2187465.367831299],[1826419.3272148941,2187463.289416853],[1826418.9956529886,2187459.8253927757],[1826418.667741647,2187459.13258796],[1826417.3088582817,2187458.157039755],[1826416.1919371134,2187457.7795230215],[1826415.075015945,2187457.7719485294],[1826412.841173608,2187458.1640206603],[1826411.7242524396,2187458.6727063996],[1826410.187296283,2187459.8253927757],[1826409.4879680434,2187460.518197591],[1826409.8400073878,2187463.982221668],[1826409.4904101028,2187465.0788693572],[1826408.3734889342,2187465.665937509],[1826406.6863907613,2187466.060636115],[1826405.844850403,2187466.75344093],[1826405.0227254292,2187467.0929231145],[1826403.9058042606,2187466.3693739],[1826400.3277442036,2187462.596612037],[1826399.4381195868,2187461.219766317],[1826399.1255209893,2187459.8253927757],[1826398.745015082,2187459.13258796],[1826398.3211984185,2187458.8432327076],[1826397.20427725,2187458.744447431],[1826394.9704349132,2187458.8373267604],[1826390.3271327482,2187455.668563883],[1826389.3561324684,2187454.2829542523],[1826388.5851028506,2187447.3549060975],[1826389.7956166626,2187439.734053128],[1826390.0444780607,2187439.041248312],[1826390.5027502393,2187438.6250430364],[1826391.6196714079,2187438.754554955],[1826392.7365925764,2187439.172834379],[1826397.20427725,2187441.230456525],[1826399.4381195868,2187442.570586276],[1826400.5550407553,2187442.66029866],[1826401.6719619238,2187442.3860569485],[1826404.2508036871,2187441.119662759],[1826408.9180928043,2187437.6556386817],[1826409.3064809726,2187436.962833866],[1826409.2889807452,2187436.2700290508],[1826406.563617513,2187432.113200158],[1826405.985803627,2187431.4203953426],[1826405.0227254292,2187430.804005829],[1826403.9058042606,2187430.4618767654],[1826402.788883092,2187430.669263301],[1826400.5550407553,2187431.931254242],[1826399.4381195868,2187431.607689433],[1826397.20427725,2187429.928040372],[1826395.6112353485,2187429.3419808964],[1826395.3550011923,2187426.5707616345],[1826396.0762193985,2187423.7995423726],[1826395.7841503415,2187423.1067375573],[1826392.606196332,2187420.3355182954],[1826391.418725861,2187419.64271348],[1826389.9211579836,2187415.4858845877],[1826388.7050740018,2187413.407470141],[1826388.979979175,2187408.557836433],[1826388.2689079025,2187407.5592841767],[1826386.8462413442,2187406.4794219867],[1826386.0350655657,2187405.0194784217],[1826384.9181443972,2187404.3410511925],[1826384.5615268045,2187403.7082027253],[1826384.9181443972,2187403.495556056],[1826386.0350655657,2187403.522205721],[1826387.1519867342,2187403.044362064],[1826388.4061118118,2187402.3225930943],[1826388.8381407026,2187401.6297882786],[1826388.5524376028,2187399.5513738324],[1826387.788621588,2187396.7801545705],[1826387.901007289,2187395.39454494],[1826388.2689079025,2187394.9528387412],[1826390.5027502393,2187393.8773754314],[1826396.0873560817,2187391.7882591547],[1826397.6932894029,2187390.544911232],[1826398.9617744538,2187388.466496785],[1826399.4381195868,2187388.102421627],[1826400.5550407553,2187388.4013926666],[1826401.6719619238,2187388.395499881],[1826402.788883092,2187387.486358349],[1826403.9058042606,2187386.9984577536],[1826413.9580947766,2187384.2891257214],[1826415.075015945,2187384.3875130145],[1826416.5788480458,2187387.0808871547],[1826418.253838181,2187392.623325678],[1826418.4257794502,2187392.941368764],[1826418.9799973571,2187392.623325678],[1826419.1497743041,2187391.237716047],[1826418.0430498158,2187384.3096678928],[1826418.1955983716,2187382.2312534465],[1826419.0086373547,2187379.4600341846],[1826418.7232350842,2187377.3816197384],[1826417.7230532586,2187373.9175956612],[1826416.3478480459,2187371.839181215],[1826412.841173608,2187365.354809218],[1826411.7242524396,2187365.353400275],[1826408.3734889342,2187364.6819095947],[1826405.0227254292,2187363.5502991606],[1826403.9058042606,2187363.6544262683],[1826396.0873560817,2187366.087126718],[1826391.6196714079,2187366.972589481],[1826387.1519867342,2187368.579483206],[1826384.9181443972,2187369.0405131946],[1826380.544054449,2187370.453571584],[1826375.9827750497,2187372.281114042],[1826375.7345289628,2187372.5319860303],[1826375.2172169464,2187374.6104004765],[1826374.1918800678,2187375.303205292],[1826371.5150903761,2187376.3989427886],[1826369.2812480393,2187376.7038033414],[1826362.5797210287,2187378.314938937],[1826362.046529698,2187378.0744245537],[1826361.443375901,2187377.3816197384],[1826360.3562855313,2187374.6104004765],[1826359.2289575234,2187374.005153648],[1826348.059745839,2187375.225140992],[1826345.825903502,2187375.2122541433],[1826344.7089823338,2187374.985750583],[1826342.2203723856,2187373.2247908455],[1826341.6003171108,2187372.5319860303],[1826335.9185984654,2187363.5255234297],[1826334.6566918178,2187361.9571682573],[1826333.5397706495,2187361.3806095873],[1826330.1890071442,2187361.4581956924],[1826327.9551648072,2187361.0940937493],[1826326.8382436389,2187361.4114056355],[1826326.2222692517,2187363.5255234297],[1826325.7213224703,2187363.964755353],[1826322.370558965,2187365.142683409],[1826321.2536377967,2187366.331120667],[1826320.1367166282,2187366.1595067177],[1826319.01979546,2187365.116004594],[1826317.9028742914,2187364.608836833],[1826315.6690319546,2187365.009707014],[1826315.231696848,2187364.91113306],[1826313.4351896176,2187364.116965443],[1826311.2013472808,2187363.898717731],[1826307.8505837754,2187362.844753454],[1826304.49982027,2187361.52610968],[1826303.3828991018,2187361.480691437],[1826302.5693891088,2187362.139913799],[1826302.2659779333,2187362.9858229556],[1826301.149056765,2187362.756925234],[1826298.915214428,2187361.670014001],[1826297.7744739929,2187360.0614993526],[1826295.4277781378,2187357.983084906],[1826294.4475297544,2187356.60226188],[1826294.1642176819,2187355.2118656444],[1826291.9554126612,2187352.4406463825],[1826289.9798450805,2187350.650215131],[1826288.9544694717,2187348.9766223053],[1826288.1705035788,2187348.28381749],[1826286.6290815752,2187348.0517335213],[1826284.3952392384,2187348.281868177],[1826283.27831807,2187348.0477496325],[1826282.1613969016,2187347.503441878],[1826280.7327047028,2187346.2054030434],[1826277.223236158,2187339.970159705],[1826275.5461748766,2187337.891745258],[1826275.3696469315,2187337.198940443],[1826275.7314586109,2187335.813330812],[1826275.4224531073,2187335.1205259967],[1826271.982037022,2187333.0421115505],[1826271.4347474114,2187330.2708922885],[1826270.1255973976,2187327.4996730266],[1826270.1385517542,2187326.8068682114],[1826269.8752640488,2187326.2932535233],[1826267.8473466723,2187324.728453765],[1826267.1268192888,2187323.342844134],[1826265.4075793752,2187322.4391042124],[1826265.242082521,2187320.5716248723],[1826264.964901824,2187319.878820057],[1826263.6724327381,2187318.493210426],[1826262.560948063,2187316.41479598],[1826261.4946674523,2187315.029186349],[1826261.3534474336,2187312.257967087],[1826260.185569762,2187310.872357456],[1826259.3844117976,2187310.1795526408],[1826257.589131196,2187309.2020645714],[1826255.3552888592,2187306.587460374],[1826253.0121389667,2187306.7155285636],[1826252.0736393344,2187306.0227237483],[1826251.4819418674,2187304.6371141174],[1826250.8876041854,2187304.164201545],[1826249.770683017,2187303.8375812196],[1826248.6421260035,2187303.9443093017],[1826244.186077175,2187300.98327528],[1826243.0691560064,2187299.705503087],[1826241.952234838,2187299.1447813343],[1826239.7183925011,2187298.6902693207],[1826237.4845501643,2187296.325230713],[1826236.3676289958,2187295.867001608],[1826235.1010489997,2187294.937846701],[1826234.133786659,2187294.443283061],[1826229.6661019854,2187294.1666163807],[1826228.954546172,2187293.55223707],[1826227.4322596483,2187293.101735524],[1826226.4481223475,2187292.166627439],[1826226.1108482217,2187291.473822624],[1826224.4632440095,2187290.088212993],[1826224.081496143,2187288.4805951077],[1826220.730732638,2187286.757565902],[1826219.4283263157,2187284.5457744696],[1826218.496890301,2187284.0086513124],[1826217.3799691326,2187283.4999916805],[1826215.1461267956,2187283.2367475103],[1826214.0292056273,2187283.558078421],[1826211.7953632905,2187285.1360542662],[1826210.678442122,2187284.9703838513],[1826209.2488063357,2187283.852969654],[1826208.4445997851,2187282.2393451435],[1826207.6860286363,2187284.5457744696],[1826207.3276786166,2187285.036924564],[1826206.210757448,2187284.596611905],[1826205.0698718529,2187282.4673600234],[1826204.178822429,2187279.6961407615],[1826202.4671836388,2187276.9249214996],[1826202.2303938994,2187275.5393118686],[1826200.4193251175,2187272.768092607],[1826198.3923092692,2187270.657349154],[1826197.3115349007,2187268.6112637143],[1826195.0642566208,2187262.3760203756],[1826193.9246245956,2187260.5785861327],[1826192.807703427,2187259.6824972336],[1826192.4263216264,2187259.6048011137],[1826191.6907822585,2187258.7939625727],[1826190.5738610902,2187261.1362265847],[1826189.4569399217,2187261.117568526],[1826188.1095533916,2187263.068825191],[1826187.9213065612,2187263.761630006],[1826188.3074503015,2187265.147239637],[1826189.4569399217,2187265.766251418],[1826189.672603608,2187266.532849268],[1826188.926153741,2187267.225654084],[1826188.3400187532,2187268.7897671903],[1826186.924894451,2187269.30406853],[1826186.0751432998,2187271.382482976],[1826186.1114298983,2187273.4608974224],[1826184.989255248,2187272.9956710706],[1826182.644512937,2187272.768092607],[1826182.3431791728,2187273.4608974224],[1826184.3680253783,2187275.5393118686],[1826183.8723340796,2187277.1274877805],[1826182.5886744577,2187278.3105311305],[1826180.5215705743,2187278.396402286],[1826178.2877282375,2187278.054550757],[1826177.5019693298,2187277.6177263153],[1826177.170807069,2187276.8556827283],[1826176.5227895484,2187276.2321166843],[1826174.742471611,2187275.5393118686],[1826174.9787671969,2187273.4608974224],[1826175.3301087136,2187272.768092607],[1826175.1351164784,2187272.0752877914],[1826174.44008328,2187271.382482976],[1826173.8200435636,2187271.1381176524],[1826172.7031223953,2187270.922844805],[1826171.5862012268,2187271.0904427497],[1826170.4692800583,2187270.930800209],[1826170.0343476767,2187269.996873345],[1826170.4275517773,2187268.6112637143],[1826169.35235889,2187267.9707739204],[1826167.1456029618,2187267.225654084],[1826167.4100862995,2187266.532849268],[1826166.8527830653,2187265.840044453],[1826166.0015953847,2187265.2592222574],[1826164.439680367,2187265.147239637],[1826163.7677530479,2187265.6308594523],[1826163.7140190448,2187266.532849268],[1826164.1272331628,2187267.918458899],[1826164.0911500726,2187269.30406853],[1826164.48155605,2187270.689678161],[1826164.2019187084,2187271.382482976],[1826163.7677530479,2187271.731275226],[1826163.4415342174,2187270.689678161],[1826163.5878253721,2187268.6112637143],[1826162.6508318793,2187267.8164435434],[1826162.2141068745,2187266.532849268],[1826162.1206175939,2187264.454434822],[1826161.8797620018,2187263.761630006],[1826160.1174402689,2187259.6048011137],[1826159.300068374,2187258.5922362097],[1826158.8082103678,2187257.5263866675],[1826158.065852931,2187254.0623625903],[1826157.8608445853,2187251.2911433284],[1826156.5586316583,2187246.4415096203],[1826155.3905281175,2187243.670290359],[1826155.2338631265,2187241.591875912],[1826154.4443155464,2187238.127851835],[1826152.5985413634,2187234.3911874457],[1826152.200597841,2187231.8926084964],[1826150.2097310412,2187225.6573651573],[1826149.6521414982,2187222.19334108],[1826148.2711545164,2187219.422121818],[1826147.5427670507,2187216.6509025567],[1826147.0921316473,2187213.186878479],[1826145.637409493,2187210.4156592176],[1826144.512308598,2187205.5660255095],[1826144.5008704043,2187203.4876110633],[1826142.5462508476,2187197.089192068],[1826142.052573484,2187194.4811484623],[1826141.3392677957,2187192.402734016],[1826140.103145934,2187186.167490677],[1826137.8002473232,2187177.8538328917],[1826137.5434275963,2187175.7754184455],[1826136.9974256193,2187173.6970039993],[1826136.5924105265,2187170.232979922],[1826133.5530012615,2187160.533712506],[1826133.4575512684,2187158.4552980596],[1826132.6138712286,2187156.3768836134],[1826132.197598238,2187153.6056643515],[1826131.4022023166,2187150.8344450896],[1826131.207663164,2187148.7560306434],[1826130.536507514,2187146.677616197],[1826130.2601179949,2187143.6730343276],[1826129.3634767123,2187141.827982489],[1826129.0536648557,2187140.442372858],[1826128.4086636533,2187139.056763227],[1826126.855404635,2187133.5143247037],[1826126.650897553,2187132.1287150728],[1826126.0028020835,2187130.7431054423],[1826125.6643449822,2187129.3574958113],[1826125.5562924077,2187126.5862765494],[1826124.6755121527,2187122.0301140207],[1826123.1128399249,2187117.579813949],[1826121.8001745448,2187110.6517657945],[1826120.9040672707,2187108.573351348],[1826119.0909063106,2187101.7402764293],[1826118.4785349306,2187100.952498378],[1826118.261506722,2187100.2596935625],[1826118.1995323363,2187097.488474301],[1826116.8887070785,2187093.331645408],[1826116.230680597,2187091.946035777],[1826115.828232813,2187088.4820117],[1826115.0606112638,2187087.0964020696],[1826113.924879305,2187083.6323779924],[1826112.5173626973,2187077.3971346533],[1826111.916119069,2187076.0115250223],[1826111.2724581314,2187073.0480281045],[1826110.443309799,2187071.161891314],[1826110.2751761172,2187067.697867237],[1826108.263289272,2187064.23384316],[1826106.8867206818,2187060.7698190827],[1826106.7467288764,2187058.6914046365],[1826104.9194242046,2187053.8417709284],[1826104.8563001184,2187051.0705516664],[1826104.0315220514,2187048.99213722],[1826103.650276742,2187046.913722774],[1826102.8216580986,2187044.835308328],[1826102.418933622,2187042.756893881],[1826101.4946148745,2187039.9856746197],[1826101.2201676157,2187037.7850998715],[1826100.2923619733,2187035.1360409115],[1826099.933614869,2187031.6720168344],[1826098.9863252789,2187028.460699375],[1826097.9681951927,2187026.1295783105],[1826097.306927327,2187023.358359049],[1826095.4384764526,2187019.894334972],[1826095.2749163965,2187019.201530156],[1826095.4791950316,2187017.12311571],[1826094.8764005715,2187014.351896448],[1826094.000670379,2187012.273482002],[1826093.5838861559,2187009.5022627404],[1826092.049796281,2187006.038238663],[1826091.2724553687,2187003.2670194013],[1826092.0329580493,2187000.4958001394],[1826091.8394721565,2186998.417385693],[1826092.2847982682,2186997.3870018],[1826093.4401516,2186996.338971247],[1826093.2719399636,2186994.2605568008],[1826093.772259057,2186993.567751985],[1826105.8485935167,2186987.332508646],[1826112.3893793,2186983.554933287],[1826113.5063004685,2186983.2123862184],[1826115.7401428053,2186983.276284231],[1826117.973985142,2186982.5035298034],[1826120.2078274789,2186982.124718937],[1826123.5585909842,2186980.8472577967],[1826126.9093544895,2186979.1170130093],[1826132.0522527099,2186977.63324123],[1826134.7278026685,2186976.5318507645],[1826136.5679626968,2186974.8620219682],[1826138.1514296324,2186972.0908027063],[1826139.0709003077,2186969.319583445],[1826140.3124085108,2186968.3860795563],[1826140.9346485855,2186967.241168998],[1826141.0113356693,2186965.8555593677],[1826140.5872500332,2186963.777144921],[1826140.5621378138,2186961.698730475],[1826140.3121654957,2186961.0059256596],[1826139.6755285927,2186960.313120844],[1826137.3121685088,2186959.6203160286],[1826136.9616450055,2186959.2237572335],[1826135.736040866,2186956.8490967667],[1826135.279702699,2186955.4634871357],[1826133.6108815002,2186953.9466809453],[1826132.9760701333,2186952.6922678743],[1826133.4815460932,2186951.9994630585],[1826135.7940237308,2186950.613853428],[1826138.5655351775,2186948.5354389814],[1826139.6161002263,2186945.76421972],[1826139.537575106,2186945.071414904],[1826139.1954873423,2186944.574765462],[1826136.9616450055,2186943.887564196],[1826134.7278026685,2186942.5150694144],[1826131.3770391634,2186942.77835354],[1826130.2601179949,2186941.9474920365],[1826126.9093544895,2186940.9294725345],[1826124.6755121527,2186941.1436629607],[1826123.5585909842,2186940.917513446],[1826122.441669816,2186941.2534482526],[1826120.2078274789,2186941.2830944844],[1826117.973985142,2186941.683451399],[1826115.7401428053,2186942.411354961],[1826113.5063004685,2186943.816819928],[1826111.2724581314,2186943.9737331006],[1826110.1555369631,2186944.320172502],[1826109.0386157946,2186944.212305495],[1826106.8047734578,2186943.4710368845],[1826104.5345449422,2186944.378610089],[1826103.4540099525,2186946.2471351],[1826102.337088784,2186946.1624095864],[1826100.4890440183,2186943.6858052737],[1826099.2894926267,2186940.221781196],[1826097.8175335373,2186937.4505619346],[1826095.6355617736,2186934.6730387504],[1826093.173118768,2186930.5225137803],[1826093.2079984902,2186929.8297089646],[1826096.3687295187,2186924.9800752564],[1826096.7157698316,2186923.594465626],[1826097.11360247,2186919.437636733],[1826097.8694041104,2186917.095064757],[1826098.211553378,2186916.666417471],[1826100.1032464472,2186915.7769437064],[1826100.929127056,2186914.588003025],[1826101.621825041,2186912.5095885787],[1826102.337088784,2186911.57247087],[1826106.2275807366,2186908.3527596863],[1826109.2146121592,2186906.2743452396],[1826110.1555369631,2186905.142492705],[1826110.9113796824,2186903.503125978],[1826112.3893793,2186902.808970469],[1826116.8570639738,2186901.339765875],[1826120.2078274789,2186901.4860465154],[1826121.3247486474,2186901.2785923467],[1826123.5585909842,2186899.5366462674],[1826130.2601179949,2186897.4710727246],[1826131.3770391634,2186897.484333493],[1826132.4939603317,2186897.911523673],[1826133.6108815002,2186897.647789192],[1826134.7278026685,2186895.3614313924],[1826135.844723837,2186895.575592082],[1826137.2423096371,2186894.496663377],[1826136.7928532884,2186893.803858562],[1826135.844723837,2186893.3340561036],[1826134.7278026685,2186893.920413063],[1826133.6108815002,2186893.521192066],[1826131.3770391634,2186891.211394308],[1826130.1214440765,2186890.3398344847],[1826129.1431968263,2186888.9811997996],[1826127.0775168906,2186887.568615223],[1826127.0194454684,2186886.8758104076],[1826127.7109675955,2186883.4117863304],[1826127.638057279,2186882.7189815147],[1826126.0898116827,2186881.3333718837],[1826125.7184363722,2186880.6405670685],[1826127.5150847698,2186875.7909333603],[1826127.4705778405,2186874.4053237294],[1826127.0172743218,2186873.712518914],[1826127.1610590818,2186873.019714099],[1826136.1619777768,2186860.5492274207],[1826138.0785661738,2186858.1877045115],[1826139.1954873423,2186857.426638329],[1826140.3124085108,2186857.6026597084],[1826143.663172016,2186858.7351614325],[1826144.7800931844,2186858.738902905],[1826159.333477323,2186851.54276482],[1826162.6508318793,2186849.663621663],[1826166.0015953847,2186848.510740126],[1826166.3422589235,2186848.078740743],[1826166.414995236,2186847.3859359273],[1826165.6008844136,2186843.229107035],[1826165.3076099444,2186840.457887773],[1826164.8846742162,2186839.9660170404],[1826163.7677530479,2186840.051149152],[1826162.6508318793,2186840.4457287015],[1826161.5504080108,2186839.7650829577],[1826159.300068374,2186835.6316685043],[1826157.3532770458,2186832.8370348033],[1826157.3592951226,2186832.1442299876],[1826158.2315014899,2186830.0658155414],[1826158.3291481936,2186829.373010726],[1826158.0562803503,2186827.987401095],[1826159.8466155159,2186826.6017914643],[1826161.5339107108,2186825.884074749],[1826162.1385410596,2186825.2161818333],[1826162.4136624336,2186824.523377018],[1826163.107236625,2186819.67374331],[1826162.4168028329,2186817.5953288637],[1826161.4922633334,2186816.2097192327],[1826160.6531661,2186813.438499971],[1826160.4169895425,2186813.196619561],[1826159.300068374,2186812.5268983347],[1826155.9493048687,2186812.638744449],[1826154.3096774677,2186812.05289034],[1826151.481620195,2186810.5838947296],[1826147.0139355212,2186807.7660999303],[1826141.429329679,2186803.8610851704],[1826140.3124085108,2186803.7112475466],[1826136.9616450055,2186804.704243859],[1826135.844723837,2186805.2993600094],[1826131.3770391634,2186809.747272767],[1826128.9073350672,2186811.3600855246],[1826123.5077380482,2186814.1313047865],[1826123.0678846524,2186814.824109602],[1826123.0204458123,2186818.288133679],[1826122.441669816,2186819.2088016607],[1826119.1541677446,2186821.059352941],[1826117.973985142,2186822.5076293903],[1826116.8939627851,2186823.137767387],[1826114.6232216367,2186823.859164104],[1826112.3893793,2186824.9841311956],[1826111.2724581314,2186825.2067428427],[1826107.9216946263,2186825.1321740365],[1826097.8694041104,2186824.329612662],[1826094.518640605,2186823.693150219],[1826088.934034763,2186825.717983446],[1826086.700192426,2186825.455543199],[1826084.466350089,2186826.2640957115],[1826083.750071292,2186825.2161818333],[1826083.1122221835,2186822.444962572],[1826082.1979299535,2186820.366548125],[1826081.374491741,2186815.516914417],[1826081.3225381495,2186813.438499971],[1826079.5267408479,2186803.7392325546],[1826077.3235901988,2186799.582403662],[1826070.1889310319,2186787.8047217997],[1826068.0198009496,2186783.6478929073],[1826067.262612015,2186776.7198447525],[1826065.87939942,2186769.098991783],[1826065.6828646145,2186766.327772521],[1826064.1784586294,2186755.9357002894],[1826063.9108229259,2186749.7004569503],[1826062.300127522,2186741.386799165],[1826062.1480332457,2186738.961982311]]},"properties":{"elevation":15.0}},{"type":"Feature","geometry":{"type":"LineString","coordinates":[[1826425.1273064609,2187793.760625834],[1826424.0103852923,2187793.283612552],[1826423.124010539,2187792.3717041863],[1826422.484319033,2187789.600484925],[1826422.7895322389,2187786.136460847],[1826423.7126974617,2187781.979631955],[1826423.8937943596,2187777.1299982467],[1826424.8690904882,2187773.6659741695],[1826425.6447855798,2187772.2803645385],[1826426.9956743098,2187771.5875597233],[1826429.5949911345,2187771.369055348],[1826432.9457546398,2187770.5097920164],[1826437.4134393136,2187768.839611671],[1826442.9980451558,2187766.3831174197],[1826444.114966324,2187766.0164769883],[1826445.2318874926,2187765.9721850823],[1826447.4657298294,2187764.948908509],[1826450.8164933347,2187764.0458398797],[1826451.9334145032,2187763.5356206764],[1826461.210393368,2187754.9602441527],[1826461.8031411527,2187754.2674393374],[1826462.0509369015,2187753.5746345217],[1826461.8137865437,2187751.4962200755],[1826461.999635505,2187750.8034152603],[1826462.6268272812,2187750.1106104446],[1826464.1030130507,2187749.4178056293],[1826465.3364685243,2187749.2211875166],[1826465.7853420314,2187749.4178056293],[1826467.5703108613,2187751.075896425],[1826469.8041531981,2187752.377403991],[1826472.1455188065,2187754.2674393374],[1826473.5757955227,2187757.038658599],[1826473.8567404912,2187758.42426823],[1826474.6479067306,2187760.502682676],[1826475.0277316656,2187767.4307308304],[1826474.739562457,2187768.8163404614],[1826472.387573644,2187772.2803645385],[1826472.5479612262,2187776.4371934314],[1826472.037995535,2187777.19649475],[1826469.8041531981,2187777.7092647906],[1826467.5703108613,2187779.280989676],[1826466.2096450233,2187778.5156078776],[1826465.3364685243,2187776.683465554],[1826464.219547356,2187776.2807569792],[1826457.5180203454,2187778.3537489646],[1826456.55355682,2187779.208412693],[1826456.8223580834,2187781.2868271396],[1826456.4010991768,2187782.46674429],[1826455.2841780086,2187783.5389955644],[1826454.16725684,2187784.1323872167],[1826448.582650998,2187785.260050286],[1826447.4657298294,2187785.6815205943],[1826446.348808661,2187785.6386595652],[1826445.2318874926,2187783.617987715],[1826444.114966324,2187783.179394938],[1826437.4134393136,2187783.0705985706],[1826436.2965181451,2187783.273169331],[1826435.8180135612,2187784.058046401],[1826435.7613496038,2187784.7508512167],[1826436.4451125532,2187788.214875294],[1826435.9753406253,2187788.907680109],[1826435.1795969766,2187789.4793323567],[1826434.0626758083,2187789.8270520023],[1826430.711912303,2187790.415914841],[1826427.3611487977,2187790.589677326],[1826426.6135949434,2187790.9860945554],[1826426.103202324,2187791.678899371],[1826425.7894346565,2187793.064509002],[1826425.1273064609,2187793.760625834]]},"properties":{"elevation":15.0}},{"type":"Feature","geometry":{"type":"LineString","coordinates":[[1826534.5855809671,2187755.093305642],[1826532.3517386303,2187754.158131438],[1826529.000975125,2187753.8750778753],[1826527.7774101123,2187753.5746345217],[1826526.1156784955,2187752.189024891],[1826525.753899808,2187750.8034152603],[1826526.153928535,2187750.1106104446],[1826526.7671327882,2187749.764939429],[1826532.3517386303,2187748.212904745],[1826533.4686597986,2187748.2084436947],[1826534.5855809671,2187748.500679461],[1826536.819423304,2187749.449516182],[1826539.0532656407,2187749.0825832994],[1826540.1701868093,2187749.430377914],[1826540.7293329644,2187750.8034152603],[1826540.057975547,2187752.8818297065],[1826539.0532656407,2187753.6880145087],[1826534.5855809671,2187755.093305642]]},"properties":{"elevation":15.0}},{"type":"Feature","geometry":{"type":"LineString","coordinates":[[1826439.6472816505,2187707.3262141664],[1826438.530360482,2187707.1453741156],[1826437.8885298714,2187706.463907072],[1826436.8875041548,2187704.3854926256],[1826436.3910094616,2187702.3070781794],[1826435.4195913016,2187700.228663733],[1826435.4228688444,2187695.379030025],[1826437.0212473748,2187693.3006155784],[1826437.2469411218,2187691.222201132],[1826437.5498883734,2187690.529396317],[1826441.9610730894,2187685.679762609],[1826443.216617176,2187683.6013481626],[1826447.4657298294,2187680.4077906087],[1826449.4162203716,2187679.4445192697],[1826449.6995721664,2187679.1161056156],[1826449.5635156103,2187677.3661048235],[1826448.4773380389,2187673.9020807464],[1826448.582650998,2187673.204435741],[1826449.6995721664,2187672.988065553],[1826453.0503356715,2187673.4896635683],[1826453.602793818,2187673.2092759307],[1826455.2841780086,2187671.7259100154],[1826456.4010991768,2187669.7677133367],[1826457.5180203454,2187668.3382621338],[1826458.6349415139,2187667.804688369],[1826462.1295667158,2187668.359642223],[1826465.3364685243,2187671.461509825],[1826469.8041531981,2187674.349136879],[1826473.1549167035,2187674.4961909624],[1826474.2718378718,2187674.796846098],[1826475.3887590403,2187676.100724137],[1826477.3122802107,2187679.4445192697],[1826478.4348915385,2187680.8301289007],[1826478.5248669095,2187681.522933716],[1826477.622601377,2187682.748395044],[1826476.5056802088,2187683.306302635],[1826473.1549167035,2187683.1583451577],[1826470.9210743664,2187682.6493254104],[1826467.5703108613,2187682.8215636876],[1826466.4533896928,2187683.7234368385],[1826464.219547356,2187684.6559680905],[1826463.8702740236,2187684.986957793],[1826462.7305617298,2187686.372567424],[1826462.674485674,2187687.758177055],[1826462.1372253748,2187689.143786686],[1826462.7873888272,2187692.607810763],[1826463.9150427778,2187695.379030025],[1826463.8428489743,2187696.0718348403],[1826463.399091844,2187696.7646396556],[1826459.7518626822,2187697.4524000348],[1826456.4010991768,2187698.873434867],[1826454.16725684,2187699.12759304],[1826453.0503356715,2187699.613884035],[1826448.341509469,2187702.9998829947],[1826446.348808661,2187706.507136775],[1826445.2318874926,2187707.678066059],[1826442.9980451558,2187707.360548616],[1826439.6472816505,2187707.3262141664]]},"properties":{"elevation":15.0}},{"type":"Feature","geometry":{"type":"LineString","coordinates":[[1826368.1643268708,2187675.531926792],[1826365.930484534,2187673.9131460865],[1826363.696642197,2187671.6938044485],[1826362.3821938457,2187669.0524470382],[1826362.4620955295,2187667.6668374073],[1826363.29268435,2187666.2812277763],[1826364.8135633655,2187664.3721392057],[1826365.930484534,2187663.879167033],[1826367.0474057023,2187664.298214767],[1826369.2812480393,2187665.880580043],[1826370.3981692076,2187667.3868541336],[1826371.0140708708,2187669.0524470382],[1826371.0494978682,2187670.438056669],[1826370.2081094615,2187672.5164711154],[1826369.7281342458,2187674.5948855616],[1826369.2812480393,2187675.184576964],[1826368.1643268708,2187675.531926792]]},"properties":{"elevation":15.0}},{"type":"Feature","geometry":{"type":"LineString","coordinates":[[1826512.2471575986,2187672.524721174],[1826511.13023643,2187672.013951218],[1826509.941549365,2187671.8236663],[1826509.316254546,2187671.1308614844],[1826510.0133152616,2187669.3063537567],[1826511.13023643,2187668.884235909],[1826512.2471575986,2187669.1309511736],[1826513.364078767,2187668.8264477053],[1826515.5979211037,2187667.5241935854],[1826515.7904727696,2187669.0524470382],[1826515.4851625278,2187670.438056669],[1826515.0944740204,2187671.1308614844],[1826514.5109213141,2187671.8236663],[1826513.364078767,2187672.4767990094],[1826512.2471575986,2187672.524721174]]},"properties":{"elevation":15.0}},{"type":"Feature","geometry":{"type":"LineString","coordinates":[[1826364.8135633655,2187659.427515466],[1826362.5797210287,2187659.0156277237],[1826361.7355141672,2187657.967569991],[1826361.5683003773,2187657.274765176],[1826361.7073285591,2187656.5819603605],[1826362.5797210287,2187655.0111608575],[1826363.696642197,2187654.8563528624],[1826364.8135633655,2187656.2095227013],[1826365.1746460597,2187657.274765176],[1826365.2833439873,2187658.6603748067],[1826364.8135633655,2187659.427515466]]},"properties":{"elevation":15.0}},{"type":"Feature","geometry":{"type":"LineString","coordinates":[[1826484.3241283877,2187619.918088323],[1826483.2072072192,2187619.455317332],[1826482.090286051,2187618.5978040965],[1826480.9101327346,2187615.7064762493],[1826480.7783236501,2187614.320866619],[1826480.9733648824,2187613.3877277886],[1826482.090286051,2187613.1396165304],[1826483.2072072192,2187613.8855630667],[1826484.3241283877,2187614.2884794017],[1826487.674891893,2187614.5370245655],[1826489.2316339414,2187615.013671434],[1826489.643630408,2187615.7064762493],[1826489.9393678722,2187616.399281065],[1826489.6821682448,2187617.09208588],[1826489.0380718252,2187617.784890696],[1826485.4410495562,2187619.753775541],[1826484.3241283877,2187619.918088323]]},"properties":{"elevation":15.0}},{"type":"Feature","geometry":{"type":"LineString","coordinates":[[1826590.4316393887,2187600.4151076735],[1826588.1977970519,2187597.235888278],[1826586.21617869,2187593.5367221553],[1826586.0799049377,2187592.84391734],[1826587.0808758833,2187592.443727154],[1826590.4316393887,2187593.674971414],[1826591.5485605572,2187593.7144732354],[1826592.6654817255,2187593.1952837845],[1826594.8993240625,2187593.297453506],[1826595.417807507,2187593.5367221553],[1826595.8232368135,2187594.229526971],[1826595.9728838522,2187596.307941417],[1826595.6416029998,2187597.693551048],[1826595.2313403678,2187598.3863558634],[1826591.5485605572,2187600.3548251605],[1826590.4316393887,2187600.4151076735]]},"properties":{"elevation":15.0}},{"type":"Feature","geometry":{"type":"LineString","coordinates":[[1826265.4075793752,2187584.084370793],[1826265.0710938848,2187583.144649924],[1826264.014210894,2187582.4518451085],[1826263.1737370382,2187582.0532870004],[1826261.6322593384,2187581.759040293],[1826260.9398947014,2187580.994461782],[1826256.4722100277,2187578.5340651474],[1826255.3552888592,2187578.1423946945],[1826253.1214465224,2187578.669556516],[1826252.004525354,2187578.215477729],[1826250.8876041854,2187578.27210784],[1826249.805253437,2187577.6022114004],[1826249.2478818751,2187575.5237969537],[1826248.6537618486,2187574.4532352514],[1826248.2546049093,2187572.7525776923],[1826248.1653671754,2187570.674163246],[1826245.3029983432,2187565.064440267],[1826241.952234838,2187564.8186821],[1826239.7183925011,2187563.5140220956],[1826238.6014713328,2187563.2809725176],[1826237.4845501643,2187562.655323276],[1826237.0267997861,2187560.97489583],[1826236.3676289958,2187559.891810142],[1826235.4639659962,2187557.5108717526],[1826235.3812307087,2187556.1252621217],[1826234.3903866406,2187553.3540428597],[1826234.153761755,2187551.2756284135],[1826233.0968774015,2187546.4259947054],[1826232.2443831952,2187544.347580259],[1826231.4718328817,2187539.497946551],[1826230.4361339067,2187536.726727289],[1826230.3062715987,2187535.3411176587],[1826230.7084211481,2187532.5698983967],[1826228.242097683,2187525.6418502424],[1826227.110866468,2187523.563435796],[1826225.1984173115,2187521.0269641825],[1826224.7670758674,2187520.099411719],[1826223.5208170223,2187516.635387642],[1826223.4681195824,2187513.86416838],[1826222.4868118719,2187510.4001443028],[1826221.8476538062,2187509.256058979],[1826220.730732638,2187508.1449044542],[1826219.2880508758,2187507.628925041],[1826218.6432631563,2187506.9361202256],[1826218.4400746338,2187506.24331541],[1826218.1449928156,2187502.0864865175],[1826218.2480029967,2187500.0080720712],[1826218.648905632,2187497.9296576246],[1826219.6138114694,2187495.6475187065],[1826221.9387595828,2187493.080023917],[1826225.1984173115,2187491.289631537],[1826240.8353136696,2187486.444811979],[1826245.3029983432,2187485.3576039593],[1826246.4199195118,2187485.260112179],[1826248.6537618486,2187486.2074565846],[1826249.770683017,2187487.019329858],[1826250.8188398469,2187488.230390209],[1826252.004525354,2187490.6700832034],[1826254.2383676907,2187493.6329122353],[1826256.4231038627,2187497.2368528093],[1826257.589131196,2187500.181995339],[1826260.2598811786,2187504.8577057794],[1826266.7575542743,2187511.7857539337],[1826267.641421712,2187512.593262912],[1826270.7809293352,2187514.556973195],[1826275.6264278325,2187519.4066069033],[1826278.0750504907,2187521.4850213495],[1826279.189563691,2187522.8706309805],[1826281.044475733,2187524.270179892],[1826282.1613969016,2187524.825901616],[1826282.6685680381,2187525.6418502424],[1826282.4072784616,2187526.3346550576],[1826280.919112827,2187527.7202646886],[1826276.5767910595,2187530.799301289],[1826274.3429487227,2187532.5718855713],[1826273.7824334868,2187533.262703212],[1826272.2181434717,2187536.033922474],[1826270.4796980878,2187540.883556182],[1826269.7823438465,2187546.4259947054],[1826268.3126581649,2187553.3540428597],[1826268.2783570054,2187554.7396524907],[1826267.7794651426,2187556.1252621217],[1826268.034249187,2187561.667700645],[1826267.4023836923,2187563.7461150917],[1826266.6668276587,2187568.5957487994],[1826267.051868387,2187570.674163246],[1826266.8984329002,2187572.7525776923],[1826267.182115767,2187576.9094065847],[1826266.5546100324,2187581.759040293],[1826265.4075793752,2187584.084370793]]},"properties":{"elevation":15.0}},{"type":"Feature","geometry":{"type":"LineString","coordinates":[[1826250.8876041854,2187580.6435315707],[1826250.651070396,2187580.373430662],[1826250.8876041854,2187579.7945336713],[1826251.2745854184,2187580.373430662],[1826250.8876041854,2187580.6435315707]]},"properties":{"elevation":15.0}},{"type":"Feature","geometry":{"type":"LineString","coordinates":[[1826262.0568158699,2187578.3375708726],[1826260.9398947014,2187578.0350923915],[1826260.4521948646,2187577.6022114004],[1826260.9466007212,2187576.9094065847],[1826262.0568158699,2187576.2322695437],[1826263.1737370382,2187576.593865754],[1826263.5321888013,2187576.9094065847],[1826263.7492982137,2187577.6022114004],[1826263.1737370382,2187578.077324378],[1826262.0568158699,2187578.3375708726]]},"properties":{"elevation":15.0}},{"type":"Feature","geometry":{"type":"LineString","coordinates":[[1826575.911664199,2187572.820082436],[1826574.7947430306,2187572.7490281253],[1826572.5609006938,2187570.2591605103],[1826570.9837437307,2187569.288553615],[1826570.6348984158,2187568.5957487994],[1826571.098994475,2187567.902943984],[1826571.4439795255,2187567.63149612],[1826575.911664199,2187566.6702399836],[1826577.0285853676,2187566.632303286],[1826577.9306024832,2187567.210139169],[1826578.4859174646,2187568.5957487994],[1826577.0285853676,2187571.7931120144],[1826575.911664199,2187572.820082436]]},"properties":{"elevation":15.0}},{"type":"Feature","geometry":{"type":"LineString","coordinates":[[1826459.7518626822,2187559.2916950886],[1826450.6344511118,2187554.0468476755],[1826449.6995721664,2187553.204715264],[1826449.1819192157,2187551.2756284135],[1826448.8143419565,2187547.118799521],[1826449.1024841191,2187545.73318989],[1826451.271986452,2187542.9619706282],[1826453.9394047228,2187540.883556182],[1826455.2841780086,2187539.208774738],[1826456.4010991768,2187538.41713506],[1826457.5180203454,2187538.370420001],[1826458.4764565423,2187538.805141736],[1826459.9985223445,2187540.190751367],[1826460.5380409947,2187541.5763609973],[1826460.3556453227,2187543.654775444],[1826460.8687838507,2187546.9350505113],[1826461.6635895655,2187549.1972139673],[1826462.4397055344,2187555.4324573064],[1826461.9695519165,2187557.5108717526],[1826461.3624460273,2187558.8964813836],[1826460.8687838507,2187559.4724772237],[1826459.7518626822,2187559.2916950886]]},"properties":{"elevation":15.0}},{"type":"Feature","geometry":{"type":"LineString","coordinates":[[1826472.037995535,2187555.5830620867],[1826469.8041531981,2187554.482881848],[1826468.6872320296,2187553.02558166],[1826463.4468421938,2187542.9619706282],[1826463.172956531,2187541.5763609973],[1826465.297323622,2187537.419532105],[1826466.9795172464,2187535.3411176587],[1826468.6872320296,2187533.9661324406],[1826470.9210743664,2187533.260817685],[1826474.2718378718,2187532.8849905417],[1826475.3887590403,2187533.013424283],[1826476.5056802088,2187533.8302021697],[1826477.1270852324,2187534.648312843],[1826478.4038900298,2187537.419532105],[1826478.5266634936,2187546.4259947054],[1826478.3166164258,2187549.8900187826],[1826478.2100345886,2187550.5828235983],[1826477.7964834862,2187551.2756284135],[1826476.5056802088,2187552.553142264],[1826474.2718378718,2187555.6692452678],[1826473.1549167035,2187556.008002595],[1826472.037995535,2187555.5830620867]]},"properties":{"elevation":15.0}},{"type":"Feature","geometry":{"type":"LineString","coordinates":[[1826434.0626758083,2187526.6869817013],[1826434.0626758083,2187526.191348186],[1826435.1795969766,2187525.8541597077],[1826437.5152977132,2187526.3346550576],[1826437.4134393136,2187526.5499518164],[1826436.2965181451,2187526.933595191],[1826434.0626758083,2187526.6869817013]]},"properties":{"elevation":15.0}},{"type":"Feature","geometry":{"type":"LineString","coordinates":[[1826467.5703108613,2187523.1856909418],[1826464.2397102083,2187520.7922165343],[1826463.8551518514,2187520.099411719],[1826464.0053431096,2187519.4066069033],[1826466.2922694643,2187518.0209972723],[1826467.0594785553,2187515.942582826],[1826467.5703108613,2187515.193750681],[1826468.6872320296,2187514.7537743654],[1826470.9210743664,2187514.834567839],[1826472.037995535,2187515.5215432057],[1826473.039043161,2187516.635387642],[1826473.8760573086,2187518.0209972723],[1826473.7817923198,2187518.713802088],[1826472.9431601248,2187519.4066069033],[1826469.8041531981,2187521.07249145],[1826468.6872320296,2187523.1116104373],[1826467.5703108613,2187523.1856909418]]},"properties":{"elevation":15.0}},{"type":"Feature","geometry":{"type":"LineString","coordinates":[[1826447.4657298294,2187522.446009888],[1826446.119806769,2187519.4066069033],[1826446.5047879864,2187517.328192457],[1826446.0152749768,2187511.092949118],[1826446.348808661,2187509.182104958],[1826447.4657298294,2187509.739481988],[1826450.315304224,2187512.478558749],[1826451.9334145032,2187514.392632211],[1826453.819342413,2187515.942582826],[1826454.1918288767,2187517.328192457],[1826453.877156914,2187518.0209972723],[1826453.1257195922,2187518.713802088],[1826449.2697737915,2187520.7922165343],[1826447.4657298294,2187522.446009888]]},"properties":{"elevation":15.0}},{"type":"Feature","geometry":{"type":"LineString","coordinates":[[1826428.4780699662,2187521.5900131403],[1826428.0855675444,2187520.7922165343],[1826428.4780699662,2187520.39507387],[1826429.5949911345,2187519.9632250047],[1826430.711912303,2187520.0116271893],[1826431.8288334715,2187519.444762653],[1826432.9457546398,2187519.5499257683],[1826433.1144918418,2187520.099411719],[1826432.8226367605,2187520.7922165343],[1826428.4780699662,2187521.5900131403]]},"properties":{"elevation":15.0}},{"type":"Feature","geometry":{"type":"LineString","coordinates":[[1826427.3611487977,2187445.611331797],[1826427.052563726,2187443.8908820204],[1826426.7488965963,2187443.198077205],[1826426.2442276292,2187442.890978642],[1826426.001878496,2187441.119662759],[1826425.1273064609,2187439.2401821557],[1826425.1273064609,2187437.517859562],[1826426.2442276292,2187438.1330235903],[1826427.5939809482,2187441.119662759],[1826427.8682806038,2187444.583686836],[1826427.8152148628,2187445.2764916513],[1826427.3611487977,2187445.611331797]]},"properties":{"elevation":15.0}},{"type":"Feature","geometry":{"type":"LineString","coordinates":[[1826208.4445997851,2187441.2868603705],[1826206.210757448,2187439.9605178926],[1826205.0938362798,2187439.0261597433],[1826201.601684635,2187434.1916146046],[1826198.6740262203,2187429.3419808964],[1826197.550979869,2187426.5707616345],[1826196.9819650361,2187424.4923471883],[1826196.893471977,2187421.028323111],[1826195.9543742482,2187418.257103849],[1826195.3595433498,2187415.4858845877],[1826194.958173969,2187411.329055695],[1826193.4293037455,2187405.093812356],[1826192.8578416905,2187400.2441786476],[1826192.855458035,2187398.1657642014],[1826192.1274984418,2187395.39454494],[1826192.0413568388,2187392.623325678],[1826191.0646654272,2187386.388082339],[1826190.911538817,2187382.924058262],[1826190.2278002168,2187379.4600341846],[1826189.3151781417,2187372.5319860303],[1826189.4074429495,2187370.453571584],[1826189.0520472135,2187367.682352322],[1826187.777162967,2187363.5255234297],[1826187.4268169163,2187361.447108983],[1826187.895973494,2187360.0614993526],[1826189.0128140529,2187358.6758897216],[1826188.3400187532,2187358.3385213306],[1826187.3787160653,2187357.2902800906],[1826187.535501307,2187356.5974752754],[1826188.8575359285,2187355.2118656444],[1826189.4569399217,2187354.2004678324],[1826190.5738610902,2187353.6293307412],[1826191.6907822585,2187352.644433625],[1826192.807703427,2187352.7543003894],[1826193.9246245956,2187353.417132182],[1826194.2861039627,2187353.133451198],[1826194.798625777,2187351.7478415673],[1826195.1460954687,2187349.6694271206],[1826196.1584669324,2187348.844247733],[1826197.3380003183,2187348.28381749],[1826197.2236422587,2187347.5910126744],[1826197.682085185,2187346.2054030434],[1826198.208042689,2187345.512598228],[1826198.0142700928,2187344.126988597],[1826198.3923092692,2187343.565615536],[1826199.5092304377,2187343.7125549],[1826201.7430727745,2187345.3315178696],[1826202.859993943,2187344.211333037],[1826203.868305019,2187344.819793413],[1826203.6450379307,2187345.512598228],[1826204.118290356,2187346.2054030434],[1826205.0938362798,2187346.79862638],[1826206.2729698208,2187346.898207859],[1826206.0821475822,2187347.5910126744],[1826206.210757448,2187348.0092830965],[1826209.5615209534,2187349.4341342454],[1826209.9936990244,2187348.9766223053],[1826210.1552782445,2187348.28381749],[1826210.020745459,2187347.5910126744],[1826210.678442122,2187346.0886739977],[1826211.1705408453,2187345.512598228],[1826211.7953632905,2187345.4241642836],[1826212.044230631,2187346.2054030434],[1826213.061162677,2187347.5910126744],[1826213.6982610533,2187349.6694271206],[1826215.8340989219,2187351.0550367516],[1826216.516262309,2187351.7478415673],[1826219.1548416847,2187356.5974752754],[1826219.8116318984,2187357.2902800906],[1826220.567346581,2187358.6758897216],[1826221.3156150836,2187359.368694537],[1826221.8053727231,2187360.754304168],[1826221.9847005527,2187362.139913799],[1826223.164435108,2187364.218328245],[1826223.5126639789,2187365.603937876],[1826226.31533848,2187368.9342177757],[1826227.4322596483,2187369.7664156775],[1826228.5491808169,2187371.405214002],[1826231.3646137323,2187374.6104004765],[1826234.133786659,2187376.6017732597],[1826243.0691560064,2187379.2313329987],[1826243.4912660383,2187379.4600341846],[1826243.7891511612,2187380.1528390003],[1826243.4552688089,2187380.8456438156],[1826241.952234838,2187382.038708766],[1826241.440786599,2187382.924058262],[1826241.8599933812,2187388.466496785],[1826241.0653421732,2187389.852106416],[1826237.9065470109,2187397.472959386],[1826237.1387918289,2187399.5513738324],[1826236.4764747284,2187403.0153979096],[1826235.786698161,2187409.2506412487],[1826235.8364333173,2187417.564299034],[1826236.2898714638,2187419.64271348],[1826236.428481925,2187421.7211279264],[1826237.1090211363,2187424.4923471883],[1826237.5301756752,2187428.6491760807],[1826237.2584627862,2187430.7275905274],[1826236.3676289958,2187433.1983147333],[1826235.2507078275,2187434.1478181058],[1826233.0168654905,2187435.5097024734],[1826230.7830231537,2187435.7453563143],[1826209.5615209534,2187441.182768897],[1826208.4445997851,2187441.2868603705]]},"properties":{"elevation":15.0}},{"type":"Feature","geometry":{"type":"LineString","coordinates":[[1826426.2442276292,2187423.5323890653],[1826424.6991779201,2187422.413932742],[1826426.2442276292,2187421.638565802],[1826427.3611487977,2187421.451965265],[1826428.0672223973,2187421.7211279264],[1826426.9516640627,2187423.1067375573],[1826426.2442276292,2187423.5323890653]]},"properties":{"elevation":15.0}},{"type":"Feature","geometry":{"type":"LineString","coordinates":[[1826444.114966324,2187420.529531605],[1826441.8811239873,2187419.301248364],[1826440.764202819,2187418.949266893],[1826440.32846545,2187418.257103849],[1826440.5640684997,2187417.564299034],[1826441.8811239873,2187417.1510599335],[1826442.9980451558,2187417.1496712654],[1826444.114966324,2187417.2360109263],[1826444.511221233,2187417.564299034],[1826444.8578226333,2187418.949908665],[1826445.2607853839,2187419.64271348],[1826445.283007164,2187420.3355182954],[1826445.2318874926,2187420.541891242],[1826444.114966324,2187420.529531605]]},"properties":{"elevation":15.0}},{"type":"Feature","geometry":{"type":"LineString","coordinates":[[1826192.807703427,2187349.8332985532],[1826192.6742566226,2187349.6694271206],[1826193.078870548,2187349.6694271206],[1826192.807703427,2187349.8332985532]]},"properties":{"elevation":15.0}},{"type":"Feature","geometry":{"type":"LineString","coordinates":[[1826186.1061764164,2187347.7553666513],[1826185.568648168,2187346.898207859],[1826185.75748821,2187346.2054030434],[1826186.1061764164,2187345.8926238837],[1826186.457819364,2187346.2054030434],[1826186.625313596,2187346.898207859],[1826186.1061764164,2187347.7553666513]]},"properties":{"elevation":15.0}},{"type":"Feature","geometry":{"type":"LineString","coordinates":[[1826200.626151606,2187346.7545268037],[1826200.4465355212,2187346.2054030434],[1826200.626151606,2187345.4938800195],[1826200.9190192202,2187346.2054030434],[1826200.626151606,2187346.7545268037]]},"properties":{"elevation":15.0}},{"type":"Feature","geometry":{"type":"LineString","coordinates":[[1826184.989255248,2187343.114141033],[1826184.6779800097,2187342.7413789663],[1826184.5703200002,2187342.048574151],[1826184.989255248,2187341.50923443],[1826185.1952941723,2187342.048574151],[1826184.989255248,2187343.114141033]]},"properties":{"elevation":15.0}},{"type":"Feature","geometry":{"type":"LineString","coordinates":[[1826182.755412911,2187336.6637126426],[1826182.755412911,2187336.417313119],[1826182.755412911,2187336.6637126426]]},"properties":{"elevation":15.0}},{"type":"Feature","geometry":{"type":"LineString","coordinates":[[1826324.604401302,2187317.840234846],[1826323.7078852418,2187317.107600795],[1826323.2809821991,2187316.41479598],[1826323.7236621173,2187315.029186349],[1826324.604401302,2187313.9688681755],[1826328.0226431945,2187312.257967087],[1826329.0720859757,2187311.4666462434],[1826329.41671511,2187310.872357456],[1826330.0340586521,2187308.79394301],[1826330.3526819977,2187306.0227237483],[1826331.3059283125,2187301.434153457],[1826332.422849481,2187300.734663505],[1826336.8905341546,2187300.1022120197],[1826339.1243764916,2187299.110421158],[1826342.475139997,2187298.0920986417],[1826343.5920611653,2187298.6454561357],[1826344.7089823338,2187300.246995537],[1826345.2969962186,2187302.5586996707],[1826346.6043377337,2187304.6371141174],[1826347.4112877524,2187307.408333379],[1826349.062957593,2187308.79394301],[1826350.0921607222,2187310.1795526408],[1826350.1671741235,2187310.872357456],[1826349.723187604,2187311.5651622717],[1826344.7089823338,2187314.210627659],[1826343.5920611653,2187314.123518402],[1826342.475139997,2187313.258424782],[1826341.3582188284,2187312.935260647],[1826336.8905341546,2187313.1789736603],[1826335.6999111432,2187313.643576718],[1826335.4648829326,2187315.029186349],[1826334.6566918178,2187315.8724566707],[1826331.3059283125,2187316.6506992653],[1826329.0720859757,2187317.8418084187],[1826325.7213224703,2187318.345518576],[1826324.604401302,2187317.840234846]]},"properties":{"elevation":15.0}},{"type":"Feature","geometry":{"type":"LineString","coordinates":[[1826184.989255248,2187260.297225779],[1826183.8723340796,2187259.272241414],[1826183.9056987234,2187258.2191914828],[1826185.222617247,2187258.2191914828],[1826186.634106062,2187259.6048011137],[1826186.1061764164,2187260.146074674],[1826184.989255248,2187260.297225779]]},"properties":{"elevation":15.0}},{"type":"Feature","geometry":{"type":"LineString","coordinates":[[1826131.3770391634,2186959.8939421983],[1826130.5406204069,2186959.6203160286],[1826131.3770391634,2186959.0863585016],[1826132.1719900924,2186959.6203160286],[1826131.3770391634,2186959.8939421983]]},"properties":{"elevation":15.0}},{"type":"Feature","geometry":{"type":"LineString","coordinates":[[1826302.2659779333,2186880.514063804],[1826301.1776023863,2186879.947762253],[1826300.696705022,2186879.2549574375],[1826300.8293870173,2186876.483738176],[1826301.149056765,2186875.4691144493],[1826308.967504944,2186870.9444121383],[1826310.0844261125,2186870.548793627],[1826311.2013472808,2186870.8055622587],[1826314.5327890266,2186873.019714099],[1826315.0547633518,2186873.712518914],[1826315.2357651482,2186874.4053237294],[1826315.1255770517,2186875.098128545],[1826314.488841943,2186877.1765429913],[1826314.144392847,2186877.8693478066],[1826313.4351896176,2186878.424586053],[1826311.2013472808,2186879.064135078],[1826308.967504944,2186878.8083722624],[1826307.8505837754,2186878.984524704],[1826303.3828991018,2186880.355593461],[1826302.2659779333,2186880.514063804]]},"properties":{"elevation":15.0}},{"type":"Feature","geometry":{"type":"LineString","coordinates":[[1826155.9493048687,2186836.4253302612],[1826153.715462532,2186835.132379574],[1826152.7385428518,2186834.2226444343],[1826152.5985413634,2186832.881104136],[1826155.0711973577,2186833.5298396186],[1826155.6909261474,2186834.2226444343],[1826156.4012645641,2186835.608254065],[1826156.6008244508,2186836.3010588805],[1826155.9493048687,2186836.4253302612]]},"properties":{"elevation":15.0}},{"type":"Feature","geometry":{"type":"LineString","coordinates":[[1826163.7677530479,2186829.426397842],[1826163.7677530479,2186829.2623538966],[1826164.0822681298,2186829.373010726],[1826163.7677530479,2186829.426397842]]},"properties":{"elevation":15.0}},{"type":"Feature","geometry":{"type":"LineString","coordinates":[[1826174.9369647321,2186817.9201217336],[1826174.702078134,2186817.5953288637],[1826174.9369647321,2186816.842006936],[1826175.0905098564,2186817.5953288637],[1826174.9369647321,2186817.9201217336]]},"properties":{"elevation":15.0}},{"type":"Feature","geometry":{"type":"LineString","coordinates":[[1826169.978462579,2186738.961982311],[1826170.0236628014,2186740.69399435],[1826171.5862012268,2186745.260642331],[1826171.8251216942,2186749.7004569503],[1826172.93146415,2186753.1644810275],[1826174.1757517655,2186755.242895474],[1826175.5604668316,2186758.7069195514],[1826175.7261708553,2186759.3997243666],[1826175.5201604422,2186760.7853339976],[1826174.9369647321,2186762.1071122517],[1826174.18010165,2186762.863748444],[1826173.370289365,2186764.94216289],[1826170.6206884051,2186775.334235122],[1826169.6272662836,2186777.412649568],[1826168.2354377215,2186778.8768437286],[1826164.8846742162,2186778.9461945402],[1826163.7677530479,2186779.218662758],[1826162.2063811957,2186780.1838688296],[1826161.5339107108,2186780.940364541],[1826160.4169895425,2186781.3382659047],[1826159.8371928595,2186780.1838688296],[1826159.1522588183,2186773.2558206753],[1826158.6915592325,2186771.177406229],[1826158.1831472057,2186769.9458114714],[1826154.8323837004,2186770.8876752513],[1826145.897014353,2186774.493836282],[1826144.7800931844,2186774.6538500283],[1826143.663172016,2186774.235460739],[1826142.2929797343,2186773.2558206753],[1826141.429329679,2186772.0565322656],[1826140.427366094,2186768.406186967],[1826139.1945334484,2186766.327772521],[1826139.0798962063,2186765.6349677057],[1826139.3465208106,2186763.5565532595],[1826138.8864978757,2186761.478138813],[1826138.7350500524,2186758.7069195514],[1826138.2097013055,2186755.242895474],[1826137.869884717,2186754.5500906585],[1826134.7278026685,2186752.2918234463],[1826131.3770391634,2186751.9568981775],[1826130.2601179949,2186751.510198496],[1826129.1431968263,2186751.364121303],[1826128.026275658,2186751.4177209674],[1826127.257838612,2186751.0860665813],[1826119.4946415636,2186741.386799165],[1826117.942780443,2186739.308384719],[1826117.942780443,2186738.961982311]]},"properties":{"elevation":15.0}},{"type":"Feature","geometry":{"type":"LineString","coordinates":[[1826371.130071077,2187916.7301685577],[1826371.1053389525,2187915.6909613344],[1826369.7775382276,2187909.4557179958],[1826369.8651918585,2187907.377303549],[1826369.3886498874,2187903.913279472],[1826369.4430330931,2187899.0636457643],[1826369.666609313,2187896.9852313176],[1826369.2870521145,2187894.9068168714],[1826369.3252949764,2187890.749987979],[1826369.1016367623,2187889.364378348],[1826370.1278100451,2187884.51474464],[1826369.6443507907,2187882.4363301937],[1826370.3112120894,2187878.279501301],[1826370.062982698,2187876.89389167],[1826370.129832099,2187876.2010868546],[1826371.0136471402,2187874.1226724084],[1826370.9262532152,2187872.7370627774],[1826371.251731916,2187870.658648331],[1826371.2636666426,2187868.5802338845],[1826372.2248654307,2187865.1162098073],[1826372.6320115444,2187862.515101441],[1826373.017059876,2187861.65218573],[1826373.748932713,2187857.1726697767],[1826374.275321206,2187856.109747207],[1826374.8658538815,2187852.971439616],[1826375.4503901245,2187851.9529183144],[1826375.9827750497,2187849.4234860665],[1826377.0996962183,2187848.957352109],[1826378.2166173868,2187849.101616621],[1826379.1243510763,2187849.8745038677],[1826379.7468807932,2187851.2601134987],[1826380.4504597236,2187851.964519018],[1826382.3020843288,2187851.2601134987],[1826382.8158641167,2187851.2601134987],[1826383.1958747543,2187851.9529183144],[1826382.565003033,2187853.338527945],[1826383.2845129292,2187854.0313327606],[1826383.801223229,2187854.185411835],[1826388.2689079025,2187852.9530797405],[1826389.385829071,2187852.429392258],[1826392.7365925764,2187853.900882683],[1826393.8535137447,2187854.0897173397],[1826396.0873560817,2187853.7098107324],[1826401.6719619238,2187850.590238046],[1826401.9105151596,2187851.2601134987],[1826401.6719619238,2187852.595888786],[1826400.5004415328,2187855.4169423915],[1826401.41782125,2187860.266576099],[1826401.2284011822,2187863.730600177],[1826401.6719619238,2187867.9820456374],[1826402.0628392592,2187868.5802338845],[1826402.788883092,2187868.939463258],[1826408.3734889342,2187870.9644476175],[1826409.8615824298,2187872.0442579617],[1826412.7370690755,2187874.8154772236],[1826413.4255676158,2187876.89389167],[1826413.158568931,2187880.357915747],[1826413.4156051415,2187882.4363301937],[1826415.4825423728,2187888.6715735323],[1826416.1919371134,2187890.088806722],[1826417.3088582817,2187890.730713617],[1826418.4257794502,2187890.8320310432],[1826421.7765429555,2187890.048232438],[1826426.2442276292,2187889.619078079],[1826427.3611487977,2187889.011243686],[1826428.047904381,2187889.364378348],[1826427.0544239096,2187890.749987979],[1826423.2845144423,2187893.5212072404],[1826422.8575471125,2187894.214012056],[1826422.8772121656,2187895.5996216866],[1826423.4395268685,2187896.9852313176],[1826423.9308692429,2187897.6780361333],[1826425.1273064609,2187897.9755214658],[1826428.4780699662,2187897.818390989],[1826429.5949911345,2187897.5445668045],[1826432.9457546398,2187897.561795406],[1826434.0626758083,2187897.0999474158],[1826436.2965181451,2187895.6109014414],[1826439.6472816505,2187892.9413033095],[1826441.8811239873,2187892.949678201],[1826444.114966324,2187892.182573255],[1826450.8164933347,2187892.319400069],[1826456.4010991768,2187891.847140871],[1826457.5180203454,2187891.948976908],[1826466.4533896928,2187893.4432493066],[1826467.5703108613,2187894.115582944],[1826468.6872320296,2187895.910698111],[1826469.9866772857,2187894.214012056],[1826470.9210743664,2187893.527430348],[1826473.1549167035,2187893.7514953143],[1826474.28581527,2187893.5212072404],[1826474.8327676058,2187892.828402425],[1826475.4645753577,2187891.442792794],[1826473.914492562,2187888.6715735323],[1826474.259081387,2187887.978768717],[1826476.5056802088,2187886.7058326076],[1826487.674891893,2187878.804816344],[1826491.0256553984,2187876.762162754],[1826492.1425765667,2187878.597709367],[1826493.225681349,2187889.364378348],[1826494.3764189037,2187890.132791505],[1826495.493340072,2187890.0645637508],[1826504.4287094194,2187887.3230649787],[1826506.6625517562,2187887.1787122576],[1826514.4809999354,2187884.3300260403],[1826515.5979211037,2187884.0492931274],[1826517.8317634407,2187883.9404095937],[1826518.948684609,2187883.4987139204],[1826520.1632098495,2187882.4363301937],[1826520.2472376414,2187881.743525378],[1826520.0656057775,2187880.990659974],[1826518.5733771452,2187878.279501301],[1826518.368585255,2187876.89389167],[1826518.948684609,2187875.9295373773],[1826521.182526946,2187874.0550270043],[1826522.2994481144,2187873.871678778],[1826526.7671327882,2187874.8098473568],[1826527.8840539565,2187874.7799907243],[1826531.2348174618,2187873.658811872],[1826532.3517386303,2187873.884371837],[1826536.819423304,2187876.3760518725],[1826537.9363444725,2187876.550594663],[1826542.404029146,2187875.7500995817],[1826543.5209503146,2187875.315260683],[1826546.87171382,2187873.211382481],[1826547.9886349882,2187872.816772791],[1826551.3393984935,2187872.510783823],[1826553.5732408306,2187871.258023921],[1826559.1578466727,2187869.5258304947],[1826561.3916890095,2187869.581055976],[1826564.3088068846,2187870.658648331],[1826563.6752953802,2187871.3514531464],[1826562.508610178,2187871.9307237742],[1826561.3916890095,2187873.0751581728],[1826559.1578466727,2187874.055285799],[1826558.0409255042,2187875.6355160703],[1826555.8070831674,2187875.9970897646],[1826555.3780755405,2187876.2010868546],[1826555.1226330153,2187876.89389167],[1826555.8070831674,2187878.3425156795],[1826556.9240043357,2187878.626241369],[1826558.0409255042,2187878.4919289183],[1826558.9185415213,2187880.357915747],[1826560.274767841,2187881.694579232],[1826560.5301974919,2187883.129135009],[1826560.9850060397,2187883.821939824],[1826562.605615664,2187884.51474464],[1826563.1251594725,2187885.207549455],[1826562.5587301354,2187888.6715735323],[1826560.8086744882,2187890.0571831632],[1826556.9240043357,2187892.3756571664],[1826556.149779174,2187893.5212072404],[1826555.37598926,2187895.5996216866],[1826551.3393984935,2187899.220048761],[1826550.2224773252,2187899.7265235516],[1826547.9886349882,2187899.8429080737],[1826542.404029146,2187901.401457726],[1826537.9363444725,2187902.271811422],[1826536.819423304,2187902.4040759783],[1826533.4686597986,2187902.2008856414],[1826532.9889239187,2187901.1420602105],[1826532.9517230038,2187899.7564505795],[1826533.0363277185,2187897.6780361333],[1826533.5276290297,2187895.5996216866],[1826532.3517386303,2187895.20773794],[1826530.1178962933,2187895.7791830054],[1826528.9814518297,2187896.2924265023],[1826527.4577045871,2187898.3708409485],[1826526.7671327882,2187900.7992582894],[1826525.9976610297,2187901.8348650257],[1826524.5332904512,2187902.698451818],[1826522.2994481144,2187903.276087829],[1826521.4113786083,2187903.913279472],[1826521.2501451264,2187904.6060842876],[1826525.0545029826,2187916.38376615],[1826525.0545029826,2187916.7301685577]]},"properties":{"elevation":20.0}},{"type":"Feature","geometry":{"type":"LineString","coordinates":[[1826470.4126830704,2187916.7301685577],[1826470.513474346,2187915.6909613344],[1826470.9210743664,2187915.081882961],[1826473.1549167035,2187914.2220132216],[1826473.9451903368,2187913.612546888],[1826477.034835557,2187912.226937257],[1826482.090286051,2187910.8099263366],[1826485.4410495562,2187909.500352264],[1826486.5579707245,2187909.327294286],[1826486.9444480818,2187909.4557179958],[1826488.1629447357,2187910.8413276267],[1826488.7918130613,2187912.056584974],[1826491.896901814,2187916.38376615],[1826491.896901814,2187916.7301685577]]},"properties":{"elevation":20.0}},{"type":"Feature","geometry":{"type":"LineString","coordinates":[[1826647.138654597,2187916.7301685577],[1826647.138654597,2187916.38376615],[1826647.4335095105,2187915.6909613344],[1826648.5115401472,2187914.6069248486],[1826657.4469094947,2187911.417652063],[1826658.563830663,2187911.1191690876],[1826659.5139759982,2187911.534132442],[1826660.1240160745,2187912.226937257],[1826660.797673,2187912.3970115352],[1826665.2653576736,2187911.6424686266],[1826666.3822788422,2187910.5997054763],[1826667.4992000104,2187910.303995286],[1826670.8499635158,2187910.3777445112],[1826671.8956446815,2187909.4557179958],[1826672.567887036,2187908.070108365],[1826675.3176481896,2187905.6633133763],[1826677.528481643,2187903.2204746567],[1826678.668411695,2187902.200471789],[1826680.9022540317,2187900.7882587016],[1826682.0191752,2187899.561903052],[1826683.1360963685,2187899.2083528335],[1826701.0068350635,2187901.7599305753],[1826704.3575985688,2187902.8166946545],[1826705.4745197373,2187902.044996392],[1826709.063520059,2187898.3708409485],[1826709.9259535605,2187896.9852313176],[1826711.6353970103,2187892.828402425],[1826712.4101137074,2187891.442792794],[1826718.480336638,2187884.51474464],[1826721.2432164701,2187881.743525378],[1826721.8246800078,2187880.357915747],[1826721.7690503506,2187877.5866964855],[1826721.0806575888,2187874.8154772236],[1826720.13532679,2187872.7370627774],[1826719.27688208,2187869.9658435155],[1826718.8775737584,2187869.418079997],[1826709.942204411,2187866.603890869],[1826707.708362074,2187865.5347471396],[1826705.4745197373,2187864.8109039715],[1826704.8552453835,2187864.423404992],[1826703.2406774003,2187861.975690624],[1826702.123756232,2187860.9789821263],[1826695.4222292213,2187861.3301907],[1826693.1883868845,2187861.771097915],[1826686.4868598739,2187862.183977657],[1826684.253017537,2187862.185154084],[1826683.1360963685,2187861.9876470394],[1826682.0191752,2187861.377560556],[1826680.9022540317,2187861.2585955136],[1826678.668411695,2187861.941675911],[1826677.5514905264,2187861.4335524],[1826675.3176481896,2187858.9333654637],[1826673.0838058526,2187856.941015251],[1826671.9668846843,2187856.4591847835],[1826670.8499635158,2187856.6367676985],[1826669.7330423475,2187856.527460211],[1826668.616121179,2187856.0484915324],[1826667.3198201514,2187856.109747207],[1826664.148436505,2187858.0444891728],[1826663.0315153368,2187858.295646966],[1826660.797673,2187859.2623216594],[1826659.6807518315,2187859.2301957114],[1826658.563830663,2187858.2799475472],[1826657.1289850904,2187857.4953568378],[1826657.6630528441,2187856.802552022],[1826657.758111576,2187856.109747207],[1826656.1008830518,2187853.338527945],[1826656.253689398,2187851.9529183144],[1826655.7935997157,2187850.5673086834],[1826656.3299883262,2187849.3456281684],[1826657.7489790055,2187847.7960894215],[1826657.9506739136,2187847.1032846062],[1826657.7969918896,2187846.4104797905],[1826656.3299883262,2187846.1406560573],[1826655.3150297927,2187846.4104797905],[1826654.0961459894,2187847.242200323],[1826652.9792248209,2187846.683305502],[1826652.8529852899,2187846.4104797905],[1826655.2130671577,2187845.297327706],[1826656.3299883262,2187844.22790525],[1826658.563830663,2187843.5600503804],[1826661.3228194944,2187840.868041267],[1826663.0315153368,2187839.727676347],[1826666.3822788422,2187838.654836935],[1826669.2669488983,2187837.40401719],[1826673.0838058526,2187835.330487205],[1826677.5514905264,2187834.191629277],[1826678.668411695,2187833.5953592183],[1826682.0191752,2187830.16265849],[1826682.6875567897,2187829.0903594047],[1826682.7496435526,2187826.3191401428],[1826683.1360963685,2187824.5517009874],[1826684.253017537,2187823.78906308],[1826691.2457432311,2187822.1623112503],[1826693.1883868845,2187821.0671303812],[1826695.0505330663,2187816.619872727],[1826694.9015902278,2187813.848653465],[1826693.2516181807,2187810.384629388],[1826689.9497611793,2187800.6853619716],[1826690.3535512206,2187799.2997523407],[1826691.8467479823,2187797.9141427097],[1826691.9585403185,2187797.2213378944],[1826690.9545445475,2187796.5190917207],[1826690.5690485646,2187795.8357282635],[1826690.8041363587,2187795.1429234482],[1826695.3785220694,2187789.600484925],[1826695.6426547046,2187788.907680109],[1826695.6873084416,2187788.214875294],[1826695.0879102868,2187786.136460847],[1826694.929633477,2187783.3652415858],[1826693.7260718048,2187779.208412693],[1826693.1883868845,2187777.9048239826],[1826692.592254715,2187777.1299982467],[1826688.070816281,2187774.358778985],[1826686.4868598739,2187773.862528909],[1826684.253017537,2187774.3158807466],[1826682.0191752,2187775.3723921203],[1826680.9022540317,2187775.513363313],[1826676.434569358,2187775.2130047753],[1826675.3176481896,2187775.335168841],[1826673.0838058526,2187775.8148134397],[1826670.8499635158,2187776.691562794],[1826667.4992000104,2187776.7292828304],[1826664.148436505,2187776.149960865],[1826661.9145941683,2187776.2745189946],[1826659.6807518315,2187776.116806417],[1826658.563830663,2187776.4148944877],[1826656.3299883262,2187775.350067066],[1826655.2130671577,2187775.8198126988],[1826654.0961459894,2187776.644017528],[1826652.5187971515,2187776.4371934314],[1826651.3092511462,2187775.0515838005],[1826650.9581170743,2187773.6659741695],[1826651.529674114,2187772.2803645385],[1826652.727448563,2187771.5875597233],[1826652.9888861438,2187770.8947549076],[1826651.3594143838,2187768.8163404614],[1826650.6902688914,2187767.4307308304],[1826649.6284613155,2187766.764007155],[1826648.270300042,2187765.352316384],[1826647.3946189787,2187764.8831518963],[1826645.160776642,2187764.883515941],[1826644.0438554734,2187764.6432016534],[1826642.926934305,2187764.1860463517],[1826642.8398390987,2187763.9667067532],[1826642.8535735041,2187760.502682676],[1826643.5420341026,2187759.809877861],[1826646.2776978102,2187758.639175013],[1826647.3946189787,2187758.682437294],[1826648.5115401472,2187759.728282131],[1826649.6284613155,2187759.657996909],[1826654.0961459894,2187756.601847105],[1826655.2130671577,2187756.527168616],[1826657.6024417223,2187755.653048968],[1826658.1864121887,2187754.9602441527],[1826658.4374108717,2187753.5746345217],[1826658.8979678093,2187752.8818297065],[1826659.6807518315,2187752.0817885827],[1826661.5542152142,2187750.8034152603],[1826661.9072219147,2187750.1106104446],[1826663.1139706203,2187744.568171921],[1826663.3698330882,2187742.489757475],[1826663.2219202423,2187737.640123767],[1826662.9462243828,2187735.56170932],[1826662.2365929694,2187734.1760996897],[1826658.563830663,2187733.1743037887],[1826657.9765457395,2187732.7904900587],[1826657.7255865184,2187732.097685243],[1826657.9761821507,2187729.3264659815],[1826659.3914079717,2187720.3200033805],[1826660.1392525162,2187717.548784119],[1826661.3449130787,2187714.777564857],[1826661.4577278625,2187713.391955226],[1826655.433757426,2187695.379030025],[1826654.2712358558,2187692.607810763],[1826652.9792248209,2187692.1988953445],[1826649.6284613155,2187691.9417342497],[1826647.3946189787,2187692.7515698387],[1826645.160776642,2187692.7253882224],[1826642.926934305,2187693.667108955],[1826640.693091968,2187693.616104783],[1826639.1905373165,2187693.3006155784],[1826639.7425253605,2187692.607810763],[1826638.853776562,2187691.222201132],[1826636.411829,2187689.143786686],[1826635.682695613,2187687.758177055],[1826633.9915649577,2187687.1434454066],[1826632.9994691717,2187686.372567424],[1826632.6507173881,2187684.986957793],[1826632.834692649,2187682.908543347],[1826632.504079417,2187682.2157385317],[1826631.2991299413,2187681.522933716],[1826632.8746437891,2187678.811351077],[1826634.9383441,2187678.7517144545],[1826637.3423284627,2187679.194350367],[1826638.4592496313,2187678.957561767],[1826640.2607759973,2187678.058909639],[1826641.977839948,2187676.6733000083],[1826642.5124041485,2187675.9804951926],[1826642.6777768303,2187675.2876903773],[1826642.593033694,2187673.2092759307],[1826642.926934305,2187672.7075002072],[1826644.0438554734,2187672.255379029],[1826644.4240291414,2187671.8236663],[1826644.9621954204,2187669.7452518535],[1826647.5333997158,2187663.510008515],[1826648.2311228742,2187660.738789253],[1826648.0252520097,2187657.274765176],[1826646.488610409,2187649.6539122057],[1826645.3596797518,2187646.8826929443],[1826644.2795194064,2187641.340254421],[1826643.797040789,2187640.647449605],[1826642.1349123942,2187639.261839974],[1826641.4009791866,2187637.8762303437],[1826640.2389869296,2187630.2553773737],[1826639.9588653757,2187629.5625725584],[1826631.7577226206,2187618.388036853],[1826631.5120075468,2187617.784890696],[1826631.7577226206,2187613.739248655],[1826632.5575171232,2187612.935256988],[1826632.9907708918,2187611.549647357],[1826633.0192154264,2187609.4712329106],[1826630.9596383225,2187606.0072088335],[1826632.1096227688,2187604.6215992025],[1826630.5078522814,2187601.8503799406],[1826628.4069591153,2187600.62961995],[1826627.779356403,2187599.7719654944],[1826628.1114057442,2187598.3863558634],[1826629.5238802838,2187596.357085419],[1826631.5488409728,2187591.458307709],[1826636.6845244751,2187580.373430662],[1826636.947471403,2187579.6806258466],[1826636.9419939145,2187578.2950162156],[1826635.6495943607,2187574.138187323],[1826635.379120385,2187571.3669680613],[1826634.7203590125,2187569.9813584303],[1826634.8459773106,2187567.210139169],[1826634.5849703096,2187565.824529538],[1826632.6974046032,2187558.203676568],[1826631.993379951,2187556.818066937],[1826629.5238802838,2187555.827154973],[1826617.237747431,2187553.309380914],[1826616.1208262627,2187552.8502703146],[1826615.0039050942,2187552.0851691593],[1826613.46441559,2187550.5828235983],[1826612.7709665482,2187549.1972139673],[1826612.1056711527,2187546.4259947054],[1826612.7700627574,2187546.018975926],[1826615.0039050942,2187545.5753917415],[1826618.3546685996,2187544.105114115],[1826627.290037947,2187539.6492684847],[1826628.241596043,2187538.805141736],[1826628.2229074803,2187537.419532105],[1826627.6450255825,2187535.3411176587],[1826626.9268465575,2187533.9555080277],[1826625.0308722756,2187532.5698983967],[1826624.4328249474,2187530.4914839505],[1826626.1731167785,2187529.7328539668],[1826627.290037947,2187529.673680202],[1826630.3462065645,2187527.7202646886],[1826629.5238802838,2187524.6228959495],[1826627.290037947,2187523.824542715],[1826626.1731167785,2187523.8211655454],[1826625.0561956102,2187524.5077747977],[1826623.9392744417,2187523.5817889054],[1826623.699392268,2187522.177826165],[1826625.6130643827,2187520.099411719],[1826625.8540604308,2187519.4066069033],[1826625.0561956102,2187518.9489617944],[1826622.8223532732,2187519.5463526603],[1826619.7882495061,2187519.4066069033],[1826618.8835379917,2187518.0209972723],[1826617.8389298357,2187517.328192457],[1826617.376924049,2187516.635387642],[1826617.237747431,2187515.9124112586],[1826616.1208262627,2187515.438161908],[1826615.0039050942,2187515.9974658233],[1826613.8869839257,2187515.940004218],[1826613.6350946561,2187515.249778011],[1826613.6882438418,2187513.86416838],[1826615.592014818,2187506.24331541],[1826613.8239324973,2187501.3936817017],[1826612.8259855595,2187499.3152672555],[1826612.1509692387,2187496.544047994],[1826611.3814756945,2187494.4656335474],[1826610.8216408992,2187491.694414286],[1826610.5362204204,2187491.0449995026],[1826609.419299252,2187490.574443509],[1826606.0685357468,2187490.1141661867],[1826604.5062128978,2187489.6159998397],[1826602.7583340928,2187484.7663661316],[1826602.5551775217,2187481.9951468697],[1826600.874066317,2187479.2239276078],[1826600.1582065953,2187476.4527083463],[1826598.977234229,2187474.3742938996],[1826596.0162452308,2187472.719230505],[1826584.8470335465,2187467.658616392],[1826582.6131912097,2187466.137533129],[1826578.145506536,2187466.4101167833],[1826575.911664199,2187466.209881955],[1826574.7947430306,2187464.907957174],[1826574.3239977935,2187463.982221668],[1826572.5609006938,2187462.5443574246],[1826568.0932160201,2187462.799815888],[1826566.9762948516,2187463.3488265392],[1826562.508610178,2187464.297688021],[1826561.3916890095,2187464.3887373395],[1826560.969982675,2187463.982221668],[1826561.5404590731,2187462.596612037],[1826561.5490802978,2187461.2110024067],[1826559.796611778,2187457.7469783295],[1826558.9811980934,2187457.054173514],[1826558.8188477843,2187456.3613686985],[1826559.261811521,2187455.668563883],[1826558.200962275,2187454.2829542523],[1826558.1488309545,2187453.5901494366],[1826560.8973577057,2187449.433320544],[1826562.508610178,2187447.943125116],[1826565.6890048666,2187446.6621012823],[1826570.327058357,2187442.4158505797],[1826579.2624277044,2187437.9149231203],[1826582.6131912097,2187435.905170162],[1826583.2181576088,2187434.88441942],[1826584.3927961763,2187431.4203953426],[1826585.1205645734,2187428.6491760807],[1826585.0630673107,2187427.9563712655],[1826584.0444756886,2187425.8779568193],[1826582.9763792723,2187422.413932742],[1826580.9029172591,2187419.64271348],[1826580.3297655594,2187418.257103849],[1826576.3600251817,2187411.329055695],[1826576.2945052346,2187410.6362508796],[1826577.1784672586,2187408.557836433],[1826576.8880532193,2187407.8650316177],[1826575.1687308128,2187405.7866171715],[1826570.2818669914,2187398.858569017],[1826562.508610178,2187388.897558707],[1826561.3916890095,2187388.428344896],[1826560.274767841,2187389.595265792],[1826559.1578466727,2187389.5116842394],[1826556.9240043357,2187387.9162858925],[1826555.8070831674,2187387.7902066982],[1826554.6901619988,2187388.2147609335],[1826552.456319662,2187389.649865149],[1826551.3393984935,2187390.877398657],[1826546.519798421,2187397.472959386],[1826545.138993797,2187398.1657642014],[1826539.0532656407,2187399.471034546],[1826534.5855809671,2187399.411756738],[1826531.2348174618,2187399.0934053552],[1826526.7671327882,2187400.083105553],[1826525.6502116197,2187399.605795736],[1826522.3088086878,2187395.39454494],[1826520.0656057775,2187394.0443846225],[1826518.948684609,2187393.9427645453],[1826515.0476222509,2187395.39454494],[1826514.4809999354,2187395.826835422],[1826513.8938998233,2187396.7801545705],[1826513.3386180885,2187398.858569017],[1826513.1788637375,2187400.9369834634],[1826513.6488114386,2187403.0153979096],[1826515.8590610253,2187407.1722268024],[1826516.2903631716,2187408.557836433],[1826516.043335797,2187409.943446064],[1826516.2589658948,2187414.793079772],[1826517.596148501,2187422.413932742],[1826517.7431880096,2187424.4923471883],[1826518.9860256645,2187427.9563712655],[1826518.3678094991,2187433.498809789],[1826518.6307068698,2187435.577224235],[1826518.4329660353,2187436.2700290508],[1826516.7148422722,2187439.800888326],[1826515.5979211037,2187441.070579371],[1826513.364078767,2187440.945440999],[1826512.2471575986,2187440.2311748145],[1826511.13023643,2187440.6162006794],[1826510.0133152616,2187439.942606228],[1826509.0252994539,2187440.426857943],[1826509.430554551,2187441.119662759],[1826509.3899267272,2187441.812467574],[1826508.3934686144,2187443.198077205],[1826507.5854918445,2187443.8908820204],[1826505.545630588,2187447.0542328986],[1826503.3117882512,2187446.460920279],[1826501.0779459141,2187447.32953054],[1826500.2557179516,2187445.969296467],[1826499.568929893,2187445.2764916513],[1826497.7271824088,2187444.311007518],[1826496.6102612405,2187444.437737981],[1826495.493340072,2187443.831132475],[1826494.3764189037,2187444.26324187],[1826493.5521389868,2187445.2764916513],[1826492.8131520238,2187447.3549060975],[1826492.1425765667,2187448.2707507936],[1826491.0256553984,2187448.1711398847],[1826489.2201584824,2187445.969296467],[1826487.674891893,2187444.7551241685],[1826485.9600365895,2187442.50527239],[1826484.5845038341,2187441.119662759],[1826483.2072072192,2187440.8094951604],[1826480.9733648824,2187441.235083602],[1826479.7808017102,2187441.119662759],[1826479.856443714,2187440.2198238415],[1826480.6936352619,2187439.734053128],[1826483.2072072192,2187439.308525272],[1826485.4410495562,2187438.0213205004],[1826486.569804553,2187437.6556386817],[1826487.674891893,2187436.659544766],[1826488.6080813447,2187434.1916146046],[1826488.5329217038,2187433.498809789],[1826487.4922010247,2187431.4203953426],[1826487.1637156638,2187429.3419808964],[1826486.3728770777,2187427.9563712655],[1826486.0734965526,2187425.8779568193],[1826484.267037813,2187422.413932742],[1826482.2808722986,2187414.793079772],[1826481.4917766855,2187412.714665326],[1826480.9551160466,2187408.557836433],[1826478.4465819178,2187406.4794219867],[1826477.622601377,2187406.153231856],[1826476.5056802088,2187406.101189317],[1826473.2681479435,2187406.4794219867],[1826470.5010673893,2187407.1722268024],[1826463.1026261875,2187409.782177205],[1826461.985705019,2187409.6701518074],[1826461.2661444785,2187409.2506412487],[1826461.1634495268,2187408.557836433],[1826461.567265745,2187406.4794219867],[1826462.0055806087,2187405.7866171715],[1826462.2705402258,2187404.4010075405],[1826461.752239744,2187403.7082027253],[1826459.7518626822,2187402.23537607],[1826457.5180203454,2187399.4365704465],[1826456.9975337076,2187398.1657642014],[1826456.421504126,2187395.39454494],[1826456.1311771537,2187391.930520863],[1826455.8780015134,2187391.237716047],[1826455.2841780086,2187390.54338523],[1826454.16725684,2187387.7813002034],[1826453.0270530814,2187386.388082339],[1826451.7327822712,2187383.6168630775],[1826453.0503356715,2187383.116052451],[1826453.7723401424,2187382.2312534465],[1826454.1065531443,2187379.4600341846],[1826454.9882656818,2187376.6888149227],[1826455.4263892423,2187369.7607667684],[1826455.8412704628,2187366.989547507],[1826456.1397781083,2187366.296742691],[1826459.7518626822,2187361.4736646465],[1826460.6526168864,2187358.6758897216],[1826460.5459227804,2187357.2902800906],[1826460.8155547418,2187355.9046704597],[1826460.3969297244,2187353.133451198],[1826459.350966006,2187350.3622319363],[1826458.6349415139,2187347.458613174],[1826457.5180203454,2187345.722744517],[1826449.6995721664,2187346.7851653295],[1826447.4657298294,2187346.810151898],[1826446.348808661,2187347.172083755],[1826445.1120839946,2187350.3622319363],[1826445.375702048,2187352.4406463825],[1826445.2318874926,2187353.1107946592],[1826444.114966324,2187353.5932250335],[1826440.764202819,2187353.7211343725],[1826437.4134393136,2187353.3923298805],[1826435.1795969766,2187354.5988795934],[1826432.9457546398,2187354.678713271],[1826431.2510042586,2187357.2902800906],[1826429.5949911345,2187357.976576697],[1826428.4780699662,2187358.1589165493],[1826427.3611487977,2187358.0481407624],[1826426.2442276292,2187357.6460839896],[1826425.1273064609,2187357.6188590643],[1826421.7765429555,2187358.385434733],[1826419.5427006187,2187358.0634344243],[1826418.4257794502,2187358.2044907804],[1826416.1919371134,2187359.6039832267],[1826415.075015945,2187359.916717132],[1826413.9580947766,2187359.860061821],[1826412.841173608,2187358.594126257],[1826411.5615173306,2187353.8262560135],[1826411.7183435156,2187353.133451198],[1826412.4366408726,2187352.4406463825],[1826412.8812211666,2187351.0550367516],[1826412.8431751824,2187346.898207859],[1826411.9541206865,2187343.434183782],[1826411.8349423853,2187339.970159705],[1826411.7825241138,2187334.427721181],[1826412.413341872,2187330.963697104],[1826411.7242524396,2187330.462047897],[1826410.6073312713,2187330.769220466],[1826407.9567782844,2187331.6565019195],[1826405.0227254292,2187333.100820872],[1826402.9340923293,2187332.3493067347],[1826402.3308938546,2187331.6565019195],[1826401.970363919,2187330.2708922885],[1826400.6510197662,2187327.4996730266],[1826399.4381195868,2187325.9830869325],[1826397.516221852,2187324.728453765],[1826396.0558401532,2187321.9572345032],[1826393.4674778415,2187319.1860152413],[1826393.4016326931,2187318.493210426],[1826397.1909211923,2187315.721991164],[1826397.3904029373,2187315.029186349],[1826397.1321450341,2187314.336381533],[1826394.9704349132,2187312.1712401235],[1826391.4592330612,2187307.408333379],[1826389.385829071,2187303.5716736265],[1826386.0414046245,2187298.4018707783],[1826384.9181443972,2187298.236658226],[1826382.6843020604,2187299.072160675],[1826380.4504597236,2187298.93465723],[1826372.6320115444,2187301.36295442],[1826371.5150903761,2187301.163992101],[1826370.8801645618,2187300.4802852245],[1826370.2165666744,2187299.0946755935],[1826369.2812480393,2187298.124151517],[1826365.930484534,2187296.943756373],[1826365.3659058227,2187296.323456332],[1826364.8135633655,2187294.949465037],[1826364.1278636144,2187292.166627439],[1826362.5797210287,2187290.9081777157],[1826360.3458786919,2187291.742050175],[1826359.2289575234,2187291.8295838153],[1826357.6761932506,2187292.859432255],[1826356.9951151866,2187293.6176704913],[1826355.033457524,2187293.55223707],[1826354.7612728495,2187293.2179712807],[1826354.7629921518,2187291.473822624],[1826355.878194018,2187290.6184863625],[1826356.9951151866,2187290.1452659913],[1826357.6081551737,2187289.3954081777],[1826357.8610268533,2187287.316993731],[1826358.1120363548,2187286.8564515053],[1826359.2289575234,2187286.4687275477],[1826363.696642197,2187285.799873098],[1826367.0474057023,2187284.7291882886],[1826368.1216367413,2187283.852969654],[1826368.4430854837,2187283.1601648387],[1826369.9152553845,2187279.0033359462],[1826370.5404890676,2187275.5393118686],[1826368.720152812,2187270.689678161],[1826366.4979783413,2187265.840044453],[1826365.9630859655,2187265.147239637],[1826364.8135633655,2187264.7776978584],[1826361.4627998602,2187264.59948216],[1826358.1120363548,2187265.0594670107],[1826355.878194018,2187265.858710101],[1826353.6443516812,2187266.045234818],[1826349.1766670074,2187266.901618079],[1826345.825903502,2187269.2386306063],[1826344.7089823338,2187269.1752104084],[1826342.475139997,2187268.163987261],[1826340.24129766,2187268.036828277],[1826338.0074553231,2187268.5761277713],[1826336.8905341546,2187269.4456195543],[1826335.7736129863,2187269.8635967895],[1826332.422849481,2187270.5539715798],[1826329.0720859757,2187270.476403191],[1826324.604401302,2187270.8269921485],[1826322.7253271558,2187270.689678161],[1826321.53230684,2187269.996873345],[1826321.4653688797,2187269.30406853],[1826321.9658115779,2187268.6112637143],[1826321.9444769244,2187267.918458899],[1826321.2536377967,2187265.536666321],[1826320.1367166282,2187264.71484977],[1826319.01979546,2187265.0718769096],[1826317.9028742914,2187265.070420349],[1826317.2374272468,2187264.454434822],[1826316.785953123,2187263.7004083004],[1826315.6690319546,2187262.7999604084],[1826315.2794547472,2187260.297605929],[1826313.826211777,2187257.5263866675],[1826311.9646199646,2187256.1407770365],[1826311.6185589724,2187255.4479722213],[1826310.0844261125,2187253.91473005],[1826304.49982027,2187249.8754619057],[1826302.2659779333,2187250.468988399],[1826301.149056765,2187250.417886684],[1826300.0321355965,2187250.795811983],[1826298.915214428,2187253.8957217345],[1826297.7982932597,2187254.4548470834],[1826295.5644509227,2187252.791171201],[1826294.4475297544,2187252.344595486],[1826293.3306085858,2187252.189646949],[1826291.096766249,2187250.4871817287],[1826289.9798450805,2187250.0476146056],[1826288.8479845023,2187249.9055336975],[1826288.0315096735,2187249.212728882],[1826287.2254750484,2187247.8271192512],[1826284.8556794808,2187246.4415096203],[1826283.9028191566,2187245.0558999893],[1826283.27831807,2187244.6040094276],[1826279.9275545648,2187243.5384698715],[1826274.3429487227,2187240.779626967],[1826273.2260275541,2187240.6811799025],[1826272.799098821,2187240.899071097],[1826270.9851652256,2187242.284680728],[1826269.8752640488,2187243.83627154],[1826268.7583428803,2187243.9181307554],[1826267.641421712,2187243.718253769],[1826265.4075793752,2187244.960682766],[1826264.2906582067,2187244.352872088],[1826262.8336165275,2187244.363095174],[1826262.0568158699,2187243.738046736],[1826262.347890313,2187242.284680728],[1826262.1679269362,2187241.591875912],[1826261.508627595,2187240.899071097],[1826257.589131196,2187238.271264007],[1826255.3552888592,2187236.4101691768],[1826254.2383676907,2187235.9809182314],[1826253.1214465224,2187236.3056488708],[1826252.004525354,2187236.107630884],[1826250.8876041854,2187235.0811796305],[1826248.6537618486,2187232.255288321],[1826247.7123162672,2187229.1213892344],[1826246.300622329,2187226.3501699725],[1826245.5229512258,2187224.2717555263],[1826244.186077175,2187222.558472077],[1826242.8671690437,2187220.114926634],[1826241.952234838,2187219.2354443823],[1826240.8353136696,2187217.6484779473],[1826238.5063213306,2187213.186878479],[1826238.3120871307,2187212.494073664],[1826238.3015309963,2187210.4156592176],[1826236.824670889,2187207.6444399557],[1826236.3676289958,2187205.8962863395],[1826235.830913979,2187202.1020014323],[1826234.007800659,2187197.9451725394],[1826233.8308455872,2187195.173953278],[1826232.7063538341,2187190.32431957],[1826232.8461006125,2187187.553100308],[1826233.8009318719,2187183.3962714155],[1826233.9278820336,2187178.5466377074],[1826232.844038114,2187172.3113943683],[1826232.7683979801,2187169.540175107],[1826232.3915109755,2187166.768955845],[1826232.3851554047,2187161.919322137],[1826233.0168654905,2187158.9834550973],[1826233.5802876947,2187158.4552980596],[1826236.3676289958,2187157.39574063],[1826236.5878655491,2187157.0696884287],[1826237.0782296443,2187155.6840787977],[1826237.3666221478,2187152.9128595362],[1826236.9396749695,2187150.8344450896],[1826236.8385498303,2187148.063225828],[1826234.3189160568,2187139.749568043],[1826232.6516903108,2187127.2790813646],[1826231.7032503537,2187124.507862103],[1826231.6215202773,2187122.429447657],[1826231.053407179,2187120.3510332103],[1826231.2858303916,2187117.579813949],[1826230.3395357954,2187115.501399502],[1826230.2972754396,2187112.7301802407],[1826230.6916038548,2187111.3445706097],[1826231.6830492495,2187109.2661561635],[1826232.0286950627,2187105.8021320864],[1826232.252684832,2187097.488474301],[1826232.0254761868,2187094.717255039],[1826232.3429472644,2187092.638840593],[1826231.782978642,2187089.1748165158],[1826231.2814510746,2187082.9395731767],[1826230.1911907087,2187079.4755490995],[1826230.2878692397,2187078.0899394685],[1826231.0303640252,2187074.6259153914],[1826230.5066709297,2187071.85469613],[1826229.4761127695,2187068.3906720527],[1826229.753732046,2187066.312257606],[1826229.5820824702,2187064.23384316],[1826229.9445121349,2187063.5410383446],[1826230.0723364383,2187062.1554287137],[1826229.35094573,2187057.3057950055],[1826229.3664118925,2187053.1489661126],[1826229.1193578953,2187050.377746851],[1826228.6552043066,2187048.99213722],[1826228.5678307828,2187047.6065275893],[1826227.8186710628,2187045.528113143],[1826228.261250842,2187044.142503512],[1826229.6376815992,2187042.064089066],[1826229.1410315258,2187041.37128425],[1826227.4322596483,2187041.130897151],[1826226.1745783477,2187039.292869804],[1826225.5105002779,2187035.828845727],[1826225.1878087318,2187031.6720168344],[1826225.3332024284,2187030.2864072034],[1826225.9648323418,2187028.9007975725],[1826227.4322596483,2187027.745255978],[1826228.4037026165,2187028.207992757],[1826228.966268373,2187029.5936023877],[1826229.6661019854,2187030.1835849048],[1826230.9142957428,2187029.5936023877],[1826231.5665760292,2187027.5151879415],[1826230.8795688304,2187024.74396868],[1826230.9197845417,2187024.0511638643],[1826231.5136656302,2187022.6655542334],[1826231.503433462,2187021.972749418],[1826230.7214880642,2187020.587139787],[1826231.001182154,2187019.201530156],[1826230.3123562774,2187017.815920525],[1826231.5543245967,2187016.4303108947],[1826231.8923711972,2187014.351896448],[1826232.4876475662,2187013.659091633],[1826232.2131994264,2187011.5806771866],[1826232.537579264,2187010.887872371],[1826232.6285522447,2187009.5022627404],[1826233.0168654905,2187008.6189976456],[1826234.133786659,2187008.157020133],[1826235.2507078275,2187008.7039045044],[1826236.3676289958,2187008.850236399],[1826237.4845501643,2187008.5712604974],[1826237.9121883162,2187008.8094579247],[1826238.22842603,2187009.5022627404],[1826238.1563238949,2187010.1950675556],[1826238.3726586157,2187010.887872371],[1826239.463178359,2187012.273482002],[1826240.179509362,2187015.044701264],[1826240.8353136696,2187015.59293576],[1826241.952234838,2187016.0129241263],[1826242.230293714,2187015.737506079],[1826242.4799193565,2187015.044701264],[1826242.2787458522,2187013.659091633],[1826242.7196535647,2187012.273482002],[1826242.7196535647,2187011.5806771866],[1826241.952234838,2187010.485501502],[1826241.4904700953,2187010.1950675556],[1826241.1423777281,2187009.5022627404],[1826241.2899956014,2187006.7310434785],[1826242.0251751018,2187005.3454338475],[1826242.4416177713,2187003.9598242166],[1826243.8275771074,2187002.5742145856],[1826243.0691560064,2187000.1260894146],[1826240.8353136696,2187000.08983216],[1826240.0333713223,2186999.1101905084],[1826239.8294805766,2186998.417385693],[1826240.4661455413,2186997.031776062],[1826243.0952097115,2186994.2605568008],[1826245.3029983432,2186992.3307926496],[1826246.7023305425,2186991.489337539],[1826246.5747708634,2186990.796532723],[1826245.6328376145,2186989.4109230926],[1826245.8552709264,2186988.718118277],[1826245.3254352703,2186986.6397038307],[1826246.1447641249,2186983.868484569],[1826246.8751626727,2186982.4828749383],[1826246.3068755548,2186981.7900701226],[1826246.0816677364,2186981.0972653073],[1826246.1968231443,2186978.3260460454],[1826245.661543633,2186976.247631599],[1826245.6460066037,2186975.5548267835],[1826246.4199195118,2186974.425600939],[1826247.5368406803,2186974.200199221],[1826248.3199526381,2186974.8620219682],[1826249.1495432025,2186978.3260460454],[1826249.0032862008,2186979.7116556764],[1826248.643397618,2186980.4044604916],[1826248.5649346828,2186983.1756797535],[1826249.770683017,2186983.7522534947],[1826250.3007306568,2186984.5612893845],[1826250.2226182227,2186985.2540941997],[1826250.9582336962,2186987.332508646],[1826250.7192286467,2186988.718118277],[1826249.9913022341,2186990.103727908],[1826248.1730448562,2186991.489337539],[1826248.6537618486,2186991.6698077586],[1826249.033720451,2186992.182142354],[1826249.522692006,2186994.2605568008],[1826249.4490881888,2186994.953361616],[1826248.3350416154,2186996.338971247],[1826249.085388725,2186998.417385693],[1826248.7760484503,2186999.1101905084],[1826248.7343788194,2187000.4958001394],[1826249.7736991534,2187002.5742145856],[1826249.3521372029,2187004.6526290323],[1826249.3958013062,2187005.3454338475],[1826249.770683017,2187005.8596781804],[1826252.004525354,2187005.1645143433],[1826255.3552888592,2187003.11408515],[1826259.8229735328,2187001.556511405],[1826260.9398947014,2187001.2973851925],[1826264.2906582067,2187001.1463769926],[1826265.4075793752,2187000.68699272],[1826267.641421712,2187000.592590775],[1826281.044475733,2187002.156624356],[1826282.1613969016,2187002.1739164144],[1826284.3952392384,2187001.6690409537],[1826285.0069514473,2187002.5742145856],[1826285.512160407,2187002.860745045],[1826286.6290815752,2187002.777039892],[1826286.8083090424,2187001.8814097703],[1826286.6290815752,2187001.3624141435],[1826284.9123813016,2186999.802995324],[1826284.3952392384,2186998.7537296684],[1826279.9275545648,2186999.1819117693],[1826269.8752640488,2186999.1851849053],[1826266.5245005435,2186998.436220862],[1826265.6678314544,2186997.724580878],[1826265.188507749,2186995.6461664313],[1826263.7817201202,2186992.182142354],[1826261.1649673402,2186988.718118277],[1826260.7158266166,2186987.332508646],[1826269.8752640488,2186976.6094467496],[1826270.9921852173,2186974.979981541],[1826271.5390954274,2186973.4764123373],[1826272.6219490964,2186972.0908027063],[1826272.9802044244,2186970.705193076],[1826270.9921852173,2186970.3037908426],[1826268.7583428803,2186970.2753764824],[1826257.589131196,2186970.9505119883],[1826256.4722100277,2186967.720572619],[1826255.6135021017,2186962.3915352905],[1826254.2383676907,2186957.846583122],[1826252.004525354,2186956.838395603],[1826250.8876041854,2186957.085182901],[1826249.1446128527,2186958.9275112133],[1826248.6537618486,2186959.8151539937],[1826248.468642978,2186959.6203160286],[1826248.5029653593,2186956.8490967667],[1826249.770683017,2186954.4461469986],[1826250.163114779,2186951.9994630585],[1826252.5126335311,2186949.9210486123],[1826254.3861658294,2186947.842634166],[1826254.8513198001,2186946.457024535],[1826253.009979319,2186943.6858052737],[1826253.1214465224,2186942.79995158],[1826253.6270705273,2186941.607390827],[1826252.206320739,2186938.14336675],[1826252.0929883446,2186937.4505619346],[1826252.4301378662,2186935.3721474884],[1826249.6202272037,2186919.437636733],[1826249.713555846,2186917.359222287],[1826250.3441258478,2186915.2808078406],[1826250.269345069,2186912.5095885787],[1826250.1753966133,2186911.8167837635],[1826248.6441216602,2186909.738369317],[1826248.509427051,2186909.0455645015],[1826248.7688232432,2186908.3527596863],[1826249.770683017,2186907.5945889265],[1826257.589131196,2186902.862812458],[1826258.7060523645,2186902.8177258116],[1826260.2986834415,2186904.8887356087],[1826260.9398947014,2186905.3763152547],[1826263.1737370382,2186905.7546855845],[1826266.5245005435,2186907.6002800767],[1826267.641421712,2186906.860671555],[1826268.2455567939,2186905.5815404244],[1826268.7598533214,2186903.503125978],[1826268.0381589597,2186899.3462970853],[1826268.2580580786,2186898.65349227],[1826269.2569517063,2186897.9606874543],[1826270.9921852173,2186897.239978004],[1826274.3429487227,2186897.2711269334],[1826275.459869891,2186896.829938011],[1826276.5767910595,2186894.478279153],[1826279.1743645759,2186893.111053746],[1826279.9275545648,2186892.9545971747],[1826281.044475733,2186893.2218981655],[1826283.27831807,2186894.2630104916],[1826285.512160407,2186894.202731569],[1826288.5269248253,2186893.111053746],[1826291.096766249,2186893.011290853],[1826293.3306085858,2186892.250362655],[1826294.4475297544,2186892.258704837],[1826294.9317700607,2186893.111053746],[1826295.0676104152,2186894.496663377],[1826295.685536148,2186896.575077824],[1826295.5644509227,2186897.117684275],[1826294.4475297544,2186898.3881777218],[1826292.6924344816,2186899.3462970853],[1826292.2823509374,2186900.039101901],[1826292.2385647823,2186900.7319067162],[1826293.8654756115,2186903.503125978],[1826294.2698978488,2186906.2743452396],[1826294.1677851966,2186907.6599548706],[1826294.412594467,2186908.3527596863],[1826297.9007905233,2186913.8951982097],[1826298.915214428,2186914.7918339437],[1826300.0321355965,2186914.849705371],[1826302.2659779333,2186912.9309564456],[1826312.3182684493,2186907.252908579],[1826315.6690319546,2186905.0030336315],[1826317.9028742914,2186903.9792042268],[1826320.1367166282,2186902.4027684396],[1826324.8082291335,2186900.7319067162],[1826325.7213224703,2186899.9872007794],[1826326.4696479156,2186898.65349227],[1826326.3658000224,2186897.267882639],[1826325.1259546834,2186892.418248931],[1826324.6752100491,2186888.954224854],[1826323.5795336147,2186886.183005592],[1826323.1661870042,2186884.1045911456],[1826322.370558965,2186882.8137111557],[1826321.2536377967,2186882.247942961],[1826320.8878884788,2186881.3333718837],[1826321.1762155583,2186878.5621526223],[1826322.0147294863,2186875.7909333603],[1826326.0080351254,2186867.477275575],[1826326.0810172167,2186864.7060563136],[1826325.7213224703,2186862.6140081305],[1826325.1080289455,2186861.9348370517],[1826322.370558965,2186859.916568653],[1826313.4351896176,2186854.466706391],[1826310.0844261125,2186854.872272001],[1826306.7336626071,2186855.772710957],[1826304.49982027,2186856.096276909],[1826301.149056765,2186857.469370231],[1826293.3306085858,2186859.146768842],[1826292.2136874176,2186859.1295153946],[1826289.037283536,2186858.4708129745],[1826288.47718787,2186857.7780081593],[1826288.7600794444,2186857.0852033435],[1826292.2136874176,2186854.3228469826],[1826293.3306085858,2186853.9459499386],[1826294.8522243826,2186852.928374451],[1826295.5194112996,2186852.2355696354],[1826295.368006652,2186851.54276482],[1826294.4475297544,2186850.752400703],[1826291.096766249,2186850.063446474],[1826289.9798450805,2186850.129594603],[1826287.7460027437,2186849.3016606267],[1826286.6290815752,2186849.1427177656],[1826285.512160407,2186848.762896555],[1826284.3952392384,2186847.8886300153],[1826282.1613969016,2186847.086240663],[1826281.5741802873,2186845.307521481],[1826280.5184249035,2186844.614716666],[1826280.2301214947,2186843.92191185],[1826280.3441734319,2186843.229107035],[1826282.1613969016,2186841.4285086663],[1826284.3952392384,2186838.420758517],[1826284.5810148665,2186837.6866685115],[1826285.512160407,2186836.7312360983],[1826287.0321656119,2186836.3010588805],[1826287.7130012694,2186835.608254065],[1826288.1904310281,2186834.2226444343],[1826288.6907697672,2186833.5298396186],[1826287.7460027437,2186832.9792586863],[1826285.512160407,2186832.9050376215],[1826284.594195354,2186833.5298396186],[1826284.3952392384,2186833.9567749747],[1826283.27831807,2186833.832541956],[1826282.1605659276,2186832.8370348033],[1826281.044475733,2186832.3217050014],[1826278.8106333963,2186831.940985497],[1826278.2675505483,2186831.4514251724],[1826281.0285716185,2186829.373010726],[1826285.512160407,2186827.083096379],[1826286.6290815752,2186826.1307100747],[1826288.8629239122,2186826.102900393],[1826291.096766249,2186825.6377547923],[1826292.2136874176,2186825.7753967103],[1826293.3306085858,2186825.53522842],[1826301.149056765,2186821.506115252],[1826303.3828991018,2186821.182243822],[1826306.8748090588,2186819.67374331],[1826307.8505837754,2186818.9852533876],[1826308.2840214712,2186818.288133679],[1826309.2053864254,2186815.516914417],[1826311.2266948624,2186812.05289034],[1826311.4036418984,2186811.3600855246],[1826310.8793442897,2186809.2816710784],[1826311.039792082,2186806.5104518165],[1826310.5884467117,2186805.1248421855],[1826310.3038460265,2186803.0464277393],[1826309.8742756986,2186802.353622924],[1826308.967504944,2186801.9759929483],[1826307.8505837754,2186801.9410793427],[1826303.3828991018,2186802.6562599833],[1826302.2659779333,2186803.1610213355],[1826301.149056765,2186803.1115389057],[1826300.8455972807,2186803.0464277393],[1826300.615824855,2186802.353622924],[1826299.809813652,2186801.6608181084],[1826299.5224116358,2186800.968013293],[1826299.8764822572,2186799.582403662],[1826299.8169898924,2186797.503989216],[1826299.3098661515,2186794.732769954],[1826298.2304552088,2186789.883136246],[1826297.807059005,2186789.1903314306],[1826296.931859716,2186788.497526615],[1826297.1615830732,2186787.8047217997],[1826299.460456338,2186785.0335025378],[1826305.6167414386,2186776.64143506],[1826306.7336626071,2186776.256316093],[1826308.967504944,2186778.9736697236],[1826311.2013472808,2186780.6481693033],[1826312.300153826,2186782.9550880915],[1826312.2538935123,2186784.3406977225],[1826313.6736405506,2186785.7263073535],[1826314.552110786,2186787.108290638],[1826315.6690319546,2186787.586951148],[1826316.212280964,2186786.4191121687],[1826316.0121453225,2186784.3406977225],[1826316.0752138873,2186781.5694784606],[1826316.507023492,2186778.798259199],[1826316.2611831294,2186775.334235122],[1826317.1291051717,2186770.484601414],[1826316.9157097018,2186769.791796598],[1826317.2763350762,2186769.098991783],[1826318.4103517297,2186768.406186967],[1826319.01979546,2186767.568305712],[1826320.1367166282,2186767.0075930427],[1826320.496929096,2186767.713382152],[1826321.2536377967,2186768.2823308357],[1826322.370558965,2186768.563579596],[1826324.1430421476,2186771.177406229],[1826325.7213224703,2186772.1111031407],[1826325.9553664997,2186772.56301586],[1826325.669596581,2186773.2558206753],[1826325.6881074773,2186773.948625491],[1826326.0195424198,2186774.6414303062],[1826327.6948605415,2186776.027039937],[1826329.0720859757,2186778.650036809],[1826329.8942839636,2186779.4910640144],[1826330.1742031148,2186780.8766736453],[1826331.3059283125,2186782.60830451],[1826331.7919341682,2186782.2622832763],[1826332.007026263,2186781.5694784606],[1826331.3059283125,2186779.609891777],[1826331.0917098208,2186779.4910640144],[1826331.3059283125,2186779.305219275],[1826331.711467813,2186777.412649568],[1826331.5333303467,2186776.7198447525],[1826331.9319521303,2186774.6414303062],[1826332.422849481,2186773.7396340934],[1826332.6209200753,2186772.56301586],[1826330.8370028797,2186770.484601414],[1826330.4862919268,2186768.406186967],[1826331.3059283125,2186767.937006005],[1826333.5397706495,2186769.806637195],[1826335.4319687434,2186772.56301586],[1826336.8905341546,2186773.5397849525],[1826337.8342962598,2186776.7198447525],[1826338.4383040795,2186780.1838688296],[1826339.2438080797,2186782.2622832763],[1826339.1843379515,2186783.6478929073],[1826338.5042231048,2186784.3406977225],[1826338.2501743855,2186785.0335025378],[1826338.3540050788,2186787.1119169844],[1826338.5781730125,2186787.8047217997],[1826340.5429392147,2186789.883136246],[1826341.897810852,2186792.654355508],[1826342.475139997,2186793.245406324],[1826343.5920611653,2186793.5896063237],[1826344.7089823338,2186793.530014906],[1826345.825903502,2186793.7900067302],[1826350.293588176,2186795.252090774],[1826352.5274305127,2186797.059148464],[1826359.2289575234,2186797.5736116664],[1826360.3458786919,2186797.611117427],[1826365.930484534,2186796.3869711724],[1826367.0474057023,2186796.0112142763],[1826368.1643268708,2186794.9699359206],[1826369.2812480393,2186794.902444569],[1826372.6320115444,2186798.558610274],[1826373.748932713,2186799.384519669],[1826374.8658538815,2186799.2717707423],[1826375.9827750497,2186798.8395169773],[1826383.3852871945,2186795.4255747697],[1826387.1519867342,2186792.8536341717],[1826388.2689079025,2186792.6201047893],[1826390.5027502393,2186792.8544049812],[1826392.7365925764,2186792.2625650815],[1826396.0873560817,2186790.136097662],[1826398.3211984185,2186789.5819793264],[1826400.71018365,2186788.497526615],[1826409.4904101028,2186782.9308337183],[1826411.7242524396,2186782.205415181],[1826415.075015945,2186781.9680025675],[1826425.1273064609,2186780.352067989],[1826430.711912303,2186777.5003520297],[1826433.061397063,2186776.7198447525],[1826434.0304825169,2186776.027039937],[1826434.0024582865,2186775.334235122],[1826432.5141635365,2186771.177406229],[1826431.2102205467,2186768.406186967],[1826429.0698967574,2186762.863748444],[1826427.9582847683,2186760.7853339976],[1826427.0913125123,2186758.0141147356],[1826426.754219371,2186757.3213099204],[1826426.065624819,2186756.6285051047],[1826425.1273064609,2186756.348002257],[1826422.893464124,2186756.5960614155],[1826419.5427006187,2186758.0155503005],[1826418.4257794502,2186758.275929167],[1826416.1919371134,2186757.654324937],[1826413.9580947766,2186758.138514344],[1826410.6073312713,2186757.1756444224],[1826406.1396465974,2186758.861016071],[1826405.0227254292,2186759.610166785],[1826402.5250663122,2186762.863748444],[1826402.0890266963,2186764.94216289],[1826402.3356397194,2186767.713382152],[1826401.9124658322,2186768.406186967],[1826398.3211984185,2186770.121557576],[1826394.9704349132,2186771.2428923226],[1826393.8535137447,2186771.4396939008],[1826392.8670196498,2186770.484601414],[1826391.9570634305,2186767.0205773367],[1826391.4716624662,2186766.327772521],[1826390.1003624974,2186765.6349677057],[1826389.4145697514,2186764.94216289],[1826388.992075368,2186763.5565532595],[1826388.2689079025,2186762.5840052906],[1826387.1519867342,2186762.6884964155],[1826383.801223229,2186763.6422129404],[1826382.6843020604,2186763.078752722],[1826381.5673808919,2186760.8131014532],[1826380.4504597236,2186760.5657430217],[1826379.333538555,2186760.8668916887],[1826378.8460086258,2186761.478138813],[1826378.827021036,2186762.863748444],[1826378.2166173868,2186763.715551626],[1826377.0996962183,2186764.311980521],[1826373.748932713,2186765.4983917633],[1826370.3981692076,2186767.4658069923],[1826369.2812480393,2186767.756431815],[1826368.7790847335,2186767.0205773367],[1826367.4013153699,2186763.5565532595],[1826367.8726549575,2186761.478138813],[1826367.5746624635,2186758.7069195514],[1826367.8396760188,2186758.0141147356],[1826369.121467647,2186756.6285051047],[1826369.262310686,2186754.5500906585],[1826368.3459946457,2186751.0860665813],[1826367.3848832864,2186745.543628058],[1826367.0474057023,2186744.828839933],[1826365.930484534,2186744.7092940537],[1826362.5797210287,2186745.4923411245],[1826361.491680655,2186744.850823242],[1826359.2289575234,2186744.2507416266],[1826356.4330874346,2186742.0796039808],[1826354.7612728495,2186741.385494256],[1826353.6443516812,2186741.3075250066],[1826351.4105093444,2186742.2412510617],[1826349.1766670074,2186742.5947381924],[1826346.9428246706,2186743.62736174],[1826346.1717997426,2186744.158018427],[1826345.590713591,2186745.543628058],[1826345.385495574,2186746.929237689],[1826344.7895606444,2186747.622042504],[1826343.5920611653,2186747.4669144554],[1826342.475139997,2186746.45899349],[1826341.3582188284,2186744.9779346464],[1826340.24129766,2186744.66068985],[1826338.0074553231,2186745.4346790584],[1826335.7736129863,2186745.8394841845],[1826334.822376322,2186745.543628058],[1826335.4214348686,2186744.158018427],[1826336.4839018977,2186742.772408796],[1826336.6395784612,2186742.0796039808],[1826336.3149158251,2186740.69399435],[1826335.307858918,2186739.308384719],[1826335.307858918,2186738.961982311]]},"properties":{"elevation":20.0}},{"type":"Feature","geometry":{"type":"LineString","coordinates":[[1826667.4992000104,2187895.3270726423],[1826666.6363174797,2187894.214012056],[1826666.7292578593,2187893.5212072404],[1826667.4992000104,2187893.0131455394],[1826668.616121179,2187892.6612050235],[1826669.282522221,2187892.828402425],[1826669.470049429,2187893.5212072404],[1826668.616121179,2187895.264592977],[1826667.4992000104,2187895.3270726423]]},"properties":{"elevation":20.0}},{"type":"Feature","geometry":{"type":"LineString","coordinates":[[1826444.114966324,2187889.415676852],[1826443.7715359405,2187888.6715735323],[1826443.9316766965,2187887.978768717],[1826445.2318874926,2187887.14133323],[1826449.6995721664,2187886.311774965],[1826450.8662177457,2187887.285963902],[1826450.507013837,2187887.978768717],[1826447.4657298294,2187889.196417983],[1826445.2318874926,2187889.585333874],[1826444.114966324,2187889.415676852]]},"properties":{"elevation":20.0}},{"type":"Feature","geometry":{"type":"LineString","coordinates":[[1826556.9240043357,2187884.520785539],[1826558.0409255042,2187884.3387884754],[1826558.283296278,2187884.51474464],[1826558.0409255042,2187884.7036429225],[1826556.9240043357,2187884.520785539]]},"properties":{"elevation":20.0}},{"type":"Feature","geometry":{"type":"LineString","coordinates":[[1826581.4962700412,2187882.5698373364],[1826581.4962700412,2187882.3561333865],[1826581.7834207485,2187882.4363301937],[1826581.4962700412,2187882.5698373364]]},"properties":{"elevation":20.0}},{"type":"Feature","geometry":{"type":"LineString","coordinates":[[1826440.764202819,2187878.4659885108],[1826440.4843529682,2187877.5866964855],[1826440.764202819,2187877.316087846],[1826441.8811239873,2187877.5201681857],[1826441.8811239873,2187877.7923629195],[1826440.764202819,2187878.4659885108]]},"properties":{"elevation":20.0}},{"type":"Feature","geometry":{"type":"LineString","coordinates":[[1826436.2965181451,2187874.644986931],[1826435.1795969766,2187874.027168741],[1826434.0626758083,2187872.86644588],[1826433.5407876517,2187871.3514531464],[1826434.3487938296,2187869.2730387],[1826433.7283546827,2187865.809014623],[1826433.9605472027,2187865.1162098073],[1826434.6161177307,2187864.423404992],[1826435.8021875,2187860.959380915],[1826436.3238747222,2187858.188161653],[1826435.3329913036,2187849.1816990525],[1826434.98486251,2187842.253650898],[1826435.1795969766,2187842.0568990223],[1826436.2965181451,2187841.971028933],[1826437.4134393136,2187842.25882024],[1826439.6472816505,2187843.3428291767],[1826440.764202819,2187843.422775119],[1826441.8811239873,2187842.283331104],[1826442.9980451558,2187840.2089857496],[1826444.114966324,2187839.6318205944],[1826446.8869107687,2187843.639260529],[1826449.1088754956,2187848.4888942367],[1826451.3801040258,2187858.188161653],[1826452.3167119233,2187859.573771284],[1826456.6379542602,2187863.730600177],[1826457.1205747467,2187865.1162098073],[1826457.071250419,2187866.5018194383],[1826456.4010991768,2187867.3098845812],[1826455.2841780086,2187867.8306396496],[1826449.6995721664,2187868.8584043696],[1826446.348808661,2187871.1030400842],[1826444.114966324,2187871.9195584175],[1826441.8811239873,2187872.0106710424],[1826440.764202819,2187872.340562976],[1826436.2965181451,2187874.644986931]]},"properties":{"elevation":20.0}},{"type":"Feature","geometry":{"type":"LineString","coordinates":[[1826463.1026261875,2187864.665892896],[1826462.2095984688,2187864.423404992],[1826461.730295805,2187863.730600177],[1826461.35485212,2187861.65218573],[1826461.5553998968,2187858.188161653],[1826460.8687838507,2187856.8114823326],[1826459.0319251404,2187855.4169423915],[1826457.3234709173,2187850.5673086834],[1826456.9089415579,2187847.7960894215],[1826457.5180203454,2187847.2456334266],[1826458.6349415139,2187847.727432168],[1826460.8687838507,2187849.2520960183],[1826461.985705019,2187849.490354028],[1826463.1026261875,2187849.0570688806],[1826465.519180749,2187847.7960894215],[1826467.5703108613,2187845.263588803],[1826469.8041531981,2187844.6298852735],[1826472.037995535,2187844.2822929733],[1826473.1549167035,2187843.845763447],[1826473.6144241274,2187842.253650898],[1826473.7181293159,2187839.482431636],[1826474.2718378718,2187838.650884382],[1826475.3887590403,2187839.083800252],[1826479.3865695796,2187846.4104797905],[1826478.6914818515,2187847.7960894215],[1826476.5056802088,2187850.532212352],[1826474.2359147936,2187852.6457231296],[1826474.093825145,2187853.338527945],[1826475.9766253885,2187856.109747207],[1826477.1404443064,2187859.573771284],[1826477.15773692,2187860.266576099],[1826476.5056802088,2187860.845971131],[1826473.1549167035,2187861.61380002],[1826469.8041531981,2187863.3162245806],[1826464.219547356,2187864.6343243476],[1826463.1026261875,2187864.665892896]]},"properties":{"elevation":20.0}},{"type":"Feature","geometry":{"type":"LineString","coordinates":[[1826413.9580947766,2187846.199453448],[1826413.5260311703,2187845.7176749753],[1826413.9580947766,2187845.174066674],[1826415.2890089755,2187845.0248701596],[1826415.4552814735,2187845.7176749753],[1826415.075015945,2187846.1069557513],[1826413.9580947766,2187846.199453448]]},"properties":{"elevation":20.0}},{"type":"Feature","geometry":{"type":"LineString","coordinates":[[1826421.7765429555,2187827.051697184],[1826421.3210382897,2187826.3191401428],[1826423.00158607,2187825.6263353275],[1826426.2442276292,2187824.812400318],[1826427.3611487977,2187824.886267232],[1826428.4780699662,2187824.5623960476],[1826429.1749018687,2187824.9335305123],[1826428.4780699662,2187825.220659157],[1826427.3611487977,2187825.2172333817],[1826427.2208801194,2187825.6263353275],[1826424.0103852923,2187827.2381196143],[1826422.893464124,2187827.470138713],[1826421.7765429555,2187827.051697184]]},"properties":{"elevation":20.0}},{"type":"Feature","geometry":{"type":"LineString","coordinates":[[1826429.5949911345,2187824.643859143],[1826429.0456101084,2187824.2407256966],[1826429.5949911345,2187824.0152777336],[1826430.3879856034,2187824.2407256966],[1826429.5949911345,2187824.643859143]]},"properties":{"elevation":20.0}},{"type":"Feature","geometry":{"type":"LineString","coordinates":[[1826430.711912303,2187824.071409762],[1826430.289061343,2187823.5479208813],[1826431.8288334715,2187822.9908454213],[1826433.0268148403,2187823.5479208813],[1826431.8288334715,2187823.9681923147],[1826430.711912303,2187824.071409762]]},"properties":{"elevation":20.0}},{"type":"Feature","geometry":{"type":"LineString","coordinates":[[1826373.748932713,2187788.2512357747],[1826369.2812480393,2187786.4142754427],[1826368.1643268708,2187786.3796381974],[1826365.930484534,2187787.793210233],[1826364.8135633655,2187787.705601546],[1826363.696642197,2187786.9605867],[1826358.416470665,2187782.67243677],[1826355.878194018,2187780.3330166102],[1826351.7421250374,2187775.7443886157],[1826350.0696204037,2187772.9731693543],[1826344.86014075,2187767.4307308304],[1826343.0148205643,2187763.9667067532],[1826342.7089648268,2187761.888292307],[1826342.2113585216,2187760.502682676],[1826342.1739668832,2187757.7314634146],[1826342.5169693686,2187754.2674393374],[1826342.2804226947,2187753.5746345217],[1826341.0341134814,2187752.189024891],[1826340.6359200056,2187750.8034152603],[1826341.106358378,2187743.8753671055],[1826341.4387634676,2187743.18256229],[1826342.294093288,2187742.489757475],[1826344.7089823338,2187741.736660918],[1826350.293588176,2187738.265513787],[1826351.4105093444,2187737.909286818],[1826352.5274305127,2187737.7024444644],[1826356.9951151866,2187737.725125891],[1826359.2289575234,2187738.005411542],[1826361.4627998602,2187737.736063535],[1826362.5797210287,2187737.8178690188],[1826365.0242713573,2187739.025733398],[1826369.2812480393,2187740.2495500445],[1826371.5150903761,2187742.6283005704],[1826372.6320115444,2187742.8878237535],[1826374.8658538815,2187742.8951177616],[1826375.9827750497,2187743.631000679],[1826377.2554846278,2187745.2609767364],[1826379.068610915,2187746.6465863674],[1826379.6455093555,2187748.0321959984],[1826381.5673808919,2187750.548697026],[1826382.6843020604,2187753.1204565135],[1826382.886167317,2187756.3458537837],[1826383.253788143,2187758.42426823],[1826383.1624397044,2187761.888292307],[1826383.2497163361,2187762.5810971227],[1826384.163697142,2187764.659511569],[1826384.2113818903,2187766.0451212],[1826383.801223229,2187767.76904054],[1826382.3148434288,2187771.5875597233],[1826382.1566011037,2187775.0515838005],[1826381.8053646674,2187777.1299982467],[1826381.8179468391,2187779.208412693],[1826381.172617091,2187781.2868271396],[1826380.9766949106,2187784.058046401],[1826380.5446606262,2187785.443656032],[1826379.333538555,2187786.91163406],[1826377.0996962183,2187788.092519593],[1826375.9827750497,2187788.539018353],[1826374.8658538815,2187788.6200837945],[1826373.748932713,2187788.2512357747]]},"properties":{"elevation":20.0}},{"type":"Feature","geometry":{"type":"LineString","coordinates":[[1826647.3946189787,2187776.5707330243],[1826646.7536644458,2187775.7443886157],[1826647.3946189787,2187774.3654090953],[1826648.5115401472,2187774.114561182],[1826649.5156068946,2187774.358778985],[1826649.3032400769,2187775.7443886157],[1826648.8444481988,2187776.4371934314],[1826648.5115401472,2187776.6169443806],[1826647.3946189787,2187776.5707330243]]},"properties":{"elevation":20.0}},{"type":"Feature","geometry":{"type":"LineString","coordinates":[[1826718.8775737584,2187645.5263809985],[1826712.1760467477,2187643.3254855014],[1826710.161127019,2187642.033059236],[1826707.328983735,2187640.647449605],[1826706.4387150628,2187639.95464479],[1826705.4745197373,2187638.699421619],[1826705.2977866845,2187637.8762303437],[1826705.5052698783,2187635.105011082],[1826704.9677019364,2187633.719401451],[1826704.7620708463,2187632.33379182],[1826705.0146631617,2187628.1769629274],[1826704.845017747,2187627.4841581117],[1826703.6980987522,2187626.0985484812],[1826703.0164827418,2187624.0201340346],[1826702.5998847373,2187620.5561099574],[1826702.6588804794,2187618.477695511],[1826700.6722518317,2187616.399281065],[1826697.864160574,2187609.4712329106],[1826697.7785290238,2187608.778428095],[1826698.3655378015,2187607.392818464],[1826705.744370259,2187600.4647703096],[1826706.5914409056,2187600.0252165827],[1826711.0591255794,2187598.865213886],[1826715.526810253,2187598.671646839],[1826717.7606525898,2187597.511740757],[1826723.0375894515,2187593.5367221553],[1826724.7824526653,2187592.84391734],[1826731.1637066111,2187591.727053734],[1826732.2806277794,2187592.0030645863],[1826733.397548948,2187592.475921213],[1826733.7338344147,2187592.84391734],[1826735.6313912848,2187596.1845912864],[1826736.7483124533,2187597.6273795343],[1826737.8652336218,2187597.6849363106],[1826743.6848101849,2187596.307941417],[1826747.9175241375,2187595.5248596566],[1826749.034445306,2187595.511399047],[1826749.9295467846,2187596.307941417],[1826750.0638168342,2187597.0007462325],[1826749.7066529628,2187597.693551048],[1826748.9590045372,2187598.3863558634],[1826749.1769815027,2187599.0791606787],[1826750.1513664743,2187600.018064673],[1826750.6449854588,2187601.1575751253],[1826751.2024581477,2187605.3144040178],[1826751.843463714,2187607.392818464],[1826751.7688941928,2187609.4712329106],[1826750.472501019,2187612.935256988],[1826749.6611983562,2187616.399281065],[1826747.884903337,2187620.5561099574],[1826747.4286900163,2187622.6345244036],[1826746.2273946607,2187624.7129388503],[1826745.4370547829,2187627.4841581117],[1826745.134343777,2187629.5625725584],[1826744.0970629498,2187632.33379182],[1826743.449839464,2187633.154380378],[1826741.215997127,2187634.210000441],[1826736.7483124533,2187634.1295447834],[1826735.6313912848,2187634.363270271],[1826734.5144701165,2187635.240373912],[1826728.8098451798,2187641.340254421],[1826725.0116470691,2187643.418668867],[1826722.2283372637,2187645.5691613806],[1826721.1114160952,2187645.8729860336],[1826719.9944949269,2187645.84291948],[1826718.8775737584,2187645.5263809985]]},"properties":{"elevation":20.0}},{"type":"Feature","geometry":{"type":"LineString","coordinates":[[1826636.2254072945,2187615.1820724667],[1826634.6675007604,2187614.320866619],[1826634.6215441558,2187613.628061803],[1826635.108486126,2187613.0192125672],[1826636.2254072945,2187612.639950756],[1826637.3423284627,2187613.4270575983],[1826637.9683668942,2187615.013671434],[1826637.3423284627,2187615.4336716956],[1826636.2254072945,2187615.1820724667]]},"properties":{"elevation":20.0}},{"type":"Feature","geometry":{"type":"LineString","coordinates":[[1826749.034445306,2187590.2262081187],[1826748.54465469,2187590.072698078],[1826748.1720890133,2187589.379893263],[1826749.034445306,2187587.230295546],[1826749.4140052444,2187587.994283632],[1826749.4290116562,2187588.687088447],[1826749.034445306,2187590.2262081187]]},"properties":{"elevation":20.0}},{"type":"Feature","geometry":{"type":"LineString","coordinates":[[1826684.253017537,2187556.589439329],[1826683.3894640547,2187556.1252621217],[1826682.9081859444,2187555.4324573064],[1826682.4346935535,2187553.3540428597],[1826681.4776240168,2187551.2756284135],[1826680.570767229,2187547.8116043364],[1826679.102191508,2187544.347580259],[1826678.4036275586,2187541.5763609973],[1826677.2262138643,2187539.497946551],[1826676.1113856616,2187536.033922474],[1826674.9593262319,2187533.9555080277],[1826673.6479809172,2187530.4914839505],[1826674.1172079092,2187529.1058743196],[1826675.4440870427,2187527.0274598734],[1826678.6897529324,2187522.177826165],[1826680.9022540317,2187519.5323062185],[1826683.1360963685,2187519.2041153107],[1826685.3699387053,2187518.2575666565],[1826688.7207022107,2187518.1455146186],[1826692.071465716,2187516.94774038],[1826693.1883868845,2187516.75138136],[1826694.3053080528,2187516.814885149],[1826698.7729927266,2187518.0194730707],[1826699.889913895,2187518.855480102],[1826700.7474547843,2187520.7922165343],[1826700.9607891676,2187521.4850213495],[1826700.767085462,2187524.2562406114],[1826701.5463045668,2187526.3346550576],[1826701.800686307,2187527.7202646886],[1826702.2245338864,2187528.4130695043],[1826705.4745197373,2187531.8354891976],[1826706.5914409056,2187532.223082763],[1826708.8252832424,2187532.3308426887],[1826709.942204411,2187531.576080072],[1826714.028997743,2187527.0274598734],[1826715.0205681473,2187525.6418502424],[1826716.0959504405,2187523.563435796],[1826719.4810833656,2187521.4850213495],[1826720.1013221617,2187520.7922165343],[1826720.3823828835,2187520.099411719],[1826720.132319591,2187516.635387642],[1826720.5129223252,2187512.478558749],[1826721.1114160952,2187512.1210152376],[1826724.4621796005,2187511.763484015],[1826725.579100769,2187511.220687421],[1826728.9298642743,2187511.048695099],[1826732.2806277794,2187511.743171784],[1826733.643106763,2187512.478558749],[1826733.9018668837,2187518.713802088],[1826734.5144701165,2187519.874931568],[1826737.8652336218,2187521.2969184685],[1826740.683614438,2187522.177826165],[1826745.6836818007,2187522.739332907],[1826746.8006029692,2187523.3631534865],[1826747.9175241375,2187524.55766374],[1826748.0312505916,2187525.6418502424],[1826746.8006029692,2187526.94369683],[1826740.0990759586,2187529.436818667],[1826736.7483124533,2187530.369969429],[1826733.397548948,2187530.6176058925],[1826731.1637066111,2187529.9295163555],[1826730.0467854426,2187529.9733312605],[1826729.4836808285,2187530.4914839505],[1826729.2467231292,2187531.184288766],[1826729.262667181,2187532.5698983967],[1826730.0467854426,2187533.911431121],[1826731.83262666,2187535.3411176587],[1826732.2903304137,2187536.033922474],[1826732.5539001578,2187536.726727289],[1826732.3194082468,2187537.419532105],[1826730.0467854426,2187538.469240293],[1826727.8129431058,2187539.0157183763],[1826723.345258432,2187541.819571986],[1826719.9944949269,2187543.3780584647],[1826718.8775737584,2187545.445169911],[1826717.7606525898,2187546.2201811257],[1826696.5391503898,2187553.473606641],[1826686.4868598739,2187556.3511604723],[1826684.253017537,2187556.589439329]]},"properties":{"elevation":20.0}},{"type":"Feature","geometry":{"type":"LineString","coordinates":[[1826666.3822788422,2187516.3114005597],[1826665.368301336,2187515.942582826],[1826665.35783117,2187515.249778011],[1826666.2875961023,2187514.556973195],[1826666.7679173136,2187512.478558749],[1826667.4992000104,2187511.81574688],[1826668.7844714029,2187513.171363564],[1826668.943078527,2187514.556973195],[1826668.626513406,2187515.249778011],[1826666.3822788422,2187516.3114005597]]},"properties":{"elevation":20.0}},{"type":"Feature","geometry":{"type":"LineString","coordinates":[[1826676.434569358,2187512.0508215018],[1826675.6175465137,2187511.7857539337],[1826675.3176481896,2187511.467619081],[1826675.3176481896,2187510.857217001],[1826676.434569358,2187510.907539837],[1826676.434569358,2187512.0508215018]]},"properties":{"elevation":20.0}},{"type":"Feature","geometry":{"type":"LineString","coordinates":[[1826761.3205781588,2187510.8538483763],[1826760.6604464874,2187510.4001443028],[1826761.200165739,2187508.3217298565],[1826759.99368024,2187502.0864865175],[1826758.989154705,2187494.4656335474],[1826759.1094401737,2187493.772828732],[1826762.4374993271,2187492.829183458],[1826762.5566636913,2187493.772828732],[1826762.2420364239,2187499.3152672555],[1826761.4795388852,2187508.3217298565],[1826761.832793174,2187510.4001443028],[1826761.3205781588,2187510.8538483763]]},"properties":{"elevation":20.0}},{"type":"Feature","geometry":{"type":"LineString","coordinates":[[1826663.0315153368,2187510.2531557446],[1826661.9866943003,2187509.707339487],[1826661.7518955157,2187509.014534672],[1826662.0419505727,2187508.3217298565],[1826663.0315153368,2187507.88233857],[1826664.148436505,2187507.917166684],[1826664.6558366397,2187508.3217298565],[1826664.8403061188,2187509.014534672],[1826664.7167977218,2187509.707339487],[1826664.148436505,2187510.151510835],[1826663.0315153368,2187510.2531557446]]},"properties":{"elevation":20.0}},{"type":"Feature","geometry":{"type":"LineString","coordinates":[[1826678.668411695,2187487.5926220985],[1826664.148436505,2187480.3759023594],[1826663.0315153368,2187479.9804125438],[1826661.9145941683,2187479.9479953484],[1826661.042381863,2187479.2239276078],[1826660.2588538325,2187476.4527083463],[1826660.1162292422,2187472.988684269],[1826658.3082397073,2187468.139050561],[1826658.0689585698,2187466.060636115],[1826657.2990309752,2187463.982221668],[1826657.303916164,2187463.289416853],[1826658.1257976464,2187461.2110024067],[1826658.1778422687,2187459.13258796],[1826658.563830663,2187458.1225830526],[1826665.2653576736,2187449.729806268],[1826666.3822788422,2187448.8345980286],[1826667.4992000104,2187448.6401075493],[1826668.616121179,2187447.4463456],[1826668.9561893353,2187442.50527239],[1826668.983332688,2187437.6556386817],[1826668.6864395614,2187436.2700290508],[1826669.634058025,2187435.577224235],[1826671.9668846843,2187434.7421406843],[1826676.434569358,2187433.8529359126],[1826677.5514905264,2187433.3855557702],[1826678.516041385,2187433.498809789],[1826678.3460993806,2187434.88441942],[1826679.7652689929,2187439.041248312],[1826680.7320479942,2187445.2764916513],[1826683.1360963685,2187449.887170516],[1826685.3699387053,2187453.3694851375],[1826685.6316984694,2187454.2829542523],[1826685.0697603517,2187457.054173514],[1826682.0191752,2187464.3986358913],[1826680.9022540317,2187465.492994152],[1826679.9251155516,2187466.060636115],[1826679.6003352301,2187466.75344093],[1826679.8074862354,2187467.4462457453],[1826680.7482766772,2187468.8318553763],[1826681.0275442083,2187470.217465007],[1826679.7558351182,2187484.073561316],[1826679.263759045,2187486.151975762],[1826678.668411695,2187487.5926220985]]},"properties":{"elevation":20.0}},{"type":"Feature","geometry":{"type":"LineString","coordinates":[[1826723.345258432,2187472.9289221927],[1826722.2283372637,2187470.982401179],[1826721.4467400366,2187467.4462457453],[1826722.2151473132,2187465.367831299],[1826722.200807541,2187464.675026484],[1826720.8762759739,2187458.4397831447],[1826719.7120969598,2187455.668563883],[1826719.6652839312,2187454.9757590676],[1826719.9944949269,2187454.115629987],[1826726.6960219373,2187450.9878657106],[1826731.1637066111,2187449.87671055],[1826733.397548948,2187449.6749991826],[1826734.5144701165,2187449.2118384168],[1826735.6313912848,2187448.353112494],[1826738.3415346579,2187447.3549060975],[1826741.215997127,2187442.788850909],[1826742.3329182954,2187441.859631748],[1826742.775149804,2187443.8908820204],[1826742.315663723,2187445.2764916513],[1826742.405488182,2187445.969296467],[1826743.449839464,2187447.6526389453],[1826744.5667606322,2187448.167474241],[1826745.2131385147,2187447.3549060975],[1826746.8006029692,2187446.3532538693],[1826747.9175241375,2187446.1363791497],[1826751.2682876429,2187446.177147072],[1826752.3852088114,2187448.1694636922],[1826753.3065292072,2187450.8189301747],[1826754.6190511482,2187453.5005526314],[1826756.0701492622,2187457.7469783295],[1826757.1713714695,2187462.596612037],[1826756.852893485,2187463.633803991],[1826755.9674874162,2187464.675026484],[1826754.6190511482,2187465.2756058234],[1826753.5021299797,2187465.3795426404],[1826749.6771599236,2187464.675026484],[1826748.6294123821,2187463.982221668],[1826748.4078111786,2187461.2110024067],[1826749.2333071136,2187457.7469783295],[1826749.034445306,2187457.5025786865],[1826746.8006029692,2187456.8648762605],[1826745.6836818007,2187454.920914101],[1826744.5667606322,2187453.861658723],[1826744.0993416584,2187455.668563883],[1826742.8565652838,2187456.3613686985],[1826741.5293800922,2187457.7469783295],[1826741.6051014666,2187459.13258796],[1826744.3366078841,2187463.289416853],[1826744.3116254222,2187463.982221668],[1826743.860557186,2187464.675026484],[1826742.3329182954,2187465.674488228],[1826734.5144701165,2187468.6672798935],[1826731.1637066111,2187470.2295878627],[1826727.8129431058,2187471.4380146996],[1826725.579100769,2187471.8649365464],[1826723.345258432,2187472.9289221927]]},"properties":{"elevation":20.0}},{"type":"Feature","geometry":{"type":"LineString","coordinates":[[1826554.6901619988,2187457.293240683],[1826553.5732408306,2187456.4238940994],[1826553.5382364567,2187455.668563883],[1826555.8070831674,2187454.8488293863],[1826556.4645054906,2187454.9757590676],[1826557.362077958,2187456.3613686985],[1826556.925493564,2187457.054173514],[1826554.6901619988,2187457.293240683]]},"properties":{"elevation":20.0}},{"type":"Feature","geometry":{"type":"LineString","coordinates":[[1826744.5667606322,2187452.770981745],[1826744.4260206104,2187452.2045398057],[1826743.4682785736,2187450.8189301747],[1826743.4168740122,2187450.1261253594],[1826743.449839464,2187449.857688393],[1826744.5667606322,2187449.5331305857],[1826744.9850461567,2187450.1261253594],[1826745.221818755,2187451.5117349904],[1826744.5667606322,2187452.770981745]]},"properties":{"elevation":20.0}},{"type":"Feature","geometry":{"type":"LineString","coordinates":[[1826725.579100769,2187390.6481771255],[1826725.399191745,2187390.544911232],[1826725.81561281,2187389.159301601],[1826726.6960219373,2187388.019433253],[1826727.8129431058,2187387.84583264],[1826732.2806277794,2187388.331328306],[1826733.6303115732,2187389.159301601],[1826730.0467854426,2187390.178657117],[1826726.6960219373,2187390.7064593397],[1826725.579100769,2187390.6481771255]]},"properties":{"elevation":20.0}},{"type":"Feature","geometry":{"type":"LineString","coordinates":[[1826498.8441035773,2187370.734021692],[1826498.1923509156,2187369.7607667684],[1826497.2587728978,2187366.989547507],[1826497.1031380505,2187365.603937876],[1826496.4387309763,2187364.218328245],[1826496.1760925795,2187362.139913799],[1826494.9270275692,2187357.983084906],[1826495.0694715912,2187357.2902800906],[1826495.493340072,2187356.9764967985],[1826499.9610247458,2187356.231378409],[1826500.984446254,2187356.5974752754],[1826503.0547306736,2187362.139913799],[1826503.4632864879,2187363.5255234297],[1826503.4244797523,2187364.218328245],[1826502.6778911136,2187364.91113306],[1826500.99852002,2187365.603937876],[1826501.0130391093,2187366.296742691],[1826501.6355313482,2187368.375157138],[1826501.0788828551,2187370.453571584],[1826499.9610247458,2187370.856712607],[1826498.8441035773,2187370.734021692]]},"properties":{"elevation":20.0}},{"type":"Feature","geometry":{"type":"LineString","coordinates":[[1826494.3764189037,2187354.106980255],[1826493.6252926486,2187353.133451198],[1826492.435705863,2187349.6694271206],[1826491.7038443256,2187344.819793413],[1826492.1425765667,2187343.9896335346],[1826494.4929564034,2187343.434183782],[1826496.6102612405,2187343.4209716804],[1826497.1602180079,2187344.126988597],[1826498.146656544,2187347.5910126744],[1826499.0387242106,2187349.6694271206],[1826499.2970593546,2187351.0550367516],[1826498.1460542583,2187352.4406463825],[1826495.5128116524,2187353.8262560135],[1826494.3764189037,2187354.106980255]]},"properties":{"elevation":20.0}},{"type":"Feature","geometry":{"type":"LineString","coordinates":[[1826489.9087342299,2187335.530183787],[1826488.7918130613,2187334.936367082],[1826488.5258785381,2187334.427721181],[1826487.781279667,2187332.3493067347],[1826487.330555057,2187329.5780874733],[1826486.3857257287,2187326.8068682114],[1826486.3390121332,2187325.4212585804],[1826487.674891893,2187324.6808027965],[1826492.4067558513,2187325.4212585804],[1826493.0935286996,2187326.8068682114],[1826493.3042025038,2187328.8852826576],[1826494.2357479106,2187332.3493067347],[1826494.295644193,2187333.0421115505],[1826493.9444957373,2187333.7349163657],[1826493.0762467282,2187334.427721181],[1826491.0256553984,2187335.333862953],[1826489.9087342299,2187335.530183787]]},"properties":{"elevation":20.0}},{"type":"Feature","geometry":{"type":"LineString","coordinates":[[1826485.4410495562,2187320.8880941006],[1826484.0145196118,2187317.800405611],[1826483.3709118513,2187315.721991164],[1826483.171507554,2187313.643576718],[1826482.0233233466,2187310.872357456],[1826481.8038109504,2187309.4867478255],[1826481.822662265,2187308.79394301],[1826482.090286051,2187308.3388137114],[1826483.2072072192,2187307.8372724326],[1826487.674891893,2187306.7797720423],[1826491.784007308,2187305.3299189326],[1826493.2594977352,2187305.1991936085],[1826495.493340072,2187304.1971344505],[1826497.7271824088,2187303.868360654],[1826503.3117882512,2187301.4214153113],[1826505.545630588,2187301.3843209646],[1826507.835879328,2187300.4802852245],[1826511.13023643,2187299.6766642756],[1826513.364078767,2187299.503469251],[1826514.4809999354,2187299.142583143],[1826515.7178505338,2187298.4018707783],[1826517.8317634407,2187297.764668916],[1826520.0656057775,2187297.5019283555],[1826521.182526946,2187298.0308256466],[1826521.9393597802,2187301.17309004],[1826521.6211125606,2187302.5586996707],[1826521.182526946,2187303.0248847147],[1826520.0656057775,2187303.3371134996],[1826517.8317634407,2187303.266928462],[1826512.2471575986,2187304.728380363],[1826506.6625517562,2187306.4528941764],[1826504.6683176742,2187307.408333379],[1826502.1948670826,2187307.7660537134],[1826497.7271824088,2187309.7560493024],[1826492.1425765667,2187310.520162415],[1826491.0256553984,2187311.223420833],[1826489.9087342299,2187312.5910150106],[1826487.2397675351,2187317.107600795],[1826485.4410495562,2187320.8880941006]]},"properties":{"elevation":20.0}},{"type":"Feature","geometry":{"type":"LineString","coordinates":[[1826640.693091968,2187316.5916037313],[1826639.5761707998,2187315.8210255983],[1826639.4012248314,2187311.5651622717],[1826638.8785131795,2187309.4867478255],[1826638.4592496313,2187308.8184562274],[1826638.0240199782,2187306.7155285636],[1826636.5855402378,2187305.3299189326],[1826634.9550069468,2187303.9443093017],[1826630.6408014523,2187301.9808471515],[1826629.5238802838,2187301.958079662],[1826626.1731167785,2187303.850150404],[1826625.0561956102,2187304.152790478],[1826623.9392744417,2187304.128225142],[1826622.7713944037,2187303.2515044864],[1826621.8220750063,2187300.4802852245],[1826622.3023485222,2187299.7874804093],[1826623.9392744417,2187299.1620088606],[1826625.0561956102,2187299.079574421],[1826626.1731167785,2187299.64731567],[1826628.4069591153,2187299.9890038813],[1826631.7577226206,2187299.3783348654],[1826635.108486126,2187298.431021535],[1826636.2254072945,2187298.9658548743],[1826637.7151946435,2187303.2515044864],[1826638.4950689122,2187304.6371141174],[1826638.9213235804,2187306.7155285636],[1826639.615371786,2187308.1011381946],[1826640.0395916488,2187310.1795526408],[1826640.766720836,2187311.5651622717],[1826639.760262507,2187313.643576718],[1826639.7460755047,2187315.721991164],[1826640.693091968,2187316.3594004563],[1826640.693091968,2187316.5916037313]]},"properties":{"elevation":20.0}},{"type":"Feature","geometry":{"type":"LineString","coordinates":[[1826531.2348174618,2187298.887737459],[1826530.1178962933,2187298.237293443],[1826528.669868428,2187295.6306515164],[1826529.1737559603,2187294.937846701],[1826530.1178962933,2187294.2432961967],[1826541.2871079778,2187291.2102583903],[1826545.7547926514,2187289.2850620165],[1826546.87171382,2187289.1038988084],[1826549.163947855,2187289.3954081777],[1826550.3825980457,2187290.088212993],[1826551.712143676,2187291.473822624],[1826551.4786236065,2187292.859432255],[1826550.2224773252,2187294.2175041647],[1826545.7547926514,2187296.7573688314],[1826543.5209503146,2187297.1343818093],[1826541.2871079778,2187296.881505531],[1826539.0532656407,2187297.0058107795],[1826537.9363444725,2187297.261188487],[1826535.7025021357,2187298.2936353856],[1826532.3517386303,2187298.5447591105],[1826531.2348174618,2187298.887737459]]},"properties":{"elevation":20.0}},{"type":"Feature","geometry":{"type":"LineString","coordinates":[[1826431.8288334715,2187297.311711615],[1826430.711912303,2187297.009987246],[1826429.5949911345,2187296.0944340527],[1826427.390292789,2187292.859432255],[1826427.4965925985,2187291.473822624],[1826428.4780699662,2187289.4529172434],[1826429.5949911345,2187288.28705241],[1826430.711912303,2187288.072868047],[1826432.9457546398,2187288.291704726],[1826436.0579882748,2187289.3954081777],[1826436.9804797529,2187290.088212993],[1826437.2486240168,2187290.7810178087],[1826436.752280045,2187293.55223707],[1826436.1313985763,2187294.937846701],[1826434.0626758083,2187296.7743800315],[1826431.8288334715,2187297.311711615]]},"properties":{"elevation":20.0}},{"type":"Feature","geometry":{"type":"LineString","coordinates":[[1826321.2536377967,2187254.214819491],[1826319.999051679,2187253.3695577746],[1826320.3233624927,2187251.2911433284],[1826320.2053051314,2187250.598338513],[1826317.5975853226,2187241.591875912],[1826317.6312102075,2187239.513461466],[1826317.9028742914,2187239.0641333326],[1826320.3279942386,2187242.977485543],[1826323.825859618,2187249.9055336975],[1826323.9538744502,2187251.2911433284],[1826323.6201180203,2187251.9839481437],[1826322.370558965,2187253.9475357174],[1826321.2536377967,2187254.214819491]]},"properties":{"elevation":20.0}},{"type":"Feature","geometry":{"type":"LineString","coordinates":[[1826314.552110786,2187232.2927248743],[1826313.7697966069,2187230.5069988654],[1826313.9090196814,2187228.4285844187],[1826313.4170456266,2187227.7357796035],[1826313.2616803104,2187226.3501699725],[1826313.4351896176,2187225.8200491825],[1826314.552110786,2187225.1507845502],[1826315.6690319546,2187225.2249196623],[1826317.9028742914,2187227.526909594],[1826318.1838565462,2187229.1213892344],[1826317.9028742914,2187230.042492226],[1826316.785953123,2187231.4744439763],[1826315.6690319546,2187232.307869636],[1826314.552110786,2187232.2927248743]]},"properties":{"elevation":20.0}},{"type":"Feature","geometry":{"type":"LineString","coordinates":[[1826276.5767910595,2187154.8274881314],[1826275.7763906403,2187154.298469167],[1826276.5767910595,2187153.944738889],[1826276.8272641203,2187154.298469167],[1826276.5767910595,2187154.8274881314]]},"properties":{"elevation":20.0}},{"type":"Feature","geometry":{"type":"LineString","coordinates":[[1826275.459869891,2187154.1896455945],[1826273.2260275541,2187152.753209094],[1826268.7583428803,2187153.4214462885],[1826267.641421712,2187153.1051394166],[1826266.510273707,2187150.8344450896],[1826264.779517174,2187149.448835459],[1826264.3520340852,2187148.7560306434],[1826263.8162320536,2187146.677616197],[1826262.5970857441,2187144.599201751],[1826262.0418679053,2187142.5207873047],[1826261.9097862178,2187139.749568043],[1826261.3060147907,2187136.978348781],[1826261.6779938564,2187131.4359102575],[1826261.3785157173,2187129.3574958113],[1826262.2813641538,2187127.9718861803],[1826265.4075793752,2187124.8702538423],[1826273.2260275541,2187123.060759397],[1826275.459869891,2187122.9665902923],[1826277.6937122277,2187122.3068790114],[1826285.7712265535,2187118.272618764],[1826286.641132777,2187117.579813949],[1826287.9851041315,2187114.808594687],[1826288.8629239122,2187114.103689868],[1826289.9798450805,2187114.1552892625],[1826291.082997054,2187114.808594687],[1826291.4671438825,2187115.501399502],[1826292.7315868794,2187119.658228395],[1826293.2551927646,2187120.3510332103],[1826294.4475297544,2187123.01962333],[1826296.4869433665,2187125.893471734],[1826297.9527646275,2187129.3574958113],[1826299.206903927,2187133.5143247037],[1826298.9729037688,2187135.59273915],[1826299.46348919,2187138.363958412],[1826300.4245255035,2187139.749568043],[1826300.5956096475,2187140.442372858],[1826300.4257417228,2187141.135177674],[1826300.0321355965,2187141.581499033],[1826297.7982932597,2187142.4464736683],[1826296.6813720912,2187143.936138408],[1826295.5644509227,2187144.6875786474],[1826294.4475297544,2187144.7080184408],[1826293.2451615548,2187143.906396935],[1826292.7448889248,2187143.21359212],[1826291.9073636483,2187141.135177674],[1826291.096766249,2187140.27711801],[1826288.8629239122,2187140.445804409],[1826283.206990162,2187141.827982489],[1826282.338995601,2187142.5207873047],[1826281.9042447049,2187143.21359212],[1826281.8075985957,2187144.599201751],[1826282.254339461,2187146.677616197],[1826282.1546178686,2187147.3704210124],[1826281.044475733,2187148.784140624],[1826279.9275545648,2187149.733092717],[1826276.5767910595,2187150.2659163214],[1826275.367908058,2187150.8344450896],[1826275.296095575,2187151.5272499053],[1826275.7477807535,2187152.9128595362],[1826276.2292571773,2187153.6056643515],[1826275.459869891,2187154.1896455945]]},"properties":{"elevation":20.0}},{"type":"Feature","geometry":{"type":"LineString","coordinates":[[1826270.9921852173,2187072.274114662],[1826269.6447176328,2187070.469086499],[1826267.6513242216,2187065.619452791],[1826266.6924182763,2187061.462623898],[1826267.3808432247,2187060.0770142674],[1826270.1503126756,2187057.998599821],[1826272.1091063856,2187056.8998802816],[1826273.2260275541,2187056.635749671],[1826277.6937122277,2187056.566732593],[1826279.9275545648,2187057.569331002],[1826281.044475733,2187057.733662063],[1826282.1613969016,2187057.0318612475],[1826282.3274066043,2187057.998599821],[1826282.1311215197,2187059.3842094517],[1826280.8360986137,2187062.1554287137],[1826279.1416045974,2187064.23384316],[1826278.9054897826,2187064.926647975],[1826278.7100176846,2187067.697867237],[1826279.2570037388,2187069.083476868],[1826279.0883907229,2187069.7762816832],[1826277.6937122277,2187070.85533383],[1826275.459869891,2187071.676484179],[1826272.1091063856,2187072.3727421723],[1826270.9921852173,2187072.274114662]]},"properties":{"elevation":20.0}},{"type":"Feature","geometry":{"type":"LineString","coordinates":[[1826265.4075793752,2187058.943866964],[1826264.846412883,2187057.998599821],[1826264.9741795035,2187057.3057950055],[1826265.4075793752,2187056.993869012],[1826266.756655972,2187057.3057950055],[1826267.0743424532,2187057.998599821],[1826267.052350966,2187058.6914046365],[1826266.5245005435,2187058.9415606945],[1826265.4075793752,2187058.943866964]]},"properties":{"elevation":20.0}},{"type":"Feature","geometry":{"type":"LineString","coordinates":[[1826274.3429487227,2187052.9936011704],[1826273.8997485163,2187052.4561612974],[1826273.7473202718,2187051.763356482],[1826273.5658939073,2187048.299332405],[1826274.5138030974,2187046.2209179583],[1826275.459869891,2187045.314550133],[1826278.031423895,2187050.377746851],[1826277.8346105826,2187051.0705516664],[1826277.2250370323,2187051.763356482],[1826275.459869891,2187052.8003081107],[1826274.3429487227,2187052.9936011704]]},"properties":{"elevation":20.0}},{"type":"Feature","geometry":{"type":"LineString","coordinates":[[1826281.044475733,2187049.064328969],[1826279.5980137659,2187048.299332405],[1826279.2128479918,2187047.6065275893],[1826277.8225700972,2187043.449698697],[1826275.720588346,2187034.443236096],[1826275.4060984687,2187031.6720168344],[1826276.0637577907,2187030.9792120187],[1826277.6937122277,2187030.2268099217],[1826278.8075975296,2187030.9792120187],[1826279.2107985609,2187031.6720168344],[1826283.0019462274,2187039.9856746197],[1826286.2783866408,2187046.2209179583],[1826285.512160407,2187047.6075140894],[1826284.3952392384,2187048.957056375],[1826282.1613969016,2187049.201235405],[1826281.044475733,2187049.064328969]]},"properties":{"elevation":20.0}},{"type":"Feature","geometry":{"type":"LineString","coordinates":[[1826120.2078274789,2187012.576715909],[1826117.973985142,2187011.437355973],[1826115.7401428053,2187010.769049154],[1826114.9735079969,2187011.5806771866],[1826113.5063004685,2187012.1986839497],[1826111.2724581314,2187011.6623444543],[1826110.636129305,2187010.887872371],[1826110.1900798194,2187009.5022627404],[1826109.6890735563,2187008.8094579247],[1826109.0386157946,2187008.4653113624],[1826106.8047734578,2187008.4533932395],[1826105.6878522893,2187008.696906474],[1826104.570931121,2187008.3932386274],[1826103.4540099525,2187007.460378483],[1826102.337088784,2187007.386561758],[1826100.9051639012,2187006.7310434785],[1826100.5967962893,2187005.3454338475],[1826100.1032464472,2187004.5485467827],[1826098.9863252789,2187004.1541737635],[1826097.8694041104,2187004.2224278287],[1826097.7610926975,2187003.9598242166],[1826099.8548079308,2187002.5742145856],[1826101.2201676157,2187002.235108212],[1826105.0378830442,2187000.4958001394],[1826106.8047734578,2186999.976337433],[1826110.1267789528,2186998.417385693],[1826114.6232216367,2186997.365703528],[1826115.7401428053,2186997.4325575544],[1826117.3463887847,2186998.417385693],[1826118.5976718413,2187000.4958001394],[1826120.186251807,2187005.3454338475],[1826120.435300065,2187007.4238482937],[1826120.3465834484,2187008.8094579247],[1826120.906650019,2187011.5806771866],[1826120.7638146086,2187012.273482002],[1826120.2078274789,2187012.576715909]]},"properties":{"elevation":20.0}},{"type":"Feature","geometry":{"type":"LineString","coordinates":[[1826236.3676289958,2187006.7156568933],[1826235.2507078275,2187005.4223910472],[1826234.133786659,2187005.570017634],[1826233.7547302349,2187005.3454338475],[1826233.5868264986,2187004.6526290323],[1826235.2507078275,2187004.1130791996],[1826236.3676289958,2187003.2294253414],[1826237.4845501643,2187002.8447346133],[1826239.8868617194,2187003.2670194013],[1826240.6344416772,2187003.9598242166],[1826240.7897019715,2187004.6526290323],[1826239.7183925011,2187004.833316495],[1826238.6014713328,2187004.527537991],[1826237.4845501643,2187005.183753514],[1826237.2480997487,2187005.3454338475],[1826237.1177211683,2187006.038238663],[1826236.3676289958,2187006.7156568933]]},"properties":{"elevation":20.0}},{"type":"Feature","geometry":{"type":"LineString","coordinates":[[1826095.6355617736,2187005.511215047],[1826095.5713124634,2187004.6526290323],[1826096.3118595667,2187004.6526290323],[1826095.9795380624,2187005.3454338475],[1826095.6355617736,2187005.511215047]]},"properties":{"elevation":20.0}},{"type":"Feature","geometry":{"type":"LineString","coordinates":[[1826339.1243764916,2186953.5430621128],[1826334.6860793564,2186951.9994630585],[1826333.4896929886,2186951.3066582433],[1826332.8718985575,2186948.5354389814],[1826333.0529417943,2186947.149829351],[1826334.6566918178,2186943.451285032],[1826335.7736129863,2186942.435381518],[1826336.8905341546,2186942.205635468],[1826338.0074553231,2186942.25722339],[1826339.1243764916,2186943.441412478],[1826341.2002207653,2186946.457024535],[1826340.9666506965,2186947.149829351],[1826339.960248121,2186948.5354389814],[1826339.8256972989,2186949.228243797],[1826340.5965360925,2186950.613853428],[1826340.4246892505,2186951.3066582433],[1826340.6395134765,2186952.6922678743],[1826340.24129766,2186953.407488025],[1826339.1243764916,2186953.5430621128]]},"properties":{"elevation":20.0}},{"type":"Feature","geometry":{"type":"LineString","coordinates":[[1826701.0068350635,2186929.7272575074],[1826701.0068350635,2186928.83195881],[1826701.157487347,2186929.1369041493],[1826701.0068350635,2186929.7272575074]]},"properties":{"elevation":20.0}},{"type":"Feature","geometry":{"type":"LineString","coordinates":[[1826207.3276786166,2186897.557510456],[1826206.210757448,2186897.207093199],[1826205.8456114163,2186896.575077824],[1826205.531248017,2186893.803858562],[1826206.210757448,2186892.536073504],[1826207.3276786166,2186892.0711747967],[1826208.4445997851,2186892.0060116076],[1826210.678442122,2186892.5997979986],[1826211.1466139327,2186895.189468193],[1826210.678442122,2186896.632939039],[1826209.5615209534,2186897.384711974],[1826207.3276786166,2186897.557510456]]},"properties":{"elevation":20.0}},{"type":"Feature","geometry":{"type":"LineString","coordinates":[[1826378.2166173868,2186877.8737219307],[1826372.726971971,2186874.4053237294],[1826367.0474057023,2186870.0565371113],[1826365.7894007636,2186869.5556900217],[1826365.525179748,2186868.862885206],[1826365.8997568372,2186866.78447076],[1826366.770699873,2186864.7060563136],[1826366.5356990031,2186861.9348370517],[1826363.2459021236,2186854.3139840816],[1826362.173749636,2186850.8499600044],[1826361.9682461682,2186849.464350374],[1826362.9187712285,2186845.307521481],[1826363.696642197,2186843.571821306],[1826365.930484534,2186842.033801289],[1826367.0474057023,2186841.599871835],[1826370.3981692076,2186840.931966374],[1826372.6320115444,2186839.630793338],[1826373.748932713,2186839.4856150965],[1826375.9827750497,2186839.4305836554],[1826379.333538555,2186840.5223275493],[1826381.5673808919,2186840.0183977154],[1826382.6843020604,2186840.022291931],[1826386.0350655657,2186838.927109455],[1826387.1519867342,2186838.85056745],[1826390.5027502393,2186840.255167358],[1826391.6196714079,2186840.482287465],[1826392.7365925764,2186839.903554912],[1826393.8535137447,2186838.788505746],[1826394.9704349132,2186838.9858860876],[1826398.3211984185,2186840.2913590604],[1826399.4381195868,2186840.1734774695],[1826403.9058042606,2186837.7090690094],[1826408.3734889342,2186835.9143708493],[1826411.7242524396,2186836.9201052105],[1826412.841173608,2186836.714621292],[1826415.075015945,2186834.8509664848],[1826417.3088582817,2186834.0384103097],[1826418.4257794502,2186834.1914977725],[1826420.659621787,2186835.2746176543],[1826421.7765429555,2186835.0776488967],[1826422.893464124,2186835.298731587],[1826426.891851956,2186839.072278142],[1826429.5949911345,2186842.1966499356],[1826431.5106980659,2186843.92191185],[1826434.0626758083,2186844.844617859],[1826436.2965181451,2186844.861881644],[1826438.4515656028,2186843.92191185],[1826440.3619389543,2186842.536302219],[1826441.5350749493,2186840.457887773],[1826442.1697558705,2186837.6866685115],[1826443.5640816498,2186833.5298396186],[1826444.114966324,2186832.6493936046],[1826445.2318874926,2186832.582556273],[1826446.348808661,2186833.001475797],[1826450.8164933347,2186833.7128217225],[1826457.5180203454,2186835.3505414138],[1826460.8687838507,2186835.6372197377],[1826463.1026261875,2186836.641743428],[1826464.219547356,2186837.9241772336],[1826464.5603551152,2186839.072278142],[1826463.0960280795,2186840.457887773],[1826461.985705019,2186840.8086344255],[1826460.224039877,2186841.843497404],[1826458.6349415139,2186842.184381848],[1826456.4010991768,2186843.3264287137],[1826450.8164933347,2186844.9433535915],[1826446.348808661,2186845.6142147426],[1826442.9980451558,2186846.8728883034],[1826439.6472816505,2186846.900423916],[1826437.4134393136,2186847.9693615464],[1826435.1795969766,2186847.8570789015],[1826430.2564055612,2186849.464350374],[1826429.8707473525,2186850.157155189],[1826430.0037361346,2186852.2355696354],[1826428.8795059025,2186855.6995937126],[1826428.8447258815,2186856.3923985283],[1826429.3917820996,2186858.4708129745],[1826429.1715806534,2186859.8564226055],[1826427.365651138,2186866.78447076],[1826426.2442276292,2186868.816913352],[1826420.659621787,2186870.427128551],[1826417.3088582817,2186870.9281384028],[1826406.1396465974,2186873.879082379],[1826403.9058042606,2186874.2069808803],[1826402.788883092,2186873.9643749213],[1826400.5550407553,2186872.203492607],[1826397.20427725,2186871.9366430715],[1826395.860825336,2186868.862885206],[1826394.9704349132,2186868.1406775336],[1826392.7365925764,2186867.72046956],[1826391.2531807125,2186868.1700803908],[1826387.1519867342,2186870.7985572526],[1826384.9181443972,2186870.994030974],[1826380.4504597236,2186872.9216460786],[1826379.333538555,2186873.682142593],[1826378.638477366,2186874.4053237294],[1826378.5934241016,2186875.098128545],[1826378.804746925,2186875.7909333603],[1826379.6199656818,2186876.483738176],[1826379.333538555,2186877.2578648278],[1826378.2166173868,2186877.8737219307]]},"properties":{"elevation":20.0}},{"type":"Feature","geometry":{"type":"LineString","coordinates":[[1826660.797673,2186868.271647009],[1826657.7128055987,2186866.091665944],[1826657.0435058188,2186865.398861129],[1826656.9584729322,2186864.7060563136],[1826657.4309552584,2186862.627641867],[1826660.8359800098,2186853.6211792664],[1826660.9650831316,2186852.2355696354],[1826660.7335141709,2186850.8499600044],[1826661.0290777383,2186849.464350374],[1826662.9092843765,2186846.693131112],[1826664.148436505,2186846.1126243235],[1826672.745121402,2186844.614716666],[1826674.200727021,2186844.622001869],[1826674.7455982373,2186845.307521481],[1826676.5100204237,2186849.464350374],[1826676.3628132846,2186851.54276482],[1826676.7440507107,2186855.6995937126],[1826677.0589627782,2186856.3923985283],[1826678.668411695,2186858.4047879186],[1826678.668411695,2186860.6029418744],[1826676.434569358,2186861.9762771456],[1826674.200727021,2186864.1513346843],[1826669.7330423475,2186865.570370721],[1826667.4992000104,2186866.5304769627],[1826663.8776365353,2186867.477275575],[1826662.8261812425,2186868.1700803908],[1826661.9145941683,2186868.44477295],[1826660.797673,2186868.271647009]]},"properties":{"elevation":20.0}},{"type":"Feature","geometry":{"type":"LineString","coordinates":[[1826287.7460027437,2186806.621214126],[1826287.5835956156,2186806.5104518165],[1826287.7460027437,2186806.3350726333],[1826288.6848940174,2186805.8176470012],[1826289.4633201219,2186804.4320373703],[1826288.1217922342,2186801.6608181084],[1826286.522125287,2186800.968013293],[1826285.512160407,2186799.199619301],[1826284.0625466933,2186798.196794031],[1826283.27831807,2186796.3712345795],[1826283.0064584638,2186796.8111844],[1826282.1613969016,2186797.010217219],[1826278.399672431,2186795.4255747697],[1826276.7485742734,2186794.039965139],[1826276.7471989286,2186793.347160323],[1826277.0889967517,2186792.654355508],[1826278.671711867,2186790.5759410616],[1826276.5767910595,2186787.4033941613],[1826275.459869891,2186787.018221626],[1826273.2260275541,2186787.8508452014],[1826272.687037753,2186787.8047217997],[1826272.127544468,2186787.1119169844],[1826273.0956501493,2186780.1838688296],[1826273.4315137996,2186779.4910640144],[1826274.3429487227,2186778.550156228],[1826275.459869891,2186777.9562494573],[1826277.6937122277,2186777.7934868056],[1826281.044475733,2186778.4124617665],[1826282.1613969016,2186778.382512365],[1826283.27831807,2186777.5707250778],[1826283.5276584013,2186778.798259199],[1826283.3053004656,2186780.8766736453],[1826281.258635545,2186782.9550880915],[1826280.3576511627,2186784.3406977225],[1826280.3376168523,2186785.7263073535],[1826281.4702161776,2186788.497526615],[1826282.6467146345,2186790.5759410616],[1826283.27831807,2186791.1730100783],[1826284.3952392384,2186791.740240421],[1826285.512160407,2186791.4680970553],[1826286.6290815752,2186791.4842172563],[1826288.0187846208,2186791.961550692],[1826289.9798450805,2186793.289342287],[1826294.4205102706,2186801.6608181084],[1826294.5600112148,2186802.353622924],[1826294.128131169,2186803.0464277393],[1826294.1844951052,2186803.7392325546],[1826295.0419449569,2186804.4320373703],[1826294.4475297544,2186805.1956852116],[1826293.3306085858,2186805.893496654],[1826290.8095969448,2186806.5104518165],[1826287.7460027437,2186806.621214126]]},"properties":{"elevation":20.0}},{"type":"Feature","geometry":{"type":"LineString","coordinates":[[1826658.563830663,2186789.897155543],[1826657.4520194903,2186788.497526615],[1826658.563830663,2186787.4734011483],[1826659.152763173,2186788.497526615],[1826659.2066402684,2186789.1903314306],[1826658.563830663,2186789.897155543]]},"properties":{"elevation":20.0}},{"type":"Feature","geometry":{"type":"LineString","coordinates":[[1826388.2689079025,2186758.7650908767],[1826387.1519867342,2186758.643486368],[1826385.457294891,2186755.9357002894],[1826385.17365565,2186755.242895474],[1826385.21130684,2186754.5500906585],[1826385.3492278303,2186753.857285843],[1826385.7956375936,2186753.1644810275],[1826389.385829071,2186750.6613922915],[1826391.6196714079,2186750.187285863],[1826393.8535137447,2186749.04706972],[1826394.9704349132,2186748.806369071],[1826395.204599321,2186749.7004569503],[1826395.1579475624,2186751.0860665813],[1826394.4775155257,2186753.1644810275],[1826394.1915469652,2186755.242895474],[1826393.6047711908,2186756.6285051047],[1826392.7365925764,2186757.179521584],[1826390.5027502393,2186757.7324649836],[1826388.2689079025,2186758.7650908767]]},"properties":{"elevation":20.0}},{"type":"Feature","geometry":{"type":"LineString","coordinates":[[1826808.535674066,2187916.7301685577],[1826808.535674066,2187916.38376615],[1826809.3481884014,2187915.1560744094],[1826811.5820307382,2187913.6082280036],[1826812.6989519065,2187912.087485698],[1826814.9327942436,2187910.550742116],[1826816.353593437,2187908.76291318],[1826819.3898877413,2187906.684498734],[1826820.5174000857,2187906.839729862],[1826821.634321254,2187906.362501278],[1826822.567605843,2187904.6060842876],[1826823.868163591,2187903.347020368],[1826825.536224921,2187902.5276698414],[1826825.84691705,2187901.8348650257],[1826823.868163591,2187899.422282883],[1826821.634321254,2187898.1319753896],[1826821.1700491083,2187895.5996216866],[1826819.802440798,2187893.5212072404],[1826819.6432467382,2187891.442792794],[1826821.634321254,2187887.8020433937],[1826822.7512424225,2187886.36110031],[1826822.9288369736,2187885.207549455],[1826822.7512424225,2187884.8844002727],[1826820.5174000857,2187884.057184629],[1826819.4004789172,2187883.2287680004],[1826818.283557749,2187883.3560439427],[1826817.1666365804,2187882.999354179],[1826816.0497154118,2187881.5774272853],[1826814.9327942436,2187880.9485146157],[1826812.9548238663,2187880.357915747],[1826811.5820307382,2187879.4404214844],[1826810.4651095697,2187879.417731774],[1826805.997424896,2187876.3989112466],[1826804.8805037276,2187876.2237725058],[1826803.763582559,2187876.3889977024],[1826802.6466613908,2187875.9044387224],[1826800.3356578825,2187871.3514531464],[1826798.712229814,2187867.194624254],[1826798.3381533525,2187866.5018194383],[1826796.7410800403,2187865.1162098073],[1826795.4171480197,2187862.344990546],[1826794.6601254225,2187859.573771284],[1826794.8022806826,2187858.8809664687],[1826795.2621338726,2187858.188161653],[1826795.8341097091,2187857.4953568378],[1826803.763582559,2187852.6333852336],[1826805.997424896,2187850.4765575025],[1826807.1143460644,2187849.7895047567],[1826810.4651095697,2187849.388218279],[1826813.815873075,2187848.2656900347],[1826817.1666365804,2187847.5283941105],[1826821.634321254,2187845.8744140193],[1826823.868163591,2187845.632903268],[1826826.1020059278,2187844.513805973],[1826828.3358482646,2187843.985121457],[1826830.5696906014,2187843.1025446975],[1826833.9204541068,2187842.2501016366],[1826837.271217612,2187841.800335547],[1826838.3881387806,2187841.029973664],[1826841.738902286,2187840.671889964],[1826848.4404292963,2187838.3567246622],[1826852.9081139702,2187838.426696881],[1826857.3757986438,2187837.734021746],[1826862.9766836523,2187836.018407559],[1826864.1202131764,2187835.325602744],[1826864.3039096668,2187834.632797928],[1826863.305605304,2187831.8615786666],[1826862.6650059733,2187831.168773851],[1826859.6096409808,2187829.196686612],[1826858.4927198123,2187828.8148562084],[1826857.3757986438,2187828.793152644],[1826856.2588774755,2187829.2837671023],[1826852.9081139702,2187831.8431842257],[1826851.7911928017,2187832.1958625386],[1826850.6742716334,2187831.3059383337],[1826847.2393763377,2187824.9335305123],[1826845.9437955387,2187811.077434203],[1826845.0896657913,2187808.7272141697],[1826843.6724786463,2187806.227800495],[1826842.9932904905,2187805.5349956797],[1826841.738902286,2187805.4309018394],[1826839.505059949,2187806.2169230995],[1826837.271217612,2187808.248506584],[1826836.1542964438,2187808.3424904505],[1826833.9204541068,2187808.081791284],[1826830.5696906014,2187809.098911497],[1826829.4527694331,2187809.2536313306],[1826828.3358482646,2187809.0561068654],[1826827.2189270963,2187809.292254917],[1826824.9850847593,2187810.798990122],[1826823.868163591,2187811.2061167015],[1826820.5174000857,2187811.7963603544],[1826817.1666365804,2187812.048966297],[1826813.815873075,2187810.9057771224],[1826813.4239585244,2187810.384629388],[1826813.5329132152,2187808.3062149417],[1826810.8056547514,2187805.5349956797],[1826810.658695141,2187804.8421908645],[1826811.5820307382,2187803.508686187],[1826811.991392692,2187803.4565812335],[1826811.903697023,2187802.763776418],[1826809.5225155652,2187801.3781667873],[1826809.3531049367,2187800.6853619716],[1826810.4918255655,2187794.4501186325],[1826810.8138595892,2187789.600484925],[1826810.4651095697,2187788.50635062],[1826807.442597565,2187785.443656032],[1826796.8381011037,2187776.4371934314],[1826793.564311617,2187772.9731693543],[1826792.5450445584,2187772.2803645385],[1826792.3575956547,2187769.509145277],[1826792.587220773,2187766.0451212],[1826793.4753459943,2187761.195487492],[1826793.7148765514,2187758.42426823],[1826794.4301714774,2187755.653048968],[1826794.8282132116,2187752.542346514],[1826796.0869718126,2187746.6465863674],[1826796.2779242606,2187744.568171921],[1826796.8411061617,2187742.489757475],[1826796.916849886,2187740.4113430283],[1826797.350985299,2187738.332928582],[1826797.7654585768,2187736.947318951],[1826798.6682491738,2187735.56170932],[1826801.0348645535,2187733.483294874],[1826801.943233152,2187730.7120756125],[1826801.65394036,2187727.9408563506],[1826800.7097229136,2187725.8624419044],[1826800.3039258905,2187723.7840274577],[1826799.611253886,2187722.398417827],[1826798.2902037236,2187721.0128081962],[1826797.3323755288,2187719.6271985653],[1826800.5697591957,2187715.470369673],[1826803.428501589,2187712.699150411],[1826811.4079305863,2187705.7711022566],[1826812.632514571,2187704.3854926256],[1826812.908199042,2187703.6926878104],[1826812.688063322,2187702.3070781794],[1826811.0387391327,2187697.4574444713],[1826808.391456646,2187690.529396317],[1826807.8207839695,2187688.4509818708],[1826806.8158398431,2187686.372567424],[1826805.9446442558,2187683.6013481626],[1826804.9998736267,2187681.522933716],[1826804.4901477299,2187679.4445192697],[1826803.012299711,2187675.9804951926],[1826801.5297402223,2187671.6871320875],[1826801.0743800537,2187671.1308614844],[1826800.412819054,2187670.801214531],[1826798.178976717,2187671.753630494],[1826797.0620555487,2187671.21747907],[1826795.3989372016,2187665.588422961],[1826795.3655094777,2187664.20281333],[1826795.6785272388,2187663.510008515],[1826797.0620555487,2187662.2550921584],[1826798.178976717,2187661.806276505],[1826800.8624523506,2187664.20281333],[1826802.6466613908,2187666.8747956483],[1826803.763582559,2187667.3966966467],[1826806.8173087558,2187665.588422961],[1826808.231267233,2187665.341180908],[1826815.4391964697,2187662.817203699],[1826816.185445931,2187661.431594068],[1826815.0741138924,2187650.3467170214],[1826815.352573201,2187646.1898881285],[1826814.5141622047,2187644.1114736823],[1826815.313525582,2187640.647449605],[1826816.5919987222,2187638.569035159],[1826816.6850618408,2187637.8762303437],[1826818.283557749,2187636.3105525007],[1826818.6214603893,2187633.719401451],[1826819.0885165764,2187632.33379182],[1826818.9717147157,2187631.6409870046],[1826818.283557749,2187631.1062885253],[1826818.1179399716,2187630.2553773737],[1826818.283557749,2187629.3693844224],[1826819.305620585,2187627.4841581117],[1826820.081501731,2187626.7913532965],[1826820.5174000857,2187625.8358665477],[1826821.1473318874,2187625.4057436655],[1826821.634321254,2187624.682944477],[1826822.7512424225,2187624.9351044577],[1826823.868163591,2187624.8333022418],[1826824.9850847593,2187625.3213048996],[1826826.1683094762,2187626.7913532965],[1826825.8306898852,2187629.5625725584],[1826827.2189270963,2187629.8321515108],[1826828.3358482646,2187629.6894465205],[1826829.3832191648,2187628.8697677427],[1826829.743391005,2187626.7913532965],[1826830.7536670384,2187624.7129388503],[1826830.6761569835,2187621.9417195884],[1826830.883842314,2187621.248914773],[1826831.9892630458,2187619.863305142],[1826832.4839623289,2187618.477695511],[1826832.0727884336,2187617.09208588],[1826832.1095236687,2187616.399281065],[1826833.494999066,2187615.013671434],[1826833.6020847212,2187614.320866619],[1826834.8967440883,2187613.628061803],[1826834.7184217435,2187612.935256988],[1826835.0373752753,2187612.2349175382],[1826836.1542964438,2187611.772721074],[1826837.271217612,2187612.06232292],[1826837.7261580045,2187612.935256988],[1826837.271217612,2187613.499777218],[1826836.1542964438,2187613.7998896055],[1826835.7650386987,2187614.320866619],[1826835.5836653104,2187615.013671434],[1826836.1542964438,2187615.688212805],[1826837.271217612,2187614.5302183116],[1826838.3881387806,2187614.32168921],[1826839.505059949,2187614.5875471816],[1826841.738902286,2187616.5425318014],[1826842.8558234542,2187616.851107853],[1826843.9727446227,2187615.3200404635],[1826844.3144254824,2187614.320866619],[1826844.2984227145,2187613.628061803],[1826843.6249968503,2187611.549647357],[1826843.2833225878,2187608.778428095],[1826843.281175517,2187608.0856232797],[1826843.6134256201,2187607.392818464],[1826843.9727446227,2187607.137424494],[1826846.2065869595,2187607.6210867176],[1826848.4404292963,2187607.6819650927],[1826849.6881911661,2187607.392818464],[1826852.3498966391,2187604.6215992025],[1826856.9042767358,2187601.1575751253],[1826858.4927198123,2187599.523939921],[1826864.0773256544,2187594.936244237],[1826865.3419668518,2187592.84391734],[1826867.4280891598,2187582.3963986184],[1826868.5450103283,2187580.0991525208],[1826869.6619314966,2187580.1130566057],[1826873.012695002,2187582.255181627],[1826875.2465373387,2187583.3498971653],[1826876.3634585072,2187583.442388187],[1826878.597300844,2187581.8644949626],[1826879.7142220126,2187582.855163713],[1826880.831143181,2187586.2808021256],[1826881.9480643494,2187586.4888929892],[1826883.0649855179,2187587.7829940026],[1826885.2988278547,2187592.81579069],[1826886.4157490232,2187594.2508791313],[1826888.64959136,2187595.1744449125],[1826893.1172760336,2187595.765847239],[1826894.2341972021,2187595.3469920303],[1826894.5684472874,2187593.5367221553],[1826895.0500595127,2187592.84391734],[1826896.468039539,2187591.9543488733],[1826896.7083303493,2187587.301478816],[1826897.1716405961,2187585.9158691857],[1826897.5849607075,2187585.5986948167],[1826907.6372512234,2187584.4098023167],[1826909.8710935602,2187583.6125478717],[1826914.3387782339,2187583.8750048126],[1826915.4556994024,2187583.7746696374],[1826916.5726205707,2187583.374650983],[1826917.6895417392,2187583.438999473],[1826925.507989918,2187585.176317765],[1826927.7418322552,2187585.903866192],[1826931.0925957605,2187588.607497588],[1826933.3264380973,2187589.245113056],[1826935.560280434,2187589.074009561],[1826938.9110439394,2187587.9490010813],[1826941.1448862762,2187588.3053822718],[1826942.6847145983,2187587.301478816],[1826947.8464132869,2187581.9255973906],[1826948.9633344554,2187580.9340209267],[1826950.0802556237,2187580.3592230957],[1826953.431019129,2187581.1255052527],[1826955.0086569749,2187581.0662354776],[1826956.7817826343,2187580.2034676336],[1826957.8987038028,2187579.3504002606],[1826960.1325461396,2187577.067604974],[1826961.249467308,2187576.5405175],[1826964.6002308133,2187578.148447487],[1826965.4894701042,2187576.9094065847],[1826965.900538616,2187574.8309921385],[1826966.7258859314,2187573.4453825075],[1826967.9509943186,2187572.6001465265],[1826969.067915487,2187572.164201109],[1826971.301757824,2187571.9061954548],[1826973.5356001607,2187572.4172734455],[1826983.5878906767,2187579.0035056975],[1826984.7048118452,2187579.049706038],[1826988.0555753503,2187578.429503394],[1826991.4063388556,2187576.871375588],[1826996.046854583,2187575.5237969537],[1826997.4767250041,2187574.8309921385],[1826998.2394303067,2187574.138187323],[1826998.6734850686,2187568.5957487994],[1826999.2247870348,2187565.3714137347],[1827000.341708203,2187564.605696744],[1827002.5755505401,2187565.4740292677],[1827003.6924717084,2187566.474449548],[1827007.0432352137,2187572.005710625],[1827008.1601563822,2187572.322495993],[1827008.7186169664,2187572.322495993]]},"properties":{"elevation":25.0}},{"type":"Feature","geometry":{"type":"LineString","coordinates":[[1826842.8558234542,2187846.2417871593],[1826841.8275218252,2187845.7176749753],[1826841.3888710733,2187845.0248701596],[1826841.251759808,2187844.3320653443],[1826841.738902286,2187843.7425109395],[1826842.8558234542,2187843.5887664175],[1826843.8990187955,2187844.3320653443],[1826844.0014056652,2187845.0248701596],[1826843.7217196296,2187845.7176749753],[1826842.8558234542,2187846.2417871593]]},"properties":{"elevation":25.0}},{"type":"Feature","geometry":{"type":"LineString","coordinates":[[1826832.8035329385,2187781.91099609],[1826832.274559288,2187781.2868271396],[1826831.4820667014,2187778.5156078776],[1826831.2861703504,2187776.4371934314],[1826830.5556550901,2187773.6659741695],[1826829.4527694331,2187767.557752907],[1826828.3358482646,2187766.6005438725],[1826822.7512424225,2187767.430553348],[1826821.634321254,2187767.7987793013],[1826819.4004789172,2187767.9340954903],[1826811.5820307382,2187769.4651279543],[1826809.3481884014,2187769.6788421273],[1826807.1143460644,2187770.3152204556],[1826804.8805037276,2187770.459401569],[1826801.5297402223,2187771.164388909],[1826799.2958978855,2187771.2418419765],[1826795.9451343801,2187772.000000305],[1826794.0083180086,2187771.5875597233],[1826797.0620555487,2187768.4649344636],[1826798.178976717,2187768.123535646],[1826799.2958978855,2187767.4307308304],[1826799.2958978855,2187766.737926015],[1826800.228166764,2187766.0451212],[1826800.80675863,2187764.659511569],[1826801.5297402223,2187763.92756778],[1826803.383044789,2187762.5810971227],[1826803.763582559,2187761.6928858208],[1826804.8805037276,2187761.416294383],[1826805.997424896,2187760.002759931],[1826808.231267233,2187758.460840302],[1826808.706713406,2187757.038658599],[1826809.3481884014,2187756.531168164],[1826810.2586483841,2187756.3458537837],[1826812.6989519065,2187753.5470437286],[1826815.7170402096,2187750.8034152603],[1826817.1666365804,2187749.831843621],[1826818.283557749,2187748.333395731],[1826819.4004789172,2187747.9712625626],[1826819.9211408156,2187746.6465863674],[1826819.5590279298,2187744.568171921],[1826817.7005439552,2187743.18256229],[1826817.3097680956,2187742.489757475],[1826814.9327942436,2187741.6945594],[1826813.2664936834,2187740.4113430283],[1826810.4651095697,2187739.150992752],[1826809.3481884014,2187738.2683678465],[1826807.1143460644,2187737.4636600255],[1826802.5117080717,2187734.868904505],[1826802.1084352767,2187734.1760996897],[1826802.8176004477,2187732.7904900587],[1826804.8805037276,2187731.204286855],[1826805.997424896,2187730.740935027],[1826808.231267233,2187730.6015220885],[1826810.4651095697,2187730.0232594213],[1826811.5820307382,2187730.123973076],[1826812.8286460896,2187730.7120756125],[1826817.1666365804,2187733.831400877],[1826820.5174000857,2187735.872154131],[1826821.634321254,2187736.3673017784],[1826822.7512424225,2187736.5309047024],[1826828.3358482646,2187736.3647006336],[1826831.68661177,2187735.324359661],[1826835.0373752753,2187733.4551642],[1826837.271217612,2187732.870699525],[1826838.3881387806,2187733.491095145],[1826839.505059949,2187734.7294713957],[1826841.738902286,2187736.1268588845],[1826842.3701431262,2187736.947318951],[1826842.3530270865,2187739.025733398],[1826844.4491483613,2187745.953781552],[1826845.082856843,2187748.7250008136],[1826844.706554759,2187750.8034152603],[1826844.775126234,2187751.4962200755],[1826847.2998198746,2187759.117073045],[1826847.501176425,2187762.5810971227],[1826849.877695491,2187772.2803645385],[1826849.8348820463,2187772.9731693543],[1826849.6076840963,2187773.6659741695],[1826848.9609926562,2187774.358778985],[1826846.2065869595,2187776.366496207],[1826837.271217612,2187779.6346996],[1826835.3746777659,2187780.594022324],[1826833.9204541068,2187781.7034350485],[1826832.8035329385,2187781.91099609]]},"properties":{"elevation":25.0}},{"type":"Feature","geometry":{"type":"LineString","coordinates":[[1826359.2289575234,2187762.8829141366],[1826358.1120363548,2187761.5216931505],[1826357.7438312974,2187760.502682676],[1826358.1120363548,2187759.383907278],[1826358.558156997,2187759.117073045],[1826359.2289575234,2187758.8693679012],[1826360.3458786919,2187759.058246762],[1826361.4627998602,2187759.766378464],[1826363.696642197,2187759.3604194047],[1826364.9123696676,2187759.809877861],[1826365.146779468,2187760.502682676],[1826363.696642197,2187761.6831612247],[1826360.3458786919,2187762.850504976],[1826359.2289575234,2187762.8829141366]]},"properties":{"elevation":25.0}},{"type":"Feature","geometry":{"type":"LineString","coordinates":[[1826819.4004789172,2187655.3313160706],[1826818.6779207983,2187654.503545914],[1826818.6478060482,2187653.8107410986],[1826818.7662083968,2187650.3467170214],[1826819.354392902,2187645.4970833133],[1826819.758561879,2187644.1114736823],[1826820.301681907,2187643.418668867],[1826821.634321254,2187643.2153551416],[1826823.868163591,2187643.950605822],[1826824.8720063975,2187644.804278498],[1826825.2715006378,2187645.4970833133],[1826825.3481621807,2187646.8826929443],[1826824.13757018,2187648.9611073905],[1826819.4004789172,2187655.3313160706]]},"properties":{"elevation":25.0}},{"type":"Feature","geometry":{"type":"LineString","coordinates":[[1826915.4556994024,2187647.8547112863],[1826914.3387782339,2187647.291735657],[1826913.6472105226,2187646.1898881285],[1826913.6773929272,2187645.4970833133],[1826914.548693833,2187643.418668867],[1826914.0559383205,2187641.340254421],[1826913.2218570656,2187639.280790616],[1826910.9880147285,2187637.7816658267],[1826909.8710935602,2187637.465205935],[1826907.6372512234,2187637.35082892],[1826906.520330055,2187636.617193421],[1826896.1100101313,2187625.4057436655],[1826895.6509730276,2187624.7129388503],[1826895.9754158698,2187624.0201340346],[1826897.5849607075,2187623.0920523563],[1826898.701881876,2187622.940734665],[1826900.9357242128,2187622.851993988],[1826907.6372512234,2187623.402543116],[1826908.7541723917,2187623.2618383677],[1826910.9880147285,2187622.46089023],[1826915.4556994024,2187622.1199524463],[1826916.5726205707,2187622.5297532985],[1826917.6895417392,2187622.3060711673],[1826918.8064629077,2187621.7257200587],[1826919.923384076,2187621.8327917093],[1826923.2741475813,2187624.835541432],[1826924.3910687498,2187626.4903249126],[1826925.507989918,2187629.8995064967],[1826926.6249110866,2187631.53265082],[1826927.7418322552,2187632.060161548],[1826928.146459372,2187633.0265966356],[1826929.4291818363,2187638.569035159],[1826930.0019256463,2187643.418668867],[1826928.868404072,2187644.804278498],[1826927.7418322552,2187645.484168095],[1826924.3910687498,2187645.7572519365],[1826917.6895417392,2187647.9253063193],[1826916.5726205707,2187648.097715733],[1826915.4556994024,2187647.8547112863]]},"properties":{"elevation":25.0}},{"type":"Feature","geometry":{"type":"LineString","coordinates":[[1826888.64959136,2187639.1711429656],[1826885.2988278547,2187636.24879321],[1826876.3634585072,2187632.582485735],[1826875.2465373387,2187631.793561561],[1826873.9838979666,2187630.2553773737],[1826874.0046198647,2187629.5625725584],[1826875.2464782207,2187627.4841581117],[1826876.3634585072,2187626.819972306],[1826877.4803796757,2187626.5513037043],[1826878.597300844,2187626.620685553],[1826879.7142220126,2187627.0882816347],[1826881.2034285842,2187628.1769629274],[1826884.1819066862,2187631.007857075],[1826886.4157490232,2187632.575770657],[1826887.5326701915,2187632.640577522],[1826888.64959136,2187632.0046666176],[1826889.9152211372,2187630.948182189],[1826892.0003548653,2187628.656139551],[1826892.2563222502,2187628.8697677427],[1826892.3680027458,2187630.948182189],[1826890.9174394999,2187637.183425528],[1826889.7665125285,2187639.192216774],[1826888.64959136,2187639.1711429656]]},"properties":{"elevation":25.0}},{"type":"Feature","geometry":{"type":"LineString","coordinates":[[1826961.249467308,2187636.1553180064],[1826960.709817645,2187635.797815897],[1826960.3156431245,2187635.105011082],[1826959.8643192113,2187633.719401451],[1826958.91231006,2187628.8697677427],[1826958.909538616,2187627.4841581117],[1826959.0156249711,2187626.9812460393],[1826959.290577243,2187626.7913532965],[1826960.1325461396,2187626.4333258686],[1826964.6002308133,2187626.275221393],[1826965.7171519818,2187625.655821464],[1826966.8340731503,2187625.4419888784],[1826969.067915487,2187626.7885114313],[1826972.437123429,2187629.5625725584],[1826972.8142277708,2187630.2553773737],[1826973.0782172864,2187632.33379182],[1826972.4186789924,2187633.065768549],[1826971.301757824,2187633.133885563],[1826969.067915487,2187634.300674056],[1826966.8340731503,2187634.821666892],[1826964.2084816843,2187635.797815897],[1826961.249467308,2187636.1553180064]]},"properties":{"elevation":25.0}},{"type":"Feature","geometry":{"type":"LineString","coordinates":[[1827008.7186169664,2187624.0272616274],[1827008.1601563822,2187624.0272616274],[1827005.9263140452,2187624.7753998926],[1827001.4586293716,2187625.317435011],[1826995.8740235295,2187627.3891344424],[1826994.757102361,2187627.0814754996],[1826994.4636611599,2187626.7913532965],[1826994.2233552788,2187624.7129388503],[1826993.6401811927,2187623.746022218],[1826992.4284782754,2187622.6345244036],[1826991.8479393115,2187621.248914773],[1826992.6439188397,2187619.863305142],[1826994.904120296,2187609.4712329106],[1826995.8740235295,2187607.1234932025],[1826998.646449172,2187606.0072088335],[1827000.341708203,2187604.900580184],[1827001.4586293716,2187604.647323983],[1827002.5755505401,2187604.7081938437],[1827005.9263140452,2187603.665395751],[1827008.1601563822,2187604.73877267],[1827008.7186169664,2187604.73877267]]},"properties":{"elevation":25.0}},{"type":"Feature","geometry":{"type":"LineString","coordinates":[[1826807.1143460644,2187607.5763059943],[1826805.997424896,2187606.859501789],[1826805.453006786,2187604.6215992025],[1826805.997424896,2187602.958916212],[1826807.1143460644,2187602.3011880685],[1826807.51330561,2187602.5431847563],[1826808.231267233,2187603.579150346],[1826808.4709192938,2187606.0072088335],[1826808.231267233,2187607.166798838],[1826808.0227241947,2187607.392818464],[1826807.1143460644,2187607.5763059943]]},"properties":{"elevation":25.0}},{"type":"Feature","geometry":{"type":"LineString","coordinates":[[1827008.7186169664,2187505.8042410375],[1827008.1601563822,2187505.8042410375],[1827007.0432352137,2187504.601242671],[1827005.9263140452,2187504.0232083895],[1827005.054547077,2187502.7792913327],[1827004.6217455945,2187501.3936817017],[1827005.269615016,2187500.0080720712],[1827006.0207956517,2187499.3152672555],[1827007.0432352137,2187498.945346356],[1827008.7186169664,2187498.861326675]]},"properties":{"elevation":25.0}},{"type":"Feature","geometry":{"type":"LineString","coordinates":[[1827008.7186169664,2187498.2722838996],[1827008.1601563822,2187498.2722838996],[1827007.0711342671,2187497.2368528093],[1827006.617050147,2187496.544047994],[1827007.3376445353,2187495.8512431784],[1827007.515644848,2187495.158438363],[1827006.4292126638,2187493.772828732],[1827004.809392877,2187492.7690730444],[1827003.6924717084,2187493.0963561977],[1827003.0540179387,2187493.772828732],[1827002.5755505401,2187494.783476979],[1827002.1252489188,2187493.772828732],[1827001.4586293716,2187493.0807526736],[1827000.341708203,2187493.29385976],[1826998.1078658663,2187492.8045063806],[1826996.9909446978,2187492.8311153045],[1826994.757102361,2187492.432028283],[1826992.5232600241,2187493.069881776],[1826990.2894176873,2187492.789582659],[1826985.8217330135,2187493.5911681545],[1826985.4898210291,2187493.772828732],[1826985.133818835,2187494.4656335474],[1826983.3950161792,2187495.8512431784],[1826982.4709695082,2187496.30595103],[1826980.2371271714,2187495.8380849506],[1826978.477470253,2187493.080023917],[1826978.0032848346,2187492.6561062215],[1826973.9332533183,2187491.694414286],[1826973.5356001607,2187491.317736742],[1826973.3746233284,2187490.308804655],[1826973.909347495,2187484.7663661316],[1826975.1507790822,2187479.9167324235],[1826975.7694424978,2187476.3131491696],[1826982.7310484813,2187483.3807565006],[1826984.7048118452,2187485.8058236092],[1826986.938654182,2187487.387525595],[1826987.3830687585,2187486.844780578],[1826987.416837094,2187486.151975762],[1826986.287610884,2187479.9167324235],[1826986.1114217902,2187479.2239276078],[1826985.621640027,2187478.5311227925],[1826984.9962684454,2187473.6814890844],[1826984.684560173,2187472.988684269],[1826983.5878906767,2187472.2868290492],[1826979.1202060028,2187471.9502161522],[1826975.7694424978,2187471.957076596],[1826975.2062022616,2187471.603074638],[1826974.6525213292,2187470.8397321748],[1826973.5356001607,2187468.411817233],[1826972.8273763196,2187467.4462457453],[1826971.301757824,2187466.6700689434],[1826970.1848366554,2187466.514301041],[1826965.7171519818,2187467.9048458715],[1826962.3663884765,2187467.829874757],[1826960.1325461396,2187468.9692322183],[1826957.8987038028,2187470.6917902497],[1826955.6648614658,2187471.355921893],[1826953.431019129,2187471.5584905897],[1826951.1971767922,2187472.092247322],[1826948.9633344554,2187473.2283392185],[1826945.61257095,2187473.494204219],[1826943.378728613,2187475.351004777],[1826937.794122771,2187475.0282549243],[1826936.6772016026,2187475.2597615332],[1826935.560280434,2187475.8318244084],[1826934.4433592656,2187475.9238261757],[1826934.0296702438,2187475.7599035306],[1826933.3188634082,2187475.0670987153],[1826932.1165188386,2187472.2958794534],[1826932.6971107472,2187470.217465007],[1826932.7216070057,2187468.139050561],[1826931.0925957605,2187465.856039626],[1826929.6737872215,2187463.289416853],[1826929.198901143,2187460.518197591],[1826927.850378534,2187455.668563883],[1826927.3736872023,2187454.9757590676],[1826926.334517513,2187454.2829542523],[1826925.507989918,2187454.0782629214],[1826924.3910687498,2187454.4262298453],[1826923.2741475813,2187455.278194989],[1826922.157226413,2187455.6612537242],[1826921.0403052445,2187455.740628095],[1826920.0707305132,2187456.3613686985],[1826917.1633348812,2187460.518197591],[1826913.2218570656,2187463.9555978016],[1826909.8710935602,2187466.4384706398],[1826908.7541723917,2187466.607516249],[1826906.520330055,2187465.707851034],[1826905.4034088864,2187465.7113857307],[1826900.9357242128,2187467.9257381195],[1826898.701881876,2187469.591454667],[1826897.5849607075,2187469.038150699],[1826892.3245695261,2187463.289416853],[1826889.7665125285,2187461.0285851113],[1826887.5326701915,2187459.8929799492],[1826884.1819066862,2187459.2334350003],[1826882.408618745,2187458.4397831447],[1826883.6236644555,2187455.668563883],[1826884.1819066862,2187454.8603511485],[1826884.89777578,2187454.2829542523],[1826886.3973257374,2187453.5901494366],[1826886.0038461217,2187452.8973446214],[1826884.1819066862,2187451.478814131],[1826883.0649855179,2187450.984103885],[1826881.9480643494,2187451.1191356494],[1826881.4717059536,2187450.8189301747],[1826881.2785085472,2187450.1261253594],[1826881.4667825333,2187448.7405157285],[1826881.2000755682,2187444.583686836],[1826881.842141073,2187441.119662759],[1826883.1514366341,2187439.041248312],[1826884.1819066862,2187438.4760710564],[1826886.4157490232,2187437.9629920255],[1826890.8834336968,2187435.091241799],[1826895.3511183707,2187433.7812165665],[1826900.9357242128,2187431.5175052644],[1826902.052645381,2187430.6436343826],[1826903.0916940304,2187429.3419808964],[1826903.674201821,2187427.9563712655],[1826905.0314855166,2187423.1067375573],[1826907.220404101,2187414.100274957],[1826906.3054834888,2187407.8650316177],[1826906.7564653698,2187405.7866171715],[1826906.7661485802,2187404.4010075405],[1826905.7130836071,2187401.6297882786],[1826909.8710935602,2187399.230974776],[1826913.2218570656,2187399.8468987835],[1826914.3387782339,2187399.540856013],[1826915.4556994024,2187399.0174373644],[1826917.2112443927,2187397.472959386],[1826918.8064629077,2187396.7778497534],[1826921.991910143,2187396.087349755],[1826922.863296978,2187395.39454494],[1826924.3910687498,2187394.7831814718],[1826926.6249110866,2187394.2777277636],[1826928.8587534234,2187394.187947533],[1826931.0925957605,2187392.472305252],[1826933.3264380973,2187392.0540209077],[1826935.560280434,2187391.074963778],[1826940.027965108,2187390.2277756776],[1826944.4956497815,2187388.5578248776],[1826946.7294921183,2187387.2652601367],[1826947.8464132869,2187386.863252793],[1826951.1971767922,2187386.1767852064],[1826953.431019129,2187386.3041406153],[1826960.1325461396,2187383.4887915184],[1826963.483309645,2187382.4335757038],[1826966.8340731503,2187380.913283502],[1826969.067915487,2187381.2750596167],[1826970.1848366554,2187381.0855729613],[1826971.301757824,2187380.8031958365],[1826974.6525213292,2187379.3250471232],[1826978.0032848346,2187378.329070566],[1826979.1202060028,2187378.1031013033],[1826981.3540483399,2187378.174747294],[1826986.0786266767,2187375.9960101075],[1826988.0555753503,2187374.3350211415],[1826989.1724965188,2187374.3833473735],[1826990.2894176873,2187374.7868674956],[1826991.4063388556,2187374.782130448],[1826992.5232600241,2187374.439430537],[1826993.6401811927,2187374.6903678],[1826999.212187028,2187377.3816197384],[1826999.2970820412,2187378.0744245537],[1826999.036411092,2187378.7672293694],[1826996.982347879,2187381.538448631],[1826996.9151488615,2187382.2312534465],[1826999.7698931347,2187389.852106416],[1827000.341708203,2187390.9326732336],[1827001.4586293716,2187391.81954306],[1827002.5755505401,2187391.4962518625],[1827003.6924717084,2187390.694496979],[1827006.1008786038,2187390.544911232],[1827007.0432352137,2187390.0577511513],[1827008.1601563822,2187389.029145274],[1827008.7186169664,2187389.029145274]]},"properties":{"elevation":25.0}},{"type":"Feature","geometry":{"type":"LineString","coordinates":[[1827008.7186169664,2187487.183177148],[1827008.1601563822,2187487.183177148],[1827007.1766460107,2187486.844780578],[1827007.5211282636,2187486.151975762],[1827008.1601563822,2187485.5404838594],[1827008.7186169664,2187485.5404838594]]},"properties":{"elevation":25.0}},{"type":"Feature","geometry":{"type":"LineString","coordinates":[[1827008.7186169664,2187340.5955594615],[1827007.0432352137,2187340.774676853],[1827002.5755505401,2187342.262128533],[1827000.341708203,2187343.1602298734],[1826996.9909446978,2187344.961396563],[1826993.6401811927,2187345.955828318],[1826992.5232600241,2187346.0142856715],[1826984.7048118452,2187344.25090676],[1826983.5878906767,2187344.286905483],[1826981.3540483399,2187344.6426184326],[1826976.886363666,2187346.0062591094],[1826971.301757824,2187346.6203947887],[1826966.8340731503,2187347.8496948793],[1826964.6002308133,2187347.8644438763],[1826960.2020515292,2187349.6694271206],[1826957.8987038028,2187351.9713435275],[1826956.7817826343,2187351.9978259024],[1826953.6293968626,2187350.3622319363],[1826953.513895516,2187349.6694271206],[1826953.7077602514,2187348.9766223053],[1826955.0858922037,2187348.28381749],[1826955.273573747,2187347.5910126744],[1826955.1391727335,2187345.512598228],[1826954.5479402975,2187345.0679488955],[1826951.8465896836,2187344.819793413],[1826951.3961206703,2187344.126988597],[1826952.7380717099,2187342.7413789663],[1826953.4333755027,2187341.3557693358],[1826953.0990183852,2187340.66296452],[1826951.338606538,2187339.277354889],[1826951.012750059,2187338.584550074],[1826952.3140979605,2187336.8382718763],[1826952.983268499,2187336.5061356276],[1826955.6648614658,2187336.1019855486],[1826958.1250704383,2187334.427721181],[1826962.3663884765,2187333.6893475386],[1826963.483309645,2187333.944730896],[1826965.7171519818,2187333.727724174],[1826967.1306342338,2187333.0421115505],[1826969.067915487,2187331.3569253697],[1826971.301757824,2187330.840048931],[1826972.4186789924,2187330.385407131],[1826973.5356001607,2187329.3165337886],[1826975.7694424978,2187328.6870242525],[1826976.886363666,2187327.250007104],[1826981.3540483399,2187327.7554987217],[1826982.4709695082,2187328.0082692695],[1826983.5878906767,2187328.558355717],[1826984.7048118452,2187328.3822911954],[1826990.2894176873,2187326.0429126844],[1826991.2588143735,2187325.4212585804],[1826991.774704771,2187324.728453765],[1826991.9460789135,2187323.342844134],[1826991.1031811421,2187317.107600795],[1826991.253450351,2187313.643576718],[1826993.6401811927,2187311.6294468655],[1826994.1360371287,2187310.872357456],[1827001.023102415,2187298.4018707783],[1827001.317787451,2187297.709065963],[1827001.4749257134,2187296.323456332],[1827000.482653708,2187293.55223707],[1827000.2724876062,2187290.088212993],[1826999.6591346508,2187288.702603362],[1826998.987882873,2187285.9313841006],[1826998.3400781376,2187284.5457744696],[1826997.2309740242,2187283.852969654],[1826986.938654182,2187280.144553385],[1826984.7048118452,2187279.1223620013],[1826983.5878906767,2187279.579117642],[1826976.1622333243,2187285.9313841006],[1826975.77795472,2187286.624188916],[1826975.757901236,2187288.009798547],[1826976.4109553923,2187292.166627439],[1826976.100400999,2187292.859432255],[1826974.5885847858,2187294.245041886],[1826973.5356001607,2187297.2338366783],[1826971.1294641763,2187298.4018707783],[1826970.5017853293,2187299.7874804093],[1826970.2798551274,2187301.17309004],[1826970.4629110335,2187303.2515044864],[1826970.302377886,2187304.6371141174],[1826969.85522964,2187305.3299189326],[1826969.067915487,2187305.749591851],[1826967.6255226077,2187305.3299189326],[1826966.3660869582,2187303.2515044864],[1826964.6002308133,2187302.211218576],[1826963.9274039543,2187300.4802852245],[1826963.483309645,2187300.2524773534],[1826962.3663884765,2187300.2151989136],[1826960.1325461396,2187301.474716221],[1826955.6648614658,2187302.228412386],[1826952.3140979605,2187304.932993215],[1826951.1971767922,2187305.288580829],[1826947.8464132869,2187304.879645917],[1826945.61257095,2187303.9287697547],[1826941.1448862762,2187305.154458966],[1826932.2095169288,2187306.756084485],[1826929.975674592,2187306.121082134],[1826926.6249110866,2187305.538196567],[1826925.507989918,2187305.6586652515],[1826921.0403052445,2187307.91960355],[1826918.3929168382,2187310.1795526408],[1826917.2681425598,2187310.872357456],[1826913.7332519633,2187312.257967087],[1826910.9880147285,2187313.015170921],[1826909.9803401453,2187313.643576718],[1826908.962411534,2187315.029186349],[1826907.6954561442,2187315.721991164],[1826905.4034088864,2187315.8971092016],[1826903.2252027611,2187316.41479598],[1826900.9357242128,2187318.0304144635],[1826898.701881876,2187318.1522504264],[1826894.2341972021,2187319.6202640785],[1826892.0003548653,2187319.8562412537],[1826886.4157490232,2187321.0473347083],[1826884.1819066862,2187322.267538206],[1826881.9480643494,2187323.094572269],[1826876.3634585072,2187323.816424959],[1826874.6184146435,2187323.342844134],[1826873.9554390777,2187320.5716248723],[1826873.012695002,2187320.238073549],[1826867.4280891598,2187320.090823998],[1826866.3111679913,2187320.1146738403],[1826865.225816689,2187320.5716248723],[1826864.5617597455,2187321.264429688],[1826863.175006279,2187321.9572345032],[1826859.6096409808,2187323.426369404],[1826857.3757986438,2187324.0837254557],[1826856.2588774755,2187322.7972663483],[1826855.6421837222,2187321.264429688],[1826855.141956307,2187320.5908170617],[1826852.9081139702,2187320.874540896],[1826851.7911928017,2187320.6782079698],[1826845.7908183408,2187316.41479598],[1826839.505059949,2187311.3816896146],[1826837.271217612,2187311.3204842187],[1826835.0373752753,2187310.617570612],[1826830.5696906014,2187311.2253166777],[1826822.7512424225,2187311.396579392],[1826819.4004789172,2187312.1665608604],[1826812.6989519065,2187311.5666500414],[1826809.3481884014,2187311.8854933563],[1826807.1143460644,2187311.6915843114],[1826806.7991267387,2187311.5651622717],[1826806.7056541138,2187310.872357456],[1826807.3315767667,2187309.4867478255],[1826807.8110793894,2187307.408333379],[1826809.3481884014,2187305.694424347],[1826809.4860913248,2187305.3299189326],[1826809.111606219,2187304.6371141174],[1826806.6163557346,2187302.5586996707],[1826802.6466613908,2187301.0028775176],[1826799.932194107,2187299.0946755935],[1826799.2864773888,2187298.4018707783],[1826799.1618316444,2187297.709065963],[1826798.1031318735,2187296.323456332],[1826797.845438262,2187295.6306515164],[1826798.0368029254,2187293.55223707],[1826798.602698409,2187292.859432255],[1826799.2958978855,2187292.558358013],[1826800.0389347142,2187291.473822624],[1826800.0371932785,2187290.088212993],[1826799.2958978855,2187288.8839461855],[1826798.178976717,2187288.384162617],[1826796.2895830784,2187288.009798547],[1826796.0284437155,2187287.316993731],[1826801.3291635027,2187279.6961407615],[1826802.6466613908,2187277.393937326],[1826805.474117302,2187274.153702238],[1826806.3061255536,2187272.768092607],[1826807.142908517,2187272.0752877914],[1826811.5820307382,2187269.604155113],[1826818.283557749,2187266.336211236],[1826821.634321254,2187264.392738107],[1826824.9850847593,2187264.7643871275],[1826829.4527694331,2187265.7937429636],[1826830.5696906014,2187265.831552837],[1826832.8035329385,2187265.27393276],[1826845.0896657913,2187257.525550891],[1826847.323508128,2187256.8424311234],[1826849.5573504649,2187255.7893465087],[1826851.7911928017,2187255.260121084],[1826852.1190195372,2187254.7551674056],[1826852.0855303574,2187254.0623625903],[1826849.0279309035,2187244.363095174],[1826847.912883824,2187239.513461466],[1826848.9519204993,2187236.742242204],[1826849.5573504649,2187236.183424981],[1826851.7911928017,2187235.791143096],[1826854.0250351387,2187235.1091779545],[1826857.0398352589,2187233.278218127],[1826859.6096409808,2187232.021680707],[1826864.0773256544,2187231.505934196],[1826865.2167430785,2187230.5069988654],[1826866.3111679913,2187229.9027977777],[1826870.9035651607,2187228.4285844187],[1826874.8900925324,2187226.3501699725],[1826876.3634585072,2187225.352175052],[1826878.5628439235,2187226.3501699725],[1826879.7142220126,2187226.5512025575],[1826880.831143181,2187226.098092248],[1826883.0649855179,2187224.7981501925],[1826884.252806981,2187223.578950711],[1826884.5048411624,2187222.19334108],[1826883.5418860654,2187218.729317003],[1826883.507715734,2187217.343707372],[1826884.1819066862,2187216.1540829823],[1826886.4157490232,2187214.231141592],[1826887.5326701915,2187215.0722731925],[1826888.64959136,2187215.254425889],[1826892.0003548653,2187215.0475755474],[1826894.2341972021,2187214.3293138477],[1826896.675026447,2187212.494073664],[1826899.8188030443,2187212.037498348],[1826903.1695665496,2187211.1033547176],[1826904.5988309132,2187210.4156592176],[1826908.7541723917,2187209.9436065396],[1826910.9880147285,2187209.3557232],[1826911.7105187469,2187209.0300495867],[1826912.3100185983,2187208.3372447714],[1826912.2131548473,2187206.9516351405],[1826912.7974380883,2187205.5660255095],[1826914.8001179548,2187204.1804158785],[1826915.4556994024,2187203.473986829],[1826917.0504894385,2187202.7948062476],[1826918.8064629077,2187201.047904999],[1826919.923384076,2187204.1420411477],[1826921.0403052445,2187203.4304912523],[1826922.157226413,2187203.7741579637],[1826923.7940897616,2187205.5660255095],[1826924.3910687498,2187205.9548076405],[1826925.507989918,2187206.228965825],[1826927.7418322552,2187207.7498900504],[1826928.8587534234,2187208.170750145],[1826929.975674592,2187207.8930525077],[1826931.0925957605,2187206.7580278],[1826933.0245817068,2187203.4876110633],[1826932.7242882785,2187201.4091966166],[1826933.153531837,2187200.7163918014],[1826934.4433592656,2187200.375026237],[1826936.6772016026,2187199.263604806],[1826937.6410231765,2187198.637977355],[1826937.7943934414,2187197.9451725394],[1826934.8585352306,2187185.4746858617],[1826933.3264380973,2187180.212517511],[1826932.2095169288,2187179.573596574],[1826927.7418322552,2187181.4463259196],[1826924.3910687498,2187181.644661042],[1826922.157226413,2187182.0951437647],[1826918.3180438846,2187184.089076231],[1826917.7131007328,2187185.4746858617],[1826918.0149927197,2187193.788343647],[1826918.532552842,2187198.637977355],[1826918.383730021,2187199.3307821704],[1826917.6895417392,2187199.8976580272],[1826916.5726205707,2187198.626130827],[1826914.8127376512,2187195.8667580932],[1826913.2218570656,2187194.20354052],[1826911.5265020335,2187191.709929201],[1826908.459317018,2187188.2459051237],[1826907.6372512234,2187187.6364513696],[1826906.520330055,2187187.522542748],[1826903.1695665496,2187188.25940835],[1826902.052645381,2187188.1831380837],[1826901.300304319,2187187.553100308],[1826901.0483024232,2187184.7818810465],[1826901.8240300596,2187184.089076231],[1826903.1695665496,2187183.3033106076],[1826904.5816459095,2187182.0106617846],[1826906.520330055,2187180.869058108],[1826908.7541723917,2187180.4736392647],[1826910.9880147285,2187179.1668024375],[1826913.2218570656,2187179.302784368],[1826913.8569877516,2187178.5466377074],[1826913.59741902,2187177.8538328917],[1826913.2218570656,2187177.442282571],[1826912.104935897,2187177.282118537],[1826909.8710935602,2187178.4909726083],[1826909.3549821419,2187177.8538328917],[1826907.6372512234,2187176.691381474],[1826905.4034088864,2187178.121002004],[1826904.5444908473,2187177.8538328917],[1826904.0570434271,2187177.1610280764],[1826903.1695665496,2187176.674462227],[1826902.052645381,2187177.0990359266],[1826900.9357242128,2187177.046013525],[1826900.2973456015,2187175.7754184455],[1826901.4365077203,2187173.6970039993],[1826898.701881876,2187173.5035664556],[1826896.468039539,2187174.4359098333],[1826894.2341972021,2187173.6229297495],[1826893.663005348,2187173.004199184],[1826894.371766838,2187171.618589553],[1826895.3511183707,2187171.195704755],[1826897.5849607075,2187170.8655507336],[1826898.128595782,2187169.540175107],[1826897.5128300022,2187167.46176066],[1826896.2520657422,2187161.2265173215],[1826896.2362645066,2187158.4552980596],[1826896.468039539,2187158.156982072],[1826897.5849607075,2187159.6247785506],[1826902.052645381,2187166.433807235],[1826902.955319925,2187167.46176066],[1826904.4189292656,2187167.46176066],[1826905.4034088864,2187165.7925040717],[1826905.6799881593,2187166.076151029],[1826906.520330055,2187166.220323949],[1826908.7541723917,2187167.7940872186],[1826909.8710935602,2187167.776999404],[1826910.9880147285,2187167.2049120283],[1826913.2218570656,2187166.604146289],[1826915.4556994024,2187166.733894649],[1826916.5726205707,2187165.94609084],[1826919.923384076,2187165.080736498],[1826920.520364028,2187164.6905413987],[1826921.0403052445,2187163.7536012894],[1826921.83891441,2187163.3049317678],[1826925.507989918,2187162.6020555254],[1826927.7418322552,2187160.447997533],[1826928.8587534234,2187160.1093244464],[1826932.2095169288,2187159.6427581212],[1826934.4433592656,2187158.954866358],[1826935.560280434,2187158.816572694],[1826937.794122771,2187159.1041936106],[1826940.027965108,2187159.0144565552],[1826941.1448862762,2187158.8248758703],[1826941.62099089,2187158.4552980596],[1826942.0812501744,2187155.6840787977],[1826942.8188850232,2187154.298469167],[1826943.378728613,2187153.6922981003],[1826946.7294921183,2187152.20991994],[1826947.383505652,2187151.5272499053],[1826949.1413708236,2187149.448835459],[1826949.7989729512,2187146.677616197],[1826950.0802556237,2187146.236883396],[1826953.431019129,2187143.2574858326],[1826962.3663884765,2187133.591934102],[1826962.7612740872,2187132.8215198885],[1826962.838939409,2187131.4359102575],[1826961.249467308,2187127.004731986],[1826958.217099529,2187122.429447657],[1826955.8975083313,2187119.658228395],[1826953.5087095245,2187116.194204318],[1826953.2100773216,2187115.501399502],[1826952.4460729242,2187110.6517657945],[1826951.1971767922,2187109.135361896],[1826944.6838249569,2187105.1093272706],[1826942.2618074447,2187103.2961759297],[1826936.6772016026,2187106.9545409414],[1826935.560280434,2187107.247452659],[1826928.8587534234,2187106.7900758614],[1826925.507989918,2187107.395807422],[1826924.3910687498,2187106.8707490563],[1826923.2741475813,2187106.794706933],[1826919.923384076,2187109.7934606792],[1826916.5726205707,2187112.0085913907],[1826915.4556994024,2187112.691435706],[1826912.8084366017,2187113.422985056],[1826911.7014793537,2187114.1157898717],[1826910.9880147285,2187115.19601138],[1826910.7858739705,2187116.194204318],[1826910.5603239639,2187121.7366428412],[1826910.9377229863,2187122.429447657],[1826912.104935897,2187122.6217713216],[1826914.3387782339,2187123.675546762],[1826915.4556994024,2187123.559712032],[1826916.5726205707,2187122.98711246],[1826917.0483751164,2187122.429447657],[1826917.2024549819,2187121.7366428412],[1826917.6666595605,2187121.043838026],[1826918.8064629077,2187120.596211865],[1826919.923384076,2187120.386002974],[1826921.0403052445,2187120.4729724093],[1826923.2741475813,2187121.1552005867],[1826925.507989918,2187121.5053666234],[1826928.8587534234,2187120.5434670844],[1826931.0925957605,2187119.6090382007],[1826933.4261713524,2187119.658228395],[1826934.0712940157,2187120.3510332103],[1826935.5688742679,2187123.122252472],[1826935.5710541625,2187124.507862103],[1826934.755971254,2187125.2006669184],[1826933.3264380973,2187127.7137712617],[1826931.0925957605,2187130.0871468997],[1826929.975674592,2187130.365865762],[1826926.6249110866,2187130.5525848772],[1826924.3910687498,2187130.3387458078],[1826923.2741475813,2187130.4645042173],[1826921.0403052445,2187131.3606239236],[1826919.923384076,2187132.2278849934],[1826915.4556994024,2187134.574642954],[1826913.2218570656,2187135.1475278563],[1826907.6372512234,2187137.2200503005],[1826904.286487718,2187138.0709661823],[1826901.4167581636,2187138.363958412],[1826899.8188030443,2187139.464544029],[1826895.791633893,2187140.442372858],[1826894.2341972021,2187141.5514773233],[1826893.1172760336,2187142.0567390327],[1826889.8275208275,2187142.5207873047],[1826883.1293790897,2187144.599201751],[1826880.831143181,2187146.7332674074],[1826878.597300844,2187147.871960441],[1826876.3634585072,2187148.6023343117],[1826874.1296161704,2187148.58787947],[1826871.0473736566,2187150.1416402743],[1826868.5450103283,2187150.187308287],[1826867.4280891598,2187150.667901735],[1826866.3111679913,2187150.726290292],[1826861.8434833176,2187152.011513736],[1826859.6096409808,2187153.1698238957],[1826855.141956307,2187153.605784051],[1826850.6742716334,2187154.7915073643],[1826849.5573504649,2187154.836740362],[1826847.323508128,2187153.707838992],[1826846.2065869595,2187153.6312618866],[1826844.7858200325,2187154.298469167],[1826843.1793817736,2187155.6840787977],[1826844.0839051702,2187158.4552980596],[1826844.0266259122,2187160.533712506],[1826844.6538109097,2187161.2265173215],[1826847.6719761353,2187163.3049317678],[1826848.096542143,2187163.997736583],[1826848.0363104688,2187164.6905413987],[1826841.738902286,2187172.759955419],[1826839.1221155485,2187175.7754184455],[1826837.780449627,2187177.8538328917],[1826833.5267517664,2187182.7034666],[1826828.3358482646,2187184.5189388236],[1826827.2189270963,2187185.8233838347],[1826826.1020059278,2187185.9456255455],[1826820.5174000857,2187184.9875154835],[1826818.283557749,2187186.7162295715],[1826817.1666365804,2187186.9404183174],[1826810.4651095697,2187187.1342256796],[1826808.231267233,2187188.0781518477],[1826802.6466613908,2187189.0715775955],[1826797.0620555487,2187191.362418172],[1826793.7112920433,2187191.123929434],[1826791.4774497065,2187191.8567972323],[1826788.1266862012,2187191.9198404043],[1826785.8928438642,2187192.7941933554],[1826782.542080359,2187193.702580894],[1826779.1913168537,2187193.723880019],[1826776.9574745167,2187192.55620606],[1826775.8405533484,2187192.7685947176],[1826772.489789843,2187194.464617788],[1826771.3728686746,2187194.324159044],[1826769.1390263378,2187191.649989306],[1826766.905184001,2187190.0161782037],[1826764.6713416642,2187187.5916752834],[1826763.3418877919,2187185.4746858617],[1826763.684482299,2187183.3962714155],[1826763.0530099059,2187182.0106617846],[1826762.2735703215,2187178.5466377074],[1826762.4374993271,2187177.8511894536],[1826763.7162982307,2187176.468223261],[1826761.567925514,2187174.3898088145],[1826761.3904258155,2187173.6970039993],[1826761.6593506273,2187171.618589553],[1826761.0558552872,2187169.540175107],[1826760.1623558027,2187168.154565476],[1826760.0304979456,2187166.076151029],[1826760.1782353474,2187164.6905413987],[1826760.0113548446,2187163.997736583],[1826757.9698146535,2187161.261514299],[1826756.5880596158,2187157.0696884287],[1826754.6190511482,2187153.6770036384],[1826752.3852088114,2187151.591687006],[1826750.7934622343,2187149.448835459],[1826749.7450683427,2187147.3704210124],[1826748.6455160142,2187145.984811382],[1826748.4163482564,2187145.292006566],[1826748.4756373772,2187143.906396935],[1826748.7781366406,2187143.21359212],[1826749.8098061245,2187142.5207873047],[1826749.917733963,2187141.827982489],[1826749.034445306,2187140.8819916053],[1826744.224151028,2187140.442372858],[1826744.5667606322,2187140.058633166],[1826745.6836818007,2187140.3781942427],[1826746.4400763295,2187139.749568043],[1826746.6760316703,2187139.056763227],[1826746.5989366472,2187138.363958412],[1826745.4381590926,2187136.978348781],[1826744.893845467,2187135.59273915],[1826743.3835597334,2187133.5143247037],[1826745.1204158766,2187132.1287150728],[1826746.6726945252,2187131.4359102575],[1826750.1513664743,2187130.4050056846],[1826751.2682876429,2187129.8375958945],[1826753.5021299797,2187127.842602988],[1826754.2287020702,2187126.5862765494],[1826753.6667209659,2187121.7366428412],[1826752.3752418908,2187114.808594687],[1826752.3852088114,2187111.0588117386],[1826753.5021299797,2187112.123810316],[1826758.0344778819,2187118.272618764],[1826761.062334505,2187123.122252472],[1826761.3205781588,2187123.429876458],[1826762.4374993271,2187123.465121988],[1826766.905184001,2187120.781612151],[1826770.5792973053,2187118.272618764],[1826773.1033973678,2187116.194204318],[1826773.6259911635,2187114.808594687],[1826773.8370150249,2187110.6517657945],[1826772.762391579,2187105.1093272706],[1826771.3728686746,2187100.3779728194],[1826770.8534029953,2187099.5668887473],[1826770.2559475063,2187099.142281093],[1826762.4374993271,2187100.6806036904],[1826757.9698146535,2187101.8913781927],[1826757.276701347,2187101.6453031935],[1826757.0860689706,2187100.952498378],[1826757.2677103528,2187100.2596935625],[1826757.9698146535,2187100.1680611465],[1826759.0867358218,2187099.6115006227],[1826759.6776204337,2187098.874083932],[1826759.788189536,2187098.1812791163],[1826759.0867358218,2187097.60494168],[1826757.5746302088,2187098.1812791163],[1826756.4840565186,2187100.2596935625],[1826755.7359723167,2187100.6053976305],[1826754.6190511482,2187101.592265986],[1826753.7423692066,2187103.0309128244],[1826752.3852088114,2187103.9527022443],[1826751.2682876429,2187104.243494395],[1826751.0022541594,2187103.7237176397],[1826751.2682876429,2187102.007840892],[1826750.1513664743,2187101.5571953193],[1826748.963583238,2187101.6453031935],[1826747.9175241375,2187101.2883764855],[1826746.8006029692,2187100.5066399053],[1826743.693511125,2187099.5668887473],[1826744.5522894368,2187098.874083932],[1826745.6836818007,2187098.8501411797],[1826747.9175241375,2187097.31195053],[1826749.034445306,2187096.93172652],[1826751.2682876429,2187096.663020416],[1826756.7642839893,2187093.331645408],[1826757.9698146535,2187093.10802752],[1826760.2036569903,2187093.1487382306],[1826761.3205781588,2187092.8788554114],[1826763.5544204956,2187091.4767053416],[1826765.7882628324,2187091.0875693555],[1826766.905184001,2187090.4351660856],[1826769.1390263378,2187088.0196435093],[1826770.2559475063,2187087.1878955974],[1826775.0940465524,2187085.017987623],[1826775.5259226777,2187084.3251828076],[1826775.274623385,2187082.9395731767],[1826775.7472574457,2187082.2467683614],[1826776.9574745167,2187081.613525467],[1826778.6874378598,2187080.168353915],[1826782.542080359,2187078.357982862],[1826783.6590015274,2187078.0955252033],[1826785.8928438642,2187078.057342465],[1826787.0097650327,2187077.7552419296],[1826789.5743093158,2187075.318720207],[1826789.2436073695,2187074.807074904],[1826787.0097650327,2187074.594539898],[1826786.1185484251,2187073.933110576],[1826785.8619902523,2187073.2403057604],[1826785.6413598426,2187060.7698190827],[1826785.021759708,2187054.5345757436],[1826784.7759226959,2187053.802034438],[1826783.6590015274,2187053.489237714],[1826779.565178142,2187053.8417709284],[1826778.1203487546,2187054.5345757436],[1826777.5516242778,2187055.2273805593],[1826775.8405533484,2187056.204743897],[1826773.6067110116,2187056.5578434803],[1826770.2559475063,2187056.35329818],[1826767.813541642,2187057.3057950055],[1826766.905184001,2187058.214941656],[1826765.7882628324,2187058.670891348],[1826764.6713416642,2187058.469863893],[1826762.4374993271,2187059.027115477],[1826760.2036569903,2187058.711541924],[1826756.852893485,2187058.789534247],[1826751.2682876429,2187059.716710719],[1826750.1513664743,2187060.114643887],[1826747.9175241375,2187061.749566054],[1826746.8006029692,2187061.765166437],[1826746.141877902,2187061.462623898],[1826746.6328854708,2187060.7698190827],[1826750.1785454042,2187058.6914046365],[1826750.9508775955,2187056.6129901903],[1826751.2682876429,2187056.3097665296],[1826752.3852088114,2187056.216505323],[1826753.5021299797,2187056.8876266037],[1826754.7413024385,2187056.6129901903],[1826754.7860911952,2187055.9201853746],[1826754.409141098,2187055.2273805593],[1826753.1090989094,2187054.5345757436],[1826751.6698418763,2187052.4561612974],[1826751.6210689587,2187051.763356482],[1826752.0347237657,2187050.377746851],[1826750.7312097035,2187049.6849420355],[1826748.721753732,2187047.6065275893],[1826750.0892350676,2187045.528113143],[1826751.2901285782,2187044.835308328],[1826752.6298224463,2187043.449698697],[1826753.0944955866,2187038.6000649887],[1826753.5021299797,2187037.5768176215],[1826755.7359723167,2187037.198107542],[1826757.9698146535,2187037.636194303],[1826759.0867358218,2187037.469432854],[1826761.3205781588,2187035.2969468297],[1826762.4374993271,2187034.8495527115],[1826763.5544204956,2187035.1145385895],[1826766.905184001,2187037.0552286785],[1826768.0221051692,2187036.859674761],[1826769.1390263378,2187036.0471910653],[1826772.489789843,2187032.7212999547],[1826774.72363218,2187035.7421807516],[1826775.8405533484,2187036.014262045],[1826787.8336403335,2187032.3648216496],[1826789.2436073695,2187031.430542502],[1826789.5720042,2187029.5936023877],[1826788.8050116294,2187022.6655542334],[1826789.0406515123,2187015.044701264],[1826788.9254519197,2187011.5806771866],[1826787.7584078233,2187009.5022627404],[1826786.9150521015,2187008.8094579247],[1826786.64962653,2187008.1166531094],[1826786.4783287742,2187006.038238663],[1826785.4849939703,2187003.9598242166],[1826785.3925982115,2187003.2670194013],[1826785.6609157107,2187002.5742145856],[1826787.0097650327,2187001.171848769],[1826792.5943708748,2186999.011605444],[1826794.8282132116,2186998.590259309],[1826795.9451343801,2186998.02191227],[1826800.412819054,2186996.6469499776],[1826802.6466613908,2186995.3435075707],[1826807.1143460644,2186994.5937329377],[1826810.4651095697,2186993.3195665674],[1826811.5820307382,2186992.656819457],[1826815.501166965,2186992.182142354],[1826818.283557749,2186991.182714468],[1826820.5174000857,2186991.283610254],[1826822.7512424225,2186991.7492758296],[1826826.1020059278,2186991.3005145774],[1826827.2189270963,2186991.7475256687],[1826830.5696906014,2186994.4075080557],[1826831.68661177,2186994.5999202062],[1826832.8035329385,2186993.078818616],[1826839.505059949,2186988.777882295],[1826841.738902286,2186985.8884654897],[1826843.0885343463,2186985.2540941997],[1826847.323508128,2186984.221906899],[1826848.4404292963,2186983.4291734905],[1826848.9716865267,2186982.4828749383],[1826849.5573504649,2186981.995834666],[1826851.7911928017,2186980.691241072],[1826855.6413479866,2186979.7116556764],[1826858.4927198123,2186978.472208356],[1826861.8434833176,2186977.7071668627],[1826865.194246823,2186976.27954133],[1826867.4280891598,2186975.9042921932],[1826869.6619314966,2186974.4129659673],[1826871.8957738336,2186974.9200360626],[1826874.1296161704,2186973.868176881],[1826879.7142220126,2186973.041528624],[1826883.0649855179,2186971.155947723],[1826884.1819066862,2186970.933350353],[1826885.2988278547,2186971.0925762486],[1826886.4157490232,2186970.959084299],[1826888.64959136,2186969.756941973],[1826890.8834336968,2186969.2482841923],[1826891.5576359811,2186968.626778629],[1826891.7409489548,2186967.933973814],[1826890.93462671,2186963.777144921],[1826892.0003548653,2186963.0954660783],[1826894.2341972021,2186963.1795340483],[1826898.701881876,2186964.230186111],[1826902.052645381,2186963.9316673446],[1826904.286487718,2186964.0686731804],[1826904.9522144757,2186963.777144921],[1826905.4797459764,2186963.0843401058],[1826908.32997141,2186956.1562919514],[1826908.1223913005,2186953.3850726895],[1826908.2430820183,2186951.3066582433],[1826906.8435777086,2186942.993000458],[1826906.5001790521,2186942.3001956427],[1826902.052645381,2186938.236590889],[1826900.9357242128,2186937.6945717423],[1826897.5849607075,2186938.2704840535],[1826894.2341972021,2186938.1698695575],[1826893.1172760336,2186938.554108968],[1826890.8834336968,2186940.0144638224],[1826890.1342505503,2186943.6858052737],[1826889.9511633702,2186947.149829351],[1826890.2690708805,2186950.613853428],[1826889.9921051762,2186953.3850726895],[1826889.6263597454,2186954.077877505],[1826888.0226717629,2186955.4634871357],[1826885.2988278547,2186957.6192622865],[1826884.1819066862,2186958.1454843334],[1826883.0649855179,2186957.9733928074],[1826880.831143181,2186957.1776773306],[1826879.7142220126,2186957.2093316102],[1826878.3322747974,2186957.5419015824],[1826874.1296161704,2186959.1667300942],[1826873.012695002,2186959.2594774025],[1826871.8957738336,2186957.95319073],[1826870.778852665,2186957.332228255],[1826869.6619314966,2186957.4983324306],[1826868.5450103283,2186957.175656537],[1826866.3111679913,2186954.971923277],[1826865.194246823,2186954.2586036855],[1826864.0773256544,2186954.179930425],[1826858.4927198123,2186954.598614106],[1826857.3757986438,2186955.3908113004],[1826856.2588774755,2186957.1078405236],[1826855.141956307,2186956.7175348434],[1826851.7911928017,2186954.7064524777],[1826849.5573504649,2186954.2406837083],[1826849.329107945,2186951.9994630585],[1826848.8741210098,2186950.613853428],[1826848.4404292963,2186950.2595094573],[1826847.323508128,2186949.916099374],[1826845.0896657913,2186950.3344291165],[1826842.8558234542,2186951.3635178017],[1826840.6219811174,2186951.977982843],[1826838.1161417165,2186953.3850726895],[1826837.7308144001,2186954.077877505],[1826837.6936482969,2186954.7706823205],[1826838.0905751865,2186956.8490967667],[1826838.046730442,2186958.9275112133],[1826836.7600345982,2186960.313120844],[1826835.0373752753,2186961.686783692],[1826834.746208492,2186961.0059256596],[1826833.9204541068,2186960.1959669767],[1826831.68661177,2186954.9193764273],[1826830.5696906014,2186954.078293176],[1826828.5970721524,2186954.7706823205],[1826827.2189270963,2186955.580721794],[1826826.8538876066,2186955.4634871357],[1826826.8314887083,2186954.7706823205],[1826827.3501267233,2186954.077877505],[1826829.4527694331,2186952.5377768804],[1826831.68661177,2186952.277197635],[1826833.1574393811,2186951.3066582433],[1826836.1542964438,2186950.425811105],[1826837.271217612,2186949.319799427],[1826838.3881387806,2186948.8069881084],[1826839.505059949,2186947.9610729706],[1826840.5324473092,2186946.457024535],[1826837.1655569228,2186944.378610089],[1826836.4135858675,2186942.3001956427],[1826835.5696518018,2186941.607390827],[1826835.0373752753,2186940.4444425767],[1826832.8035329385,2186940.7436806406],[1826831.557794797,2186940.221781196],[1826830.5696906014,2186941.4357326184],[1826830.3137782984,2186942.3001956427],[1826829.4527694331,2186943.0587994247],[1826828.83081636,2186942.3001956427],[1826826.2052446748,2186940.914586012],[1826826.6176670522,2186939.528976381],[1826827.9363866874,2186938.14336675],[1826828.3358482646,2186937.808541934],[1826829.4527694331,2186937.5429724874],[1826830.5696906014,2186937.7732603797],[1826832.8035329385,2186937.1836970337],[1826838.3881387806,2186935.197959016],[1826840.6219811174,2186933.949443983],[1826842.8558234542,2186934.2832343583],[1826847.323508128,2186932.567553428],[1826849.5573504649,2186932.351327562],[1826850.845548725,2186931.9081234112],[1826852.9081139702,2186930.3716014563],[1826855.141956307,2186929.566904333],[1826856.2588774755,2186929.230430382],[1826858.4927198123,2186929.3379393984],[1826862.1364713788,2186927.7512945184],[1826869.6619314966,2186926.0020073964],[1826871.8957738336,2186924.9828655804],[1826876.3634585072,2186923.7225920097],[1826878.4759049595,2186922.90166081],[1826880.831143181,2186922.5334860757],[1826881.4697211718,2186922.208855995],[1826882.4212746436,2186921.5160511793],[1826884.6218954576,2186911.8167837635],[1826886.0771154005,2186908.3527596863],[1826886.4157490232,2186907.703503284],[1826887.5326701915,2186906.539821551],[1826890.9590458572,2186900.7319067162],[1826893.290521558,2186896.575077824],[1826893.5367804302,2186895.189468193],[1826891.7442358162,2186890.3398344847],[1826891.749621137,2186888.954224854],[1826892.672297352,2186883.4117863304],[1826892.3215931111,2186882.0261766994],[1826890.6603753858,2186878.5621526223],[1826890.6744969941,2186875.098128545],[1826889.9159206145,2186872.326909283],[1826888.64959136,2186870.674487064],[1826885.2988278547,2186868.169831436],[1826881.9480643494,2186866.364465755],[1826880.831143181,2186866.141290464],[1826879.7142220126,2186866.307906685],[1826877.4803796757,2186867.111719796],[1826874.1296161704,2186869.714180046],[1826873.012695002,2186870.441741609],[1826871.8957738336,2186870.8493420756],[1826869.6619314966,2186870.319038439],[1826866.3111679913,2186870.791672297],[1826865.194246823,2186871.553944897],[1826864.9136355,2186873.019714099],[1826864.8623762368,2186876.483738176],[1826864.2265921335,2186879.2549574375],[1826861.8434833176,2186881.4701303816],[1826860.7265621491,2186881.711786875],[1826859.6096409808,2186880.8277793853],[1826858.4927198123,2186880.9855948635],[1826857.3757986438,2186881.440365103],[1826855.141956307,2186881.6826738445],[1826851.7911928017,2186882.4353218297],[1826850.6742716334,2186881.372510255],[1826850.3066686108,2186880.6405670685],[1826848.5674362672,2186876.483738176],[1826847.8601320314,2186873.712518914],[1826847.1458657226,2186872.326909283],[1826846.331045658,2186869.5556900217],[1826845.9485020346,2186868.862885206],[1826845.0896657913,2186868.26883226],[1826844.5662972098,2186868.862885206],[1826844.9780754661,2186870.941299652],[1826846.8795034916,2186875.098128545],[1826847.323508128,2186876.9705714695],[1826847.6535834877,2186877.1765429913],[1826847.9850530932,2186877.8693478066],[1826848.3084130106,2186879.947762253],[1826848.80453528,2186881.3333718837],[1826848.8000025607,2186882.0261766994],[1826848.4404292963,2186882.85650858],[1826846.2065869595,2186881.800587225],[1826845.0896657913,2186881.848687559],[1826842.8558234542,2186882.977881231],[1826840.6219811174,2186883.7143501006],[1826839.505059949,2186882.6665180395],[1826837.271217612,2186879.2780426573],[1826835.0373752753,2186877.2070602262],[1826832.4146203857,2186872.326909283],[1826831.68661177,2186871.8470694697],[1826830.5696906014,2186871.673882286],[1826827.8245221025,2186872.326909283],[1826827.2189270963,2186872.6923721307],[1826826.3171789197,2186873.712518914],[1826825.9867789075,2186875.098128545],[1826825.8326197127,2186877.8693478066],[1826824.9850847593,2186881.590702397],[1826823.868163591,2186881.2685827864],[1826820.5174000857,2186878.5272348463],[1826816.0497154118,2186875.6213435926],[1826814.9327942436,2186875.8348140195],[1826812.6989519065,2186877.219452629],[1826808.231267233,2186877.7638928583],[1826804.8805037276,2186878.6223514304],[1826801.5297402223,2186878.9969473686],[1826800.412819054,2186880.2766409824],[1826799.2958978855,2186880.5279482924],[1826798.4995985387,2186879.947762253],[1826798.4734622547,2186879.2549574375],[1826799.0105817022,2186878.5621526223],[1826800.412819054,2186877.6403123066],[1826801.5297402223,2186877.234056007],[1826801.8115291717,2186876.483738176],[1826802.7499511777,2186875.7909333603],[1826803.7755220793,2186874.4053237294],[1826804.8805037276,2186873.7571803285],[1826807.1143460644,2186873.7695313194],[1826809.541044054,2186872.326909283],[1826809.8427155812,2186871.634104468],[1826809.3481884014,2186870.9393273154],[1826807.1143460644,2186870.419953574],[1826804.4056102561,2186868.862885206],[1826803.9097199268,2186868.1700803908],[1826803.5270740958,2186866.78447076],[1826803.6381806582,2186865.398861129],[1826803.4598205395,2186864.7060563136],[1826802.6466613908,2186864.0871082856],[1826802.0617843412,2186864.013251498],[1826801.6574957133,2186863.3204466826],[1826802.6466613908,2186862.1123011406],[1826803.763582559,2186861.827552756],[1826805.997424896,2186861.946653218],[1826807.1143460644,2186861.782919068],[1826808.231267233,2186860.4726112206],[1826813.815873075,2186858.8175641196],[1826815.0284991525,2186857.7780081593],[1826816.0497154118,2186856.293696099],[1826817.1666365804,2186855.243698822],[1826818.283557749,2186855.0723409927],[1826819.4004789172,2186855.600230952],[1826820.5174000857,2186855.4462501314],[1826824.9850847593,2186854.3200488132],[1826826.454608972,2186853.6211792664],[1826828.3358482646,2186852.24277656],[1826829.4527694331,2186851.8615974765],[1826831.68661177,2186851.451778124],[1826833.9204541068,2186851.6560953287],[1826836.1542964438,2186850.9303673934],[1826839.7899282598,2186850.157155189],[1826840.8669007195,2186849.464350374],[1826841.206275912,2186848.7715455582],[1826841.0295446469,2186848.078740743],[1826839.505059949,2186847.682967001],[1826839.1206268538,2186847.3859359273],[1826839.4190315725,2186846.693131112],[1826840.6219811174,2186845.953688169],[1826841.738902286,2186845.7118922267],[1826842.4581260786,2186845.307521481],[1826843.7541085463,2186843.92191185],[1826844.1311849032,2186842.536302219],[1826843.740243261,2186834.9154492496],[1826843.740243261,2186827.987401095],[1826843.9727446227,2186827.2943811896],[1826845.0896657913,2186827.0323224766],[1826847.323508128,2186827.547146263],[1826848.460731755,2186827.2945962795],[1826849.234704174,2186827.987401095],[1826850.1482677066,2186829.373010726],[1826850.9752510185,2186831.4514251724],[1826852.2970249942,2186832.8370348033],[1826852.9081139702,2186834.2315786113],[1826854.0250351387,2186835.8516510674],[1826855.5541286818,2186837.6866685115],[1826857.3757986438,2186839.223043957],[1826857.8777547488,2186836.3010588805],[1826858.4927198123,2186834.6417751857],[1826860.0125311224,2186826.6017914643],[1826862.3850680073,2186821.752157756],[1826861.8544685994,2186821.059352941],[1826858.9950646104,2186819.67374331],[1826858.4071824648,2186818.980938494],[1826858.387908148,2186818.288133679],[1826858.7150132137,2186817.5953288637],[1826858.5658072627,2186816.902524048],[1826857.7038232107,2186816.2097192327],[1826856.2588774755,2186815.2899526004],[1826855.141956307,2186815.8625937905],[1826855.03004126,2186817.5953288637],[1826855.4001250074,2186818.288133679],[1826855.10756834,2186818.980938494],[1826852.9081139702,2186819.125138115],[1826851.7911928017,2186818.903987966],[1826850.1220553822,2186818.288133679],[1826849.5573504649,2186817.1301425444],[1826847.323508128,2186816.551621651],[1826846.2065869595,2186816.649706705],[1826845.0896657913,2186816.966316031],[1826842.3696754384,2186818.980938494],[1826840.6219811174,2186820.681746738],[1826839.505059949,2186820.9170433893],[1826837.271217612,2186820.6824001377],[1826835.0373752753,2186820.1801272756],[1826833.9204541068,2186819.5734136696],[1826832.8035329385,2186819.5054403464],[1826831.68661177,2186819.8213544213],[1826829.4527694331,2186821.087013771],[1826827.2189270963,2186821.593532149],[1826823.868163591,2186822.738900157],[1826823.4256824253,2186821.752157756],[1826823.6535040138,2186819.67374331],[1826823.0950049558,2186818.288133679],[1826822.7512424225,2186815.421397499],[1826823.868163591,2186814.7519082315],[1826828.3358482646,2186813.017659416],[1826831.68661177,2186812.5254394887],[1826838.3881387806,2186809.64012527],[1826841.738902286,2186810.271462891],[1826845.0896657913,2186811.412584512],[1826845.755565678,2186810.6672807094],[1826846.5327355429,2186808.5888662627],[1826847.323508128,2186807.4323909767],[1826848.4404292963,2186806.6456588632],[1826850.5525742504,2186805.8176470012],[1826852.9081139702,2186804.4591522566],[1826858.4927198123,2186803.0949336668],[1826861.8434833176,2186804.3205736433],[1826862.9604044862,2186804.187063257],[1826864.371757341,2186803.0464277393],[1826869.1413816223,2186798.196794031],[1826869.6963556414,2186797.503989216],[1826869.8092423049,2186796.8111844],[1826868.5450103283,2186793.2600028175],[1826868.2039462565,2186790.5759410616],[1826866.8241340264,2186787.8047217997],[1826865.194246823,2186786.1476344797],[1826860.7265621491,2186783.0057296064],[1826858.4927198123,2186780.7325511915],[1826854.0250351387,2186782.923119557],[1826849.5573504649,2186783.1259827004],[1826841.738902286,2186785.7249607462],[1826833.9204541068,2186786.8176181107],[1826829.4527694331,2186788.1640370446],[1826824.9850847593,2186790.00216933],[1826819.4004789172,2186790.227153194],[1826813.815873075,2186791.679949052],[1826808.725257099,2186794.039965139],[1826805.997424896,2186794.8341149865],[1826801.5297402223,2186796.5648676353],[1826798.178976717,2186797.1294647264],[1826797.0620555487,2186797.614548202],[1826793.7112920433,2186798.311992203],[1826792.5943708748,2186798.1293023285],[1826791.723876022,2186797.503989216],[1826792.212444173,2186796.8111844],[1826793.7898861766,2186796.118379585],[1826794.7327165292,2186795.4255747697],[1826794.8355518526,2186794.732769954],[1826795.7513700959,2186793.347160323],[1826796.9556935716,2186792.654355508],[1826798.178976717,2186791.326051466],[1826800.412819054,2186789.582794049],[1826801.5297402223,2186789.0371573875],[1826803.763582559,2186789.4201075756],[1826804.8805037276,2186789.3900225167],[1826805.4894768414,2186789.1903314306],[1826805.4867155394,2186788.497526615],[1826804.644652677,2186787.8047217997],[1826803.808668838,2186786.4191121687],[1826804.1606574582,2186785.0335025378],[1826805.1339744842,2186783.6478929073],[1826805.041223597,2186782.9550880915],[1826803.763582559,2186781.6823156914],[1826803.1173177676,2186781.5694784606],[1826803.6513677982,2186780.8766736453],[1826802.9324698132,2186780.1838688296],[1826799.2958978855,2186780.1872135694],[1826797.0620555487,2186780.8463205975],[1826794.8282132116,2186780.7437020554],[1826792.5943708748,2186781.19212876],[1826790.2492671628,2186780.8766736453],[1826791.309035294,2186779.4910640144],[1826793.7112920433,2186777.628441704],[1826795.9451343801,2186778.2460198714],[1826798.178976717,2186777.295806802],[1826800.412819054,2186778.0648645964],[1826801.5297402223,2186777.805695681],[1826802.6466613908,2186777.1849922473],[1826803.763582559,2186775.8746861634],[1826804.8805037276,2186775.3477858473],[1826805.997424896,2186775.2047365345],[1826809.3481884014,2186774.091098537],[1826811.5820307382,2186773.767238541],[1826812.3033501827,2186773.2558206753],[1826813.0460408123,2186771.870211045],[1826814.4802864627,2186770.484601414],[1826814.5973876554,2186769.098991783],[1826814.382604987,2186768.406186967],[1826813.73246023,2186767.713382152],[1826813.293221014,2186765.6349677057],[1826811.5820307382,2186762.2220323742],[1826811.1025152465,2186759.3997243666],[1826810.4651095697,2186758.5990859345],[1826810.3105197423,2186756.6285051047],[1826809.7652346753,2186755.242895474],[1826809.859046993,2186754.5500906585],[1826809.6230625266,2186753.857285843],[1826809.8205381986,2186753.1644810275],[1826810.4651095697,2186752.603127352],[1826814.5871801665,2186750.393261766],[1826815.3127439665,2186749.7004569503],[1826814.493965559,2186749.007652135],[1826811.5820307382,2186748.245717463],[1826810.5146006285,2186747.622042504],[1826807.88915328,2186743.4652136117],[1826811.5820307382,2186742.1240068944],[1826813.815873075,2186740.8664043387],[1826816.0497154118,2186741.1999517167],[1826817.1666365804,2186741.1438823086],[1826819.8783040259,2186739.308384719],[1826819.8783040259,2186738.961982311]]},"properties":{"elevation":25.0}},{"type":"Feature","geometry":{"type":"LineString","coordinates":[[1826950.0802556237,2187344.144507502],[1826948.9633344554,2187343.661912826],[1826948.8093382297,2187343.434183782],[1826948.9633344554,2187343.09998921],[1826950.4625050253,2187343.434183782],[1826950.274036441,2187344.126988597],[1826950.0802556237,2187344.144507502]]},"properties":{"elevation":25.0}},{"type":"Feature","geometry":{"type":"LineString","coordinates":[[1826955.6648614658,2187340.1680713836],[1826955.353400225,2187339.970159705],[1826955.1882876789,2187339.277354889],[1826955.6648614658,2187338.418313609],[1826956.3582585242,2187339.277354889],[1826955.6648614658,2187340.1680713836]]},"properties":{"elevation":25.0}},{"type":"Feature","geometry":{"type":"LineString","coordinates":[[1826946.7294921183,2187339.7918848456],[1826946.0427370379,2187339.277354889],[1826946.7294921183,2187338.563980723],[1826947.6114555823,2187339.277354889],[1826946.7294921183,2187339.7918848456]]},"properties":{"elevation":25.0}},{"type":"Feature","geometry":{"type":"LineString","coordinates":[[1827008.7186169664,2187322.2968739183],[1827007.0432352137,2187322.470311413],[1827005.9263140452,2187322.2642522748],[1827003.6924717084,2187321.2687724154],[1827003.299831381,2187320.5716248723],[1827003.915164608,2187319.1860152413],[1827008.1601563822,2187312.487777919],[1827008.7186169664,2187312.487777919]]},"properties":{"elevation":25.0}},{"type":"Feature","geometry":{"type":"LineString","coordinates":[[1826466.4533896928,2187239.4763882225],[1826465.7607122192,2187238.8206566507],[1826465.9920768011,2187236.742242204],[1826465.8633421466,2187236.049437389],[1826465.1526919585,2187234.663827758],[1826464.975162917,2187233.278218127],[1826465.444516822,2187229.8141940497],[1826466.0170445128,2187228.4285844187],[1826467.5703108613,2187227.492807659],[1826469.8041531981,2187226.6293803914],[1826475.3887590403,2187225.0964345727],[1826477.622601377,2187225.030702904],[1826479.35401807,2187225.6573651573],[1826479.6951288742,2187228.4285844187],[1826479.2786787134,2187229.8141940497],[1826478.7395225456,2187230.423314347],[1826475.3887590403,2187231.9603853757],[1826474.2718378718,2187232.7177292737],[1826466.4533896928,2187239.4763882225]]},"properties":{"elevation":25.0}},{"type":"Feature","geometry":{"type":"LineString","coordinates":[[1826938.9110439394,2187232.1719379276],[1826937.794122771,2187231.2086255173],[1826936.3389830566,2187228.4285844187],[1826935.560280434,2187224.5972342985],[1826935.560280434,2187223.060229072],[1826937.794122771,2187221.4995833007],[1826941.1448862762,2187221.4995833007],[1826941.9752003949,2187220.807731449],[1826943.378728613,2187220.4110527514],[1826944.502552759,2187221.5005362644],[1826945.5941003666,2187223.578950711],[1826948.7300831897,2187227.042974788],[1826948.9877467458,2187228.4285844187],[1826945.6610875456,2187230.5069988654],[1826942.422577188,2187231.8926084964],[1826941.1448862762,2187232.227520198],[1826938.9110439394,2187232.1719379276]]},"properties":{"elevation":25.0}},{"type":"Feature","geometry":{"type":"LineString","coordinates":[[1826441.8811239873,2187230.897528158],[1826439.6472816505,2187230.00027202],[1826438.530360482,2187230.0430272496],[1826437.4134393136,2187229.387328618],[1826436.2965181451,2187229.180532423],[1826435.1795969766,2187229.3373274016],[1826434.0626758083,2187228.886218609],[1826431.918118484,2187227.042974788],[1826431.6394822637,2187226.3501699725],[1826431.7816567824,2187224.9645603416],[1826430.711912303,2187224.483483943],[1826428.4780699662,2187224.728915671],[1826425.1273064609,2187223.845201366],[1826422.893464124,2187223.571831154],[1826421.8055886521,2187222.8861458953],[1826421.4950635512,2187222.19334108],[1826421.1958176587,2187219.422121818],[1826420.6305440299,2187217.343707372],[1826419.2890650341,2187215.2652929258],[1826419.1012040575,2187214.57248811],[1826419.9392793933,2187212.494073664],[1826422.2192916032,2187210.4156592176],[1826422.4957931025,2187209.722854402],[1826422.3106136164,2187206.2588303247],[1826421.6071114298,2187201.4091966166],[1826420.4796423821,2187197.252367724],[1826419.3303594792,2187195.8667580932],[1826418.4257794502,2187194.1974351415],[1826414.8027423294,2187191.709929201],[1826413.466823925,2187190.32431957],[1826413.1640630332,2187189.631514754],[1826413.1483410117,2187188.938709939],[1826413.401142706,2187185.4746858617],[1826412.6695531097,2187184.7818810465],[1826409.4904101028,2187184.2267384897],[1826407.9556536507,2187183.3962714155],[1826406.9740951003,2187178.5466377074],[1826407.2711139875,2187176.468223261],[1826405.2858406054,2187174.3898088145],[1826401.6719619238,2187171.3070713063],[1826398.3211984185,2187169.463263744],[1826394.9704349132,2187169.0616343324],[1826391.6196714079,2187167.347478435],[1826389.385829071,2187167.0018307082],[1826386.0350655657,2187168.060526242],[1826382.6843020604,2187168.471593663],[1826380.4504597236,2187169.225366477],[1826378.2166173868,2187169.342364434],[1826373.748932713,2187171.47536336],[1826371.5150903761,2187171.315913984],[1826365.930484534,2187172.13217337],[1826363.696642197,2187172.2241557078],[1826362.5797210287,2187172.5815111347],[1826361.9996188534,2187172.3113943683],[1826361.6041500822,2187171.618589553],[1826361.8282155858,2187169.540175107],[1826363.29218899,2187167.46176066],[1826361.4627998602,2187166.3367226725],[1826360.8248178556,2187165.383346214],[1826362.3515647135,2187162.612126952],[1826362.146579828,2187161.919322137],[1826361.4627998602,2187161.2086511515],[1826359.2289575234,2187161.784905533],[1826356.627096926,2187159.8409076906],[1826356.5154703483,2187159.148102875],[1826356.7056282312,2187158.4552980596],[1826358.1120363548,2187157.1365768225],[1826359.4321448915,2187156.3768836134],[1826359.4247804726,2187155.6840787977],[1826356.032495935,2187138.363958412],[1826355.4398765098,2187136.2855439656],[1826354.7612728495,2187135.4575949376],[1826353.6443516812,2187134.6912365565],[1826351.4105093444,2187133.8404538627],[1826349.1766670074,2187133.443639033],[1826348.059745839,2187132.8573402087],[1826345.0464332432,2187130.0503006265],[1826343.5920611653,2187129.388219575],[1826341.3582188284,2187129.690469643],[1826340.24129766,2187129.601061409],[1826340.0050978346,2187129.3574958113],[1826339.4654471548,2187127.9718861803],[1826339.042120317,2187125.893471734],[1826339.1056298185,2187125.2006669184],[1826340.4070817044,2187123.122252472],[1826340.4530337232,2187122.429447657],[1826338.4092606108,2187118.272618764],[1826336.5696643908,2187115.501399502],[1826334.6237780252,2187111.3445706097],[1826335.600604053,2187105.8021320864],[1826336.3951119012,2187103.0309128244],[1826336.8905341546,2187102.2599545647],[1826339.1243764916,2187104.378009603],[1826341.3582188284,2187107.449714741],[1826342.475139997,2187108.481327336],[1826346.9428246706,2187107.781587429],[1826348.059745839,2187107.694827983],[1826348.4512782549,2187107.8805465326],[1826348.9205254833,2187108.573351348],[1826349.5658299755,2187110.6517657945],[1826349.5813882593,2187112.7301802407],[1826350.611851254,2187116.887009133],[1826351.722919763,2187118.272618764],[1826352.886308397,2187118.96542358],[1826354.7612728495,2187119.5619990258],[1826356.8272103658,2187123.8150572875],[1826358.1120363548,2187125.06458872],[1826359.2289575234,2187125.1143069207],[1826360.3458786919,2187124.6161728716],[1826361.6683131685,2187123.122252472],[1826363.7260738015,2187121.7366428412],[1826363.9889835424,2187121.043838026],[1826363.8602378194,2187119.658228395],[1826364.026691484,2187118.96542358],[1826364.8135633655,2187118.546058834],[1826373.748932713,2187119.813741474],[1826377.0996962183,2187119.743552635],[1826378.2166173868,2187120.045379251],[1826380.4504597236,2187121.110702285],[1826381.349703339,2187122.429447657],[1826381.9019198907,2187124.507862103],[1826381.7914605634,2187125.2006669184],[1826381.0146223337,2187126.5862765494],[1826380.4504597236,2187127.029998512],[1826377.0996962183,2187128.459397719],[1826373.748932713,2187128.895028231],[1826372.4904954217,2187129.3574958113],[1826371.6512549608,2187130.0503006265],[1826370.3981692076,2187131.7060331604],[1826368.8413270165,2187132.8215198885],[1826368.1643268708,2187134.739429619],[1826366.5811035172,2187135.59273915],[1826365.8451218896,2187136.2855439656],[1826365.863451251,2187137.6711535966],[1826369.4825179344,2187145.984811382],[1826369.7174373062,2187147.3704210124],[1826369.5082626939,2187150.8344450896],[1826369.7052943476,2187151.5272499053],[1826370.3981692076,2187151.915907422],[1826373.748932713,2187150.575260591],[1826376.5977543776,2187152.2200547205],[1826378.2166173868,2187152.68543874],[1826382.6843020604,2187151.2360833273],[1826387.8057000788,2187148.7560306434],[1826389.1922076084,2187145.292006566],[1826390.5027502393,2187141.0863076244],[1826391.6196714079,2187138.7172005503],[1826392.893993039,2187136.978348781],[1826394.211342222,2187133.5143247037],[1826395.5531724489,2187130.7431054423],[1826395.6764804912,2187129.3574958113],[1826395.1718045303,2187126.5862765494],[1826394.1064199095,2187124.507862103],[1826391.6196714079,2187121.5730259567],[1826389.385829071,2187118.369610434],[1826387.1519867342,2187115.644902259],[1826386.5791788835,2187112.037375425],[1826386.0350655657,2187111.167359617],[1826383.801223229,2187108.7405537874],[1826381.5673808919,2187105.6038100324],[1826379.601679802,2187102.338108009],[1826378.211365606,2187097.488474301],[1826378.5022221545,2187096.7956694853],[1826379.8959772445,2187095.410059855],[1826380.25722606,2187094.717255039],[1826379.8830652188,2187094.024450224],[1826379.1450761803,2187093.331645408],[1826377.0996962183,2187092.1528886887],[1826375.3351058492,2187090.5604261467],[1826371.5150903761,2187089.2122246516],[1826369.2812480393,2187089.7432177234],[1826367.6558389638,2187090.5604261467],[1826367.244766188,2187091.253230962],[1826366.8095095975,2187093.331645408],[1826365.037816568,2187094.717255039],[1826354.7612728495,2187099.39929631],[1826353.6443516812,2187099.4195901914],[1826352.1634765922,2187098.1812791163],[1826351.0843009169,2187096.7956694853],[1826349.1766670074,2187095.5154675916],[1826348.7207615927,2187094.717255039],[1826348.022580912,2187092.638840593],[1826348.2447692915,2187091.946035777],[1826349.588359384,2187090.5604261467],[1826349.9254538661,2187089.867621331],[1826350.1542288226,2187088.4820117],[1826349.1766670074,2187087.678804462],[1826345.6151164302,2187086.403597254],[1826346.5017783917,2187082.2467683614],[1826346.374234188,2187081.5539635457],[1826345.3078498242,2187080.168353915],[1826345.365456815,2187079.4755490995],[1826344.6227325287,2187078.0899394685],[1826344.6716486725,2187077.3971346533],[1826346.9428246706,2187075.827009638],[1826347.7718492728,2187074.6259153914],[1826351.4636268117,2187065.619452791],[1826351.552093155,2187064.23384316],[1826350.5599134213,2187060.0770142674],[1826348.3989709115,2187055.9201853746],[1826346.9312748013,2187054.5345757436],[1826346.7399544835,2187053.1489661126],[1826346.8029805017,2187052.4561612974],[1826347.337493217,2187051.763356482],[1826349.1766670074,2187051.0536557455],[1826350.0815882124,2187050.377746851],[1826351.4105093444,2187048.670829338],[1826352.5274305127,2187048.022476365],[1826354.7612728495,2187047.847115065],[1826355.6920771133,2187048.299332405],[1826358.4881070128,2187050.377746851],[1826358.235458288,2187051.0705516664],[1826356.9951151866,2187052.327969213],[1826356.552998167,2187053.1489661126],[1826356.3058189154,2187054.5345757436],[1826356.3771279608,2187057.3057950055],[1826358.3103918997,2187062.1554287137],[1826360.7095992945,2187065.619452791],[1826362.5797210287,2187070.763357646],[1826363.696642197,2187071.026264506],[1826364.8135633655,2187070.768167219],[1826366.0152775582,2187069.7762816832],[1826367.0474057023,2187067.715063377],[1826368.3265631674,2187066.312257606],[1826369.1581897063,2187063.5410383446],[1826370.3981692076,2187060.5658235652],[1826373.0527998495,2187056.6129901903],[1826373.3543520537,2187055.2273805593],[1826373.280335368,2187052.4561612974],[1826372.6557570344,2187049.6849420355],[1826372.2265283787,2187044.142503512],[1826370.6570676954,2187037.907260173],[1826371.1214098937,2187034.443236096],[1826370.3981692076,2187033.7327807415],[1826368.1643268708,2187032.7464422313],[1826367.669111682,2187032.3648216496],[1826367.428163387,2187031.6720168344],[1826367.1094817605,2187022.6655542334],[1826367.226822528,2187020.587139787],[1826366.5962698387,2187016.4303108947],[1826366.9053565983,2187013.659091633],[1826367.3611690432,2187012.9662868176],[1826369.2812480393,2187010.6742841816],[1826371.5150903761,2187009.3197802356],[1826372.6320115444,2187009.041006008],[1826373.5301090647,2187010.1950675556],[1826374.8658538815,2187010.551118822],[1826375.9870227484,2187011.5806771866],[1826377.0996962183,2187013.6619965467],[1826378.2166173868,2187014.000010223],[1826379.022122606,2187013.659091633],[1826379.333538555,2187013.2184090978],[1826379.801902905,2187011.5806771866],[1826380.4504597236,2187010.7194357747],[1826380.9701060166,2187009.5022627404],[1826381.453245061,2187007.4238482937],[1826382.6843020604,2187005.57505492],[1826383.801223229,2187005.7978823744],[1826386.0350655657,2187005.3871188546],[1826387.1519867342,2187005.5868021855],[1826388.2689079025,2187006.1065161466],[1826390.5027502393,2187007.688703703],[1826391.6868280603,2187008.1166531094],[1826393.8535137447,2187007.0209269254],[1826395.3793371553,2187004.6526290323],[1826396.9445552942,2187003.2670194013],[1826397.5794686186,2187001.8814097703],[1826398.3211984185,2187001.17976694],[1826400.5550407553,2187001.0552648962],[1826401.6719619238,2187001.551718172],[1826402.389981308,2187003.9598242166],[1826403.5134520892,2187006.038238663],[1826403.440906696,2187008.1166531094],[1826403.0255239278,2187010.1950675556],[1826403.060068725,2187011.5806771866],[1826407.1951484138,2187021.279944603],[1826410.888102815,2187027.5151879415],[1826411.0166404834,2187028.9007975725],[1826410.8262713833,2187030.2864072034],[1826411.1365680282,2187031.6720168344],[1826413.3158933902,2187034.443236096],[1826417.7421666817,2187039.292869804],[1826419.089079369,2187042.064089066],[1826419.8393139807,2187044.835308328],[1826420.659621787,2187045.7170415516],[1826424.0103852923,2187047.7479117047],[1826425.1273064609,2187048.0807369165],[1826426.2442276292,2187047.9807184953],[1826427.3611487977,2187047.6258709067],[1826431.8288334715,2187044.9306615246],[1826432.9457546398,2187044.4617443597],[1826438.530360482,2187043.589179351],[1826440.764202819,2187043.5943064587],[1826441.8811239873,2187044.4134127637],[1826442.9980451558,2187045.6269007092],[1826444.114966324,2187046.003669427],[1826446.348808661,2187045.7254266334],[1826447.4657298294,2187045.3122256366],[1826449.6995721664,2187045.2554567778],[1826453.0503356715,2187043.571226777],[1826456.4010991768,2187042.6803617063],[1826461.985705019,2187043.263014329],[1826464.219547356,2187042.350110338],[1826466.4533896928,2187041.804877398],[1826467.0254738366,2187041.37128425],[1826467.7231741245,2187040.678479435],[1826467.7661314833,2187039.292869804],[1826468.0348321812,2187038.6000649887],[1826468.6872320296,2187038.152817809],[1826470.9210743664,2187038.1350543117],[1826477.622601377,2187039.1537008816],[1826479.1872124565,2187038.6000649887],[1826480.3116282606,2187038.6000649887],[1826480.0080375478,2187039.292869804],[1826477.622601377,2187040.644410912],[1826475.3887590403,2187042.6594778746],[1826474.0981653933,2187042.756893881],[1826474.263136398,2187043.449698697],[1826475.3887590403,2187044.8987341207],[1826475.8570935393,2187046.2209179583],[1826475.4983291293,2187047.6065275893],[1826475.6495379915,2187048.299332405],[1826474.1108245803,2187051.0705516664],[1826474.0151144606,2187052.4561612974],[1826474.4534284892,2187053.1489661126],[1826476.5056802088,2187053.7046769885],[1826477.9496385094,2187054.5345757436],[1826477.8179011769,2187056.6129901903],[1826478.0549870606,2187057.3057950055],[1826477.836149781,2187057.998599821],[1826475.5811985582,2187059.3842094517],[1826470.9210743664,2187063.682953012],[1826467.5703108613,2187065.550023957],[1826465.3364685243,2187068.073881579],[1826464.219547356,2187068.7042525196],[1826461.985705019,2187068.976516614],[1826460.2543127614,2187069.7762816832],[1826459.4341254209,2187070.469086499],[1826458.6349415139,2187072.7513908446],[1826457.5180203454,2187073.3868851634],[1826455.2841780086,2187073.919027084],[1826453.0503356715,2187075.1414087154],[1826448.582650998,2187078.7124528517],[1826448.0244938578,2187079.4755490995],[1826446.5464359084,2187083.6323779924],[1826446.0556035403,2187085.7107924386],[1826443.4307638807,2187091.946035777],[1826440.72476548,2187100.952498378],[1826440.614982695,2187102.338108009],[1826441.1076480148,2187103.7237176397],[1826441.0364694148,2187105.1093272706],[1826441.3511898527,2187107.1877417173],[1826440.8508049252,2187109.2661561635],[1826441.2891012095,2187113.422985056],[1826442.9980451558,2187117.298299667],[1826447.4657298294,2187121.393306238],[1826449.6995721664,2187121.343043607],[1826453.0503356715,2187121.7769328384],[1826456.4010991768,2187123.780186057],[1826457.5180203454,2187123.9746993],[1826458.6349415139,2187123.4854521453],[1826460.8687838507,2187121.2169292043],[1826463.1026261875,2187120.6061898866],[1826464.219547356,2187120.9529970596],[1826469.8041531981,2187123.6625046968],[1826470.9210743664,2187123.8190991944],[1826475.3887590403,2187122.915490256],[1826477.622601377,2187122.169419354],[1826479.856443714,2187122.1684316555],[1826480.9733648824,2187121.302260066],[1826482.090286051,2187119.950922705],[1826483.2072072192,2187119.7660139613],[1826487.674891893,2187120.7465453167],[1826489.9087342299,2187120.7568932213],[1826491.5454140792,2187121.043838026],[1826491.8467751525,2187121.7366428412],[1826491.5469078566,2187122.429447657],[1826490.901091405,2187126.5862765494],[1826491.2543268327,2187128.6646909956],[1826490.2960310676,2187130.7431054423],[1826490.3556173195,2187131.4359102575],[1826491.0256553984,2187133.0257866643],[1826492.1425765667,2187133.5050337706],[1826493.2594977352,2187133.3237075177],[1826494.4464739638,2187133.5143247037],[1826493.8196170107,2187134.2071295194],[1826493.2594977352,2187134.3179118573],[1826491.18312105,2187135.59273915],[1826488.7918130613,2187136.65911371],[1826487.490636026,2187138.363958412],[1826486.5579707245,2187139.1155644534],[1826483.2072072192,2187140.560554339],[1826480.9733648824,2187140.512496999],[1826478.7395225456,2187140.866448862],[1826476.5056802088,2187142.4245162616],[1826473.1549167035,2187142.8126497986],[1826472.037995535,2187143.5445936723],[1826470.9210743664,2187143.8544281414],[1826469.5977253814,2187143.906396935],[1826468.6872320296,2187144.3305357504],[1826468.5423140507,2187144.599201751],[1826469.8041531981,2187145.741198495],[1826470.9210743664,2187146.137896822],[1826472.037995535,2187145.22777277],[1826473.1549167035,2187144.8214458176],[1826474.2718378718,2187145.518152008],[1826474.712203129,2187146.677616197],[1826477.029989964,2187156.3768836134],[1826477.5462221913,2187159.8409076906],[1826476.7500195042,2187160.533712506],[1826473.1549167035,2187161.232949163],[1826472.630097772,2187162.612126952],[1826473.3775281396,2187164.6905413987],[1826473.3685217102,2187166.768955845],[1826474.568997847,2187170.232979922],[1826474.6437866648,2187171.618589553],[1826475.0460905253,2187172.3113943683],[1826476.3115609626,2187173.004199184],[1826476.6436132446,2187173.6970039993],[1826476.5056802088,2187174.8992658583],[1826475.84563964,2187175.7754184455],[1826475.6321081012,2187176.468223261],[1826476.5056802088,2187177.231682891],[1826477.1637202206,2187179.2394425226],[1826477.019044179,2187179.9322473384],[1826476.5056802088,2187180.212503175],[1826475.7573727928,2187179.9322473384],[1826475.529163716,2187179.2394425226],[1826475.941121846,2187178.5466377074],[1826475.3887590403,2187178.0749781546],[1826474.548932659,2187178.5466377074],[1826474.2718378718,2187178.9998745024],[1826474.1437881214,2187178.5466377074],[1826471.966615934,2187177.1610280764],[1826468.6872320296,2187175.7221379653],[1826467.5703108613,2187175.6294980934],[1826466.835609869,2187176.468223261],[1826466.4533896928,2187177.951410559],[1826465.3364685243,2187179.162548468],[1826464.219547356,2187177.288750263],[1826454.594612199,2187180.6250521536],[1826454.091675941,2187181.3178569693],[1826456.0452298748,2187184.089076231],[1826456.3171358863,2187184.7818810465],[1826454.8178986453,2187186.167490677],[1826454.524290536,2187186.8602954927],[1826455.1388284534,2187188.2459051237],[1826455.4481792923,2187189.631514754],[1826455.5943099782,2187192.402734016],[1826456.2136226401,2187193.788343647],[1826458.4170301198,2187195.8667580932],[1826458.662863469,2187196.559562909],[1826458.56317814,2187197.9451725394],[1826458.9091689729,2187199.3307821704],[1826459.7518626822,2187200.1072637932],[1826461.985705019,2187200.5258426596],[1826463.1026261875,2187201.1225217404],[1826468.6872320296,2187207.356845853],[1826469.8041531981,2187207.9682600237],[1826470.9210743664,2187208.0128143695],[1826472.037995535,2187208.597452306],[1826472.138888085,2187209.722854402],[1826470.9210743664,2187210.532514482],[1826469.8041531981,2187210.7288550553],[1826468.6872320296,2187211.2238714644],[1826466.4533896928,2187213.2528598905],[1826463.1026261875,2187215.033442487],[1826461.0584578223,2187218.036512187],[1826459.7518626822,2187218.989240828],[1826457.2884891217,2187219.422121818],[1826457.0407261336,2187220.807731449],[1826455.5190942795,2187222.8861458953],[1826454.3837107285,2187224.2717555263],[1826453.0503356715,2187225.03128165],[1826452.4725913864,2187225.6573651573],[1826451.9334145032,2187227.2149960627],[1826449.6995721664,2187229.293827281],[1826446.348808661,2187229.83351172],[1826444.114966324,2187229.782692331],[1826441.8811239873,2187230.897528158]]},"properties":{"elevation":25.0}},{"type":"Feature","geometry":{"type":"LineString","coordinates":[[1826497.7271824088,2187225.2613816364],[1826496.6102612405,2187224.848864651],[1826493.0837371573,2187222.8861458953],[1826492.1151471534,2187222.19334108],[1826491.824888996,2187221.5005362644],[1826493.081063858,2187220.807731449],[1826495.493340072,2187219.9363275743],[1826496.6102612405,2187219.774063664],[1826498.1684919319,2187220.114926634],[1826498.8496117,2187220.807731449],[1826499.1269609,2187221.5005362644],[1826499.3821545655,2187224.2717555263],[1826499.2685078287,2187224.9645603416],[1826498.8441035773,2187225.4861004306],[1826497.7271824088,2187225.2613816364]]},"properties":{"elevation":25.0}},{"type":"Feature","geometry":{"type":"LineString","coordinates":[[1826975.7694424978,2187216.111811324],[1826974.6525213292,2187215.8036297793],[1826973.5356001607,2187214.9777454343],[1826971.7920755877,2187213.186878479],[1826969.067915487,2187211.225732411],[1826967.5679810622,2187207.6444399557],[1826967.7564139052,2187206.9516351405],[1826969.067915487,2187206.1433798675],[1826978.0032848346,2187203.4774523918],[1826980.2371271714,2187203.1160478992],[1826981.3540483399,2187203.4228512356],[1826981.9553276957,2187205.5660255095],[1826982.5953620204,2187206.9516351405],[1826982.700194485,2187208.3372447714],[1826983.4835916439,2187211.108464033],[1826983.3424201666,2187212.494073664],[1826981.3540483399,2187215.826199171],[1826980.2371271714,2187216.2027873476],[1826978.0032848346,2187216.461338224],[1826975.7694424978,2187216.111811324]]},"properties":{"elevation":25.0}},{"type":"Feature","geometry":{"type":"LineString","coordinates":[[1826918.8064629077,2187206.13784187],[1826918.2362574008,2187205.5660255095],[1826918.8064629077,2187204.5121001857],[1826919.2523636762,2187204.8732206943],[1826919.3116836757,2187205.5660255095],[1826918.8064629077,2187206.13784187]]},"properties":{"elevation":25.0}},{"type":"Feature","geometry":{"type":"LineString","coordinates":[[1826943.378728613,2187198.0078126127],[1826941.3785821223,2187197.252367724],[1826940.9041680014,2187196.559562909],[1826937.3208513851,2187182.0106617846],[1826937.3743740313,2187181.3178569693],[1826937.794122771,2187180.676490723],[1826940.027965108,2187180.7110263635],[1826941.1448862762,2187180.3866961994],[1826942.2618074447,2187178.4451661212],[1826943.378728613,2187177.5812972705],[1826944.4956497815,2187178.8421699745],[1826948.3576208644,2187186.167490677],[1826951.0795415088,2187191.709929201],[1826951.3301089879,2187193.095538832],[1826949.6621120092,2187196.559562909],[1826948.9633344554,2187197.522449342],[1826947.8464132869,2187198.0876802607],[1826946.7294921183,2187198.193801249],[1826943.378728613,2187198.0078126127]]},"properties":{"elevation":25.0}},{"type":"Feature","geometry":{"type":"LineString","coordinates":[[1826915.4556994024,2187191.093516131],[1826914.9148113562,2187190.32431957],[1826914.3387782339,2187190.0491941627],[1826911.8038351552,2187185.4746858617],[1826912.104935897,2187184.539119952],[1826913.2218570656,2187184.1506751245],[1826914.3387782339,2187184.1135264672],[1826915.4556994024,2187184.47326706],[1826915.7490770377,2187184.7818810465],[1826915.9486080317,2187188.2459051237],[1826915.7335108935,2187190.32431957],[1826915.4556994024,2187191.093516131]]},"properties":{"elevation":25.0}},{"type":"Feature","geometry":{"type":"LineString","coordinates":[[1826904.286487718,2187175.8333403324],[1826902.198123985,2187173.6970039993],[1826902.7838245442,2187173.004199184],[1826903.1695665496,2187171.830392682],[1826905.4034088864,2187172.5258098734],[1826906.520330055,2187173.14270393],[1826906.85870522,2187173.6970039993],[1826906.912607847,2187174.3898088145],[1826906.520330055,2187175.452199128],[1826904.286487718,2187175.8333403324]]},"properties":{"elevation":25.0}},{"type":"Feature","geometry":{"type":"LineString","coordinates":[[1826888.64959136,2187175.149852587],[1826887.5326701915,2187175.006942709],[1826887.4640233747,2187174.3898088145],[1826888.64959136,2187173.932746518],[1826891.1056620448,2187174.3898088145],[1826889.953235194,2187175.08261363],[1826888.64959136,2187175.149852587]]},"properties":{"elevation":25.0}},{"type":"Feature","geometry":{"type":"LineString","coordinates":[[1826482.090286051,2187169.67682883],[1826481.8315488969,2187169.540175107],[1826482.090286051,2187169.3294365583],[1826482.090286051,2187169.67682883]]},"properties":{"elevation":25.0}},{"type":"Feature","geometry":{"type":"LineString","coordinates":[[1826480.9733648824,2187167.8920702096],[1826480.5306805081,2187167.46176066],[1826480.9733648824,2187166.7668839875],[1826481.5182207515,2187167.46176066],[1826480.9733648824,2187167.8920702096]]},"properties":{"elevation":25.0}},{"type":"Feature","geometry":{"type":"LineString","coordinates":[[1826526.7671327882,2187156.265197522],[1826526.2984369698,2187155.6840787977],[1826526.6944707646,2187153.6056643515],[1826526.7671327882,2187153.4280017037],[1826527.8840539565,2187153.1970485235],[1826528.2414622644,2187155.6840787977],[1826527.8840539565,2187156.2348187715],[1826526.7671327882,2187156.265197522]]},"properties":{"elevation":25.0}},{"type":"Feature","geometry":{"type":"LineString","coordinates":[[1826525.6502116197,2187148.780307688],[1826524.5332904512,2187147.4579794193],[1826523.4163692829,2187146.7248600954],[1826521.182526946,2187146.301809681],[1826520.6194377944,2187145.984811382],[1826519.979534094,2187143.906396935],[1826519.936669512,2187143.21359212],[1826520.7599354656,2187141.827982489],[1826521.182526946,2187141.603626511],[1826522.2994481144,2187141.6703429758],[1826524.5332904512,2187140.2512822486],[1826525.6502116197,2187140.9333730508],[1826527.055611034,2187142.5207873047],[1826528.1009340195,2187144.599201751],[1826527.7825932838,2187145.984811382],[1826526.7671327882,2187148.247592331],[1826525.6502116197,2187148.780307688]]},"properties":{"elevation":25.0}},{"type":"Feature","geometry":{"type":"LineString","coordinates":[[1826812.6989519065,2187131.024765851],[1826812.6989519065,2187130.641081271],[1826812.6989519065,2187131.024765851]]},"properties":{"elevation":25.0}},{"type":"Feature","geometry":{"type":"LineString","coordinates":[[1826343.5920611653,2187096.1282891496],[1826343.5920611653,2187095.7419455242],[1826343.5920611653,2187096.1282891496]]},"properties":{"elevation":25.0}},{"type":"Feature","geometry":{"type":"LineString","coordinates":[[1826805.997424896,2187096.4277518657],[1826802.6466613908,2187094.0045671375],[1826800.5671870788,2187091.946035777],[1826800.5825302452,2187091.253230962],[1826800.9854783039,2187090.5604261467],[1826801.889065357,2187089.867621331],[1826803.0312292674,2187088.4820117],[1826802.9380174703,2187086.403597254],[1826803.763582559,2187085.5437144716],[1826811.5820307382,2187082.1371361953],[1826816.0497154118,2187080.759720749],[1826817.050834778,2187080.8611587305],[1826816.9392365988,2187081.5539635457],[1826812.1056101199,2187090.5604261467],[1826811.793264926,2187092.638840593],[1826809.3481884014,2187095.13988859],[1826808.231267233,2187096.000470788],[1826807.1143460644,2187096.511609666],[1826805.997424896,2187096.4277518657]]},"properties":{"elevation":25.0}},{"type":"Feature","geometry":{"type":"LineString","coordinates":[[1827008.7186169664,2187054.8761225804],[1827008.1601563822,2187054.8761225804],[1827005.9263140452,2187056.0784796295],[1827001.4586293716,2187057.0525239264],[1826999.2247870348,2187056.7617436512],[1826998.4155106707,2187055.9201853746],[1826997.815948637,2187053.8417709284],[1826996.9909446978,2187052.4748167302],[1826993.6401811927,2187052.597353907],[1826989.1724965188,2187050.259884583],[1826986.938654182,2187048.7893244014],[1826985.8217330135,2187047.4308450557],[1826985.2252128068,2187045.528113143],[1826984.8863195847,2187043.449698697],[1826984.5029065218,2187042.756893881],[1826977.1282644004,2187034.443236096],[1826975.7694424978,2187033.415977428],[1826974.2415382757,2187030.9792120187],[1826973.9242913444,2187030.2864072034],[1826973.3256660923,2187026.8223831262],[1826973.5356001607,2187025.805354361],[1826975.5747749323,2187024.0511638643],[1826976.607081484,2187022.6655542334],[1826976.7513171416,2187020.587139787],[1826977.2158398458,2187019.894334972],[1826983.5878906767,2187015.272852088],[1826984.7048118452,2187014.643741178],[1826985.6077869404,2187015.044701264],[1826986.938654182,2187016.5932822744],[1826988.0555753503,2187016.4404032216],[1826989.1724965188,2187015.472698458],[1826990.2894176873,2187014.848989915],[1826991.4063388556,2187014.607430423],[1826996.9909446978,2187014.6937839217],[1826997.8800339887,2187013.659091633],[1826997.907555982,2187012.273482002],[1826998.1078658663,2187012.016191072],[1826999.280429523,2187012.273482002],[1826999.7950258004,2187012.9662868176],[1827000.274995705,2187014.351896448],[1826999.2247870348,2187017.4767179475],[1826998.2943382994,2187018.508725341],[1826998.1891308583,2187019.201530156],[1826997.7617459074,2187019.894334972],[1826996.9909446978,2187020.4779526],[1826996.4096427974,2187021.279944603],[1826993.9945479273,2187022.6655542334],[1826993.2791686142,2187023.358359049],[1826992.5232600241,2187023.717797319],[1826990.2894176873,2187024.067838456],[1826989.4155444808,2187024.74396868],[1826989.0866231748,2187025.4367734953],[1826990.2894176873,2187026.008079297],[1826992.5232600241,2187026.284953827],[1826993.2247449933,2187025.4367734953],[1826993.6401811927,2187024.286457444],[1826996.9909446978,2187024.666973471],[1827002.5755505401,2187024.4442638126],[1827004.809392877,2187023.611044367],[1827007.0432352137,2187022.1797171957],[1827008.1601563822,2187021.1321099107],[1827008.7186169664,2187021.1321099107]]},"properties":{"elevation":25.0}},{"type":"Feature","geometry":{"type":"LineString","coordinates":[[1826852.9081139702,2187051.8019965948],[1826851.687979868,2187051.0705516664],[1826850.3455718774,2187046.2209179583],[1826850.4457459876,2187042.756893881],[1826850.6742716334,2187041.9697038154],[1826851.7336592528,2187040.678479435],[1826852.9081139702,2187039.700100173],[1826854.0250351387,2187039.2050665338],[1826857.3757986438,2187038.0103299264],[1826860.7265621491,2187036.416642585],[1826862.6808950568,2187035.828845727],[1826864.0773256544,2187035.7567755803],[1826865.194246823,2187036.021082113],[1826866.3111679913,2187036.715076827],[1826868.107814817,2187039.292869804],[1826868.2766681921,2187040.678479435],[1826869.160859723,2187043.449698697],[1826869.6271346062,2187046.913722774],[1826869.3541756845,2187047.6065275893],[1826868.7469287592,2187048.299332405],[1826866.3111679913,2187049.0809232257],[1826861.8434833176,2187049.523933953],[1826852.9081139702,2187051.8019965948]]},"properties":{"elevation":25.0}},{"type":"Feature","geometry":{"type":"LineString","coordinates":[[1826988.0555753503,2187021.994184185],[1826986.938654182,2187021.805856783],[1826986.7397453093,2187021.279944603],[1826986.938654182,2187020.470946974],[1826988.0555753503,2187019.0334513863],[1826989.1724965188,2187019.5812709546],[1826989.4801935875,2187020.587139787],[1826989.0609107416,2187021.279944603],[1826988.0555753503,2187021.994184185]]},"properties":{"elevation":25.0}},{"type":"Feature","geometry":{"type":"LineString","coordinates":[[1826963.483309645,2186984.913252055],[1826959.9238167568,2186981.7900701226],[1826958.960591731,2186980.4044604916],[1826960.14326028,2186976.247631599],[1826961.560158144,2186974.8620219682],[1826961.9067551617,2186974.169217153],[1826962.0140506169,2186972.783607522],[1826961.7602507244,2186970.705193076],[1826960.4038392443,2186964.4699497367],[1826959.757962172,2186962.3915352905],[1826959.0156249711,2186961.2070483705],[1826957.8987038028,2186960.863250245],[1826956.7817826343,2186959.937521002],[1826955.766904175,2186957.5419015824],[1826956.115560071,2186955.4634871357],[1826956.923088718,2186952.6922678743],[1826956.9040060202,2186951.9994630585],[1826956.6668005656,2186951.3066582433],[1826954.0586312725,2186948.5354389814],[1826953.2395144375,2186947.149829351],[1826952.6872525844,2186944.378610089],[1826952.660863413,2186941.607390827],[1826952.8332110236,2186940.914586012],[1826954.0047795477,2186939.528976381],[1826955.1092993154,2186933.9865378574],[1826956.3759954753,2186930.5225137803],[1826960.6751868927,2186920.823246364],[1826961.817067452,2186918.744831918],[1826963.2042439491,2186918.052027102],[1826966.1498335279,2186917.359222287],[1826967.2883823481,2186915.973612656],[1826967.9509943186,2186915.637019787],[1826972.4186789924,2186914.9874074096],[1826975.7694424978,2186913.7707601064],[1826982.4709695082,2186913.7903734213],[1826983.1673598406,2186914.588003025],[1826983.5926674171,2186915.973612656],[1826986.7437410606,2186931.2153185955],[1826985.1053408487,2186936.0649523037],[1826985.4612883928,2186938.8361715656],[1826985.1855533577,2186940.221781196],[1826984.000165637,2186942.993000458],[1826982.4290959348,2186945.071414904],[1826982.4727216728,2186945.76421972],[1826983.8820727298,2186948.5354389814],[1826984.560594002,2186950.613853428],[1826985.968756607,2186952.6922678743],[1826986.3297803625,2186954.077877505],[1826981.5998241866,2186976.9404364144],[1826981.0000361986,2186978.3260460454],[1826978.4685953944,2186980.4044604916],[1826976.886363666,2186982.0566113913],[1826975.7694424978,2186981.9749978376],[1826974.6525213292,2186981.5794062032],[1826973.5356001607,2186981.554472638],[1826970.8691543106,2186982.4828749383],[1826965.7171519818,2186984.863077482],[1826964.6002308133,2186985.0281136204],[1826963.483309645,2186984.913252055]]},"properties":{"elevation":25.0}},{"type":"Feature","geometry":{"type":"LineString","coordinates":[[1826941.1448862762,2186905.774314439],[1826939.019098085,2186904.8887356087],[1826938.1933333415,2186904.1959307934],[1826937.337206288,2186902.8103211625],[1826936.9395326283,2186901.4247115315],[1826940.04534437,2186895.189468193],[1826940.230961351,2186894.496663377],[1826939.8288190884,2186892.418248931],[1826939.9325031165,2186891.0326393],[1826939.8045226824,2186890.3398344847],[1826938.2660931048,2186887.568615223],[1826936.8566461068,2186880.6405670685],[1826936.6967385246,2186877.8693478066],[1826935.6028100834,2186873.019714099],[1826932.5738754869,2186868.1700803908],[1826932.1424794171,2186866.78447076],[1826931.9823610804,2186864.013251498],[1826930.5674811106,2186861.9348370517],[1826929.975674592,2186860.5975683886],[1826930.0453780522,2186857.0852033435],[1826929.4621573582,2186854.3139840816],[1826929.503417775,2186852.928374451],[1826929.975674592,2186851.7038965123],[1826930.9742947414,2186850.157155189],[1826932.2095169288,2186849.0903046047],[1826937.794122771,2186848.338647277],[1826946.7294921183,2186845.3714764663],[1826948.9633344554,2186845.556228631],[1826949.9366368484,2186845.307521481],[1826953.0045957596,2186843.229107035],[1826954.5479402975,2186842.635627555],[1826955.6648614658,2186843.0382686886],[1826956.5038342953,2186843.92191185],[1826963.483309645,2186852.8632163373],[1826965.4280975552,2186854.3139840816],[1826965.8065906037,2186855.0067888973],[1826965.7515805818,2186855.6995937126],[1826963.867780093,2186858.4708129745],[1826961.249467308,2186859.2923523327],[1826960.1325461396,2186860.0595664475],[1826959.5059042023,2186861.2420322364],[1826959.397429542,2186861.9348370517],[1826959.4387080658,2186864.7060563136],[1826960.1325461396,2186866.4268083926],[1826961.9872632264,2186868.1700803908],[1826962.3663884765,2186870.557430269],[1826963.483309645,2186871.0368210063],[1826968.7863358043,2186872.326909283],[1826969.7765987283,2186873.019714099],[1826970.1831985922,2186873.712518914],[1826972.9328544883,2186889.647029669],[1826972.4186789924,2186890.6305375723],[1826967.9509943186,2186892.938754049],[1826966.8340731503,2186893.299003674],[1826963.483309645,2186893.452501758],[1826961.249467308,2186893.89246681],[1826957.8987038028,2186896.3526001764],[1826954.5479402975,2186897.017579308],[1826953.0508815465,2186897.9606874543],[1826948.4543539684,2186903.503125978],[1826946.7294921183,2186904.849627066],[1826943.378728613,2186906.043737163],[1826941.1448862762,2186905.774314439]]},"properties":{"elevation":25.0}},{"type":"Feature","geometry":{"type":"LineString","coordinates":[[1826854.0250351387,2186896.13522147],[1826853.6381691473,2186895.882273008],[1826853.2748769203,2186895.189468193],[1826853.3242184843,2186894.496663377],[1826854.0250351387,2186893.684294436],[1826855.141956307,2186893.4521965454],[1826857.3757986438,2186894.189806559],[1826857.5325698229,2186894.496663377],[1826856.2588774755,2186895.901583509],[1826855.141956307,2186896.295971359],[1826854.0250351387,2186896.13522147]]},"properties":{"elevation":25.0}},{"type":"Feature","geometry":{"type":"LineString","coordinates":[[1826859.6096409808,2186891.7829512656],[1826859.4591420759,2186891.0326393],[1826859.6096409808,2186890.066893614],[1826859.8826195353,2186891.0326393],[1826859.6096409808,2186891.7829512656]]},"properties":{"elevation":25.0}},{"type":"Feature","geometry":{"type":"LineString","coordinates":[[1827008.7186169664,2186877.80418478],[1827008.1601563822,2186877.80418478],[1827007.0432352137,2186878.899870593],[1827003.6924717084,2186880.574630162],[1827001.4586293716,2186882.1278767507],[1827000.341708203,2186883.7249036194],[1826999.7819002362,2186885.4902007766],[1826992.916376831,2186889.647029669],[1826990.2894176873,2186890.3336127447],[1826986.0408287004,2186889.647029669],[1826984.6996009718,2186888.954224854],[1826983.0195474585,2186886.8758104076],[1826981.3540483399,2186884.2567285495],[1826978.5425154292,2186880.6405670685],[1826975.7122929606,2186876.483738176],[1826974.6973271878,2186874.4053237294],[1826974.6117486083,2186873.712518914],[1826974.722094476,2186873.019714099],[1826976.2478016187,2186870.248494837],[1826977.3690741023,2186867.477275575],[1826978.6014382879,2186866.091665944],[1826983.5878906767,2186862.925514709],[1826989.1724965188,2186861.2357684346],[1826990.748118076,2186860.5492274207],[1826994.386864505,2186857.7780081593],[1826996.9909446978,2186856.9627914503],[1826999.2247870348,2186855.6989695644],[1827001.4586293716,2186855.9015974253],[1827002.5755505401,2186855.398336901],[1827003.6924717084,2186855.227858213],[1827008.1601563822,2186857.3027560874],[1827008.7186169664,2186857.3027560874]]},"properties":{"elevation":25.0}},{"type":"Feature","geometry":{"type":"LineString","coordinates":[[1826856.2588774755,2186887.614411876],[1826856.1128142867,2186887.568615223],[1826857.8573660664,2186887.568615223],[1826857.3757986438,2186887.7864766475],[1826856.2588774755,2186887.614411876]]},"properties":{"elevation":25.0}},{"type":"Feature","geometry":{"type":"LineString","coordinates":[[1826793.7112920433,2186881.710557306],[1826793.0890262362,2186881.3333718837],[1826794.8282132116,2186880.3444717964],[1826795.9451343801,2186880.2297618045],[1826796.7027828535,2186880.6405670685],[1826795.3043198283,2186881.3333718837],[1826793.7112920433,2186881.710557306]]},"properties":{"elevation":25.0}},{"type":"Feature","geometry":{"type":"LineString","coordinates":[[1826801.5297402223,2186873.849766114],[1826801.3303986245,2186873.712518914],[1826801.5297402223,2186873.15711208],[1826802.3186410181,2186873.712518914],[1826801.5297402223,2186873.849766114]]},"properties":{"elevation":25.0}},{"type":"Feature","geometry":{"type":"LineString","coordinates":[[1826802.6466613908,2186870.5031905547],[1826801.5297402223,2186869.624777402],[1826800.412819054,2186869.300704225],[1826800.2103021608,2186868.862885206],[1826800.3808335273,2186868.1700803908],[1826801.371275434,2186868.862885206],[1826801.5297402223,2186869.202710353],[1826802.6466613908,2186869.3736680504],[1826802.814244065,2186869.5556900217],[1826802.6466613908,2186870.5031905547]]},"properties":{"elevation":25.0}},{"type":"Feature","geometry":{"type":"LineString","coordinates":[[1826794.8282132116,2186864.7686844748],[1826794.5721866374,2186864.7060563136],[1826794.5019175743,2186864.013251498],[1826794.8282132116,2186863.726507944],[1826795.9451343801,2186863.678532485],[1826797.330617894,2186864.7060563136],[1826797.0620555487,2186864.8550722855],[1826794.8282132116,2186864.7686844748]]},"properties":{"elevation":25.0}},{"type":"Feature","geometry":{"type":"LineString","coordinates":[[1826808.231267233,2186864.058393938],[1826808.0589618606,2186864.013251498],[1826808.231267233,2186863.832665],[1826808.231267233,2186864.058393938]]},"properties":{"elevation":25.0}},{"type":"Feature","geometry":{"type":"LineString","coordinates":[[1827008.7186169664,2186785.1266727694],[1827007.0432352137,2186785.2090476905],[1827005.9263140452,2186786.3084838074],[1827003.6924717084,2186789.2516632676],[1827002.5755505401,2186789.5318223587],[1826996.9909446978,2186788.9106181553],[1826995.8740235295,2186788.6043178537],[1826992.5232600241,2186786.9331327095],[1826991.4063388556,2186787.3736373587],[1826990.2894176873,2186788.568799077],[1826988.0555753503,2186788.0833410122],[1826986.938654182,2186788.2207670896],[1826976.946965533,2186790.5759410616],[1826974.6525213292,2186793.3506087475],[1826973.5356001607,2186793.591361782],[1826965.7171519818,2186792.3078683275],[1826963.483309645,2186792.0702494895],[1826962.3663884765,2186792.2975324076],[1826961.249467308,2186793.9151057024],[1826960.1325461396,2186797.9646034115],[1826959.0156249711,2186799.2780510923],[1826954.5479402975,2186802.837559889],[1826953.431019129,2186803.187307473],[1826948.9633344554,2186801.7687861053],[1826946.7294921183,2186802.086003918],[1826944.4956497815,2186803.215563896],[1826943.378728613,2186802.9339853637],[1826940.2622394871,2186797.503989216],[1826938.4058256773,2186793.347160323],[1826939.5541944825,2186792.654355508],[1826941.7174639243,2186791.961550692],[1826942.059208579,2186791.268745877],[1826941.8885953352,2186790.5759410616],[1826942.1800429022,2186789.883136246],[1826944.0781262317,2186788.497526615],[1826945.156836847,2186786.4191121687],[1826947.8464132869,2186785.0720934165],[1826948.9633344554,2186784.678646675],[1826950.0802556237,2186784.5778917037],[1826951.1971767922,2186784.8227158748],[1826952.3140979605,2186784.778617543],[1826953.431019129,2186784.189674606],[1826954.5479402975,2186783.2205292154],[1826957.8987038028,2186781.4319985243],[1826960.1325461396,2186781.793196399],[1826961.249467308,2186781.639561402],[1826964.6002308133,2186780.2193487133],[1826965.7171519818,2186780.036326065],[1826967.9509943186,2186779.178911923],[1826971.301757824,2186779.0083604585],[1826973.5356001607,2186778.331254172],[1826975.7694424978,2186776.8183509153],[1826978.0032848346,2186776.67880629],[1826982.4709695082,2186775.7881733985],[1826984.7048118452,2186775.655452807],[1826985.8217330135,2186775.171784523],[1826988.0555753503,2186773.637767021],[1826992.5232600241,2186772.773972178],[1826994.757102361,2186770.9705004687],[1826996.6255344057,2186769.791796598],[1826997.3615296308,2186769.098991783],[1826998.1584638015,2186767.713382152],[1826999.6638028496,2186766.327772521],[1827003.4431914322,2186756.6285051047],[1827004.4385281259,2186755.242895474],[1827004.809392877,2186754.9280157364],[1827007.0432352137,2186754.639948324],[1827008.1601563822,2186755.06927205],[1827008.7186169664,2186755.06927205]]},"properties":{"elevation":25.0}},{"type":"Feature","geometry":{"type":"LineString","coordinates":[[1826788.1266862012,2186800.976477424],[1826786.2146551246,2186800.2752084774],[1826785.5840311532,2186799.582403662],[1826787.0097650327,2186798.496585895],[1826788.1266862012,2186798.3354065074],[1826789.2436073695,2186798.6443815837],[1826789.520619664,2186798.889598847],[1826789.6730130457,2186799.582403662],[1826789.2436073695,2186800.2875192794],[1826788.1266862012,2186800.976477424]]},"properties":{"elevation":25.0}},{"type":"Feature","geometry":{"type":"LineString","coordinates":[[1826823.868163591,2186764.278249018],[1826822.7512424225,2186762.756912364],[1826819.4250536605,2186753.1644810275],[1826818.6929562748,2186751.778871397],[1826818.283557749,2186750.2242944776],[1826817.8144770053,2186749.7004569503],[1826817.8009472317,2186747.622042504],[1826818.283557749,2186747.2708749343],[1826820.5174000857,2186747.719819694],[1826824.9850847593,2186746.847851993],[1826827.2189270963,2186746.7272342495],[1826827.8390180075,2186746.929237689],[1826827.4068756385,2186749.7004569503],[1826826.4382489114,2186752.4716762123],[1826826.0129771223,2186754.5500906585],[1826824.3935731216,2186758.0141147356],[1826824.1199177615,2186760.0925291823],[1826824.1776921377,2186763.5565532595],[1826823.868163591,2186764.278249018]]},"properties":{"elevation":25.0}}]}