{"crs":{"type":"name","properties":{"name":"urn:ogc:def:crs:EPSG::5070"}},"type":"FeatureCollection","features":[{"type":"Feature","geometry":{"type":"LineString","coordinates":[[1826587.7245028482,2186744.720034695],[1826597.6978621734,2186741.5613051224],[1826604.2218621434,2186739.498898038],[1826606.9732143001,2186738.6636544922],[1826845.548030134,2186670.3931224253],[1826848.0949225232,2186669.659292709],[1826856.9846242296,2186667.3037618366],[1826860.8384166716,2186666.279957129],[1826862.9947058512,2186665.707114832],[1826867.2236752948,2186664.58773058],[1826869.781291416,2186663.8449301994],[1827097.461225984,2186597.6011352916],[1827107.581281699,2186594.661662823],[1827109.5669609609,2186594.0831347094],[1827118.6163911708,2186592.145272596],[1827128.5598379697,2186590.0271657384]]},"properties":{"width":2.0,"type":"Footway"},"id":"48a8f71b-ffa6-4f90-a010-fbdc37a9cd63"},{"type":"Feature","geometry":{"type":"LineString","coordinates":[[1826882.3779763288,2186762.8881654437],[1826880.4073167222,2186755.311907076],[1826871.1110323805,2186719.552760093],[1826863.3294448894,2186689.985037022],[1826860.0751349032,2186678.4812366655]]},"properties":{"width":7.0,"type":"Major"},"id":"acaf5d98-058e-4463-a4e1-65c6cb4f1124"},{"type":"Feature","geometry":{"type":"LineString","coordinates":[[1826891.821652507,2186839.681126671],[1826891.0587230658,2186836.9005433894],[1826873.3322855523,2186772.720821745],[1826872.8999841774,2186771.053878794],[1826871.5782069087,2186766.012660506],[1826870.5343323154,2186761.9805816356],[1826869.5565052305,2186758.2517598225],[1826851.7342455133,2186693.382162531],[1826851.2294547136,2186691.5485289847],[1826848.6197004928,2186681.7962809675],[1826846.3423224848,2186673.2961625895],[1826845.548030134,2186670.3931224253],[1826827.7482378974,2186605.206783833],[1826827.1100412915,2186602.8814025666],[1826825.6028941025,2186597.313178934],[1826824.6790221203,2186593.574089975]]},"properties":{"width":2.0,"type":"Footway"},"id":"8220597d-6dfa-489a-a5d3-b45498113859"},{"type":"Feature","geometry":{"type":"LineString","coordinates":[[1826860.0751349032,2186678.4812366655],[1826848.6197004928,2186681.7962809675],[1826610.1472145475,2186750.6546225557],[1826600.6420527059,2186753.578594629]]},"properties":{"width":3.5,"type":"Minor"},"id":"74d1d3e0-24a0-4d44-a409-90fb2d6a375d"},{"type":"Feature","geometry":{"type":"LineString","coordinates":[[1826872.4343615484,2186687.300583464],[1826863.3294448894,2186689.985037022],[1826854.5508281384,2186692.562383847],[1826851.7342455133,2186693.382162531],[1826613.5690381965,2186762.761597856],[1826611.3755029812,2186763.383241393]]},"properties":{"width":2.0,"type":"Footway"},"id":"a7a24e98-bbc3-41b5-a0ea-f881ecf730f7"},{"type":"Feature","geometry":{"type":"LineString","coordinates":[[1826882.3779763288,2186762.8881654437],[1826871.5782069087,2186766.012660506],[1826632.7944111002,2186834.9574189666],[1826623.290141874,2186837.5133361137]]},"properties":{"width":3.0,"type":"Service"},"id":"22781097-a07f-4b05-81bd-0761b7f7019b"},{"type":"Feature","geometry":{"type":"LineString","coordinates":[[1827134.0533300817,2186682.8614616157],[1827132.0243660186,2186683.659902944],[1827100.2863778803,2186693.1426266395],[1827068.732419383,2186702.392717632],[1826893.5486134954,2186751.7043280513],[1826890.3161345671,2186752.610060769],[1826888.9427924925,2186752.999421474],[1826886.7732283382,2186753.5921329684],[1826884.4308708624,2186754.224619383],[1826880.4073167222,2186755.311907076],[1826872.6058967467,2186757.4293930996],[1826869.5565052305,2186758.2517598225],[1826630.980216365,2186828.8680442665],[1826628.0650865363,2186829.5955909197]]},"properties":{"width":2.0,"type":"Footway"},"id":"c2a0700f-73da-4a78-b8f9-fa8464e77ac5"},{"type":"Feature","geometry":{"type":"LineString","coordinates":[[1826903.2356111964,2186841.534501717],[1826901.1719835221,2186834.097386999],[1826884.149634771,2186769.704041151],[1826882.3779763288,2186762.8881654437]]},"properties":{"width":7.0,"type":"Major"},"id":"12099f2e-5619-4fef-ab6d-84940d70c81c"},{"type":"Feature","geometry":{"type":"LineString","coordinates":[[1826891.821652507,2186839.681126671],[1826893.1772427412,2186844.396633929],[1826894.4702172044,2186848.867228708]]},"properties":{"width":2.0,"type":"Footway"},"id":"51825d6a-5cf2-407a-ae4c-b358a173aa66"},{"type":"Feature","geometry":{"type":"LineString","coordinates":[[1826939.1170330157,2186922.1498484444],[1827178.5030506293,2186853.1144846533]]},"properties":{"width":2.0,"type":"Footway"},"id":"98fa752d-6239-4b49-b22a-7a8713512204"},{"type":"Feature","geometry":{"type":"LineString","coordinates":[[1827187.4530735835,2186842.9603356854],[1827176.6926393323,2186846.2087848005],[1826937.2648977616,2186915.3839913392],[1826925.0580578262,2186918.7861964153]]},"properties":{"width":3.0,"type":"Service"},"id":"1f009974-44e0-48a2-a33c-80bb552523c9"},{"type":"Feature","geometry":{"type":"LineString","coordinates":[[1826897.9896472194,2186850.5722394255],[1826905.146133424,2186848.4176794887],[1826915.6975702152,2186845.1425971426],[1826919.1178183493,2186844.097081494],[1827157.3498584065,2186774.673196623],[1827174.9658329159,2186839.276789643]]},"properties":{"width":2.0,"type":"Footway"},"id":"99e846f0-104e-4022-8069-9e999fc8f968"},{"type":"Feature","geometry":{"type":"LineString","coordinates":[[1826903.2356111964,2186841.534501717],[1826917.3749633078,2186837.4145593876],[1827155.522249129,2186768.3503069472],[1827166.4516929912,2186765.1877216944]]},"properties":{"width":3.0,"type":"Service"},"id":"abacbb7d-69df-4e86-9a76-aec972976e1f"},{"type":"Feature","geometry":{"type":"LineString","coordinates":[[1827174.9658329159,2186839.276789643],[1826935.5311229446,2186909.209903681],[1826919.1178183493,2186844.097081494],[1826918.5174240882,2186841.7575884494],[1826917.3749633078,2186837.4145593876],[1826916.135589494,2186832.899072318],[1826915.4099663706,2186830.069753795],[1826897.743691039,2186765.9271460283],[1826897.0823962574,2186763.6998625295],[1826895.7310694458,2186759.111939204],[1826894.2583742181,2186754.1271572583],[1826893.5486134954,2186751.7043280513],[1826875.7500373197,2186686.333921224],[1826875.1830641148,2186684.289995358],[1826872.7204186132,2186674.8255966674],[1826870.5395419237,2186666.4633053215],[1826869.781291416,2186663.8449301994],[1826850.9173972118,2186598.6490544137],[1826850.204157265,2186596.1678803936],[1826848.6841612784,2186590.6541514485],[1826847.6766860168,2186586.94135803],[1826846.999896387,2186584.5608404013],[1826829.5690069224,2186521.8550134576],[1826837.9681988487,2186518.152452388],[1827067.3537815437,2186452.527967365]]},"properties":{"width":2.0,"type":"Footway"},"id":"3d8cf5dc-bcc0-48dd-81f5-f128a37ac85d"},{"type":"Feature","geometry":{"type":"LineString","coordinates":[[1827144.4312306384,2186686.518863353],[1827133.7945733604,2186689.7160781114],[1827070.382175602,2186708.558526443],[1826895.7310694458,2186759.111939204],[1826890.9203010804,2186760.4737379886],[1826882.3779763288,2186762.8881654437]]},"properties":{"width":3.0,"type":"Service"},"id":"79e3a079-ccb8-4c97-b784-7b4b2dbca369"},{"type":"Feature","geometry":{"type":"LineString","coordinates":[[1827153.6294547073,2186761.7934021493],[1826915.4099663706,2186830.069753795],[1826911.4709058942,2186831.1999701033],[1826908.670215554,2186831.988948324],[1826906.5143876474,2186832.5963980197],[1826901.1719835221,2186834.097386999],[1826893.7376385753,2186836.1173452176]]},"properties":{"width":2.0,"type":"Footway"},"id":"979a4fc0-2b28-4d7e-b83f-751a4836e23d"},{"type":"Feature","geometry":{"type":"LineString","coordinates":[[1826916.6109357926,2186928.414818165],[1826916.1405032214,2186926.7273636186]]},"properties":{"width":2.0,"type":"Footway"},"id":"931cefa6-2d36-4f13-bf06-b80a409203b6"},{"type":"Feature","geometry":{"type":"LineString","coordinates":[[1826913.5232280728,2186915.477386627],[1826914.1403226322,2186917.6367111],[1826915.0473531322,2186921.774596582],[1826916.1405032214,2186926.7273636186]]},"properties":{"width":2.0,"type":"Footway"},"id":"96f549d8-1f83-428c-b2c3-277f35c422a1"},{"type":"Feature","geometry":{"type":"LineString","coordinates":[[1826913.5232280728,2186915.477386627],[1826916.072210044,2186914.698060981]]},"properties":{"width":2.0,"type":"Footway"},"id":"c88c5066-4e95-4b54-9bbf-84a27affab4e"},{"type":"Feature","geometry":{"type":"LineString","coordinates":[[1826925.0580578262,2186918.7861964153],[1826923.1231922107,2186912.771784445],[1826908.4572645407,2186860.3722008285],[1826905.146133424,2186848.4176794887],[1826903.2356111964,2186841.534501717]]},"properties":{"width":7.0,"type":"Major"},"id":"013e3a0d-8223-434d-afeb-25082dfd83c3"},{"type":"Feature","geometry":{"type":"LineString","coordinates":[[1826916.6109357926,2186928.414818165],[1826918.8126216086,2186927.7951848703]]},"properties":{"width":2.0,"type":"Footway"},"id":"ffe88e62-b069-4f4b-9da5-6b39094c4725"},{"type":"Feature","geometry":{"type":"LineString","coordinates":[[1826947.6434176022,2186995.826854225],[1826945.94143604,2186990.028481309],[1826926.772137409,2186925.553990926],[1826925.0580578262,2186918.7861964153]]},"properties":{"width":7.0,"type":"Major"},"id":"6539b5f6-827b-429e-98ee-729b9f6f266b"},{"type":"Feature","geometry":{"type":"LineString","coordinates":[[1826955.6194454613,2186989.0328676156],[1826956.3028246637,2186987.157413341],[1826939.1170330157,2186922.1498484444],[1826937.143870227,2186922.639293607],[1826933.7549407233,2186923.588622702],[1826931.1296359594,2186924.32691822],[1826926.772137409,2186925.553990926],[1826918.8126216086,2186927.7951848703]]},"properties":{"width":2.0,"type":"Footway"},"id":"cd955d6b-6d02-488d-a2ae-f8cdb1ef21ab"},{"type":"Feature","geometry":{"type":"LineString","coordinates":[[1826913.5232280728,2186915.477386627],[1826895.0603393177,2186851.468952636],[1826894.4702172044,2186848.867228708]]},"properties":{"width":2.0,"type":"Footway"},"id":"6e4fb351-0a15-4695-a2aa-0552e3a6920a"},{"type":"Feature","geometry":{"type":"LineString","coordinates":[[1826939.1170330157,2186922.1498484444],[1826938.7748081628,2186920.53867356],[1826937.2648977616,2186915.3839913392],[1826935.9728308744,2186910.9826367847],[1826935.5311229446,2186909.209903681],[1826933.647571202,2186909.7204967556],[1826930.138159322,2186910.779479932],[1826927.5647341216,2186911.553033768],[1826923.1231922107,2186912.771784445],[1826916.072210044,2186914.698060981]]},"properties":{"width":2.0,"type":"Footway"},"id":"5d351021-8890-4843-ba38-d0ba5dcd2c85"},{"type":"Feature","geometry":{"type":"LineString","coordinates":[[1827178.5030506293,2186853.1144846533],[1827196.0455533485,2186918.172654504],[1826956.3028246637,2186987.157413341]]},"properties":{"width":2.0,"type":"Footway"},"id":"d389d135-14c6-4789-aaa1-f617e2206103"},{"type":"Feature","geometry":{"type":"LineString","coordinates":[[1826947.6434176022,2186995.826854225],[1826957.907042325,2186992.9327192996],[1827197.7281283531,2186924.5994234127],[1827208.603833242,2186921.4817938535]]},"properties":{"width":3.0,"type":"Service"},"id":"b0ee1afb-5d4c-4795-9aac-20cf52c892a9"},{"type":"Feature","geometry":{"type":"LineString","coordinates":[[1826958.913641663,2187000.94892536],[1826960.1098808695,2187000.690395713],[1827199.3652575905,2186931.728900468]]},"properties":{"width":2.0,"type":"Footway"},"id":"747f2194-0174-4be5-803a-a6ead709308c"},{"type":"Feature","geometry":{"type":"LineString","coordinates":[[1827199.3652575905,2186931.728900468],[1827217.1687202337,2186996.91783326],[1826977.9875327102,2187065.6427294505],[1826976.9353651998,2187065.946760566],[1826975.5586274099,2187066.277758868]]},"properties":{"width":2.0,"type":"Footway"},"id":"291bd645-1afe-4a3b-b9d7-3f0e3b71d1eb"},{"type":"Feature","geometry":{"type":"LineString","coordinates":[[1826978.8918863572,2187068.9169846214],[1826978.4154817993,2187067.182084256],[1826977.9875327102,2187065.6427294505],[1826970.229933749,2187037.472719612],[1826960.1098808695,2187000.690395713],[1826959.4945249998,2186998.4509251476],[1826957.907042325,2186992.9327192996],[1826955.6194454613,2186989.0328676156]]},"properties":{"width":2.0,"type":"Footway"},"id":"558a7196-790b-4f8c-99b1-68ad6096b152"},{"type":"Feature","geometry":{"type":"LineString","coordinates":[[1826934.4079483266,2186996.190102801],[1826935.267741916,2186999.361776332],[1826936.8629683051,2187005.2845429126]]},"properties":{"width":2.0,"type":"Footway"},"id":"6d4fdd41-b002-447c-a24b-af52a93841d2"},{"type":"Feature","geometry":{"type":"LineString","coordinates":[[1826968.2525163733,2187078.6150348466],[1826965.850304908,2187068.969194914],[1826958.8228543983,2187040.729866198],[1826952.7245789412,2187016.242444266],[1826949.6211694083,2187003.773053632],[1826947.6434176022,2186995.826854225]]},"properties":{"width":7.0,"type":"Major"},"id":"bd6e9f95-1950-479e-8766-3e8e0c8ed764"},{"type":"Feature","geometry":{"type":"LineString","coordinates":[[1826947.2391200282,2187043.496569569],[1826950.9105749363,2187042.844067736],[1826958.8228543983,2187040.729866198],[1826967.2633663754,2187038.4181341315],[1826970.229933749,2187037.472719612]]},"properties":{"width":2.0,"type":"Footway"},"id":"66be6800-3427-45b8-83f3-7182d61d63c8"},{"type":"Feature","geometry":{"type":"LineString","coordinates":[[1826958.5884231722,2187082.9048650283],[1826957.1043904738,2187079.82751694],[1826955.5473896263,2187074.362528774],[1826955.0053653629,2187072.140362708],[1826947.2391200282,2187043.496569569],[1826937.4607449763,2187007.4162999615],[1826936.8629683051,2187005.2845429126]]},"properties":{"width":2.0,"type":"Footway"},"id":"7be84b66-6163-4c81-a034-3a1ef98ecebd"},{"type":"Feature","geometry":{"type":"LineString","coordinates":[[1826938.3219370262,2187085.256529262],[1826936.1658744344,2187077.555923908],[1826935.4377515086,2187074.956144162]]},"properties":{"width":3.0,"type":"Service"},"id":"ef33ac31-3773-47fe-a323-71042492c165"},{"type":"Feature","geometry":{"type":"LineString","coordinates":[[1827014.0296750648,2187123.409504679],[1827000.016431493,2187116.719417468],[1826993.7243409986,2187113.8997235796]]},"properties":{"width":2.0,"type":"Footway"},"id":"a8c10a3b-d53e-4267-8e80-45adc7279809"},{"type":"Feature","geometry":{"type":"LineString","coordinates":[[1826984.2339013512,2187087.0237611835],[1826981.8075664146,2187087.429255715],[1826970.2734799772,2187085.9040465117],[1826962.0940151436,2187084.813790388]]},"properties":{"width":2.0,"type":"Footway"},"id":"97eaec21-e3f3-4f44-8a41-7c8c4bd47523"},{"type":"Feature","geometry":{"type":"LineString","coordinates":[[1827230.9540166385,2187004.2103830646],[1827220.2529003532,2187008.301230305],[1827216.9582707896,2187009.215163327],[1827125.329463456,2187035.7117288825],[1827078.294875773,2187049.1211452987],[1826985.024648473,2187076.1292171106],[1826981.3304866466,2187077.1330561573],[1826968.2525163733,2187078.6150348466]]},"properties":{"width":3.0,"type":"Service"},"id":"2da599b2-ceb0-41cd-bd7b-6c8c01613281"},{"type":"Feature","geometry":{"type":"LineString","coordinates":[[1826986.5689743718,2187088.863591455],[1826984.2339013512,2187087.0237611835],[1826983.6897502004,2187085.065748025]]},"properties":{"width":2.0,"type":"Footway"},"id":"14b7ebd7-a585-4f10-8ffa-9a5a02bfecd1"},{"type":"Feature","geometry":{"type":"LineString","coordinates":[[1826958.5292996874,2187070.946750846],[1826965.850304908,2187068.969194914],[1826975.5586274099,2187066.277758868]]},"properties":{"width":2.0,"type":"Footway"},"id":"18e1f31d-4c73-4a0e-adcb-7ccd8a2fac91"},{"type":"Feature","geometry":{"type":"LineString","coordinates":[[1826978.8918863572,2187068.9169846214],[1826981.3304866466,2187077.1330561573],[1826983.6897502004,2187085.065748025]]},"properties":{"width":2.0,"type":"Footway"},"id":"6cab5215-dfbd-4650-a8ba-f1a710adb628"},{"type":"Feature","geometry":{"type":"LineString","coordinates":[[1826925.0580578262,2186918.7861964153],[1826915.0473531322,2186921.774596582],[1826675.5137710115,2186990.9198666275],[1826664.2903477931,2186994.1286889347]]},"properties":{"width":3.0,"type":"Service"},"id":"e13b580a-ba2e-4c56-a4c0-2ec91fb0b4e0"},{"type":"Feature","geometry":{"type":"LineString","coordinates":[[1827048.4734058834,2187223.075804188],[1827045.5796452058,2187215.4772021645],[1827041.4395351626,2187210.8639362934],[1827032.810813696,2187207.1590407724],[1827027.4500272758,2187202.361266762],[1827025.3404781814,2187197.7439348283],[1827019.7224114763,2187169.802566127],[1827017.7676150068,2187164.7844976676],[1827014.930422532,2187159.1324313],[1827010.642281871,2187151.975749546],[1827003.9956929772,2187151.350749154]]},"properties":{"width":2.0,"type":"Footway"},"id":"016d295e-8377-4d8d-a019-448a65d558bf"},{"type":"Feature","geometry":{"type":"LineString","coordinates":[[1826983.9642413773,2187135.323660879],[1826997.4914270535,2187131.864989893],[1826998.6216270495,2187131.7404753286],[1827000.8091389898,2187131.508766224],[1827005.3934191142,2187131.980765641],[1827008.8084900489,2187132.924789212],[1827012.0554973518,2187134.28942881],[1827014.133294448,2187136.1260903818],[1827015.8972506875,2187138.4180056616],[1827017.510733155,2187141.6755123097],[1827028.9335150018,2187178.109565059],[1827031.284067238,2187184.693923489],[1827032.803612607,2187186.928165266],[1827034.6597191454,2187188.5744344015],[1827037.1405044126,2187189.28647768],[1827039.6032685756,2187189.20029075],[1827041.9082432105,2187188.6165888137]]},"properties":{"width":3.0,"type":"Service"},"id":"633cb721-a505-4449-86ea-d28ed7cdca05"},{"type":"Feature","geometry":{"type":"LineString","coordinates":[[1826988.9001079008,2187153.438168518],[1826987.0361372652,2187146.577427989],[1826983.9642413773,2187135.323660879],[1826981.655163844,2187126.85047703],[1826970.2734799772,2187085.9040465117],[1826968.2525163733,2187078.6150348466]]},"properties":{"width":7.0,"type":"Major"},"id":"69941415-8643-4d7e-be40-cf5a3d2a31cf"},{"type":"Feature","geometry":{"type":"LineString","coordinates":[[1826958.5884231722,2187082.9048650283],[1826959.1214383955,2187085.0558643397],[1826977.4440792191,2187149.250237605],[1826978.231329637,2187151.3806896536]]},"properties":{"width":2.0,"type":"Footway"},"id":"00f28fe6-cdd7-469d-8019-ed4909d51e3e"},{"type":"Feature","geometry":{"type":"LineString","coordinates":[[1826718.1844456573,2187154.9492476243],[1826719.5864396447,2187154.4745832034],[1826959.1214383955,2187085.0558643397],[1826962.0940151436,2187084.813790388]]},"properties":{"width":2.0,"type":"Footway"},"id":"b242b7d4-4566-4a19-86d6-f3c18dfe2baa"},{"type":"Feature","geometry":{"type":"LineString","coordinates":[[1826968.2525163733,2187078.6150348466],[1826957.1043904738,2187079.82751694],[1826938.3219370262,2187085.256529262],[1826721.5008864175,2187147.964689757],[1826718.2454107006,2187148.749952315],[1826707.5807927344,2187151.8143571876]]},"properties":{"width":3.0,"type":"Service"},"id":"89dea6af-430c-41c9-9103-33c62000aef2"},{"type":"Feature","geometry":{"type":"LineString","coordinates":[[1826958.5292996874,2187070.946750846],[1826955.0053653629,2187072.140362708],[1826936.1658744344,2187077.555923908],[1826716.2165344665,2187140.837819558],[1826714.2237020948,2187141.046497237],[1826705.3426744468,2187143.841350574],[1826696.1379517827,2187146.732436507]]},"properties":{"width":2.0,"type":"Footway"},"id":"12361f21-5bbc-4be1-96fb-e1787a4fac5b"},{"type":"Feature","geometry":{"type":"LineString","coordinates":[[1826579.6615140792,2187111.7361824415],[1826582.5070830195,2187110.8656579494],[1826675.215502233,2187082.432114275],[1826677.7194036087,2187081.952779881],[1826687.6865239686,2187079.402641605],[1826696.7271352469,2187077.243761629]]},"properties":{"width":2.0,"type":"Footway"},"id":"36adfea6-c990-40a9-b9e0-31b23812cf2d"},{"type":"Feature","geometry":{"type":"LineString","coordinates":[[1826674.3716663623,2187068.5859455247],[1826683.9717751092,2187065.914682031],[1826692.284786876,2187063.5956223533]]},"properties":{"width":2.0,"type":"Footway"},"id":"90284542-9ff2-42db-af34-97c1884b487a"},{"type":"Feature","geometry":{"type":"LineString","coordinates":[[1826631.803477364,2186924.45352561],[1826632.594770142,2186927.3328113],[1826649.7945582191,2186990.248196906],[1826650.2311501412,2186991.824077803],[1826651.9406003568,2186997.555058723],[1826653.7208095035,2187003.532871721],[1826654.1097976533,2187004.9824533565],[1826671.3931532837,2187069.43658283],[1826672.014556851,2187071.5048385006],[1826672.9335865984,2187074.6444108565],[1826674.7296171251,2187080.8100784337],[1826675.215502233,2187082.432114275],[1826693.2061826687,2187147.4214867936],[1826693.9313548491,2187149.9975176854]]},"properties":{"width":2.0,"type":"Footway"},"id":"ffb017d7-8f22-4860-b3e3-3bd7119686cd"},{"type":"Feature","geometry":{"type":"LineString","coordinates":[[1826958.913641663,2187000.94892536],[1826949.6211694083,2187003.773053632],[1826940.3312773448,2187006.5862928345],[1826937.4607449763,2187007.4162999615],[1826698.512439955,2187076.6754251844],[1826696.7271352469,2187077.243761629]]},"properties":{"width":2.0,"type":"Footway"},"id":"ef9fe71a-a852-4d32-ac92-4ee6bd49022c"},{"type":"Feature","geometry":{"type":"LineString","coordinates":[[1826664.2903477931,2186994.1286889347],[1826666.1820923495,2187001.0188464927],[1826683.9717751092,2187065.914682031],[1826685.327391492,2187070.8487702664]]},"properties":{"width":7.0,"type":"Major"},"id":"30f4bbdf-a232-483f-a176-eb021398cb9d"},{"type":"Feature","geometry":{"type":"LineString","coordinates":[[1826934.4079483266,2186996.190102801],[1826933.6862324742,2186993.453754494],[1826916.6109357926,2186928.414818165]]},"properties":{"width":2.0,"type":"Footway"},"id":"11b5d869-583f-4814-b209-ab881637081b"},{"type":"Feature","geometry":{"type":"LineString","coordinates":[[1826649.537109716,2186907.6492417115],[1826652.391327057,2186906.815282935],[1826891.0587230658,2186836.9005433894],[1826893.7376385753,2186836.1173452176]]},"properties":{"width":2.0,"type":"Footway"},"id":"492b1ed2-9e7f-4365-9009-43ed1054d551"},{"type":"Feature","geometry":{"type":"LineString","coordinates":[[1826644.1653228009,2186915.6908045607],[1826653.783564721,2186912.9431945113],[1826893.1772427412,2186844.396633929],[1826903.2356111964,2186841.534501717]]},"properties":{"width":3.0,"type":"Service"},"id":"7096ab01-6cd8-40c7-99ad-cfb010c22de4"},{"type":"Feature","geometry":{"type":"LineString","coordinates":[[1826897.9896472194,2186850.5722394255],[1826895.0603393177,2186851.468952636],[1826655.43869799,2186919.96162441],[1826654.1871668904,2186920.3452348164],[1826645.8131949035,2186922.9951871363],[1826641.4549245983,2186924.3718071855]]},"properties":{"width":2.0,"type":"Footway"},"id":"de4960c5-f1fa-4f98-87bc-fb80dce7dce5"},{"type":"Feature","geometry":{"type":"LineString","coordinates":[[1826607.421922206,2186740.9903265173],[1826610.1472145475,2186750.6546225557],[1826612.785884378,2186760.321497582],[1826613.5690381965,2186762.761597856],[1826630.980216365,2186828.8680442665],[1826631.4241353257,2186830.5952379424],[1826632.7944111002,2186834.9574189666],[1826634.4327358375,2186840.1883185436],[1826635.0734869842,2186842.284142997],[1826652.391327057,2186906.815282935],[1826652.8060617289,2186908.374499088],[1826653.783564721,2186912.9431945113],[1826654.800952661,2186917.670889223],[1826655.43869799,2186919.96162441],[1826673.7253458262,2186983.8469611364],[1826674.4046685114,2186986.2165513355],[1826675.5137710115,2186990.9198666275],[1826676.6713345302,2186995.818725514],[1826677.103208629,2186997.4510300434],[1826694.586742817,2187062.9880942553],[1826695.0962184821,2187064.7652867343],[1826695.959926775,2187067.8112627575],[1826698.043281984,2187075.0918541537],[1826698.512439955,2187076.6754251844],[1826716.2165344665,2187140.837819558],[1826716.8739090257,2187142.5348455897],[1826718.2454107006,2187148.749952315],[1826719.189764737,2187153.057700425],[1826719.5864396447,2187154.4745832034],[1826737.6102436043,2187218.9196702647],[1826738.10984012,2187220.993716533],[1826739.5146263402,2187225.099432674],[1826741.3212057175,2187230.3815995487]]},"properties":{"width":2.0,"type":"Footway"},"id":"1ed44093-2933-47c4-9bd3-b81eff0f0e2e"},{"type":"Feature","geometry":{"type":"LineString","coordinates":[[1826913.5232280728,2186915.477386627],[1826673.7253458262,2186983.8469611364],[1826671.4293801228,2186984.5019408017],[1826662.4015694933,2186986.8249878394],[1826653.3008777474,2186989.165367983],[1826649.7945582191,2186990.248196906],[1826581.2697770984,2187011.3508719825],[1826578.3349996456,2187012.234878228],[1826571.825321939,2187014.128028057],[1826565.5180170904,2187015.9653682327],[1826559.5614310927,2187017.701350876],[1826552.4961089564,2187019.762594221],[1826546.4743576348,2187021.483210347]]},"properties":{"width":2.0,"type":"Footway"},"id":"ed1ac107-37e5-45b2-929d-4fc9f41c8e39"},{"type":"Feature","geometry":{"type":"LineString","coordinates":[[1826577.57648119,2187027.8431993444],[1826580.9104170592,2187026.8347418825],[1826654.1097976533,2187004.9824533565],[1826656.1167766848,2187004.3858600794],[1826666.1820923495,2187001.0188464927],[1826675.193122089,2186998.001439803],[1826677.103208629,2186997.4510300434],[1826916.6109357926,2186928.414818165]]},"properties":{"width":2.0,"type":"Footway"},"id":"d4109c6a-84b1-4bcc-bc8f-a8c7211bc615"},{"type":"Feature","geometry":{"type":"LineString","coordinates":[[1826955.6194454613,2186989.0328676156],[1826951.4973018216,2186988.7160009444],[1826949.2355886174,2186989.079811739],[1826945.94143604,2186990.028481309],[1826936.6133641002,2186992.602580643],[1826933.6862324742,2186993.453754494],[1826694.586742817,2187062.9880942553],[1826692.284786876,2187063.5956223533]]},"properties":{"width":2.0,"type":"Footway"},"id":"288f1b90-05e0-4c33-9f4d-5346e4b3a243"},{"type":"Feature","geometry":{"type":"LineString","coordinates":[[1826685.327391492,2187070.8487702664],[1826695.959926775,2187067.8112627575],[1826935.267741916,2186999.361776332],[1826947.6434176022,2186995.826854225]]},"properties":{"width":3.0,"type":"Service"},"id":"1ab24e3f-356b-4a48-9ce7-5b8744ca639c"},{"type":"Feature","geometry":{"type":"LineString","coordinates":[[1827301.8657232905,2187306.885268523],[1827296.4226611361,2187287.753111385],[1827283.6268758655,2187240.0165821314],[1827276.6063637515,2187213.538880237],[1827273.7475443755,2187202.841500276],[1827269.900893711,2187188.458861602],[1827266.6385966272,2187176.2278795345],[1827261.8379420564,2187158.2715390855],[1827260.6867561843,2187154.075937042],[1827257.2876371967,2187141.732122814],[1827253.4404544989,2187127.7521260614],[1827250.4550456104,2187116.8983140304],[1827246.8517849299,2187103.8159092357],[1827230.8388138625,2187045.6198807154],[1827223.5531609608,2187019.206308327],[1827215.8083943173,2187022.3954417533],[1827128.6092447469,2187047.7971235444],[1827111.8712911634,2187052.615143672],[1827098.4734002596,2187056.4724069717],[1827081.9567316715,2187061.227634253],[1826986.5689743718,2187088.863591455]]},"properties":{"width":2.0,"type":"Footway"},"id":"378dca28-df32-452a-8e7b-c165d41e753f"},{"type":"Feature","geometry":{"type":"LineString","coordinates":[[1827004.2772500857,2187252.194766659],[1827007.5807582235,2187251.1332837427],[1827015.4568802954,2187248.9531154777],[1827020.1542583827,2187247.633737216],[1827022.3803259616,2187247.0199051937],[1827025.2349408118,2187246.220710719],[1827029.63562819,2187244.9924147413],[1827038.2719387163,2187242.5429009995],[1827044.0935230362,2187241.926113704],[1827046.4242151503,2187241.6706801206],[1827052.656993282,2187242.554787716],[1827055.1656353602,2187243.7682134253],[1827058.1317574957,2187245.1931701987],[1827063.5031983904,2187248.6701925616],[1827068.7996188405,2187253.740485693],[1827075.864674297,2187263.888506978],[1827077.7606518583,2187268.9732710533],[1827078.0942517342,2187273.1714887964],[1827075.7610415076,2187279.996780649],[1827077.0439007166,2187285.4201357616],[1827079.508393353,2187291.156888895],[1827080.9653065435,2187294.6766506927],[1827079.3661068846,2187300.8696884788],[1827080.1031667965,2187308.131918757],[1827080.0114513123,2187315.3711540536],[1827079.4086522106,2187319.820157509],[1827077.6302279425,2187324.8777357615],[1827074.1951279466,2187331.0517310244],[1827072.5719090905,2187335.3059323826],[1827071.8812178182,2187339.872274898],[1827072.0823214154,2187344.74114538],[1827073.654555505,2187349.484846299],[1827076.7587077832,2187357.248201042]]},"properties":{"width":2.0,"type":"Footway"},"id":"6cec22d0-e51a-4b8e-a57f-a7b453ac04f6"},{"type":"Feature","geometry":{"type":"LineString","coordinates":[[1827007.6864001907,2187459.3068534154],[1827015.5140265028,2187488.414115127],[1827017.3503339605,2187495.2453457005]]},"properties":{"width":3.0,"type":"Service"},"id":"62b5205c-291b-404d-a381-e0c38fd4c1e6"},{"type":"Feature","geometry":{"type":"LineString","coordinates":[[1826707.5807927344,2187151.8143571876],[1826709.1426411713,2187157.6601295024],[1826726.7553201967,2187221.9161106152],[1826728.5075112842,2187228.267079921]]},"properties":{"width":7.0,"type":"Major"},"id":"c85c3d04-3c63-478f-b7de-42dafdb4070e"},{"type":"Feature","geometry":{"type":"LineString","coordinates":[[1826735.4939731734,2187219.6515388214],[1826726.7553201967,2187221.9161106152],[1826716.7724606907,2187224.496967982],[1826713.6297798718,2187225.423908],[1826592.6826905294,2187260.955914403],[1826589.3428244987,2187261.9169175075]]},"properties":{"width":2.0,"type":"Footway"},"id":"1170cd3a-9348-4f26-8e2d-f2e85fdbeec4"},{"type":"Feature","geometry":{"type":"LineString","coordinates":[[1827051.0233975898,2187322.867371655],[1827046.5078375828,2187324.436757713],[1827043.4105729763,2187325.5353866112],[1827041.2539786682,2187326.2921803175],[1827036.8511830498,2187327.7846214385],[1827029.4994753215,2187330.3301611366],[1827026.6534592912,2187331.165897073],[1826787.5907288005,2187400.934085479],[1826784.8849719232,2187401.7224429077]]},"properties":{"width":2.0,"type":"Footway"},"id":"f5f436be-91a5-4b3f-be32-3c9ec317cc20"},{"type":"Feature","geometry":{"type":"LineString","coordinates":[[1826774.5238186,2187396.0670720483],[1826785.2255169663,2187392.9540428095],[1827024.4123163158,2187323.571727916],[1827034.7421043415,2187320.578329889]]},"properties":{"width":3.0,"type":"Service"},"id":"6cb3d98d-59af-49b2-b05c-26031cefbd44"},{"type":"Feature","geometry":{"type":"LineString","coordinates":[[1826750.9743832566,2187312.8044628394],[1826754.1968954431,2187324.4043052546],[1826772.7627536545,2187389.8635695833],[1826774.5238186,2187396.0670720483]]},"properties":{"width":7.0,"type":"Major"},"id":"0df3cf4a-54bd-4063-97cc-7f14ec1cd628"},{"type":"Feature","geometry":{"type":"LineString","coordinates":[[1826805.6320142748,2187467.1557757296],[1826805.0733104616,2187465.113796459],[1826787.5907288005,2187400.934085479],[1826786.9295262692,2187398.488196845],[1826785.2255169663,2187392.9540428095],[1826784.108518925,2187389.341969402],[1826783.384708063,2187386.651170817],[1826765.7509911605,2187321.0320948698],[1826765.0460416563,2187318.7715044976]]},"properties":{"width":2.0,"type":"Footway"},"id":"8dc76458-708d-4a25-8a50-f925e22f4b1a"},{"type":"Feature","geometry":{"type":"LineString","coordinates":[[1826781.9278588858,2187387.066843636],[1826772.7627536545,2187389.8635695833],[1826763.2092211673,2187392.775769358]]},"properties":{"width":2.0,"type":"Footway"},"id":"3c8ce746-da6c-4e66-893a-953ea4e543fe"},{"type":"Feature","geometry":{"type":"LineString","coordinates":[[1826766.7772945194,2187406.9196344255],[1826776.7214004826,2187404.065087165],[1826784.8849719232,2187401.7224429077]]},"properties":{"width":2.0,"type":"Footway"},"id":"14aa0ff5-acee-4f27-a6a9-41708fd41b9c"},{"type":"Feature","geometry":{"type":"LineString","coordinates":[[1826788.5490605487,2187484.8840073],[1826798.441229776,2187482.2128684614],[1826802.1381895703,2187480.7954117353],[1826803.9148777698,2187480.8464546744],[1826806.317063608,2187479.8138701664],[1826808.9370633508,2187479.315973632],[1827048.4424087699,2187410.2172313095],[1827050.767911832,2187409.5463365824],[1827058.6233470165,2187406.797522602],[1827069.082978942,2187403.144418913],[1827072.0460286571,2187401.9220743054]]},"properties":{"width":2.0,"type":"Footway"},"id":"d11605f8-d317-4e4a-bae4-6f13be9bf3fc"},{"type":"Feature","geometry":{"type":"LineString","coordinates":[[1826796.4649731289,2187475.0265165144],[1826806.931224517,2187471.9270198303],[1826988.0115772472,2187419.5444236817],[1827004.5198323827,2187413.9472095473],[1827046.1876146537,2187401.9524217406],[1827055.9895448715,2187397.0048914673]]},"properties":{"width":3.5,"type":"Minor"},"id":"bcb44656-cd47-46f5-b3e4-7a85d3cf4b8a"},{"type":"Feature","geometry":{"type":"LineString","coordinates":[[1827044.3204007377,2187394.377446396],[1826805.0733104616,2187465.113796459],[1826799.9795169407,2187466.5468359864],[1826794.471995039,2187468.0203295466],[1826784.6874252788,2187470.6363202105]]},"properties":{"width":2.0,"type":"Footway"},"id":"6f617c51-2e53-4064-8d07-76070c8a4a01"},{"type":"Feature","geometry":{"type":"LineString","coordinates":[[1826714.213869295,2187227.978160964],[1826715.4531649312,2187232.056327884],[1826717.0003526541,2187237.1622115117]]},"properties":{"width":2.0,"type":"Footway"},"id":"252c7cf6-5131-4074-8d26-49cb2874bdd8"},{"type":"Feature","geometry":{"type":"LineString","coordinates":[[1826714.213869295,2187227.978160964],[1826713.6297798718,2187225.423908],[1826696.9791522638,2187161.2453920995],[1826696.605608952,2187159.511778708],[1826695.4353010177,2187155.3233229658],[1826693.9313548491,2187149.9975176854]]},"properties":{"width":2.0,"type":"Footway"},"id":"9ee9cf7e-9a28-42b1-b51b-91e28c230b09"},{"type":"Feature","geometry":{"type":"LineString","coordinates":[[1826781.9278588858,2187387.066843636],[1826783.384708063,2187386.651170817],[1827022.649665961,2187317.4483029577],[1827025.4553831727,2187316.637574665],[1827033.3319018825,2187315.585210466],[1827038.3593958465,2187314.907599653],[1827040.6866381322,2187314.5938208243],[1827043.76804806,2187314.181864001],[1827048.465837969,2187313.5530232266]]},"properties":{"width":2.0,"type":"Footway"},"id":"f5579b8b-593c-4d8f-aaa2-4624c9aed258"},{"type":"Feature","geometry":{"type":"LineString","coordinates":[[1826707.5807927344,2187151.8143571876],[1826695.4353010177,2187155.3233229658],[1826583.8125492616,2187187.4175193547],[1826573.8713462797,2187190.296047648]]},"properties":{"width":3.0,"type":"Service"},"id":"dd186aa0-c46d-4b5a-88de-45d413aa65af"},{"type":"Feature","geometry":{"type":"LineString","coordinates":[[1826720.845005415,2187238.472139178],[1826717.6320138287,2187239.405499435],[1826594.2163807508,2187275.4135788945],[1826591.5646430845,2187276.191737887],[1826585.1258771848,2187278.1130639715],[1826567.8679637946,2187283.281093699],[1826560.8872770476,2187285.1666276585]]},"properties":{"width":2.0,"type":"Footway"},"id":"0e5de2cb-ad32-48e0-8df8-fd38542dd38a"},{"type":"Feature","geometry":{"type":"LineString","coordinates":[[1826583.4841434688,2187270.418906554],[1826584.543945101,2187276.169197098],[1826585.1258771848,2187278.1130639715],[1826604.0382679913,2187342.3645868883],[1826607.5692238365,2187354.3707966884]]},"properties":{"width":7.0,"type":"Major"},"id":"9239aba0-188a-480a-8405-431289720acf"},{"type":"Feature","geometry":{"type":"LineString","coordinates":[[1826583.8292773664,2187181.368905775],[1826583.8125492616,2187187.4175193547],[1826583.7926950757,2187191.693352953],[1826584.1354702674,2187194.650920423],[1826592.6826905294,2187260.955914403],[1826592.5118016393,2187263.757766667],[1826592.6912728539,2187267.7354282737],[1826593.6447372073,2187273.4261113326],[1826594.2163807508,2187275.4135788945],[1826612.6631229995,2187339.888965451],[1826613.567528618,2187343.1631640634],[1826615.9805587893,2187351.925348944],[1826618.4025875512,2187360.7586997654]]},"properties":{"width":2.0,"type":"Footway"},"id":"d5ee2f95-5e23-49f1-af87-3d7e9c6fbc2a"},{"type":"Feature","geometry":{"type":"LineString","coordinates":[[1826760.2026039597,2187300.7020530556],[1826762.511776652,2187309.612412258],[1826765.0460416563,2187318.7715044976]]},"properties":{"width":2.0,"type":"Footway"},"id":"e866a6e8-5cb7-489d-aedf-8c4749930cc5"},{"type":"Feature","geometry":{"type":"LineString","coordinates":[[1826705.450307881,2187304.662933149],[1826707.5781298701,2187312.701979965],[1826708.4443502252,2187315.95568062],[1826710.7059548292,2187324.521090427]]},"properties":{"width":3.0,"type":"Service"},"id":"b0df2adf-d1aa-4359-b9f0-ab1ac15402e8"},{"type":"Feature","geometry":{"type":"LineString","coordinates":[[1826750.9743832566,2187312.8044628394],[1826739.0511457364,2187316.3197268797],[1826710.7059548292,2187324.521090427],[1826615.9805587893,2187351.925348944],[1826607.5692238365,2187354.3707966884]]},"properties":{"width":3.5,"type":"Minor"},"id":"d37ad29e-96b2-45a9-a888-fe60d3b9acac"},{"type":"Feature","geometry":{"type":"LineString","coordinates":[[1826763.4233659992,2187321.7485974543],[1826754.1968954431,2187324.4043052546],[1826745.3948870976,2187327.0105924467],[1826742.009997602,2187328.05296165],[1826619.3490081185,2187364.146374736],[1826616.0739100722,2187365.08811909],[1826610.8995226694,2187366.5713077267],[1826592.301074111,2187371.9177341745],[1826586.4793117584,2187373.593391754]]},"properties":{"width":2.0,"type":"Footway"},"id":"7702df36-ddda-48b1-b1ad-94b169bbba48"},{"type":"Feature","geometry":{"type":"LineString","coordinates":[[1826741.342763075,2187325.5596309733],[1826742.009997602,2187328.05296165],[1826760.147185693,2187393.652665851],[1826760.8216865954,2187396.078674601]]},"properties":{"width":2.0,"type":"Footway"},"id":"7fc770cb-9f44-46f4-90ec-b5f09482a6f5"},{"type":"Feature","geometry":{"type":"LineString","coordinates":[[1826607.5692238365,2187354.3707966884],[1826588.8790071874,2187359.741611598]]},"properties":{"width":3.5,"type":"Minor"},"id":"d73857d1-19ad-4182-9f82-476565f2675f"},{"type":"Feature","geometry":{"type":"LineString","coordinates":[[1826573.8239874716,2187377.223791136],[1826582.5864197225,2187374.7115697362],[1826586.4793117584,2187373.593391754]]},"properties":{"width":2.0,"type":"Footway"},"id":"60b538f7-c5fa-47b2-a47e-ca7321012547"},{"type":"Feature","geometry":{"type":"LineString","coordinates":[[1826494.880088679,2187374.96024087],[1826498.014533851,2187374.0312943044],[1826575.9030316945,2187350.4432977363],[1826579.563987117,2187349.396963728],[1826585.5611132686,2187347.6706197723],[1826604.0382679913,2187342.3645868883],[1826609.2126658333,2187340.8813928985],[1826612.6631229995,2187339.888965451],[1826707.5781298701,2187312.701979965],[1826735.8731905117,2187304.6038354435],[1826738.9056661986,2187303.7429608144],[1826747.9323732748,2187301.569407707],[1826757.2398937498,2187298.8982916796]]},"properties":{"width":2.0,"type":"Footway"},"id":"67d83c91-e21d-43c6-828b-66b76c8d6095"},{"type":"Feature","geometry":{"type":"LineString","coordinates":[[1827004.2772500857,2187252.194766659],[1827004.5220833905,2187253.161593363]]},"properties":{"width":2.0,"type":"Footway"},"id":"6006cde5-dc51-4b52-a320-4838a93bcf39"},{"type":"Feature","geometry":{"type":"LineString","coordinates":[[1827012.0626897956,2187237.243528444],[1827008.935602085,2187225.8961609546],[1826990.5308085917,2187159.3923485307],[1826988.9001079008,2187153.438168518]]},"properties":{"width":7.0,"type":"Major"},"id":"41b1b241-280b-4198-b46d-41d862768c26"},{"type":"Feature","geometry":{"type":"LineString","coordinates":[[1826986.5689743718,2187088.863591455],[1826993.7243409986,2187113.8997235796],[1826998.6216270495,2187131.7404753286],[1827001.5597241598,2187142.4678794406],[1827003.9956929772,2187151.350749154],[1827004.860564662,2187154.5006255046],[1827023.310315113,2187221.7975768307],[1827024.5833573302,2187226.424618175],[1827026.3331973029,2187232.821181746],[1827029.63562819,2187244.9924147413],[1827048.465837969,2187313.5530232266],[1827051.0233975898,2187322.867371655],[1827066.168321516,2187379.6382676293]]},"properties":{"width":2.0,"type":"Footway"},"id":"67426414-612b-4391-ac9e-9bdcb4505104"},{"type":"Feature","geometry":{"type":"LineString","coordinates":[[1827001.26740867,2187228.0333558572],[1827008.935602085,2187225.8961609546],[1827013.6304169327,2187224.58767793],[1827015.8672074932,2187223.9648663923],[1827019.0536807263,2187223.071382429],[1827023.310315113,2187221.7975768307]]},"properties":{"width":2.0,"type":"Footway"},"id":"a8bd7d78-8e04-4cb7-a464-c1a17013ff0b"},{"type":"Feature","geometry":{"type":"LineString","coordinates":[[1826720.845005415,2187238.472139178],[1826724.9973741341,2187237.3116713474],[1826727.0587676456,2187236.739454853],[1826730.5015698364,2187235.7797767413],[1826739.22390898,2187233.2927332385],[1826741.8658140753,2187232.374213045],[1826980.4508419011,2187162.2376803965],[1826983.3590726603,2187161.612214704],[1826990.5308085917,2187159.3923485307],[1826995.4018636402,2187157.8837927864],[1826997.5739201289,2187157.061584574],[1827000.5327366777,2187155.9302510223],[1827004.860564662,2187154.5006255046]]},"properties":{"width":2.0,"type":"Footway"},"id":"f5a8c3db-ff0c-457a-9f79-692adce4b580"},{"type":"Feature","geometry":{"type":"LineString","coordinates":[[1826735.4939731734,2187219.6515388214],[1826737.6102436043,2187218.9196702647],[1826977.4440792191,2187149.250237605],[1826979.43734897,2187148.6389842047],[1826987.0361372652,2187146.577427989],[1826997.0878288208,2187143.852002149],[1827001.5597241598,2187142.4678794406]]},"properties":{"width":2.0,"type":"Footway"},"id":"b19d9b12-15bc-4458-89b4-18fd7903b128"},{"type":"Feature","geometry":{"type":"LineString","coordinates":[[1826728.5075112842,2187228.267079921],[1826739.5146263402,2187225.099432674],[1826979.185864947,2187156.3007706297],[1826988.9001079008,2187153.438168518]]},"properties":{"width":3.0,"type":"Service"},"id":"35f27985-7d06-4e4a-884c-fb02b04cc152"},{"type":"Feature","geometry":{"type":"LineString","coordinates":[[1827001.26740867,2187228.0333558572],[1826997.9626061092,2187228.9909757194],[1826759.5302245065,2187298.230519716],[1826757.2398937498,2187298.8982916796]]},"properties":{"width":2.0,"type":"Footway"},"id":"e389b9bf-2e0e-46a4-8db5-a87dbac5766a"},{"type":"Feature","geometry":{"type":"LineString","coordinates":[[1826997.9626061092,2187228.9909757194],[1826998.734843276,2187231.877346296],[1827001.0918512072,2187240.5114484117],[1827003.6289354602,2187249.694354493],[1827004.2772500857,2187252.194766659]]},"properties":{"width":2.0,"type":"Footway"},"id":"07f7810a-0d53-4fce-be50-c15d77ab07d4"},{"type":"Feature","geometry":{"type":"LineString","coordinates":[[1827004.5220833905,2187253.161593363],[1827022.649665961,2187317.4483029577],[1827023.2555108566,2187319.5819818643],[1827024.4123163158,2187323.571727916],[1827026.2993010003,2187329.8971011555],[1827026.6534592912,2187331.165897073],[1827044.3204007377,2187394.377446396]]},"properties":{"width":2.0,"type":"Footway"},"id":"e9f530bb-48ef-46e2-9480-0b835a8ec717"},{"type":"Feature","geometry":{"type":"LineString","coordinates":[[1826763.4233659992,2187321.7485974543],[1826765.7509911605,2187321.0320948698],[1827004.5220833905,2187253.161593363]]},"properties":{"width":2.0,"type":"Footway"},"id":"faed6743-822f-433e-afc7-0e222d128311"},{"type":"Feature","geometry":{"type":"LineString","coordinates":[[1827012.0626897956,2187237.243528444],[1827001.0918512072,2187240.5114484117],[1826950.3001870906,2187254.9792612246],[1826762.511776652,2187309.612412258],[1826750.9743832566,2187312.8044628394]]},"properties":{"width":3.5,"type":"Minor"},"id":"e9c702d3-f7ea-4614-a7b5-a53bc788eed6"},{"type":"Feature","geometry":{"type":"LineString","coordinates":[[1826760.2026039597,2187300.7020530556],[1826759.5302245065,2187298.230519716],[1826741.8658140753,2187232.374213045],[1826741.3212057175,2187230.3815995487]]},"properties":{"width":2.0,"type":"Footway"},"id":"22a39129-9cac-4221-affe-6896da6b67b5"},{"type":"Feature","geometry":{"type":"LineString","coordinates":[[1826728.5075112842,2187228.267079921],[1826730.5015698364,2187235.7797767413],[1826737.3988201325,2187261.80173828],[1826747.9323732748,2187301.569407707],[1826750.9743832566,2187312.8044628394]]},"properties":{"width":7.0,"type":"Major"},"id":"5a2b63cc-ad96-4950-a92b-d50340ed3780"},{"type":"Feature","geometry":{"type":"LineString","coordinates":[[1826741.342763075,2187325.5596309733],[1826739.0511457364,2187316.3197268797],[1826736.7685554642,2187307.8068846795],[1826735.8731905117,2187304.6038354435],[1826717.6320138287,2187239.405499435],[1826717.0003526541,2187237.1622115117]]},"properties":{"width":2.0,"type":"Footway"},"id":"814180c8-83e8-420f-89c4-2db93449696b"},{"type":"Feature","geometry":{"type":"LineString","coordinates":[[1826997.9626061092,2187228.9909757194],[1826980.4508419011,2187162.2376803965],[1826979.9907444702,2187160.50662681],[1826979.185864947,2187156.3007706297],[1826978.231329637,2187151.3806896536]]},"properties":{"width":2.0,"type":"Footway"},"id":"0fae4351-80e7-419c-ba11-70038c4cfa0a"},{"type":"Feature","geometry":{"type":"LineString","coordinates":[[1826583.4841434688,2187270.418906554],[1826592.6912728539,2187267.7354282737],[1826715.4531649312,2187232.056327884],[1826728.5075112842,2187228.267079921]]},"properties":{"width":3.0,"type":"Service"},"id":"6f6bdf0b-5cbf-4ffa-b27e-ae4f38923cff"},{"type":"Feature","geometry":{"type":"LineString","coordinates":[[1826685.327391492,2187070.8487702664],[1826687.6865239686,2187079.402641605],[1826702.3094529328,2187132.67745881],[1826705.3426744468,2187143.841350574],[1826707.5807927344,2187151.8143571876]]},"properties":{"width":7.0,"type":"Major"},"id":"5947916a-c1f5-47c5-a80e-a2982e5687d0"},{"type":"Feature","geometry":{"type":"LineString","coordinates":[[1826838.7694651345,2187630.3297192273],[1826840.8960845477,2187638.0808999063],[1826858.3774031668,2187701.857921494],[1826860.0362023418,2187707.91076624]]},"properties":{"width":7.0,"type":"Major"},"id":"98158b65-ca84-47c1-bce3-ce2118f95a74"},{"type":"Feature","geometry":{"type":"LineString","coordinates":[[1826848.0684856093,2187621.0978738307],[1826852.3592189308,2187620.8446885208],[1827086.577179352,2187551.9846259784]]},"properties":{"width":2.0,"type":"Footway"},"id":"f0229ca8-515b-41e1-b097-e1db8f182f49"},{"type":"Feature","geometry":{"type":"LineString","coordinates":[[1826868.9433722745,2187701.3596418863],[1826868.3212696693,2187699.0035098153],[1826851.3686230332,2187634.8449088135],[1826850.7717986607,2187632.563787254]]},"properties":{"width":2.0,"type":"Footway"},"id":"387eafa4-c406-4ad7-bc1e-fadea391ba7b"},{"type":"Feature","geometry":{"type":"LineString","coordinates":[[1826851.3686230332,2187634.8449088135],[1826854.6698187639,2187632.954367505],[1827090.6942075214,2187565.69451243]]},"properties":{"width":2.0,"type":"Footway"},"id":"2b34db74-665b-4c22-adf3-84ba7d3d2054"},{"type":"Feature","geometry":{"type":"LineString","coordinates":[[1826846.4918705598,2187707.291937473],[1826845.9649457247,2187705.4070374304],[1826828.2923450775,2187641.492869368],[1826827.697233455,2187639.3502374147]]},"properties":{"width":2.0,"type":"Footway"},"id":"b7814ec1-9578-4d6c-8665-b516869cae8d"},{"type":"Feature","geometry":{"type":"LineString","coordinates":[[1826674.4878619025,2187685.52750536],[1826680.5924353627,2187683.9647229756],[1826687.75509927,2187682.1453234027],[1826692.63439008,2187680.8917719997],[1826698.9927769697,2187679.2738261893],[1826705.6641348482,2187677.5686419834],[1826707.8879216297,2187677.0002484997],[1826828.2923450775,2187641.492869368]]},"properties":{"width":2.0,"type":"Footway"},"id":"a5de6106-1512-4917-9dd8-6347a77a30f0"},{"type":"Feature","geometry":{"type":"LineString","coordinates":[[1826838.7694651345,2187630.3297192273],[1826832.2223592633,2187632.2367363987],[1826829.832201319,2187632.926935778],[1826826.527567706,2187633.884619073],[1826705.9086885534,2187668.9156921823],[1826696.9578123542,2187671.498313703]]},"properties":{"width":3.0,"type":"Service"},"id":"c6b68eaf-f85b-4752-80bc-555ffdf0ec3e"},{"type":"Feature","geometry":{"type":"LineString","coordinates":[[1826707.423128527,2187675.1070135976],[1826705.9086885534,2187668.9156921823],[1826704.9104937068,2187664.836869904],[1826704.4195414665,2187662.799380936],[1826685.8818294967,2187598.8657872984],[1826685.069715176,2187596.039095786]]},"properties":{"width":2.0,"type":"Footway"},"id":"07a551bc-5f6f-4bb2-9918-00629f199b52"},{"type":"Feature","geometry":{"type":"LineString","coordinates":[[1826683.042539808,2187668.260744422],[1826688.5130458435,2187666.870534248],[1826695.222135709,2187665.151229586],[1826701.755881551,2187663.4826079262]]},"properties":{"width":2.0,"type":"Footway"},"id":"57dd84b4-58d2-455f-879e-dade4048efb4"},{"type":"Feature","geometry":{"type":"LineString","coordinates":[[1826696.9578123542,2187671.498313703],[1826678.4357211124,2187676.8508981494]]},"properties":{"width":3.0,"type":"Service"},"id":"0b9dfe5e-6c3e-4864-9601-c7837bc8b8d0"},{"type":"Feature","geometry":{"type":"LineString","coordinates":[[1826612.3112362882,2187443.0677786293],[1826630.7903852656,2187437.7162985606]]},"properties":{"width":3.0,"type":"Service"},"id":"ea181a57-a639-474f-82e7-210c6ff1c035"},{"type":"Feature","geometry":{"type":"LineString","coordinates":[[1827099.2471820689,2187555.216635716],[1827088.4884302132,2187558.3157663746],[1826849.2904596673,2187627.2892681262],[1826838.7694651345,2187630.3297192273]]},"properties":{"width":3.0,"type":"Service"},"id":"ab3610ea-e30b-46d8-9c64-ad0dc09d1d42"},{"type":"Feature","geometry":{"type":"LineString","coordinates":[[1826868.9433722745,2187701.3596418863],[1826869.983065074,2187705.0800790885],[1826871.603696484,2187710.8937836415],[1826872.3278338183,2187713.4005717626],[1826890.6531029544,2187776.9511807146],[1826891.422665391,2187779.629790109]]},"properties":{"width":2.0,"type":"Footway"},"id":"f361da7e-4ec1-4a13-81ff-70aad4079043"},{"type":"Feature","geometry":{"type":"LineString","coordinates":[[1826848.0684856093,2187621.0978738307],[1826848.2310107113,2187623.506641884],[1826849.2904596673,2187627.2892681262],[1826850.7717986607,2187632.563787254]]},"properties":{"width":2.0,"type":"Footway"},"id":"ce9a4fba-6728-4350-a07b-dbbeb851a5f6"},{"type":"Feature","geometry":{"type":"LineString","coordinates":[[1826678.4357211124,2187676.8508981494],[1826676.6545699448,2187669.8947368907],[1826658.8485741164,2187606.686241289],[1826656.9957652185,2187599.6326361564]]},"properties":{"width":7.0,"type":"Major"},"id":"4397a537-6012-40c6-906a-6ba552e3d726"},{"type":"Feature","geometry":{"type":"LineString","coordinates":[[1826675.0536652817,2187594.3890590738],[1826677.174849248,2187601.4714790913],[1826684.560568779,2187626.112812186],[1826695.222135709,2187665.151229586],[1826696.9578123542,2187671.498313703]]},"properties":{"width":7.0,"type":"Major"},"id":"7da5c6d3-4f3f-40b3-93b1-3b412811ddce"},{"type":"Feature","geometry":{"type":"LineString","coordinates":[[1826554.357378592,2187629.0243566395],[1826566.4807524357,2187625.5331660165],[1826647.508950907,2187602.4455749635],[1826656.9957652185,2187599.6326361564]]},"properties":{"width":3.0,"type":"Service"},"id":"c9da53d4-9345-4286-844e-41e63bddde94"},{"type":"Feature","geometry":{"type":"LineString","coordinates":[[1826546.3276406005,2187552.4048464196],[1826546.9948677595,2187554.6795211076],[1826564.7247845512,2187618.6520383125],[1826565.256085117,2187620.883138099],[1826566.4807524357,2187625.5331660165],[1826567.6805388976,2187629.9241748936],[1826568.285149771,2187632.1725731096],[1826586.2545788034,2187696.293790261]]},"properties":{"width":2.0,"type":"Footway"},"id":"a5c9b4a0-bf0f-4e21-99c1-9a03dc768b31"},{"type":"Feature","geometry":{"type":"LineString","coordinates":[[1826694.2224921258,2187762.6081562378],[1826692.4855860816,2187756.5944755874],[1826691.4334076766,2187752.9631874813],[1826690.735815473,2187750.635294298],[1826671.465372792,2187686.3101759464],[1826670.9688428566,2187684.2598677604],[1826669.8051272212,2187679.4976150463],[1826668.7584673648,2187675.22325629],[1826667.9969469549,2187672.109327722],[1826649.6519996908,2187609.1073903944],[1826648.7820207893,2187606.85389786],[1826647.508950907,2187602.4455749635],[1826646.190426532,2187597.8654319504],[1826645.4859262444,2187595.42085126],[1826627.414739584,2187531.40201013],[1826626.6274588862,2187528.615711223],[1826625.28918996,2187524.410642559],[1826623.9680715417,2187520.278661973],[1826622.9462122761,2187516.2633214532],[1826605.2342251374,2187453.9633357543],[1826604.381738564,2187450.943028503],[1826602.9880711185,2187445.7698357003],[1826602.0909758508,2187442.4283206095],[1826601.3486905103,2187439.779219784],[1826585.6009791044,2187383.512108593],[1826573.8239874716,2187377.223791136],[1826504.233688446,2187397.3154074065],[1826499.638576693,2187398.7857419415],[1826491.8927233198,2187400.9625508236],[1826483.06990555,2187403.403074493],[1826480.5091057848,2187404.0876446674],[1826366.7225524038,2187436.881430993]]},"properties":{"width":2.0,"type":"Footway"},"id":"e169512d-7e0b-4389-a050-6993c1e35879"},{"type":"Feature","geometry":{"type":"LineString","coordinates":[[1826546.3276406005,2187552.4048464196],[1826545.046773324,2187547.810607472],[1826543.5978161523,2187542.7624653974]]},"properties":{"width":2.0,"type":"Footway"},"id":"db082a10-dc13-433b-bc35-55e04939b504"},{"type":"Feature","geometry":{"type":"LineString","coordinates":[[1826633.8187179605,2187521.901089443],[1826625.28918996,2187524.410642559],[1826545.046773324,2187547.810607472],[1826532.8988826633,2187551.2960714237]]},"properties":{"width":3.0,"type":"Service"},"id":"dcdbbcb0-205f-4825-8083-a44a65b81a9e"},{"type":"Feature","geometry":{"type":"LineString","coordinates":[[1826788.5490605487,2187484.8840073],[1826785.9269291705,2187485.6460639215],[1826664.4263736564,2187520.87292831],[1826659.9564534982,2187522.1770879515],[1826655.2190073095,2187523.5216849223],[1826648.9355700316,2187525.295459267],[1826643.4157003753,2187526.858178479],[1826635.9695613272,2187528.967469889],[1826630.6357652957,2187530.4705412267],[1826627.414739584,2187531.40201013],[1826546.9948677595,2187554.6795211076],[1826544.252756807,2187555.5859362152],[1826534.7235144924,2187558.2509167236],[1826525.4999634891,2187560.895979439],[1826523.3580639064,2187561.518268279],[1826520.9691644353,2187561.2192729306],[1826429.366957347,2187588.487243444],[1826426.907427569,2187589.6904967306],[1826420.607826757,2187591.4606076516],[1826413.2047066123,2187593.534195307],[1826409.763818433,2187594.6324921823]]},"properties":{"width":2.0,"type":"Footway"},"id":"56cdc5c2-a4cb-43c5-913a-b1aa062f8cca"},{"type":"Feature","geometry":{"type":"LineString","coordinates":[[1826846.4918705598,2187707.291937473],[1826847.5542983382,2187711.5355436187],[1826849.2002425406,2187718.080146154]]},"properties":{"width":2.0,"type":"Footway"},"id":"c1f618f9-73b5-4dc6-b883-2d3abfbd4082"},{"type":"Feature","geometry":{"type":"LineString","coordinates":[[1826824.97374575,2187627.787523276],[1826825.625448391,2187629.690358558],[1826826.527567706,2187633.884619073],[1826827.697233455,2187639.3502374147]]},"properties":{"width":2.0,"type":"Footway"},"id":"a9547185-80d7-4f40-a743-ec0fa2d06813"},{"type":"Feature","geometry":{"type":"LineString","coordinates":[[1826851.3686230332,2187634.8449088135],[1826849.1388117352,2187635.803080339],[1826840.8960845477,2187638.0808999063],[1826830.5354489181,2187640.9520769026],[1826828.2923450775,2187641.492869368]]},"properties":{"width":2.0,"type":"Footway"},"id":"684deb0e-2c5a-424d-beec-a87f49b0ec6d"},{"type":"Feature","geometry":{"type":"LineString","coordinates":[[1826532.8988826633,2187551.2960714237],[1826534.7235144924,2187558.2509167236],[1826552.5105180861,2187622.236855229],[1826554.357378592,2187629.0243566395]]},"properties":{"width":3.5,"type":"Minor"},"id":"29eeb23c-783d-4997-bf3f-2d46cff91ad2"},{"type":"Feature","geometry":{"type":"LineString","coordinates":[[1826824.97374575,2187627.787523276],[1826827.061628192,2187625.8637966462],[1826836.7607486956,2187623.1356793502],[1826844.4277055268,2187621.147730498],[1826848.0684856093,2187621.0978738307]]},"properties":{"width":2.0,"type":"Footway"},"id":"81acce44-b8b2-48b0-b0f1-7fa57ab83a3d"},{"type":"Feature","geometry":{"type":"LineString","coordinates":[[1826826.3972334417,2187545.2280615573],[1826827.9210572238,2187549.994786288],[1826829.2982413075,2187554.289646416],[1826830.1253299834,2187557.234965834],[1826848.0684856093,2187621.0978738307]]},"properties":{"width":2.0,"type":"Footway"},"id":"f367a510-535a-4526-b9e3-43ab92aa0107"},{"type":"Feature","geometry":{"type":"LineString","coordinates":[[1826817.6212199386,2187552.972408457],[1826819.6012720882,2187560.251725492],[1826832.9641076988,2187609.5246398947],[1826836.7607486956,2187623.1356793502],[1826838.7694651345,2187630.3297192273]]},"properties":{"width":7.0,"type":"Major"},"id":"46860727-3d64-4b78-8ac9-4377d24cc9ce"},{"type":"Feature","geometry":{"type":"LineString","coordinates":[[1826806.2415358606,2187561.2185041183],[1826804.9989595665,2187556.644730714],[1826803.7392297469,2187551.997868846]]},"properties":{"width":2.0,"type":"Footway"},"id":"cf4fe216-fb8b-4021-b42f-466377e8594f"},{"type":"Feature","geometry":{"type":"LineString","coordinates":[[1826823.807227703,2187544.214120874],[1826819.4410246087,2187545.370069502],[1826815.8251032976,2187546.3348547444],[1826810.8059456174,2187547.670419775],[1826805.8811106784,2187548.9707117053],[1826803.1402348545,2187549.7622708115],[1826681.7620767446,2187584.5457651024],[1826679.0216614718,2187585.371988855]]},"properties":{"width":2.0,"type":"Footway"},"id":"f9cfc9fc-80db-44d1-bc24-dc3f1ee0dde5"},{"type":"Feature","geometry":{"type":"LineString","coordinates":[[1826675.0536652817,2187594.3890590738],[1826683.8614038143,2187591.8301526206],[1826804.9989595665,2187556.644730714],[1826817.6212199386,2187552.972408457]]},"properties":{"width":3.0,"type":"Service"},"id":"04365458-47c8-4468-b7e1-32ac6d9ff752"},{"type":"Feature","geometry":{"type":"LineString","coordinates":[[1826653.2062177837,2187516.2347215307],[1826633.8187179605,2187521.901089443]]},"properties":{"width":3.0,"type":"Service"},"id":"3499e811-a730-4838-83d6-3fa246f6ffb2"},{"type":"Feature","geometry":{"type":"LineString","coordinates":[[1826806.2415358606,2187561.2185041183],[1826806.967442223,2187563.8637777],[1826824.97374575,2187627.787523276],[1826704.4195414665,2187662.799380936],[1826701.755881551,2187663.4826079262]]},"properties":{"width":2.0,"type":"Footway"},"id":"8c2a1af1-35c5-409a-8e09-7fd8e87b168b"},{"type":"Feature","geometry":{"type":"LineString","coordinates":[[1826656.9957652185,2187599.6326361564],[1826675.0536652817,2187594.3890590738]]},"properties":{"width":3.0,"type":"Service"},"id":"b81ce884-10a3-4349-ba53-086192902174"},{"type":"Feature","geometry":{"type":"LineString","coordinates":[[1826656.9957652185,2187599.6326361564],[1826654.850986984,2187592.6136992117],[1826649.0301887707,2187573.0019364976],[1826635.9695613272,2187528.967469889],[1826633.8187179605,2187521.901089443]]},"properties":{"width":7.0,"type":"Major"},"id":"7b3526f5-12f6-4504-a6aa-4064abb4d289"},{"type":"Feature","geometry":{"type":"LineString","coordinates":[[1826663.6433850725,2187517.9955813694],[1826664.4263736564,2187520.87292831],[1826681.7620767446,2187584.5457651024],[1826682.4918675846,2187587.0653599356],[1826683.8614038143,2187591.8301526206],[1826685.069715176,2187596.039095786]]},"properties":{"width":2.0,"type":"Footway"},"id":"ada90c97-6c99-4b62-aa77-f99038dc6375"},{"type":"Feature","geometry":{"type":"LineString","coordinates":[[1826782.4190776895,2187473.9443274527],[1826781.7441691244,2187471.483696954],[1826764.4599772524,2187407.5925357253],[1826763.7447410135,2187404.938283938],[1826761.9892803421,2187399.622133857],[1826760.8216865954,2187396.078674601]]},"properties":{"width":2.0,"type":"Footway"},"id":"0fc5b3b2-7bec-4fae-a18d-ef019e8aa8b3"},{"type":"Feature","geometry":{"type":"LineString","coordinates":[[1826511.4910878292,2187472.912517174],[1826523.7668238278,2187469.4686658722],[1826602.9880711185,2187445.7698357003],[1826612.3112362882,2187443.0677786293]]},"properties":{"width":3.0,"type":"Service"},"id":"1b2c439f-0888-4098-a02a-9000f67dea9e"},{"type":"Feature","geometry":{"type":"LineString","coordinates":[[1826766.7772945194,2187406.9196344255],[1826764.4599772524,2187407.5925357253],[1826642.4188558955,2187442.9570883224],[1826638.4423753254,2187444.1015373],[1826633.028793725,2187445.723876386],[1826614.5492378273,2187451.2593597597],[1826610.3035271913,2187452.5244028964],[1826605.2342251374,2187453.9633357543],[1826526.0669589818,2187476.121451439],[1826522.6324285346,2187477.0831360295],[1826513.3685095946,2187479.753229812],[1826503.7431829036,2187482.533676293],[1826501.7873359113,2187483.0963121983],[1826400.8095926435,2187512.157070509]]},"properties":{"width":2.0,"type":"Footway"},"id":"efa96290-5072-450c-a0ef-8ab8c1c620f5"},{"type":"Feature","geometry":{"type":"LineString","coordinates":[[1826394.3429595379,2187499.435387258],[1826498.161976927,2187469.8136641122],[1826500.7626307087,2187469.0694669047],[1826509.7131509222,2187466.451987404],[1826519.2758997786,2187463.645271222],[1826521.5202854034,2187462.9896221217],[1826601.3486905103,2187439.779219784],[1826606.1963431116,2187438.368531153],[1826610.5976842698,2187436.9906176277],[1826628.9824998376,2187431.2371481536],[1826634.2280218776,2187429.598163102],[1826637.932263554,2187428.5505689555],[1826760.147185693,2187393.652665851],[1826763.2092211673,2187392.775769358]]},"properties":{"width":2.0,"type":"Footway"},"id":"3534f27a-faf8-4ef9-a1bf-0d81c4129e97"},{"type":"Feature","geometry":{"type":"LineString","coordinates":[[1826653.2062177837,2187516.2347215307],[1826655.2190073095,2187523.5216849223],[1826673.1091059172,2187587.141195505],[1826675.0536652817,2187594.3890590738]]},"properties":{"width":7.0,"type":"Major"},"id":"d65db1b9-bfc6-4c42-acf5-ce2f1139d232"},{"type":"Feature","geometry":{"type":"LineString","coordinates":[[1826633.8187179605,2187521.901089443],[1826631.6455316278,2187513.9088955238],[1826614.5492378273,2187451.2593597597],[1826612.3112362882,2187443.0677786293]]},"properties":{"width":7.0,"type":"Major"},"id":"ebf89c78-4695-4b9c-bc99-e6fa70a4a4db"},{"type":"Feature","geometry":{"type":"LineString","coordinates":[[1826630.7903852656,2187437.7162985606],[1826633.028793725,2187445.723876386],[1826651.1736975417,2187508.8855699035],[1826653.2062177837,2187516.2347215307]]},"properties":{"width":7.0,"type":"Major"},"id":"a3962a71-a41e-41bd-a81a-b107bee50aa1"},{"type":"Feature","geometry":{"type":"LineString","coordinates":[[1826626.7095827921,2187515.183657068],[1826631.6455316278,2187513.9088955238],[1826639.0239498266,2187512.0137534956],[1826644.710179332,2187510.5478172693],[1826651.1736975417,2187508.8855699035],[1826656.4659306603,2187507.5222886037],[1826660.1268461216,2187506.475996005],[1826781.7441691244,2187471.483696954],[1826784.6874252788,2187470.6363202105]]},"properties":{"width":2.0,"type":"Footway"},"id":"586bf78f-76be-4939-91cb-9b3a3a5b4028"},{"type":"Feature","geometry":{"type":"LineString","coordinates":[[1826663.6433850725,2187517.9955813694],[1826662.275537523,2187513.587907377],[1826661.0234622583,2187509.564262565],[1826660.1268461216,2187506.475996005],[1826642.4188558955,2187442.9570883224],[1826641.6336995948,2187440.1252630083],[1826639.9570867803,2187435.0578973764],[1826638.764159097,2187431.4394489033],[1826637.932263554,2187428.5505689555],[1826619.3490081185,2187364.146374736],[1826618.4025875512,2187360.7586997654]]},"properties":{"width":2.0,"type":"Footway"},"id":"45c0afb3-abc6-4ebe-b9d9-691f92b73643"},{"type":"Feature","geometry":{"type":"LineString","coordinates":[[1826607.5692238365,2187354.3707966884],[1826610.8995226694,2187366.5713077267],[1826628.9824998376,2187431.2371481536],[1826630.7903852656,2187437.7162985606]]},"properties":{"width":7.0,"type":"Major"},"id":"8151caa9-a084-4852-b720-63915c27f6b1"},{"type":"Feature","geometry":{"type":"LineString","coordinates":[[1826630.7903852656,2187437.7162985606],[1826639.9570867803,2187435.0578973764],[1826761.9892803421,2187399.622133857],[1826765.5593693787,2187398.6695088786],[1826774.5238186,2187396.0670720483]]},"properties":{"width":3.0,"type":"Service"},"id":"e6193501-eb1b-4186-9a66-c4824ecbf807"},{"type":"Feature","geometry":{"type":"LineString","coordinates":[[1826774.5238186,2187396.0670720483],[1826776.7214004826,2187404.065087165],[1826786.1282562383,2187438.400456854],[1826790.7518808914,2187455.359458626],[1826794.471995039,2187468.0203295466],[1826796.4649731289,2187475.0265165144]]},"properties":{"width":7.0,"type":"Major"},"id":"986e51d0-6e97-413d-b631-802b0bed6214"},{"type":"Feature","geometry":{"type":"LineString","coordinates":[[1826612.3112362882,2187443.0677786293],[1826610.5976842698,2187436.9906176277],[1826592.301074111,2187371.9177341745],[1826588.8790071874,2187359.741611598]]},"properties":{"width":7.0,"type":"Major"},"id":"9e48beb1-5366-4eff-89cc-73e25eca4cc6"},{"type":"Feature","geometry":{"type":"LineString","coordinates":[[1826805.6320142748,2187467.1557757296],[1826806.931224517,2187471.9270198303],[1826808.278455154,2187476.8591854107]]},"properties":{"width":2.0,"type":"Footway"},"id":"d117a739-b506-4e5a-bf4c-fdbe86efd973"},{"type":"Feature","geometry":{"type":"LineString","coordinates":[[1826796.4649731289,2187475.0265165144],[1826783.8940788768,2187478.6995131983],[1826662.275537523,2187513.587907377],[1826653.2062177837,2187516.2347215307]]},"properties":{"width":3.0,"type":"Service"},"id":"92040952-62bd-4b43-9a42-f705e90849f1"},{"type":"Feature","geometry":{"type":"LineString","coordinates":[[1826826.3972334417,2187545.2280615573],[1826825.9598885574,2187543.582936375],[1826808.9370633508,2187479.315973632],[1826808.278455154,2187476.8591854107]]},"properties":{"width":2.0,"type":"Footway"},"id":"9693eea1-9215-4ee8-b357-402bcb4b2290"},{"type":"Feature","geometry":{"type":"LineString","coordinates":[[1826796.4649731289,2187475.0265165144],[1826798.441229776,2187482.2128684614],[1826815.8251032976,2187546.3348547444],[1826817.6212199386,2187552.972408457]]},"properties":{"width":7.0,"type":"Major"},"id":"427040ac-7c7c-4767-a476-3b22386a2a6e"},{"type":"Feature","geometry":{"type":"LineString","coordinates":[[1826782.4190776895,2187473.9443274527],[1826783.8940788768,2187478.6995131983],[1826785.2876101371,2187483.21684462],[1826785.9269291705,2187485.6460639215],[1826803.1402348545,2187549.7622708115],[1826803.7392297469,2187551.997868846]]},"properties":{"width":2.0,"type":"Footway"},"id":"b5c6faf6-6f15-41ed-a974-9779bc8655f5"},{"type":"Feature","geometry":{"type":"LineString","coordinates":[[1827331.1265245422,2187411.693828282],[1827092.7729707041,2187480.769063133],[1827090.177800083,2187481.5258860574],[1827079.79755229,2187484.587808198],[1827071.7290826477,2187486.9641115973],[1827069.0717496716,2187487.729282892],[1826830.1253299834,2187557.234965834],[1826827.5679493365,2187557.977764004],[1826819.6012720882,2187560.251725492],[1826814.1705412345,2187561.8008467713],[1826809.6975966808,2187563.0811977386],[1826806.967442223,2187563.8637777],[1826685.8818294967,2187598.8657872984],[1826682.7907200365,2187599.793364993],[1826677.174849248,2187601.4714790913],[1826670.7756980185,2187603.2984659662],[1826665.0157786368,2187604.931089789],[1826658.8485741164,2187606.686241289],[1826652.9120308526,2187608.4843177344],[1826649.6519996908,2187609.1073903944],[1826568.285149771,2187632.1725731096],[1826566.0613705376,2187632.741006867],[1826556.1857899774,2187635.634904711],[1826546.9052774545,2187638.266483224],[1826545.0000422471,2187638.7604949325],[1826426.6186047953,2187672.8504278986]]},"properties":{"width":2.0,"type":"Footway"},"id":"12bc493f-3991-4875-a7f5-6e5b5146c6ba"},{"type":"Feature","geometry":{"type":"LineString","coordinates":[[1826817.6212199386,2187552.972408457],[1826827.9210572238,2187549.994786288],[1827017.3503339605,2187495.2453457005],[1827067.335801451,2187480.9102096423],[1827077.927414108,2187477.8636361556]]},"properties":{"width":3.0,"type":"Service"},"id":"6b164b20-657f-4fa8-8768-7424729841a8"},{"type":"Feature","geometry":{"type":"LineString","coordinates":[[1826823.807227703,2187544.214120874],[1826825.9598885574,2187543.582936375],[1827015.5140265028,2187488.414115127],[1827065.4853757892,2187473.3737029796],[1827068.465982807,2187472.477701577]]},"properties":{"width":2.0,"type":"Footway"},"id":"13cfac2a-524b-447f-8a02-e3b6ec02ea6b"},{"type":"Feature","geometry":{"type":"LineString","coordinates":[[1826683.042539808,2187668.260744422],[1826676.6545699448,2187669.8947368907],[1826670.9628486964,2187671.3478222177]]},"properties":{"width":2.0,"type":"Footway"},"id":"cedbadef-4cf1-461a-856d-029ccada6003"},{"type":"Feature","geometry":{"type":"LineString","coordinates":[[1826519.9215136047,2187549.0395867717],[1826521.499118688,2187554.4172506565],[1826522.8833579319,2187559.7032645205],[1826523.3580639064,2187561.518268279],[1826541.44480497,2187625.436803868],[1826542.0614432562,2187627.998718556]]},"properties":{"width":2.0,"type":"Footway"},"id":"88d8e42b-b272-4357-8702-d5ddf1528fe6"},{"type":"Feature","geometry":{"type":"LineString","coordinates":[[1826428.8390655809,2187586.53312767],[1826429.366957347,2187588.487243444],[1826431.082047375,2187604.471987565],[1826431.3297246723,2187629.3734259177],[1826428.7166298022,2187656.522609871],[1826428.632263226,2187658.010084569],[1826430.528918669,2187657.698131861],[1826431.8828167552,2187657.499764081],[1826541.44480497,2187625.436803868],[1826543.7350304113,2187624.768973818],[1826552.5105180861,2187622.236855229],[1826562.0448420933,2187619.3314694623],[1826564.7247845512,2187618.6520383125],[1826645.4859262444,2187595.42085126],[1826648.1238679686,2187594.6279719644],[1826654.850986984,2187592.6136992117],[1826661.0413463935,2187590.760444844],[1826666.7704007127,2187589.0399852656],[1826673.1091059172,2187587.141195505],[1826679.0216614718,2187585.371988855]]},"properties":{"width":2.0,"type":"Footway"},"id":"6166ad11-a2f9-4d2f-bf04-d0113f63fd2d"},{"type":"Feature","geometry":{"type":"LineString","coordinates":[[1827128.3127689688,2187623.431871411],[1827124.094866335,2187624.542112006],[1827118.5440262249,2187626.016658724],[1827110.656152922,2187628.101815517],[1827107.8560822124,2187628.925329918],[1826868.3212696693,2187699.0035098153],[1826866.2792480178,2187699.603249745]]},"properties":{"width":2.0,"type":"Footway"},"id":"cde40164-adda-4031-8304-f83965c27194"},{"type":"Feature","geometry":{"type":"LineString","coordinates":[[1826852.1447412833,2187719.0857123905],[1826862.321385056,2187716.2286986616],[1826869.7623408267,2187714.141431139],[1826872.3278338183,2187713.4005717626],[1827111.771880235,2187644.3253009887],[1827114.844622376,2187643.4395698206]]},"properties":{"width":2.0,"type":"Footway"},"id":"bbd91a52-aadd-4bbd-b5ef-cac85ed2ca79"},{"type":"Feature","geometry":{"type":"LineString","coordinates":[[1826860.0362023418,2187707.91076624],[1826869.983065074,2187705.0800790885],[1826970.53000413,2187676.3608660586],[1827109.8135563752,2187636.590693615],[1827120.5915301216,2187633.519165234]]},"properties":{"width":3.0,"type":"Service"},"id":"a1e18675-b233-4d1f-9030-a15753b7ca9b"},{"type":"Feature","geometry":{"type":"LineString","coordinates":[[1827142.070232341,2187711.1401338587],[1827130.8357302332,2187714.28796809],[1826892.5210586926,2187783.2835404673],[1826881.5740509827,2187786.4534891336]]},"properties":{"width":3.0,"type":"Service"},"id":"53d3c362-325c-40e8-8c12-fe1565447449"},{"type":"Feature","geometry":{"type":"LineString","coordinates":[[1827439.7180803476,2187729.4111544243],[1827430.899763766,2187732.0128019196],[1827422.318975107,2187734.5554594263],[1827420.1204014597,2187735.1986619374],[1827181.3994277015,2187804.688740016],[1827178.5805301443,2187805.5192801575],[1827169.1111932865,2187808.002023725],[1827161.3366275986,2187810.0447943415],[1827157.9239464616,2187811.022860736],[1826918.3164666712,2187879.7464126577],[1826915.8483285375,2187880.4757014317],[1826907.9616095277,2187882.6302932724],[1826904.1425810768,2187883.5815914506],[1826901.1278302341,2187884.3314702865],[1826897.2629310212,2187885.2949593365]]},"properties":{"width":2.0,"type":"Footway"},"id":"7fcd7c2d-cfe5-48ff-907b-9cdc1f4fefc2"},{"type":"Feature","geometry":{"type":"LineString","coordinates":[[1826873.3383161488,2187797.155921615],[1826876.0551272247,2187796.3932462283],[1826879.133351688,2187795.5202479064],[1826883.7575495334,2187794.2181249666],[1826891.5354322789,2187792.014791112],[1826893.5872987902,2187791.3368379707],[1826894.857175427,2187790.9115964016],[1827132.769553427,2187721.7981750965],[1827135.9906169386,2187720.866917976]]},"properties":{"width":2.0,"type":"Footway"},"id":"d2da9218-3c78-40f7-8f96-3a63fb8f2ed7"},{"type":"Feature","geometry":{"type":"LineString","coordinates":[[1827391.8409945627,2187632.3699411424],[1827152.8590336037,2187701.282112509],[1827150.1828804156,2187702.054306945],[1827145.8543930743,2187703.1959604337],[1827140.295444499,2187704.6685663075],[1827132.2078352647,2187706.7985969707],[1827129.1432552554,2187707.6862426875],[1826890.6531029544,2187776.9511807146],[1826887.6987719585,2187777.9914980624],[1826879.9011591822,2187780.351278602],[1826875.4102889698,2187781.7078843215],[1826873.7352698732,2187782.210119338],[1826870.4392515025,2187783.204325039],[1826867.828762904,2187784.4638767485]]},"properties":{"width":2.0,"type":"Footway"},"id":"359fb858-3560-44bf-baa3-459fc92e1a49"},{"type":"Feature","geometry":{"type":"LineString","coordinates":[[1826265.2549091468,2187756.279392537],[1826267.1807843596,2187786.1332596196],[1826268.2517557065,2187804.3017938165],[1826269.8657127405,2187826.073442982],[1826271.9477887624,2187847.828961073],[1826273.6183520772,2187864.5855588405],[1826275.884323561,2187886.9828149187],[1826278.2663776432,2187908.486928453],[1826280.6431111577,2187927.826537539],[1826283.3576736888,2187947.775159746],[1826286.4795598944,2187969.1316453204],[1826289.7612747739,2187989.8469509967],[1826293.0223141361,2188009.556303962],[1826296.853120346,2188030.240074868],[1826300.10327126,2188048.2093626284],[1826304.2937147801,2188069.5188100734],[1826310.8394506609,2188100.1980742402],[1826317.7327475995,2188130.5336113987],[1826325.1219217922,2188160.261242934],[1826332.6524894107,2188190.482522596],[1826340.4474035073,2188219.3278578604],[1826348.5641356695,2188247.2825835804],[1826354.5808329983,2188269.6328650513],[1826360.7851580062,2188289.6570502934],[1826366.2506977515,2188306.6532718316],[1826372.6907103893,2188326.698570579],[1826379.3750070105,2188346.145639459],[1826385.5833683985,2188364.1111258706],[1826392.3811482051,2188382.6759677306],[1826399.5518371046,2188401.190732433],[1826408.5659236258,2188424.064263229],[1826416.1788999555,2188442.2346602366],[1826424.9758779788,2188461.8006021115],[1826433.1614710346,2188479.8760138624],[1826441.7829835818,2188497.9622503314],[1826453.4738645188,2188521.2603953513],[1826459.9325093438,2188533.8999212408],[1826470.5159454297,2188553.6918957783],[1826480.4211337382,2188571.6208526716],[1826491.1180379495,2188590.5306211924],[1826520.0370443019,2188641.022909062],[1826530.4160689996,2188659.420505065],[1826542.433847389,2188678.998809193],[1826558.6198603932,2188709.479617701]]},"properties":{"width":14.0,"type":"Highway"},"id":"52c30f0e-8ac4-4c5e-a571-25a929cab179"},{"type":"Feature","geometry":{"type":"LineString","coordinates":[[1826220.4005818046,2187834.908577563],[1826224.6362315898,2187851.545364],[1826271.3584063707,2188035.1564581804],[1826278.1122182494,2188065.136816166],[1826280.4614419434,2188079.234413883],[1826281.5666803191,2188087.779973112],[1826282.4225386744,2188098.694603312],[1826284.1903247659,2188111.3202535966],[1826285.275630457,2188116.305552278],[1826286.8381942592,2188123.5321857654],[1826321.3347369344,2188255.6901275795],[1826325.5468532615,2188271.366466509],[1826329.8111250899,2188284.0518728443],[1826338.416970933,2188303.2273300807],[1826344.3827324333,2188317.9941880675],[1826347.192249106,2188326.895872652],[1826356.237948746,2188363.8494340233],[1826371.765776894,2188420.777733018],[1826388.0014763796,2188480.6807790184],[1826397.5824004477,2188518.278568179],[1826415.610680333,2188585.4857604667],[1826443.691461602,2188691.748579379],[1826459.761108107,2188753.258316239],[1826503.9237364985,2188922.277177142],[1826531.3514795634,2189027.2821226195],[1826547.2709119515,2189088.216098059]]},"properties":{"width":3.0,"type":"Service"},"id":"550bdbdc-c4d6-43f1-996c-0dcf264ea381"},{"type":"Feature","geometry":{"type":"LineString","coordinates":[[1826541.0621007988,2188728.0621138182],[1826534.3766806808,2188711.0654116143],[1826524.1426878732,2188689.5031389347],[1826513.253177812,2188667.912778987],[1826502.1325343822,2188646.6821488272],[1826457.5175849928,2188560.7506157053],[1826440.5732299516,2188528.560839008],[1826430.056103103,2188507.57637031],[1826419.274384807,2188485.3443037327],[1826409.4142673025,2188463.6519136415],[1826399.687813882,2188441.3927386394],[1826390.3140901425,2188418.986682652],[1826381.5541643687,2188396.3112364793],[1826373.1979911537,2188373.673544316],[1826365.2104076203,2188350.639559621],[1826357.6351632716,2188327.8984983936],[1826350.084279916,2188304.944575556],[1826342.92601933,2188282.221387837],[1826336.034310615,2188258.732626039],[1826329.199991471,2188235.5105676823],[1826322.6176713614,2188212.0948344427],[1826316.4884222345,2188188.7629994564],[1826310.5554494658,2188165.327899925],[1826304.814471496,2188141.8805783084],[1826299.2324776882,2188118.3787254496],[1826294.0118009225,2188094.547890815],[1826289.116045424,2188071.1619397053],[1826284.3325226943,2188047.227144341],[1826279.9395082267,2188023.5685975896],[1826275.8023436337,2187999.3720751083],[1826271.95623661,2187975.508882278],[1826268.5833820568,2187951.826388994],[1826265.3956576565,2187927.7963522836],[1826262.5199741719,2187903.6098059677],[1826259.9164825617,2187879.5450142934],[1826257.6023082994,2187855.237803583],[1826255.580502877,2187831.367785642],[1826253.7935708936,2187807.2309959675],[1826252.2887117225,2187783.356368567],[1826251.2746486615,2187758.8956248784],[1826248.111449427,2187676.47514723]]},"properties":{"width":14.0,"type":"Highway"},"id":"e6a64a26-be65-42ae-836e-76cbe27133cc"},{"type":"Feature","geometry":{"type":"LineString","coordinates":[[1827165.6534938074,2187795.4717797064],[1827154.4010626196,2187798.695872053],[1826915.5868948859,2187867.6643698504],[1826904.6005229861,2187870.7099029613]]},"properties":{"width":3.5,"type":"Minor"},"id":"a5d2ae2e-c2bf-4231-a85e-8ffe4a2fc5a0"},{"type":"Feature","geometry":{"type":"LineString","coordinates":[[1826904.6005229861,2187870.7099029613],[1826907.9616095277,2187882.6302932724],[1826922.2061553753,2187934.6087069493],[1826925.8890997965,2187948.04344064],[1826927.46241522,2187953.76546329]]},"properties":{"width":7.0,"type":"Major"},"id":"60188e77-4475-4a0b-9f8f-86831cdb14cb"},{"type":"Feature","geometry":{"type":"LineString","coordinates":[[1826730.3185343386,2187752.749579497],[1826728.307681953,2187746.256994245],[1826727.3112413818,2187742.316659824]]},"properties":{"width":2.0,"type":"Footway"},"id":"9804e44b-30ee-409c-918d-b50b14303d43"},{"type":"Feature","geometry":{"type":"LineString","coordinates":[[1826586.2545788034,2187696.293790261],[1826583.218406826,2187697.4990122356]]},"properties":{"width":2.0,"type":"Footway"},"id":"88e585a2-9d70-412e-923a-9edd6a86e7a0"},{"type":"Feature","geometry":{"type":"LineString","coordinates":[[1826565.2983851468,2187702.0503275497],[1826573.7235735522,2187700.0914812656],[1826583.218406826,2187697.4990122356]]},"properties":{"width":2.0,"type":"Footway"},"id":"52ebe0d7-4935-4c79-b392-5a4c6e671e43"},{"type":"Feature","geometry":{"type":"LineString","coordinates":[[1826565.2983851468,2187702.0503275497],[1826561.994267737,2187703.2613734556]]},"properties":{"width":2.0,"type":"Footway"},"id":"e4f07af1-0cd5-426f-b4d1-50b85d3e603a"},{"type":"Feature","geometry":{"type":"LineString","coordinates":[[1826565.9301163435,2187717.1581821935],[1826565.1921956125,2187715.073942421],[1826563.8552237072,2187710.098236653],[1826562.7137773507,2187705.8245523283],[1826561.994267737,2187703.2613734556]]},"properties":{"width":2.0,"type":"Footway"},"id":"172a2910-83b3-4a38-9355-98084ca63e6a"},{"type":"Feature","geometry":{"type":"LineString","coordinates":[[1826586.2545788034,2187696.293790261],[1826586.7395747511,2187698.939718824],[1826587.8299957367,2187703.247396585],[1826589.1536768016,2187708.461615748],[1826589.3205348388,2187710.560699722],[1826586.6316166425,2187711.3875859957],[1826577.4420613656,2187714.362762729],[1826568.9731710842,2187716.725533598],[1826565.9301163435,2187717.1581821935]]},"properties":{"width":2.0,"type":"Footway"},"id":"8b525ed1-d7e8-4ecc-84cc-1b603318e981"},{"type":"Feature","geometry":{"type":"LineString","coordinates":[[1826561.994267737,2187703.2613734556],[1826545.0000422471,2187638.7604949325],[1826544.5575164678,2187637.137188624],[1826543.1253319532,2187632.3461487875],[1826542.0614432562,2187627.998718556]]},"properties":{"width":2.0,"type":"Footway"},"id":"65452751-384f-4bad-9003-4538a9ef6636"},{"type":"Feature","geometry":{"type":"LineString","coordinates":[[1826696.9578123542,2187671.498313703],[1826698.9927769697,2187679.2738261893],[1826716.1267310793,2187743.140925129],[1826717.9446571176,2187749.1392127527]]},"properties":{"width":7.0,"type":"Major"},"id":"970b12a7-4242-4a64-9166-f1bc633fae4c"},{"type":"Feature","geometry":{"type":"LineString","coordinates":[[1826678.4357211124,2187676.8508981494],[1826669.8051272212,2187679.4976150463],[1826587.8299957367,2187703.247396585],[1826575.425889634,2187706.798863042]]},"properties":{"width":3.0,"type":"Service"},"id":"0756e0a3-ce13-4267-8fdf-55eb629a010d"},{"type":"Feature","geometry":{"type":"LineString","coordinates":[[1826586.2545788034,2187696.293790261],[1826667.9969469549,2187672.109327722],[1826670.9628486964,2187671.3478222177]]},"properties":{"width":2.0,"type":"Footway"},"id":"130e1b64-6cf8-4a43-b852-279bb9d6b2bb"},{"type":"Feature","geometry":{"type":"LineString","coordinates":[[1826554.357378592,2187629.0243566395],[1826556.1857899774,2187635.634904711],[1826565.2064130998,2187668.0721646035],[1826573.7235735522,2187700.0914812656],[1826575.425889634,2187706.798863042]]},"properties":{"width":3.5,"type":"Minor"},"id":"8d718d60-25cd-4bb5-aaca-8c010f8767d3"},{"type":"Feature","geometry":{"type":"LineString","coordinates":[[1826717.9446571176,2187749.1392127527],[1826720.4683084711,2187757.467318496],[1826741.993890595,2187819.8854159974],[1826744.1384483408,2187826.2484685048]]},"properties":{"width":7.0,"type":"Major"},"id":"7d58d7de-b7a8-479c-b20c-0a953095ec1f"},{"type":"Feature","geometry":{"type":"LineString","coordinates":[[1826868.2339114114,2187785.9173014075],[1826869.316021813,2187790.004464683],[1826870.6845199242,2187795.137299339]]},"properties":{"width":2.0,"type":"Footway"},"id":"6fb71d0a-8c1d-4e73-9164-242122578181"},{"type":"Feature","geometry":{"type":"LineString","coordinates":[[1826717.9446571176,2187749.1392127527],[1826728.307681953,2187746.256994245],[1826847.5542983382,2187711.5355436187],[1826860.0362023418,2187707.91076624]]},"properties":{"width":3.0,"type":"Service"},"id":"2bdd0f76-105d-49fa-9bac-8a6f718c7856"},{"type":"Feature","geometry":{"type":"LineString","coordinates":[[1826701.5842905405,2187753.931688241],[1826699.702479073,2187748.021892936],[1826680.5924353627,2187683.9647229756],[1826678.4357211124,2187676.8508981494]]},"properties":{"width":7.0,"type":"Major"},"id":"9c4842f5-7a24-4f24-be66-07a04ef7d1df"},{"type":"Feature","geometry":{"type":"LineString","coordinates":[[1826707.423128527,2187675.1070135976],[1826707.8879216297,2187677.0002484997],[1826726.6123674533,2187739.8848974295],[1826727.3112413818,2187742.316659824]]},"properties":{"width":2.0,"type":"Footway"},"id":"e80d6643-7604-441b-a4d1-0a7c894a6874"},{"type":"Feature","geometry":{"type":"LineString","coordinates":[[1826401.6066460751,2187833.4973123167],[1826584.1121812267,2187781.870429739],[1826585.836044617,2187781.3796652793],[1826595.1794613355,2187778.5904093557],[1826604.3286778915,2187775.8588994765],[1826607.0072940905,2187775.0756200384],[1826690.735815473,2187750.635294298],[1826692.7023501971,2187750.063731323],[1826699.702479073,2187748.021892936],[1826705.232532745,2187746.4156218832],[1826710.7402943424,2187744.7580663785],[1826716.1267310793,2187743.140925129],[1826724.1618041387,2187740.721958779],[1826726.6123674533,2187739.8848974295],[1826845.9649457247,2187705.4070374304],[1826847.580810847,2187704.93686084],[1826858.3774031668,2187701.857921494],[1826866.2792480178,2187699.603249745]]},"properties":{"width":2.0,"type":"Footway"},"id":"3406d14e-4025-4ccd-8af1-38995bdf18df"},{"type":"Feature","geometry":{"type":"LineString","coordinates":[[1826575.425889634,2187706.798863042],[1826563.8552237072,2187710.098236653],[1826418.879765798,2187752.158390536],[1826416.129559959,2187752.625663601],[1826413.9426796709,2187752.892152514],[1826412.1180647772,2187753.1175400773],[1826408.4846576499,2187752.881646906],[1826404.363783585,2187752.4156771475]]},"properties":{"width":3.0,"type":"Service"},"id":"d5645eb4-f788-4027-a5ef-4a52202468ce"},{"type":"Feature","geometry":{"type":"LineString","coordinates":[[1826565.9301163435,2187717.1581821935],[1826584.1121812267,2187781.870429739],[1826584.706892968,2187783.978416142]]},"properties":{"width":2.0,"type":"Footway"},"id":"9571bf1f-d2ff-4d94-9844-cdcedece5580"},{"type":"Feature","geometry":{"type":"LineString","coordinates":[[1826597.0283251822,2187784.8951264494],[1826608.8368584996,2187781.352774339],[1826692.4855860816,2187756.5944755874],[1826701.5842905405,2187753.931688241]]},"properties":{"width":3.0,"type":"Service"},"id":"89810004-6d9d-4ba8-abd5-10a51c69af00"},{"type":"Feature","geometry":{"type":"LineString","coordinates":[[1826674.4878619025,2187685.52750536],[1826671.465372792,2187686.3101759464],[1826589.3205348388,2187710.560699722],[1826607.0072940905,2187775.0756200384],[1826607.5346862893,2187776.995122805],[1826608.8368584996,2187781.352774339],[1826610.4897618585,2187786.9208508334],[1826611.0192934328,2187788.7948319106],[1826628.9635463762,2187853.163523596],[1826629.5878096342,2187855.0368481493],[1826630.5255285858,2187859.2624825593],[1826631.8105425816,2187864.85882851],[1826632.3044727608,2187866.7013990753],[1826649.9776452316,2187932.179948482]]},"properties":{"width":2.0,"type":"Footway"},"id":"c11eb096-272f-40d1-8acf-ced203785c98"},{"type":"Feature","geometry":{"type":"LineString","coordinates":[[1826597.0283251822,2187784.8951264494],[1826599.1610406307,2187792.4750345973],[1826608.115480704,2187825.0809205184],[1826616.436551915,2187856.6168375737],[1826618.1794577353,2187862.677936572]]},"properties":{"width":3.5,"type":"Minor"},"id":"f428b083-56b9-4a02-ab05-9d390c70e733"},{"type":"Feature","geometry":{"type":"LineString","coordinates":[[1826697.7496290754,2187764.314987572],[1826695.0975748068,2187765.0584810814],[1826611.0192934328,2187788.7948319106],[1826608.0624429884,2187789.6275236136],[1826599.1610406307,2187792.4750345973],[1826590.3376713595,2187795.2834326634],[1826588.2631214478,2187795.875555397],[1826398.4895008022,2187849.7342508757]]},"properties":{"width":2.0,"type":"Footway"},"id":"f0795b0a-f73c-4230-bf78-3f567abb9fec"},{"type":"Feature","geometry":{"type":"LineString","coordinates":[[1826575.425889634,2187706.798863042],[1826577.4420613656,2187714.362762729],[1826595.1794613355,2187778.5904093557],[1826597.0283251822,2187784.8951264494]]},"properties":{"width":3.5,"type":"Minor"},"id":"9a220b9f-f9da-4597-b349-59dbe6a8a2a1"},{"type":"Feature","geometry":{"type":"LineString","coordinates":[[1826587.6135188476,2187793.2713317266],[1826586.01506904,2187788.1648764093],[1826584.706892968,2187783.978416142]]},"properties":{"width":2.0,"type":"Footway"},"id":"57054247-b403-460e-a5fb-7b1bb41c8510"},{"type":"Feature","geometry":{"type":"LineString","coordinates":[[1826413.0042459797,2187760.805985755],[1826565.9301163435,2187717.1581821935]]},"properties":{"width":2.0,"type":"Footway"},"id":"18b4ac3d-e203-4723-8432-3eeec5071dbf"},{"type":"Feature","geometry":{"type":"LineString","coordinates":[[1826728.2253323665,2187830.858729158],[1826726.1592299833,2187824.928443048],[1826704.2850172934,2187762.347597869],[1826701.5842905405,2187753.931688241]]},"properties":{"width":7.0,"type":"Major"},"id":"722cda62-d254-448a-ba27-c46eecfb67a7"},{"type":"Feature","geometry":{"type":"LineString","coordinates":[[1826701.5842905405,2187753.931688241],[1826717.9446571176,2187749.1392127527]]},"properties":{"width":3.0,"type":"Service"},"id":"2ee08d38-24f5-4192-a43d-4e20f647740b"},{"type":"Feature","geometry":{"type":"LineString","coordinates":[[1826860.0362023418,2187707.91076624],[1826862.321385056,2187716.2286986616],[1826879.9011591822,2187780.351278602],[1826881.5740509827,2187786.4534891336]]},"properties":{"width":7.0,"type":"Major"},"id":"5f859f94-bb78-40cd-bd98-aea5daacded2"},{"type":"Feature","geometry":{"type":"LineString","coordinates":[[1826561.994267737,2187703.2613734556],[1826415.1440073159,2187746.5247113393]]},"properties":{"width":2.0,"type":"Footway"},"id":"ce91717a-371a-4f64-bced-fcd345e0be47"},{"type":"Feature","geometry":{"type":"LineString","coordinates":[[1826697.7496290754,2187764.314987572],[1826704.2850172934,2187762.347597869],[1826710.9335911153,2187760.3378807977],[1826715.8561453284,2187758.864426692],[1826720.4683084711,2187757.467318496],[1826727.324821772,2187755.4146271846]]},"properties":{"width":2.0,"type":"Footway"},"id":"b3171041-f0a5-498d-8697-1be2ad13f399"},{"type":"Feature","geometry":{"type":"LineString","coordinates":[[1826868.2339114114,2187785.9173014075],[1826867.828762904,2187784.4638767485],[1826849.6791458111,2187719.8041248256],[1826849.2002425406,2187718.080146154]]},"properties":{"width":2.0,"type":"Footway"},"id":"1d57b79d-4294-4ad2-8260-99f6f2e0ed53"},{"type":"Feature","geometry":{"type":"LineString","coordinates":[[1826852.1447412833,2187719.0857123905],[1826849.6791458111,2187719.8041248256],[1826730.788449969,2187754.4023836874],[1826727.324821772,2187755.4146271846]]},"properties":{"width":2.0,"type":"Footway"},"id":"55b8de5c-57b6-4864-9d3a-03ee9d2ef7c7"},{"type":"Feature","geometry":{"type":"LineString","coordinates":[[1826694.2224921258,2187762.6081562378],[1826695.0975748068,2187765.0584810814],[1826717.5300253462,2187827.6789639946]]},"properties":{"width":2.0,"type":"Footway"},"id":"4cd2bf13-002b-4ffd-bef4-616e27ca366a"},{"type":"Feature","geometry":{"type":"LineString","coordinates":[[1826656.7650504727,2187955.1267087082],[1826751.728896147,2187929.0581488754],[1826756.0323190347,2187927.8758952213],[1826761.5601469285,2187926.096561816],[1826777.3938274735,2187920.984373953],[1826785.1921373988,2187918.4751120806],[1826788.5746941976,2187917.478296793],[1826894.8158038498,2187886.190308555],[1826897.2629310212,2187885.2949593365]]},"properties":{"width":2.0,"type":"Footway"},"id":"f751d9f8-9f82-4476-a514-b67d5deffbf2"},{"type":"Feature","geometry":{"type":"LineString","coordinates":[[1826744.1384483408,2187826.2484685048],[1826746.8630784203,2187833.97964026],[1826769.0281114017,2187897.1471669553],[1826773.3693892714,2187909.068632627]]},"properties":{"width":7.0,"type":"Major"},"id":"6c6fbf35-83e7-45a6-8a95-4c1b0db78969"},{"type":"Feature","geometry":{"type":"LineString","coordinates":[[1826730.3185343386,2187752.749579497],[1826730.788449969,2187754.4023836874],[1826752.8528756814,2187816.3953560125],[1826753.874569649,2187819.9734397368],[1826755.1389128964,2187823.2520733397],[1826757.0497911249,2187828.455331498],[1826757.7782132598,2187830.4338003127],[1826780.2402958355,2187893.7635302395],[1826781.5659133426,2187897.183208787],[1826784.4525219835,2187905.976742109],[1826787.6370779555,2187914.7830566163]]},"properties":{"width":2.0,"type":"Footway"},"id":"92811991-5bbf-45c5-b39c-97b206d44830"},{"type":"Feature","geometry":{"type":"LineString","coordinates":[[1826744.1384483408,2187826.2484685048],[1826728.2253323665,2187830.858729158]]},"properties":{"width":3.0,"type":"Service"},"id":"9ed81bc4-aa34-44c9-93d2-b11c6c247cc8"},{"type":"Feature","geometry":{"type":"LineString","coordinates":[[1826721.7021302301,2187841.0103121237],[1826720.9985650254,2187838.853605062],[1826719.290880979,2187833.445160028],[1826718.1877209092,2187829.847859637],[1826717.5300253462,2187827.6789639946]]},"properties":{"width":2.0,"type":"Footway"},"id":"8160c507-da55-407f-af9a-7151c064560d"},{"type":"Feature","geometry":{"type":"LineString","coordinates":[[1826607.7161075096,2187858.9892169177],[1826616.436551915,2187856.6168375737],[1826626.894577363,2187853.7684573107],[1826628.9635463762,2187853.163523596],[1826717.5300253462,2187827.6789639946]]},"properties":{"width":2.0,"type":"Footway"},"id":"43a641a3-8fb4-4ef0-901a-58d99a7c1d6a"},{"type":"Feature","geometry":{"type":"LineString","coordinates":[[1826728.2253323665,2187830.858729158],[1826719.290880979,2187833.445160028],[1826630.5255285858,2187859.2624825593],[1826618.1794577353,2187862.677936572]]},"properties":{"width":3.0,"type":"Service"},"id":"20b034ab-0f16-4b0b-93e4-7aeebd854def"},{"type":"Feature","geometry":{"type":"LineString","coordinates":[[1826611.378619082,2187873.3508997825],[1826620.527752129,2187870.4007843137],[1826629.9877111365,2187867.408954815],[1826632.3044727608,2187866.7013990753],[1826721.7021302301,2187841.0103121237]]},"properties":{"width":2.0,"type":"Footway"},"id":"621bca6b-a308-45a8-a95d-70a5838ac5f7"},{"type":"Feature","geometry":{"type":"LineString","coordinates":[[1826721.7021302301,2187841.0103121237],[1826743.7562631594,2187905.0490891547],[1826744.8765333153,2187908.2822176227]]},"properties":{"width":2.0,"type":"Footway"},"id":"32c23d05-8282-4dcb-8764-69835560bb67"},{"type":"Feature","geometry":{"type":"LineString","coordinates":[[1826757.2098659086,2187913.666679107],[1826753.3144410718,2187902.1150993686],[1826730.6468646552,2187838.380285055],[1826728.2253323665,2187830.858729158]]},"properties":{"width":7.0,"type":"Major"},"id":"65684d8f-401c-4dc2-8be2-570cec11f844"},{"type":"Feature","geometry":{"type":"LineString","coordinates":[[1826773.3693892714,2187909.068632627],[1826757.2098659086,2187913.666679107]]},"properties":{"width":3.5,"type":"Minor"},"id":"22c5b4c7-7573-4a38-8776-6d8d6bee51a7"},{"type":"Feature","geometry":{"type":"LineString","coordinates":[[1826904.6005229861,2187870.7099029613],[1826891.6742061821,2187874.724468831],[1826784.4525219835,2187905.976742109],[1826773.3693892714,2187909.068632627]]},"properties":{"width":3.5,"type":"Minor"},"id":"8b0339b4-4cd2-4994-819b-6dcc41ca0845"},{"type":"Feature","geometry":{"type":"LineString","coordinates":[[1826785.7497694336,2187994.747485416],[1826783.594193666,2187988.1401587627],[1826761.5601469285,2187926.096561816],[1826757.2098659086,2187913.666679107]]},"properties":{"width":7.0,"type":"Major"},"id":"d80bab7c-d33a-4150-8693-cf6cd9a701a7"},{"type":"Feature","geometry":{"type":"LineString","coordinates":[[1826773.3693892714,2187909.068632627],[1826777.3938274735,2187920.984373953],[1826799.3754979002,2187983.832665477],[1826801.6142351164,2187990.1604467775]]},"properties":{"width":7.0,"type":"Major"},"id":"a88f9303-fb07-4793-918e-b5bde039d2b2"},{"type":"Feature","geometry":{"type":"LineString","coordinates":[[1826611.378619082,2187873.3508997825],[1826609.3958145,2187873.481376703],[1826398.9393365425,2187933.5861977264]]},"properties":{"width":2.0,"type":"Footway"},"id":"5f5acc47-ab76-4ef0-84ca-7b3d5f481bf9"},{"type":"Feature","geometry":{"type":"LineString","coordinates":[[1826873.3383161488,2187797.155921615],[1826870.8367239344,2187797.8082927926],[1826757.7782132598,2187830.4338003127],[1826755.076437694,2187831.3151258216],[1826746.8630784203,2187833.97964026],[1826730.6468646552,2187838.380285055],[1826724.890920935,2187840.105821464],[1826721.7021302301,2187841.0103121237]]},"properties":{"width":2.0,"type":"Footway"},"id":"d4d6abfb-05c2-4df3-a521-71159bd4b0b6"},{"type":"Feature","geometry":{"type":"LineString","coordinates":[[1826618.1794577353,2187862.677936572],[1826620.527752129,2187870.4007843137],[1826631.4087132176,2187910.1467822683],[1826638.3999077512,2187935.7651463477],[1826641.4916034648,2187947.3340991423]]},"properties":{"width":3.5,"type":"Minor"},"id":"1dd9e8fd-7130-463f-a7a8-d0ada01b1c56"},{"type":"Feature","geometry":{"type":"LineString","coordinates":[[1826757.2098659086,2187913.666679107],[1826755.1087397886,2187914.2985108593],[1826747.5809583897,2187916.572463345],[1826653.332135273,2187943.983524016],[1826641.4916034648,2187947.3340991423]]},"properties":{"width":3.5,"type":"Minor"},"id":"05d7c645-4db0-4f36-a703-e35ce572b465"},{"type":"Feature","geometry":{"type":"LineString","coordinates":[[1826797.2249718776,2188070.339929751],[1826796.5364758624,2188067.8645707527],[1826778.9915884049,2188004.7284867503],[1826778.2409097678,2188002.042841182],[1826776.963767578,2187997.288298718],[1826775.8876906293,2187993.24860322],[1826774.8609182558,2187990.566843739],[1826751.728896147,2187929.0581488754],[1826750.356975235,2187925.397413363],[1826747.5809583897,2187916.572463345],[1826744.8765333153,2187908.2822176227]]},"properties":{"width":2.0,"type":"Footway"},"id":"ec9aad2a-d16d-429b-8d44-ad12b2ed1d8a"},{"type":"Feature","geometry":{"type":"LineString","coordinates":[[1826390.4077768424,2187841.4182313206],[1826394.6066290028,2187841.845069486],[1826398.2472687287,2187841.7950050207],[1826399.9603970095,2187841.531808693],[1826401.88702362,2187841.2384382575],[1826405.4002880855,2187840.306827666],[1826586.01506904,2187788.1648764093],[1826597.0283251822,2187784.8951264494]]},"properties":{"width":3.0,"type":"Service"},"id":"7fd678ce-227a-48c9-a718-d8d58cceeb8d"},{"type":"Feature","geometry":{"type":"LineString","coordinates":[[1826587.6135188476,2187793.2713317266],[1826588.2631214478,2187795.875555397],[1826605.1716989414,2187859.677583129],[1826605.6930805712,2187861.768270483],[1826606.9176187401,2187865.981031393],[1826608.6763809957,2187871.7927195462],[1826609.3958145,2187873.481376703],[1826626.3407091151,2187938.0745618544]]},"properties":{"width":2.0,"type":"Footway"},"id":"36ec0f71-4e11-4263-98bb-56426365a537"},{"type":"Feature","geometry":{"type":"LineString","coordinates":[[1826607.7161075096,2187858.9892169177],[1826605.1716989414,2187859.677583129],[1826396.1974701446,2187919.9136878233]]},"properties":{"width":2.0,"type":"Footway"},"id":"c2ea79a5-cfe5-42c1-9d0f-7f682a50111d"},{"type":"Feature","geometry":{"type":"LineString","coordinates":[[1826618.1794577353,2187862.677936572],[1826606.9176187401,2187865.981031393],[1826397.3656268588,2187926.771139377],[1826388.2535306816,2187929.419525762]]},"properties":{"width":3.0,"type":"Service"},"id":"5d41536f-7b26-4f30-8bdd-03fbde55e694"},{"type":"Feature","geometry":{"type":"LineString","coordinates":[[1826836.2434066224,2188068.9734526286],[1826834.7000944563,2188064.1445666775],[1826833.3286875833,2188059.862553135],[1826832.6569183876,2188057.425656739],[1826815.413176503,2187994.544610862],[1826814.673223908,2187991.849983682],[1826812.8387707388,2187987.125003305],[1826811.342568003,2187983.2623154838],[1826810.477856244,2187980.768383669],[1826788.5746941976,2187917.478296793],[1826787.6370779555,2187914.7830566163]]},"properties":{"width":2.0,"type":"Footway"},"id":"4dc2952b-131a-4289-a538-183dc3ff33f0"},{"type":"Feature","geometry":{"type":"LineString","coordinates":[[1826649.9776452316,2187932.179948482],[1826743.7562631594,2187905.0490891547],[1826747.1525349186,2187904.0670000017],[1826753.3144410718,2187902.1150993686],[1826769.0281114017,2187897.1471669553],[1826777.0519425354,2187894.9212493855],[1826780.2402958355,2187893.7635302395],[1826888.4018353098,2187862.7559877695],[1826891.7659974624,2187861.8008925687],[1826901.5403796637,2187859.044650375],[1826909.0592729114,2187856.918307376],[1826912.755270823,2187855.868931094],[1827151.073211544,2187787.036298281],[1827154.323840128,2187786.0890186266]]},"properties":{"width":2.0,"type":"Footway"},"id":"e61d74c5-b341-4035-ab34-2fd27f792a73"},{"type":"Feature","geometry":{"type":"LineString","coordinates":[[1826939.5928800313,2187955.891943265],[1826938.1773337838,2187950.6674272134],[1826937.0738742345,2187946.5982159367],[1826936.643463713,2187945.0697792876],[1826918.3164666712,2187879.7464126577],[1826917.925067677,2187876.7773177903],[1826915.5868948859,2187867.6643698504],[1826913.5209466063,2187859.110466479],[1826912.755270823,2187855.868931094],[1826894.857175427,2187790.9115964016],[1826894.3388488374,2187789.2818696317],[1826894.0546050982,2187788.4093063124],[1826892.5210586926,2187783.2835404673],[1826891.422665391,2187779.629790109]]},"properties":{"width":2.0,"type":"Footway"},"id":"0b9fbb90-81b6-4d38-867e-caccd8825c01"},{"type":"Feature","geometry":{"type":"LineString","coordinates":[[1826894.2173238914,2187883.9893334997],[1826894.8158038498,2187886.190308555],[1826913.0597594092,2187951.5745294164],[1826913.5441888191,2187953.31132981],[1826914.6489414258,2187957.4844024004],[1826915.9500344368,2187962.428747441]]},"properties":{"width":2.0,"type":"Footway"},"id":"e0acfb13-76d0-4628-a503-02aed4c270de"},{"type":"Feature","geometry":{"type":"LineString","coordinates":[[1826881.5740509827,2187786.4534891336],[1826883.7575495334,2187794.2181249666],[1826891.2507582945,2187820.841380953],[1826901.5403796637,2187859.044650375],[1826904.6005229861,2187870.7099029613]]},"properties":{"width":7.0,"type":"Major"},"id":"20965add-31c4-436c-819c-7e6715c75b00"},{"type":"Feature","geometry":{"type":"LineString","coordinates":[[1826894.2173238914,2187883.9893334997],[1826891.6742061821,2187874.724468831],[1826889.2867017824,2187866.0026341844],[1826888.4018353098,2187862.7559877695],[1826870.8367239344,2187797.8082927926],[1826870.6845199242,2187795.137299339]]},"properties":{"width":2.0,"type":"Footway"},"id":"f9564bd1-9bc3-4739-ab90-a82da6313eda"},{"type":"Feature","geometry":{"type":"LineString","coordinates":[[1826881.5740509827,2187786.4534891336],[1826872.5936027719,2187789.051935539],[1826869.316021813,2187790.004464683],[1826755.1389128964,2187823.2520733397],[1826744.1384483408,2187826.2484685048]]},"properties":{"width":3.0,"type":"Service"},"id":"e8c49c7b-d765-4f44-a960-1102a0d1e5d4"},{"type":"Feature","geometry":{"type":"LineString","coordinates":[[1826717.5300253462,2187827.6789639946],[1826720.2077875258,2187826.8264806173],[1826726.1592299833,2187824.928443048],[1826741.993890595,2187819.8854159974],[1826748.891953942,2187817.692970629],[1826752.8528756814,2187816.3953560125],[1826867.828762904,2187784.4638767485]]},"properties":{"width":2.0,"type":"Footway"},"id":"7d2920fa-2f59-472f-b309-d11938b47ffe"},{"type":"Feature","geometry":{"type":"LineString","coordinates":[[1826348.086168839,2187705.5614430816],[1826347.6487851734,2187698.0479449537],[1826347.2976136454,2187691.153134621]]},"properties":{"width":2.0,"type":"Footway"},"id":"68f9f9be-cd1e-4890-9a79-34cc1c8c1281"},{"type":"Feature","geometry":{"type":"LineString","coordinates":[[1826248.111449427,2187676.47514723],[1826240.4012823445,2187640.0096914195],[1826238.2457806177,2187626.291549741],[1826236.2540437111,2187612.6810841863],[1826234.4593753007,2187602.5000657933],[1826231.9229265575,2187591.45365729],[1826229.1283851299,2187580.553484708],[1826225.3962002287,2187569.581704064],[1826221.7297390318,2187560.190335855],[1826217.9278070373,2187551.008652513],[1826213.3786316384,2187542.2605463904],[1826208.4590470723,2187533.7702632644],[1826203.2704073181,2187527.368255755],[1826196.7959416048,2187520.3292315705],[1826190.1744671033,2187513.8768938687],[1826186.5599459892,2187510.3892057207],[1826185.2079869104,2187508.5744156237],[1826183.9430621883,2187506.791663967],[1826182.8491387207,2187504.3933739606],[1826182.6530287338,2187502.563583973],[1826182.5953361534,2187500.1105687786]]},"properties":{"width":14.0,"type":"Highway"},"id":"854d75a3-890c-4fb7-86f7-7071d346845f"},{"type":"Feature","geometry":{"type":"LineString","coordinates":[[1826328.061576823,2187706.751550471],[1826327.5573318365,2187699.7400843753],[1826327.1997084036,2187692.7632101616]]},"properties":{"width":2.0,"type":"Footway"},"id":"db3dcfed-af23-4dae-bbba-257bf1329fb3"},{"type":"Feature","geometry":{"type":"LineString","coordinates":[[1826309.8204366846,2187749.1881454554],[1826313.000861157,2187739.7895960803],[1826315.3949796862,2187729.860337251],[1826316.4220681072,2187722.117018108],[1826317.511012973,2187716.079773685],[1826319.406377762,2187710.014155943]]},"properties":{"width":2.0,"type":"Footway"},"id":"4d0a3c2d-70cb-4b81-9fd0-1ee5cc8e77e0"},{"type":"Feature","geometry":{"type":"LineString","coordinates":[[1826379.1792401664,2187720.3305509468],[1826378.361438491,2187710.0922570326],[1826377.5560275796,2187699.3275789754],[1826377.9768234235,2187689.6346571203],[1826379.0913634344,2187681.083480121]]},"properties":{"width":2.0,"type":"Footway"},"id":"3528941b-1ef8-48f0-8bac-91af73fd0a85"},{"type":"Feature","geometry":{"type":"LineString","coordinates":[[1826294.9242675928,2187732.395099603],[1826297.064981943,2187728.205418948],[1826300.2638374874,2187724.852217294],[1826306.0387196115,2187719.4372105766],[1826312.3148310129,2187714.704284788],[1826319.406377762,2187710.014155943],[1826321.907003435,2187708.636471933],[1826325.7550777725,2187706.9783375002],[1826328.061576823,2187706.751550471],[1826348.086168839,2187705.5614430816],[1826350.922579862,2187705.494203197],[1826355.5875795223,2187706.8249424375],[1826360.147142928,2187708.602583622],[1826367.1483529613,2187711.6581941084],[1826372.2233107758,2187714.6045499314],[1826377.6250160662,2187718.571549224],[1826379.1792401664,2187720.3305509468],[1826381.9035266591,2187723.4357319097],[1826384.967848997,2187727.541676085],[1826387.6017195357,2187731.4309971407],[1826390.5497581414,2187734.025144887],[1826393.3931247175,2187735.6050218474],[1826395.8364312823,2187736.146962166]]},"properties":{"width":2.0,"type":"Footway"},"id":"307ddd22-ef54-4818-902b-3339287db8cd"},{"type":"Feature","geometry":{"type":"LineString","coordinates":[[1826286.1897740187,2187818.8437324557],[1826286.4412660182,2187804.2550777663],[1826285.25353924,2187789.533999336],[1826282.7364883581,2187776.7661194424],[1826281.5492086238,2187768.6039490886],[1826283.0102870301,2187762.8846352845],[1826286.504677467,2187755.872995746],[1826295.996250458,2187746.7321680784]]},"properties":{"width":2.0,"type":"Footway"},"id":"7d466a14-c31f-461e-ab9a-a6971a311875"},{"type":"Feature","geometry":{"type":"LineString","coordinates":[[1826155.6913412577,2187517.1569256685],[1826161.5617571918,2187524.1684800265],[1826162.7135017272,2187525.993568435],[1826166.6615548143,2187533.6447766926],[1826173.2014446033,2187547.6607159423],[1826174.8620213356,2187557.718013431],[1826175.3193882601,2187565.730959702],[1826175.354289104,2187571.9987982134],[1826175.8869760993,2187578.6717309165],[1826178.3136569732,2187588.7256509415],[1826189.4483982932,2187620.1534698275],[1826195.4934431291,2187644.431702403],[1826199.215047773,2187667.1492478354],[1826201.4614616337,2187675.9984919853],[1826203.9467621238,2187685.985717299],[1826208.779737498,2187701.2214919627],[1826211.0504804163,2187709.2019785256],[1826212.4129995713,2187714.9085185723],[1826213.6629327033,2187722.6596945426]]},"properties":{"width":2.0,"type":"Footway"},"id":"33621e5c-0cec-48ae-b5a2-c07a917841fa"},{"type":"Feature","geometry":{"type":"LineString","coordinates":[[1826243.736592631,2187506.7095216336],[1826247.3442995432,2187525.062228136],[1826250.4216585981,2187543.658038878],[1826253.468186132,2187563.040540052],[1826255.7591703841,2187581.3242719118],[1826257.85869472,2187602.059783692],[1826259.6992975136,2187623.5281750136],[1826261.113366485,2187645.966062942],[1826262.1874226697,2187673.7088550255],[1826262.712708427,2187696.5239087013],[1826265.2549091468,2187756.279392537]]},"properties":{"width":14.0,"type":"Highway"},"id":"dc04adba-2694-4aa3-970e-5dc86609c8db"},{"type":"Feature","geometry":{"type":"LineString","coordinates":[[1826293.8308542569,2187672.877792159],[1826297.4116149694,2187679.5334333656],[1826301.9535776067,2187686.4158453248],[1826306.4869214133,2187692.824454713],[1826311.129458415,2187697.5673482465],[1826317.3916996426,2187702.3701849836],[1826325.7550777725,2187706.9783375002]]},"properties":{"width":2.0,"type":"Footway"},"id":"f343e300-468d-4049-ac74-f8e2b0318567"},{"type":"Feature","geometry":{"type":"LineString","coordinates":[[1826408.8418464158,2187656.493666639],[1826406.3036086836,2187673.557608402],[1826403.0513369818,2187694.1582431686],[1826399.804078925,2187712.7693979405],[1826395.8364312823,2187736.146962166]]},"properties":{"width":2.0,"type":"Footway"},"id":"de8c39d8-ca86-4941-9e6a-36a97716482e"},{"type":"Feature","geometry":{"type":"LineString","coordinates":[[1826426.2929043898,2187674.9598591845],[1826423.9537915455,2187674.9602991166],[1826417.0195951432,2187674.463437024],[1826409.9173388148,2187673.949943271],[1826406.3036086836,2187673.557608402]]},"properties":{"width":2.0,"type":"Footway"},"id":"deddbcb1-bb9e-4358-a22b-5580d7812572"},{"type":"Feature","geometry":{"type":"LineString","coordinates":[[1826428.632263226,2187658.010084569],[1826426.481362457,2187658.1239713854],[1826419.5235621105,2187657.471954396],[1826412.4114213318,2187656.818049497],[1826408.8418464158,2187656.493666639]]},"properties":{"width":2.0,"type":"Footway"},"id":"c3eef235-9a17-4189-850d-29de2a4f39f7"},{"type":"Feature","geometry":{"type":"LineString","coordinates":[[1826303.6891056292,2187776.1976225334],[1826302.545713391,2187776.1234823484]]},"properties":{"width":2.0,"type":"Footway"},"id":"bbaad700-09f3-4e27-a58b-5c20c4bfef81"},{"type":"Feature","geometry":{"type":"LineString","coordinates":[[1826394.6866739823,2187744.264082468],[1826392.416265306,2187759.7917733607],[1826384.5019742514,2187814.548997548],[1826380.597476842,2187833.4308196735],[1826379.9984949187,2187839.687223739],[1826379.8232492588,2187848.8857571855],[1826378.416452724,2187923.186297875]]},"properties":{"width":2.0,"type":"Footway"},"id":"044ce527-dc21-444b-ac40-70de8689013c"},{"type":"Feature","geometry":{"type":"LineString","coordinates":[[1826401.6066460751,2187833.4973123167],[1826398.364710598,2187833.6069255737],[1826391.5468675403,2187833.747359423],[1826384.677580183,2187833.8871680237],[1826380.597476842,2187833.4308196735]]},"properties":{"width":2.0,"type":"Footway"},"id":"6dfc1b61-6ed1-4e36-a3f0-4e35f1a3ed87"},{"type":"Feature","geometry":{"type":"LineString","coordinates":[[1826401.6066460751,2187833.4973123167],[1826401.0456242573,2187836.494770172],[1826399.9603970095,2187841.531808693],[1826398.6857261576,2187847.4446865367],[1826398.4895008022,2187849.7342508757]]},"properties":{"width":2.0,"type":"Footway"},"id":"2566ddc3-34c2-4b05-a5b5-332fc7020901"},{"type":"Feature","geometry":{"type":"LineString","coordinates":[[1826390.4077768424,2187841.4182313206],[1826391.5468675403,2187833.747359423],[1826394.260025997,2187815.5049917456],[1826402.9619637744,2187761.16372958],[1826404.363783585,2187752.4156771475]]},"properties":{"width":3.5,"type":"Minor"},"id":"2fab0717-4cbc-499c-a0a8-d2efca35b19a"},{"type":"Feature","geometry":{"type":"LineString","coordinates":[[1826413.0042459797,2187760.805985755],[1826401.6066460751,2187833.4973123167]]},"properties":{"width":2.0,"type":"Footway"},"id":"b011840d-0b31-413a-9f8b-dbfd470b6d96"},{"type":"Feature","geometry":{"type":"LineString","coordinates":[[1826158.5504805276,2187585.9275750243],[1826165.0698629876,2187583.5532447277]]},"properties":{"width":2.0,"type":"Footway"},"id":"0d211be2-dd20-4a33-9b5f-e677b0b27b77"},{"type":"Feature","geometry":{"type":"LineString","coordinates":[[1826178.3136569732,2187588.7256509415],[1826174.7713413094,2187586.6818161444],[1826169.5707274966,2187584.7415740746],[1826165.0698629876,2187583.5532447277]]},"properties":{"width":2.0,"type":"Footway"},"id":"e2e26aae-c7d1-42c8-9afe-f8f7aa05df39"},{"type":"Feature","geometry":{"type":"LineString","coordinates":[[1826314.2683584376,2187843.982415602],[1826327.016800793,2187840.7189929043]]},"properties":{"width":2.0,"type":"Footway"},"id":"a16af1f7-38f8-4992-92ae-8ca3d0e87933"},{"type":"Feature","geometry":{"type":"LineString","coordinates":[[1826331.5365391949,2187791.2364729065],[1826334.792029683,2187795.0422998904],[1826338.5705952346,2187799.5468718805],[1826342.48634056,2187803.980251282],[1826346.0419322925,2187807.9719550624],[1826349.805820573,2187811.0807630364],[1826354.1407267004,2187813.7374534025],[1826359.3098720852,2187815.7739956453],[1826364.8441871644,2187816.2627467853],[1826369.638065375,2187815.989966197],[1826374.4464868035,2187815.1452846657],[1826379.097125982,2187814.021738676],[1826384.5019742514,2187814.548997548]]},"properties":{"width":2.0,"type":"Footway"},"id":"83fe95ab-c39d-453f-8830-ee92ea063634"},{"type":"Feature","geometry":{"type":"LineString","coordinates":[[1826301.8429784246,2187793.608926155],[1826315.0338889237,2187790.0010951776]]},"properties":{"width":2.0,"type":"Footway"},"id":"d97a7967-ad6e-4e54-9f5a-a88f5a022616"},{"type":"Feature","geometry":{"type":"LineString","coordinates":[[1826317.7745924087,2187801.6020563203],[1826331.5365391949,2187791.2364729065],[1826327.7527625225,2187773.04923219],[1826324.68286971,2187762.6248304234],[1826323.5302427933,2187759.2000651355],[1826321.8605960717,2187755.9985223287],[1826320.016974543,2187754.0446831435],[1826316.033569629,2187751.355882591],[1826309.8204366846,2187749.1881454554],[1826306.6924580247,2187748.450180876],[1826295.996250458,2187746.7321680784]]},"properties":{"width":2.0,"type":"Footway"},"id":"7f4c31c6-0e3b-441a-8867-273e95a24589"},{"type":"Feature","geometry":{"type":"LineString","coordinates":[[1826302.545713391,2187776.1234823484],[1826300.5744267,2187775.439782231],[1826299.0536813233,2187774.1949889446],[1826298.0928211021,2187772.691059115],[1826297.6065235494,2187770.8158095847],[1826297.7830035386,2187768.682684454],[1826298.5970084483,2187766.8725661957],[1826299.7720295575,2187765.5733668637],[1826302.0235695,2187764.4130768594],[1826303.4721906527,2187764.2140270807],[1826305.2921138925,2187764.4822967835],[1826306.9457340525,2187765.309679087],[1826308.186953445,2187766.5000334103],[1826309.1521246694,2187768.3501820248],[1826309.4300491998,2187770.0151790865],[1826309.2059546008,2187771.803377679],[1826308.3940876217,2187773.5679730377],[1826306.3115142689,2187775.4700313527],[1826304.9079347795,2187776.0249067782],[1826303.6891056292,2187776.1976225334]]},"properties":{"width":2.0,"type":"Footway"},"id":"ba7307ec-98ef-4a85-8991-082bba068bb2"},{"type":"Feature","geometry":{"type":"LineString","coordinates":[[1826203.9467621238,2187685.985717299],[1826199.3072878984,2187682.57839393],[1826193.5814663367,2187679.547662191],[1826190.3616382598,2187677.9596057683],[1826182.5698237414,2187679.8956457893]]},"properties":{"width":2.0,"type":"Footway"},"id":"26225ffb-7cd5-48dd-a2a5-4d7fd844f116"},{"type":"Feature","geometry":{"type":"LineString","coordinates":[[1826217.3694948326,2187784.3697344405],[1826222.893181218,2187796.8227856574],[1826227.0464361715,2187806.1909440295],[1826229.746371067,2187810.3834538553],[1826232.8822388295,2187813.7122503356],[1826237.1091476271,2187816.6080443515],[1826242.595569571,2187818.9034634912]]},"properties":{"width":2.0,"type":"Footway"},"id":"76768072-f3f3-46b0-bde4-b0a72623edf8"},{"type":"Feature","geometry":{"type":"LineString","coordinates":[[1826398.4895008022,2187849.7342508757],[1826396.1680084313,2187849.6237765886],[1826389.2682665698,2187849.2731111217],[1826382.8345390812,2187848.9518544707],[1826379.8232492588,2187848.8857571855]]},"properties":{"width":2.0,"type":"Footway"},"id":"1f13f514-c26a-42c8-a6e4-12de67850c21"},{"type":"Feature","geometry":{"type":"LineString","coordinates":[[1826396.1974701446,2187919.9136878233],[1826395.4585673339,2187915.3552959436],[1826393.3834917217,2187888.6879486246],[1826398.4895008022,2187849.7342508757]]},"properties":{"width":2.0,"type":"Footway"},"id":"df5f3199-856e-4a32-9fe1-db8d0313f807"},{"type":"Feature","geometry":{"type":"LineString","coordinates":[[1826388.2535306816,2187929.419525762],[1826386.8889787786,2187921.790817696],[1826386.5746417458,2187920.025167965],[1826385.4599903633,2187911.811046864],[1826384.8263199392,2187903.0890464513],[1826384.49528849,2187893.8861288005],[1826384.923470441,2187884.125909577],[1826386.1618344511,2187872.8998774416],[1826387.593070457,2187860.8563477015],[1826389.2682665698,2187849.2731111217],[1826390.4077768424,2187841.4182313206]]},"properties":{"width":3.5,"type":"Minor"},"id":"c4bfe7e5-e4e0-4f1e-9a66-3f421f93d02e"},{"type":"Feature","geometry":{"type":"LineString","coordinates":[[1826210.5869547662,2187797.1184282233],[1826217.3694948326,2187784.3697344405]]},"properties":{"width":3.0,"type":"Service"},"id":"cb42cd24-e6d4-4f1a-afd2-9d778eec698f"},{"type":"Feature","geometry":{"type":"LineString","coordinates":[[1826213.6629327033,2187722.6596945426],[1826212.5700508817,2187726.854942142],[1826211.0815179832,2187736.8827712038],[1826210.7503488942,2187744.8477865583],[1826211.442702465,2187754.998884697],[1826213.529982739,2187769.115161993],[1826217.3694948326,2187784.3697344405]]},"properties":{"width":3.0,"type":"Service"},"id":"b5c2787c-1332-4538-bc6b-3a047017e187"},{"type":"Feature","geometry":{"type":"LineString","coordinates":[[1826210.5869547662,2187797.1184282233],[1826218.3511461893,2187826.865220311],[1826220.4005818046,2187834.908577563]]},"properties":{"width":3.0,"type":"Service"},"id":"e2f1032b-5d8c-4f4f-82c8-afcd95cd5b34"},{"type":"Feature","geometry":{"type":"LineString","coordinates":[[1826210.5869547662,2187797.1184282233],[1826217.4245106517,2187807.9022918507],[1826222.6547618401,2187812.6687224503],[1826225.7691290227,2187815.1409515925],[1826229.4386296647,2187816.9732017023],[1826233.0596363307,2187818.172654325],[1826237.3824173678,2187818.985349923],[1826242.595569571,2187818.9034634912],[1826247.5531706382,2187818.3010250577],[1826274.4745558612,2187816.3790247897]]},"properties":{"width":2.0,"type":"Footway"},"id":"59ecb194-e4d2-441f-8328-da4cea33b9c7"},{"type":"Feature","geometry":{"type":"LineString","coordinates":[[1826220.4005818046,2187834.908577563],[1826220.8867316,2187829.166385625],[1826221.521877904,2187826.4740849356],[1826222.554919666,2187824.4279726543],[1826224.4698039382,2187822.1066212687],[1826227.6455475788,2187819.94464652],[1826230.5375537474,2187818.693799475],[1826233.0596363307,2187818.172654325]]},"properties":{"width":2.0,"type":"Footway"},"id":"5aa193ef-839d-41cf-afd6-614f5edbcdaa"},{"type":"Feature","geometry":{"type":"LineString","coordinates":[[1826125.6088209043,2187456.7965138988],[1826131.7535248646,2187478.1754503744],[1826132.6744007068,2187481.8906884715],[1826134.6984565475,2187490.2616857835],[1826137.5841882478,2187502.161360324],[1826139.50228187,2187510.0701141185],[1826142.8563131858,2187523.4840708137],[1826151.6654902485,2187558.7932377863],[1826158.5504805276,2187585.9275750243],[1826182.5698237414,2187679.8956457893],[1826210.5869547662,2187797.1184282233]]},"properties":{"width":2.0,"type":"Footway"},"id":"7de80d25-3221-40f7-bd6e-935e1a9f4e91"},{"type":"Feature","geometry":{"type":"LineString","coordinates":[[1826193.3721068145,2187560.542690563],[1826197.007596494,2187568.5344288824],[1826201.2848590235,2187576.320862081],[1826207.902458164,2187588.1113898987],[1826212.3195122194,2187601.246879656],[1826216.441738418,2187616.1423792583],[1826222.9202925467,2187641.9727570307],[1826224.5118974205,2187654.108023123],[1826224.8311198254,2187667.116800066],[1826223.7858683688,2187676.869488697],[1826221.7720667042,2187685.806846573],[1826217.7863119037,2187706.8212399906],[1826213.6629327033,2187722.6596945426]]},"properties":{"width":3.0,"type":"Service"},"id":"cb580817-e87a-42e1-a4f6-de44d2fb1516"},{"type":"Feature","geometry":{"type":"LineString","coordinates":[[1826190.3616382598,2187677.9596057683],[1826193.1317829897,2187675.1841241885],[1826197.268513976,2187670.406690014],[1826199.215047773,2187667.1492478354]]},"properties":{"width":2.0,"type":"Footway"},"id":"269788f3-0b5b-4b39-9502-54da1deab3a1"},{"type":"Feature","geometry":{"type":"LineString","coordinates":[[1826426.6186047953,2187672.8504278986],[1826426.2929043898,2187674.9598591845],[1826415.1440073159,2187746.5247113393]]},"properties":{"width":2.0,"type":"Footway"},"id":"d789cf2a-a6e3-4077-8713-9f2bfdf0dacc"},{"type":"Feature","geometry":{"type":"LineString","coordinates":[[1826404.363783585,2187752.4156771475],[1826405.3794216681,2187745.2679961543],[1826405.5439820385,2187744.1331376205],[1826417.0195951432,2187674.463437024],[1826418.6331264302,2187664.6721923314]]},"properties":{"width":3.5,"type":"Minor"},"id":"31f40a35-5457-42e5-9ee7-1e134ae32539"},{"type":"Feature","geometry":{"type":"LineString","coordinates":[[1826395.8364312823,2187736.146962166],[1826394.6866739823,2187744.264082468],[1826398.2609358064,2187744.750668245],[1826405.3794216681,2187745.2679961543],[1826412.1510726593,2187745.7610328],[1826415.1440073159,2187746.5247113393]]},"properties":{"width":2.0,"type":"Footway"},"id":"7ad2ebf0-544a-4d55-8f8f-cd0c6eff2f53"},{"type":"Feature","geometry":{"type":"LineString","coordinates":[[1826413.0042459797,2187760.805985755],[1826409.725481262,2187762.0921034613],[1826402.9619637744,2187761.16372958],[1826396.255466394,2187760.2488147365],[1826392.416265306,2187759.7917733607]]},"properties":{"width":2.0,"type":"Footway"},"id":"e7cc922a-aa1a-4c9a-a6ca-efef1a87b638"},{"type":"Feature","geometry":{"type":"LineString","coordinates":[[1826413.0042459797,2187760.805985755],[1826413.3059431051,2187758.725412433],[1826413.9426796709,2187752.892152514],[1826414.4461571944,2187748.3162033516]]},"properties":{"width":2.0,"type":"Footway"},"id":"083c8598-7698-4a03-ae3f-74f8e5a134a0"},{"type":"Feature","geometry":{"type":"LineString","coordinates":[[1826428.632263226,2187658.010084569],[1826428.4681882989,2187660.0540889623]]},"properties":{"width":2.0,"type":"Footway"},"id":"d7e01960-27c0-440d-a622-928d2b5ced34"},{"type":"Feature","geometry":{"type":"LineString","coordinates":[[1826426.6186047953,2187672.8504278986],[1826426.950714178,2187670.3858004976],[1826427.7623794444,2187664.904491106],[1826428.4681882989,2187660.0540889623]]},"properties":{"width":2.0,"type":"Footway"},"id":"16a8c0a0-5e76-43f0-8f61-355cae1a0b8e"},{"type":"Feature","geometry":{"type":"LineString","coordinates":[[1826415.1440073159,2187746.5247113393],[1826414.4461571944,2187748.3162033516]]},"properties":{"width":2.0,"type":"Footway"},"id":"a976b7a9-4b1a-4c22-96e3-62ae3cfeb796"},{"type":"Feature","geometry":{"type":"LineString","coordinates":[[1826345.2603459805,2188007.3710624916],[1826341.8134359203,2188005.1424890286],[1826339.4781535172,2188002.830989305],[1826336.4929038852,2187999.629712602],[1826333.583916048,2187995.594935704],[1826328.9554865104,2187985.6542914654],[1826321.5232340763,2187967.078010121],[1826316.4267235692,2187951.722366825],[1826309.9932341971,2187932.4842288047],[1826301.0411126122,2187900.9956280566],[1826295.146896181,2187876.373054721],[1826292.6343280738,2187865.0445522387],[1826290.9020797573,2187854.8552025356],[1826289.785370583,2187843.4417813853],[1826288.5696952397,2187826.9075587536],[1826287.956832323,2187823.5641162717],[1826287.332464685,2187821.253559817],[1826286.1897740187,2187818.8437324557],[1826283.9273627491,2187817.6080711293],[1826282.0799968115,2187817.0916890665],[1826279.125261214,2187816.5672010574],[1826274.4745558612,2187816.3790247897]]},"properties":{"width":2.0,"type":"Footway"},"id":"8d28c246-2455-4b07-9928-731651c16e14"},{"type":"Feature","geometry":{"type":"LineString","coordinates":[[1826474.358552769,2188428.415771854],[1826452.4835528699,2188380.460529063],[1826447.5379844708,2188369.5703828386],[1826442.8680583024,2188359.297606144],[1826426.4264580694,2188321.0014737695],[1826418.3934927664,2188299.544631749],[1826408.783972896,2188271.9049259718],[1826397.5921144597,2188233.6969511393],[1826388.2628241736,2188197.0331302313],[1826381.5868918605,2188167.8188636764],[1826374.1123683336,2188122.272292782],[1826370.667057809,2188096.4208197603],[1826369.4577113702,2188087.3328601993],[1826365.4914515081,2188052.4638076616],[1826359.1061561184,2188005.5058215945],[1826357.111473599,2187990.5252605807],[1826349.7933651423,2187949.123580948],[1826344.693976149,2187920.477005845],[1826335.3955314883,2187874.6383398008],[1826327.016800793,2187840.7189929043],[1826317.7745924087,2187801.6020563203],[1826315.0338889237,2187790.0010951776],[1826309.2059546008,2187771.803377679]]},"properties":{"width":2.0,"type":"Footway"},"id":"cf72a3fc-c440-4796-bbba-a4b0fcff7912"},{"type":"Feature","geometry":{"type":"LineString","coordinates":[[1826461.8157272933,2188434.6729941284],[1826434.9299611456,2188375.8122793483],[1826417.258883318,2188336.386070997],[1826407.6323510692,2188310.203694644],[1826405.497300568,2188304.3838214166],[1826395.7248231317,2188275.8311803555],[1826394.7061493727,2188272.7141464488],[1826383.8743778665,2188235.6037586983],[1826374.3323921193,2188198.602115993],[1826361.0807489385,2188132.1311008115],[1826357.2822339192,2188098.3372355266],[1826355.6576430916,2188083.9387769536],[1826351.343046003,2188054.3726913473],[1826345.2603459805,2188007.3710624916],[1826336.4405160923,2187951.4503673906],[1826331.8937233542,2187923.2678808677],[1826322.2170228537,2187876.1893366287],[1826314.2683584376,2187843.982415602],[1826301.8429784246,2187793.608926155],[1826300.5610408306,2187786.3219360113],[1826299.0536813233,2187774.1949889446]]},"properties":{"width":2.0,"type":"Footway"},"id":"dbb38137-cc0b-4f95-86ca-ef6620968b5e"},{"type":"Feature","geometry":{"type":"LineString","coordinates":[[1826091.6866771984,2187340.126346681],[1826097.5799198584,2187338.7663896363]]},"properties":{"width":2.0,"type":"Footway"},"id":"7199ec37-5581-445a-b6f5-7dded9c3297d"},{"type":"Feature","geometry":{"type":"LineString","coordinates":[[1826165.0998148995,2187462.7637743945],[1826171.8050620642,2187445.129457182],[1826174.2347897852,2187437.8551034713],[1826176.0025674717,2187430.6892497954],[1826177.8190403779,2187421.785875387],[1826178.737003898,2187413.9938070904],[1826179.2219233764,2187405.9960251735],[1826179.4279349244,2187395.826736707],[1826179.639717356,2187383.518576606],[1826179.637715644,2187372.736393723],[1826179.2780934914,2187361.501637788],[1826178.515910776,2187350.5516388826],[1826177.6506744816,2187342.1893352484],[1826176.2913743916,2187332.4217432193],[1826173.3950711896,2187315.1344619747],[1826167.8161369765,2187282.7160275644],[1826165.7086702455,2187265.72990376],[1826163.142249172,2187236.07028893]]},"properties":{"width":14.0,"type":"Highway"},"id":"da6d6cc2-7522-4f00-bcb5-2b6231d966d9"},{"type":"Feature","geometry":{"type":"LineString","coordinates":[[1826170.62916659,2187219.4602979203],[1826221.8252058085,2187414.665324158]]},"properties":{"width":14.0,"type":"Highway"},"id":"281e01c9-00b9-45b1-97ce-481f22156301"},{"type":"Feature","geometry":{"type":"LineString","coordinates":[[1826315.0221690575,2187348.3030511197],[1826311.9685255275,2187341.8178153345],[1826281.1884798012,2187275.4812916475]]},"properties":{"width":3.5,"type":"Minor"},"id":"d25db2fc-98e4-4f61-b2e7-bf46e7cc4f17"},{"type":"Feature","geometry":{"type":"LineString","coordinates":[[1826304.9644923655,2187344.641579594],[1826311.9685255275,2187341.8178153345],[1826318.2943699074,2187339.754596696],[1826321.1706845965,2187338.7531812396]]},"properties":{"width":2.0,"type":"Footway"},"id":"ec0fdf75-3e2e-4b08-8a10-ba7fbd70bb0f"},{"type":"Feature","geometry":{"type":"LineString","coordinates":[[1826321.1706845965,2187338.7531812396],[1826322.1124099735,2187341.104081939],[1826324.0489748,2187345.289107181],[1826326.6699362993,2187350.9473535824]]},"properties":{"width":2.0,"type":"Footway"},"id":"99b7438a-08b6-4c3d-8113-7b67b6ccf120"},{"type":"Feature","geometry":{"type":"LineString","coordinates":[[1826327.5254647047,2187353.116827058],[1826326.6699362993,2187350.9473535824]]},"properties":{"width":2.0,"type":"Footway"},"id":"5a4dc353-2c01-454e-ad3b-caca837e2fdd"},{"type":"Feature","geometry":{"type":"LineString","coordinates":[[1826327.5254647047,2187353.116827058],[1826325.0568745232,2187354.030320237],[1826318.7302123024,2187356.461552062],[1826312.1056007876,2187359.098658097]]},"properties":{"width":2.0,"type":"Footway"},"id":"9e331075-41a7-4866-b155-b438d3e4b0e6"},{"type":"Feature","geometry":{"type":"LineString","coordinates":[[1826182.5953361534,2187500.1105687786],[1826185.4579235285,2187499.750256848],[1826188.8332151968,2187498.820495262],[1826191.9623337172,2187497.038704669],[1826194.953792285,2187494.8562284615],[1826197.7389871175,2187492.1993494807],[1826200.273752432,2187489.000115484],[1826203.233325138,2187485.130150096],[1826205.2283572506,2187482.286871163],[1826207.8865504486,2187478.5644363076],[1826210.7115343146,2187474.9734012242],[1826212.6475145216,2187473.255349714],[1826215.0846629848,2187471.3448463758],[1826218.2823371869,2187468.980888929]]},"properties":{"width":3.5,"type":"Minor"},"id":"3f998949-5abe-48eb-9634-dd03daa0c9b6"},{"type":"Feature","geometry":{"type":"LineString","coordinates":[[1826311.3952150038,2187359.4488696544],[1826304.3612822203,2187344.902009197]]},"properties":{"width":2.0,"type":"Footway"},"id":"69522822-f664-4f5a-8a7b-adeb55743a9a"},{"type":"Feature","geometry":{"type":"LineString","coordinates":[[1826304.9644923655,2187344.641579594],[1826304.3612822203,2187344.902009197],[1826297.2170828239,2187347.9918854097]]},"properties":{"width":2.0,"type":"Footway"},"id":"1122f4a2-cefd-4ab7-91db-4a09c7d5bac0"},{"type":"Feature","geometry":{"type":"LineString","coordinates":[[1826305.5119319358,2187362.4794951775],[1826311.3952150038,2187359.4488696544],[1826312.1056007876,2187359.098658097]]},"properties":{"width":2.0,"type":"Footway"},"id":"dce6e450-56b8-4241-aed1-b860be25157f"},{"type":"Feature","geometry":{"type":"LineString","coordinates":[[1826283.067680339,2187341.4435521597],[1826290.5316760135,2187337.9458263307]]},"properties":{"width":2.0,"type":"Footway"},"id":"3461196e-2302-48d2-9099-9471aabfd7b0"},{"type":"Feature","geometry":{"type":"LineString","coordinates":[[1826278.455540987,2187330.48279594],[1826283.8487783484,2187327.4516088287]]},"properties":{"width":2.0,"type":"Footway"},"id":"ca6bd833-1035-49d4-a5fd-96ee52785e02"},{"type":"Feature","geometry":{"type":"LineString","coordinates":[[1826170.62916659,2187219.4602979203],[1826188.723031919,2187258.029746579],[1826192.4756712087,2187268.442461886],[1826196.2358897186,2187277.7293191166],[1826200.301761258,2187286.777603335],[1826205.1591278238,2187296.3347886517],[1826210.050747333,2187305.600887287],[1826216.01435728,2187316.3740964886],[1826222.537396717,2187326.634911284],[1826229.6307180347,2187337.6861442607],[1826238.9939338355,2187350.56160666],[1826247.260599088,2187361.0496756365],[1826255.5348900221,2187370.8491579117],[1826264.5234498812,2187380.8286611103],[1826270.1730257438,2187386.626021397],[1826276.0065397439,2187392.627873466],[1826281.9257849013,2187398.5579033173],[1826287.3870489153,2187403.5859370213],[1826293.3820838418,2187408.647845373],[1826300.263724221,2187413.5967344833],[1826307.442445098,2187418.270516585],[1826314.5623891843,2187422.5737337642],[1826319.389756414,2187425.4040636024],[1826333.88813246,2187433.8989145844]]},"properties":{"width":14.0,"type":"Highway"},"id":"4e6b83e9-ab9f-43b6-9a61-8fc371d86390"},{"type":"Feature","geometry":{"type":"LineString","coordinates":[[1826283.7337487603,2187380.067462954],[1826285.3128100852,2187375.779779076],[1826286.5642147912,2187370.4022112186],[1826287.3546606875,2187364.317551993],[1826287.2114215759,2187359.3474008963],[1826286.5640225688,2187354.7646072996],[1826285.0431669839,2187348.9631714146]]},"properties":{"width":2.0,"type":"Footway"},"id":"21f8bbe4-4a24-461e-b694-2495b0386e6d"},{"type":"Feature","geometry":{"type":"LineString","coordinates":[[1826365.9943503335,2187434.2817198974],[1826361.6428361486,2187425.534114325],[1826357.6858129052,2187417.592996543]]},"properties":{"width":2.0,"type":"Footway"},"id":"72177940-05df-4436-8249-d68100e728fe"},{"type":"Feature","geometry":{"type":"LineString","coordinates":[[1826418.6331264302,2187664.6721923314],[1826423.9283157766,2187665.081527102],[1826427.7623794444,2187664.904491106],[1826431.5878402302,2187664.253651703],[1826543.1253319532,2187632.3461487875],[1826554.357378592,2187629.0243566395]]},"properties":{"width":3.0,"type":"Service"},"id":"f79a46cd-4264-4389-bda9-35f85ac011bd"},{"type":"Feature","geometry":{"type":"LineString","coordinates":[[1826532.8988826633,2187551.2960714237],[1826521.499118688,2187554.4172506565],[1826427.7677930498,2187581.81577193],[1826419.073796007,2187584.3672515526]]},"properties":{"width":3.0,"type":"Service"},"id":"88888e71-b1f4-46be-91af-f8f5438a09c1"},{"type":"Feature","geometry":{"type":"LineString","coordinates":[[1826626.7095827921,2187515.183657068],[1826622.9462122761,2187516.2633214532],[1826542.9850239174,2187540.293513666],[1826540.1468683567,2187541.096722434],[1826531.0231914194,2187543.719322193],[1826521.6230014702,2187546.5298371986],[1826519.447235738,2187547.259204846],[1826425.9177357408,2187573.9114223276],[1826423.5327809695,2187574.7985776253],[1826417.5843251152,2187576.939208166],[1826410.3501498746,2187579.5359429065],[1826406.744629066,2187580.675947298]]},"properties":{"width":2.0,"type":"Footway"},"id":"4005713c-0ac7-4d42-b0c7-fa6f427f7272"},{"type":"Feature","geometry":{"type":"LineString","coordinates":[[1826511.4910878292,2187472.912517174],[1826513.3685095946,2187479.753229812],[1826522.7627825476,2187513.2335765692],[1826531.0231914194,2187543.719322193],[1826532.8988826633,2187551.2960714237]]},"properties":{"width":3.5,"type":"Minor"},"id":"bbfa0ff4-08d8-41a5-9fc7-eb8a6d98998c"},{"type":"Feature","geometry":{"type":"LineString","coordinates":[[1826488.5743293464,2187389.075619328],[1826491.8927233198,2187400.9625508236],[1826498.5942865252,2187426.0289562987],[1826509.7131509222,2187466.451987404],[1826511.4910878292,2187472.912517174]]},"properties":{"width":3.5,"type":"Minor"},"id":"4b9078f9-9f16-464d-a981-0b52ac59d6d1"},{"type":"Feature","geometry":{"type":"LineString","coordinates":[[1826457.126902338,2187229.7443187493],[1826475.0896045226,2187295.255574237],[1826475.5776503491,2187297.050702438],[1826476.763021452,2187301.357725242],[1826478.0453155828,2187306.0558312247],[1826478.6860303404,2187308.3702622433],[1826498.014533851,2187374.0312943044],[1826498.6415092458,2187376.3309813016],[1826500.926024467,2187385.4194917083],[1826502.807370914,2187392.3531744513],[1826504.233688446,2187397.3154074065],[1826521.5202854034,2187462.9896221217],[1826522.0087270169,2187464.8193718446],[1826523.7668238278,2187469.4686658722],[1826525.5193433152,2187474.105138099],[1826526.0669589818,2187476.121451439],[1826542.9850239174,2187540.293513666],[1826543.5978161523,2187542.7624653974]]},"properties":{"width":2.0,"type":"Footway"},"id":"f25bdc0b-73b3-484e-9c2d-cfa3b20caa0e"},{"type":"Feature","geometry":{"type":"LineString","coordinates":[[1826588.8790071874,2187359.741611598],[1826579.234655974,2187362.5290288026],[1826500.926024467,2187385.4194917083],[1826488.5743293464,2187389.075619328]]},"properties":{"width":3.5,"type":"Minor"},"id":"22ececd8-0c2f-4e9a-a9f3-229e81bf83f3"},{"type":"Feature","geometry":{"type":"LineString","coordinates":[[1826519.9215136047,2187549.0395867717],[1826519.447235738,2187547.259204846],[1826501.7873359113,2187483.0963121983],[1826501.1638160872,2187480.8549716375],[1826499.8927535205,2187476.182515094],[1826498.7692075006,2187472.0511607407],[1826498.161976927,2187469.8136641122],[1826480.5091057848,2187404.0876446674],[1826479.7376413024,2187401.7078427537],[1826477.3784775953,2187392.060914322],[1826475.5146821325,2187385.016316365],[1826474.4206900853,2187381.0875588683],[1826456.2758018565,2187315.257112881],[1826455.7084159388,2187313.178613265],[1826454.1490728313,2187307.5406386955],[1826452.8616239026,2187302.86433708],[1826452.3396951512,2187300.957656911],[1826434.6848256395,2187236.911431357]]},"properties":{"width":2.0,"type":"Footway"},"id":"24ecb87e-676a-4482-8213-6ef9cca23313"},{"type":"Feature","geometry":{"type":"LineString","coordinates":[[1826494.880088679,2187374.96024087],[1826485.4720464144,2187377.80350989],[1826480.3182799332,2187379.1995844045],[1826474.4206900853,2187381.0875588683],[1826471.1481981478,2187382.0184634337],[1826356.2801985696,2187414.948539306]]},"properties":{"width":2.0,"type":"Footway"},"id":"99329648-0bb9-4e1e-ac16-6e871d883aab"},{"type":"Feature","geometry":{"type":"LineString","coordinates":[[1826488.5743293464,2187389.075619328],[1826477.3784775953,2187392.060914322],[1826393.9609948283,2187416.197831441],[1826361.6428361486,2187425.534114325],[1826351.8164829959,2187428.4744362663]]},"properties":{"width":3.5,"type":"Minor"},"id":"c209be1a-bef9-4f01-b8cb-c7a676c57970"},{"type":"Feature","geometry":{"type":"LineString","coordinates":[[1826282.0020298846,2187384.05448012],[1826283.7337487603,2187380.067462954]]},"properties":{"width":2.0,"type":"Footway"},"id":"6768c694-4947-4da4-8633-ce6d61c1c7d3"},{"type":"Feature","geometry":{"type":"LineString","coordinates":[[1826356.2801985696,2187414.948539306],[1826357.6858129052,2187417.592996543]]},"properties":{"width":2.0,"type":"Footway"},"id":"d606fc6e-0ee4-4bdc-adee-446090ad65e7"},{"type":"Feature","geometry":{"type":"LineString","coordinates":[[1826286.4141029248,2187383.541930544],[1826291.2360971554,2187383.551834574],[1826296.769871909,2187384.4085518727],[1826302.176823005,2187386.1673943438],[1826306.7053625397,2187388.6970797633]]},"properties":{"width":2.0,"type":"Footway"},"id":"4fcc6592-7cc3-4c59-95dd-093c6a8d9d77"},{"type":"Feature","geometry":{"type":"LineString","coordinates":[[1826351.8164829959,2187428.4744362663],[1826346.4567304994,2187416.600802074],[1826345.8371005196,2187415.326964581],[1826318.7302123024,2187356.461552062],[1826315.0221690575,2187348.3030511197]]},"properties":{"width":3.5,"type":"Minor"},"id":"8aec421a-585f-4531-925e-d8151e8d5e59"},{"type":"Feature","geometry":{"type":"LineString","coordinates":[[1826327.5254647047,2187353.116827058],[1826355.1039696496,2187412.4617592497],[1826356.2801985696,2187414.948539306]]},"properties":{"width":2.0,"type":"Footway"},"id":"1c62609a-6187-4d0d-a9da-a7701f18845b"},{"type":"Feature","geometry":{"type":"LineString","coordinates":[[1826333.314867492,2187418.321703834],[1826322.2512043263,2187396.944214262]]},"properties":{"width":2.0,"type":"Footway"},"id":"8409e970-9574-4264-97e6-3bce2e7c2667"},{"type":"Feature","geometry":{"type":"LineString","coordinates":[[1826356.2801985696,2187414.948539306],[1826352.831474446,2187415.20503984],[1826346.4567304994,2187416.600802074],[1826339.89849528,2187418.045333335],[1826334.2659558502,2187420.122497267]]},"properties":{"width":2.0,"type":"Footway"},"id":"20c9d72e-88a7-4474-980d-9c299106b481"},{"type":"Feature","geometry":{"type":"LineString","coordinates":[[1826334.2659558502,2187420.122497267],[1826333.314867492,2187418.321703834]]},"properties":{"width":2.0,"type":"Footway"},"id":"a99365a8-5c90-4df1-86b1-f08755597ddd"},{"type":"Feature","geometry":{"type":"LineString","coordinates":[[1826315.0678326793,2187427.0655121286],[1826319.389756414,2187425.4040636024],[1826324.342330385,2187423.511676945],[1826333.314867492,2187418.321703834]]},"properties":{"width":2.0,"type":"Footway"},"id":"c279dbd5-3ef9-4b75-9360-f744686ba079"},{"type":"Feature","geometry":{"type":"LineString","coordinates":[[1826306.7053625397,2187388.6970797633],[1826311.2172345507,2187391.8441967],[1826316.409532476,2187395.278412437],[1826318.8988774878,2187396.4640315627],[1826320.8419594592,2187397.0490063336],[1826322.2512043263,2187396.944214262]]},"properties":{"width":2.0,"type":"Footway"},"id":"6398113a-cc54-4ec8-8643-28904813ebdc"},{"type":"Feature","geometry":{"type":"LineString","coordinates":[[1826282.0020298846,2187384.05448012],[1826286.4141029248,2187383.541930544]]},"properties":{"width":2.0,"type":"Footway"},"id":"d5c90b9b-e4f8-4786-bce2-c2eb0130e8f7"},{"type":"Feature","geometry":{"type":"LineString","coordinates":[[1826139.437031422,2187476.4439005055],[1826131.7535248646,2187478.1754503744]]},"properties":{"width":2.0,"type":"Footway"},"id":"0c13ffc7-1037-4441-89ca-90db8cf52683"},{"type":"Feature","geometry":{"type":"LineString","coordinates":[[1826171.4513703038,2187428.7296272554],[1826177.088732208,2187428.3449750612],[1826184.705668868,2187429.0831821077],[1826191.576777303,2187431.4519977416],[1826197.3697254574,2187434.8552252855],[1826201.795141509,2187439.535278849],[1826206.713900102,2187447.300428843],[1826209.7057181853,2187457.292061493],[1826217.12637365,2187485.691996265],[1826217.4794415208,2187492.5066719265],[1826216.8842134231,2187499.914612099],[1826214.8605489195,2187508.2743213726],[1826210.7030587906,2187516.1651715427],[1826204.5011681756,2187521.640625196],[1826195.3327984693,2187525.8754694774]]},"properties":{"width":3.0,"type":"Service"},"id":"2444a2f5-dbe7-4033-b29b-24aa33d8c42f"},{"type":"Feature","geometry":{"type":"LineString","coordinates":[[1826179.7874573555,2187460.39469293],[1826180.0999346531,2187463.954914347]]},"properties":{"width":2.0,"type":"Footway"},"id":"e47bcece-a0e4-421d-b1b6-1bac69699197"},{"type":"Feature","geometry":{"type":"LineString","coordinates":[[1826140.529888316,2187456.4270431167],[1826140.2229639166,2187460.899754587],[1826140.5639721209,2187466.526384537],[1826141.9789851264,2187472.521431871]]},"properties":{"width":2.0,"type":"Footway"},"id":"73957258-14f7-4f38-9385-42b51f00ed40"},{"type":"Feature","geometry":{"type":"LineString","coordinates":[[1826142.7682014634,2187475.8834291706],[1826144.9426538162,2187475.268721531],[1826144.0487443684,2187471.111084051],[1826142.768871693,2187465.964884516],[1826142.5112171713,2187462.0263759578],[1826142.3903617556,2187458.4193094987],[1826142.6601549569,2187455.525751753],[1826143.297726189,2187451.948007128],[1826144.4796952738,2187447.52061992],[1826143.8146259803,2187446.512244881],[1826142.0198902674,2187445.8817598373]]},"properties":{"width":2.0,"type":"Footway"},"id":"10b31a12-d1fa-4058-a43f-602fd0151569"},{"type":"Feature","geometry":{"type":"LineString","coordinates":[[1826148.725590033,2187473.5951200267],[1826147.1040602452,2187464.7207262577],[1826146.9472965673,2187458.0214152704],[1826147.9349437847,2187452.558619821],[1826149.7092564404,2187446.5679835603],[1826152.2228187092,2187441.6722612586]]},"properties":{"width":3.0,"type":"Service"},"id":"6cd1a0ab-8f38-4289-a40d-b7a41d59a235"},{"type":"Feature","geometry":{"type":"LineString","coordinates":[[1826139.9366425155,2187429.5227148673],[1826142.0287377376,2187444.422506741],[1826142.0198902674,2187445.8817598373],[1826142.0132281375,2187447.7327533625],[1826140.529888316,2187456.4270431167]]},"properties":{"width":2.0,"type":"Footway"},"id":"30c3aa97-10cc-4ad5-90ef-742fa62eae6b"},{"type":"Feature","geometry":{"type":"LineString","coordinates":[[1826138.533255787,2187456.1056373217],[1826132.803694114,2187456.04281697],[1826128.9339884492,2187456.1885928083],[1826125.6088209043,2187456.7965138988]]},"properties":{"width":2.0,"type":"Footway"},"id":"c774f383-64dc-473a-89f4-80f6321765d9"},{"type":"Feature","geometry":{"type":"LineString","coordinates":[[1826140.529888316,2187456.4270431167],[1826138.533255787,2187456.1056373217]]},"properties":{"width":2.0,"type":"Footway"},"id":"bdfb65ab-5433-4a3d-9983-6ce0db317377"},{"type":"Feature","geometry":{"type":"LineString","coordinates":[[1826165.0998148995,2187462.7637743945],[1826168.3423913596,2187459.443836043],[1826171.4311713043,2187457.2497873614],[1826175.9978303371,2187455.461900781],[1826180.148288035,2187454.5999250296],[1826183.5155145563,2187454.324132131],[1826188.113277226,2187454.810394957],[1826192.4213262624,2187456.3789803847],[1826196.6111379357,2187458.8862335333],[1826200.7885879194,2187462.1385046705],[1826204.454927962,2187464.7869282532],[1826207.872930142,2187466.4102129806],[1826211.401519382,2187467.783427897],[1826218.2823371869,2187468.980888929]]},"properties":{"width":3.5,"type":"Minor"},"id":"ffc4c563-acf6-4de5-b889-59d5f7e452a1"},{"type":"Feature","geometry":{"type":"LineString","coordinates":[[1826145.3494382515,2187486.8137632776],[1826149.4141691152,2187502.9383358206]]},"properties":{"width":2.0,"type":"Footway"},"id":"2fb0278a-8bc5-4218-84a4-3ada88c4a650"},{"type":"Feature","geometry":{"type":"LineString","coordinates":[[1826154.902219773,2187497.7547187204],[1826155.4617095243,2187493.5602111015],[1826157.4975485834,2187487.481684277],[1826160.0981951032,2187483.0552673866],[1826155.5898762906,2187480.8411099007],[1826151.0985758386,2187477.3882552395],[1826148.725590033,2187473.5951200267]]},"properties":{"width":3.0,"type":"Service"},"id":"5ab4afe7-83c9-4fea-97e2-52d21963c646"},{"type":"Feature","geometry":{"type":"LineString","coordinates":[[1826154.902219773,2187497.7547187204],[1826148.725590033,2187473.5951200267]]},"properties":{"width":3.0,"type":"Service"},"id":"e85f33f8-647a-4f0c-b70b-6b133f6bc156"},{"type":"Feature","geometry":{"type":"LineString","coordinates":[[1826141.9789851264,2187472.521431871],[1826142.7682014634,2187475.8834291706],[1826145.3494382515,2187486.8137632776]]},"properties":{"width":2.0,"type":"Footway"},"id":"8d0f142d-be96-4ad4-b150-55e4984ed27b"},{"type":"Feature","geometry":{"type":"LineString","coordinates":[[1826145.3494382515,2187486.8137632776],[1826148.898797,2187485.948059803],[1826166.0471202838,2187481.8235838353],[1826169.4082833119,2187481.0630794265]]},"properties":{"width":2.0,"type":"Footway"},"id":"b4dfb1d4-7ba4-4c24-b937-bdf11221d243"},{"type":"Feature","geometry":{"type":"LineString","coordinates":[[1826169.4082833119,2187481.0630794265],[1826169.5631028865,2187481.5368527635],[1826171.429769152,2187485.5442493283],[1826174.4534942645,2187488.765985575],[1826178.666408578,2187490.95649663],[1826183.366202923,2187491.5934039652],[1826187.7374324668,2187490.6339302496]]},"properties":{"width":2.0,"type":"Footway"},"id":"e8e196bc-51ab-446f-a91e-e4149cc4453f"},{"type":"Feature","geometry":{"type":"LineString","coordinates":[[1826182.5953361534,2187500.1105687786],[1826177.916117097,2187499.386461343],[1826174.050571815,2187498.12938395],[1826170.7650575987,2187496.4913388775],[1826167.5051886446,2187494.0884012654],[1826164.4339070104,2187491.1776347533],[1826161.8105665853,2187487.498034585],[1826160.0981951032,2187483.0552673866],[1826159.6672788232,2187478.4660332855],[1826160.051422484,2187474.322214564],[1826161.1588818082,2187470.6481953934],[1826162.8562268843,2187466.51498366],[1826165.0998148995,2187462.7637743945]]},"properties":{"width":3.5,"type":"Minor"},"id":"e342863f-8827-4c58-8e5f-6808233c1b06"},{"type":"Feature","geometry":{"type":"LineString","coordinates":[[1826187.7374324668,2187490.6339302496],[1826188.0100982236,2187490.571679252],[1826192.0557685015,2187488.0395457265],[1826195.0247794474,2187484.275364444],[1826196.5707601083,2187479.7267301725],[1826196.5081201997,2187474.92519337],[1826194.8519176047,2187470.4266253877],[1826191.7904182144,2187466.7817315706],[1826188.0152180956,2187464.521873138],[1826183.7230997204,2187463.5784052126],[1826180.0999346531,2187463.954914347],[1826179.3402325795,2187464.0403542263],[1826175.3236412418,2187465.8659447706],[1826172.069026285,2187468.8723616805],[1826169.8974752799,2187472.755629026],[1826169.031457079,2187477.1194676463],[1826169.4082833119,2187481.0630794265]]},"properties":{"width":2.0,"type":"Footway"},"id":"ca6fbe88-a168-4607-9c31-0a33ced60c71"},{"type":"Feature","geometry":{"type":"LineString","coordinates":[[1826155.6913412577,2187517.1569256685],[1826153.142555095,2187512.9425965287],[1826150.818694313,2187507.2279343377],[1826149.4141691152,2187502.9383358206]]},"properties":{"width":2.0,"type":"Footway"},"id":"ca2040c3-6e59-4940-99b7-356b93937d60"},{"type":"Feature","geometry":{"type":"LineString","coordinates":[[1826418.6331264302,2187664.6721923314],[1826419.5235621105,2187657.471954396],[1826421.1673254361,2187644.4544548877],[1826422.0050315347,2187637.368349273],[1826422.6047392993,2187629.4321279908],[1826422.9085779302,2187620.781724673],[1826422.880267841,2187613.9400570514],[1826422.6516834402,2187606.234161176],[1826421.5853137446,2187597.778281227],[1826420.607826757,2187591.4606076516],[1826419.073796007,2187584.3672515526]]},"properties":{"width":3.5,"type":"Minor"},"id":"c805c57b-cef2-4ac9-a392-f146e62b94a3"},{"type":"Feature","geometry":{"type":"LineString","coordinates":[[1826165.0698629876,2187583.5532447277],[1826168.7741850538,2187580.5723767257],[1826172.568748146,2187575.2769524846],[1826175.354289104,2187571.9987982134],[1826180.3369154665,2187567.3173333025],[1826184.846877544,2187564.894733416],[1826193.3721068145,2187560.542690563]]},"properties":{"width":2.0,"type":"Footway"},"id":"d342c1e2-e3b1-4903-ab59-7a99f6eee803"},{"type":"Feature","geometry":{"type":"LineString","coordinates":[[1826193.3721068145,2187560.542690563],[1826187.322050684,2187557.3549507693],[1826182.291945528,2187554.327278192],[1826177.4954781192,2187551.1476056674],[1826173.2014446033,2187547.6607159423]]},"properties":{"width":2.0,"type":"Footway"},"id":"33a9133c-1676-445d-afc4-b9ad8dee6c0b"},{"type":"Feature","geometry":{"type":"LineString","coordinates":[[1826170.3376480527,2187522.5450734887],[1826175.4593511072,2187528.137305313],[1826179.2605722982,2187533.7862516884],[1826188.8112123595,2187550.4225494717],[1826193.3721068145,2187560.542690563]]},"properties":{"width":3.0,"type":"Service"},"id":"60b48cca-546f-4d77-af55-6034dcb64faa"},{"type":"Feature","geometry":{"type":"LineString","coordinates":[[1826155.6913412577,2187517.1569256685],[1826153.625477127,2187518.8788657566]]},"properties":{"width":2.0,"type":"Footway"},"id":"04feff3c-4886-45bb-90cb-45b1fc90451a"},{"type":"Feature","geometry":{"type":"LineString","coordinates":[[1826153.625477127,2187518.8788657566],[1826151.184464706,2187520.4777900972],[1826147.5035742647,2187522.0834044907],[1826142.8563131858,2187523.4840708137]]},"properties":{"width":2.0,"type":"Footway"},"id":"a0e7de21-f8e0-4b67-a041-dfe8ef65659c"},{"type":"Feature","geometry":{"type":"LineString","coordinates":[[1826195.3327984693,2187525.8754694774],[1826190.0711601267,2187527.2922703284],[1826185.3453261098,2187527.604261479],[1826180.2433946233,2187526.8494701926],[1826175.183813802,2187525.149622767],[1826170.3376480527,2187522.5450734887]]},"properties":{"width":3.0,"type":"Service"},"id":"e9f0dd35-5ce6-4e07-94d0-46bf204f3a44"},{"type":"Feature","geometry":{"type":"LineString","coordinates":[[1826170.3376480527,2187522.5450734887],[1826166.379784166,2187519.747345013],[1826163.0267964827,2187516.390404165],[1826159.650465532,2187511.1638860214],[1826157.568074054,2187506.3576728073],[1826155.6614114805,2187501.098129888],[1826154.902219773,2187497.7547187204]]},"properties":{"width":3.0,"type":"Service"},"id":"d1d7f1a1-7d06-498b-843d-bfd125f8842b"},{"type":"Feature","geometry":{"type":"LineString","coordinates":[[1826409.763818433,2187594.6324921823],[1826411.0770337374,2187601.3860797235],[1826412.1498331616,2187609.7053921884],[1826412.420893378,2187617.778014831],[1826412.3331272465,2187626.168713348],[1826411.7318060065,2187635.4968642453],[1826410.04431594,2187648.2624047888],[1826408.8418464158,2187656.493666639]]},"properties":{"width":2.0,"type":"Footway"},"id":"c4334727-aa27-44b2-85f8-d1d33fc51af4"},{"type":"Feature","geometry":{"type":"LineString","coordinates":[[1826145.3487061388,2187500.4144115383],[1826137.5841882478,2187502.161360324]]},"properties":{"width":2.0,"type":"Footway"},"id":"d898e5ca-cc2d-4908-afe8-37b9da13351c"},{"type":"Feature","geometry":{"type":"LineString","coordinates":[[1826125.6088209043,2187456.7965138988],[1826131.9212690906,2187447.170181121],[1826136.827525587,2187437.891030026],[1826139.9366425155,2187429.5227148673],[1826140.4943126934,2187424.5338214273],[1826141.6323299557,2187418.1054209396],[1826143.9642496952,2187410.5893651755],[1826148.0981557616,2187399.298468683]]},"properties":{"width":2.0,"type":"Footway"},"id":"52e30edc-2362-4eea-888c-638c91f34094"},{"type":"Feature","geometry":{"type":"LineString","coordinates":[[1826151.899682683,2187414.7165739164],[1826154.965069727,2187418.2357877553],[1826158.42269526,2187421.2952124686],[1826162.317591161,2187424.032044162],[1826166.2947645711,2187426.4200752936],[1826171.4513703038,2187428.7296272554]]},"properties":{"width":2.0,"type":"Footway"},"id":"89acffbd-9e42-4b0f-a788-f11eccf347ac"},{"type":"Feature","geometry":{"type":"LineString","coordinates":[[1826148.0981557616,2187399.298468683],[1826149.736885912,2187408.2459566533],[1826151.899682683,2187414.7165739164],[1826152.94395409,2187421.590723318],[1826153.1500223563,2187432.236929809],[1826152.2228187092,2187441.6722612586]]},"properties":{"width":3.0,"type":"Service"},"id":"d9112565-e426-4b63-8b93-a349e8c6b8b1"},{"type":"Feature","geometry":{"type":"LineString","coordinates":[[1826152.2228187092,2187441.6722612586],[1826155.8789994894,2187437.218675731],[1826160.8470703806,2187432.4532016315],[1826166.5176021152,2187429.5218970277],[1826171.4513703038,2187428.7296272554]]},"properties":{"width":3.0,"type":"Service"},"id":"1bb32a37-9381-4bf6-8cdb-01c536367fc4"},{"type":"Feature","geometry":{"type":"LineString","coordinates":[[1826248.111449427,2187676.47514723],[1826247.437582932,2187651.519335449],[1826246.214616168,2187628.1254634885],[1826244.6751790186,2187604.323241821],[1826242.797841004,2187585.1245156033],[1826240.7164904375,2187566.936275464],[1826238.6934108462,2187548.646718407],[1826235.7116469,2187530.1194964256],[1826232.2871045705,2187512.995195364],[1826228.8835972901,2187496.47420728],[1826224.0953508555,2187476.381683837],[1826219.2212999868,2187456.1423545573],[1826212.1423675886,2187424.3250175295],[1826206.2028640201,2187400.5089520332],[1826200.3979140758,2187376.6325875437],[1826194.5312374795,2187353.4550859253],[1826188.5178453093,2187330.0243614065],[1826182.440518968,2187306.682128022],[1826176.0086129361,2187283.7855700734],[1826169.6318886823,2187260.3267119727],[1826163.142249172,2187236.07028893]]},"properties":{"width":14.0,"type":"Highway"},"id":"3b96d47d-60f5-4d6d-b6a5-f531e0f8f51a"},{"type":"Feature","geometry":{"type":"LineString","coordinates":[[1826182.0437510454,2187446.6011957503],[1826186.4134050712,2187446.81502009],[1826191.0382258962,2187447.7334119324],[1826194.8819735567,2187449.411095439],[1826198.9924455283,2187451.6349802427],[1826202.7797084572,2187454.4269939195],[1826205.1700990081,2187456.5788062536]]},"properties":{"width":2.0,"type":"Footway"},"id":"08fb5f85-256e-4bcd-a327-af884bb328bc"},{"type":"Feature","geometry":{"type":"LineString","coordinates":[[1826179.7874573555,2187460.39469293],[1826178.8954157648,2187449.2299516597],[1826179.186401902,2187448.0328655713],[1826179.780545047,2187447.26399909],[1826180.7189856598,2187446.7489511594],[1826182.0437510454,2187446.6011957503]]},"properties":{"width":2.0,"type":"Footway"},"id":"5890a810-4f0a-4f6c-87d6-fa359999806d"},{"type":"Feature","geometry":{"type":"LineString","coordinates":[[1826346.4912481017,2187444.7773148143],[1826349.1682587103,2187449.942509205],[1826357.4809946413,2187466.102910705],[1826364.4666214525,2187480.488883262],[1826373.1263569095,2187499.734429122],[1826381.251766718,2187518.036957289],[1826391.988076097,2187542.075969815],[1826400.7815221213,2187563.159676706],[1826406.744629066,2187580.675947298],[1826409.763818433,2187594.6324921823]]},"properties":{"width":2.0,"type":"Footway"},"id":"4cc7d725-8fad-4f93-b1d3-78cd9fe190a7"},{"type":"Feature","geometry":{"type":"LineString","coordinates":[[1826282.1356426047,2187461.8250246085],[1826285.0932792255,2187459.7496598028],[1826287.1489195817,2187458.2899836935]]},"properties":{"width":2.0,"type":"Footway"},"id":"08db7f5d-1761-403c-9a8d-e17e280667fc"},{"type":"Feature","geometry":{"type":"LineString","coordinates":[[1826366.7225524038,2187436.881430993],[1826368.4275642445,2187441.391570665],[1826394.3429595379,2187499.435387258],[1826395.393513655,2187501.616368049]]},"properties":{"width":2.0,"type":"Footway"},"id":"c33fbc39-7465-433a-ad67-3e85e8fc99dc"},{"type":"Feature","geometry":{"type":"LineString","coordinates":[[1826388.7692335434,2187507.9701320697],[1826357.0732457046,2187439.472285361],[1826351.8164829959,2187428.4744362663]]},"properties":{"width":3.5,"type":"Minor"},"id":"584d2468-9fb9-4c8b-9951-03707a881cfb"},{"type":"Feature","geometry":{"type":"LineString","coordinates":[[1826363.5345821078,2187438.0739509924],[1826357.0732457046,2187439.472285361],[1826351.527242769,2187440.6723288936],[1826346.4912481017,2187444.7773148143]]},"properties":{"width":2.0,"type":"Footway"},"id":"f9de8caa-ea52-4c96-96a3-689b6549c83b"},{"type":"Feature","geometry":{"type":"LineString","coordinates":[[1826363.5345821078,2187438.0739509924],[1826366.7225524038,2187436.881430993]]},"properties":{"width":2.0,"type":"Footway"},"id":"483e3853-c112-4edc-ae4b-04fbb55a58ec"},{"type":"Feature","geometry":{"type":"LineString","coordinates":[[1826365.9943503335,2187434.2817198974],[1826366.7225524038,2187436.881430993]]},"properties":{"width":2.0,"type":"Footway"},"id":"b1bdcf5c-a28f-4a3b-8253-b223b8e6e996"},{"type":"Feature","geometry":{"type":"LineString","coordinates":[[1826388.7692335434,2187507.9701320697],[1826397.5018707893,2187505.473745645],[1826499.8927535205,2187476.182515094],[1826511.4910878292,2187472.912517174]]},"properties":{"width":3.0,"type":"Service"},"id":"1f9f9b36-c4ec-4bac-bbcf-525bb025e4bf"},{"type":"Feature","geometry":{"type":"LineString","coordinates":[[1826400.02572093,2187510.0850330843],[1826397.5018707893,2187505.473745645],[1826395.393513655,2187501.616368049]]},"properties":{"width":2.0,"type":"Footway"},"id":"27d34771-e11d-48a9-a810-78d98f4d380e"},{"type":"Feature","geometry":{"type":"LineString","coordinates":[[1826196.1521991044,2187504.7584808664],[1826195.1875953618,2187505.1292740856],[1826194.3824342748,2187505.0428949264],[1826193.686564501,2187504.6025789278],[1826193.334945992,2187503.978819811],[1826188.9754805723,2187493.7336045345],[1826187.7374324668,2187490.6339302496]]},"properties":{"width":2.0,"type":"Footway"},"id":"ccf55efd-d449-40fb-8e16-b0f2cf83afcd"},{"type":"Feature","geometry":{"type":"LineString","coordinates":[[1826419.073796007,2187584.3672515526],[1826417.5843251152,2187576.939208166],[1826415.8372400836,2187570.3479097774],[1826412.947914157,2187562.25590356],[1826409.8438268504,2187554.746099957],[1826388.7692335434,2187507.9701320697]]},"properties":{"width":3.5,"type":"Minor"},"id":"bc067b5b-0b68-48d8-b5eb-20dbe909d4d9"},{"type":"Feature","geometry":{"type":"LineString","coordinates":[[1826400.02572093,2187510.0850330843],[1826400.8095926435,2187512.157070509],[1826425.9177357408,2187573.9114223276],[1826426.4992473775,2187576.2579098674]]},"properties":{"width":2.0,"type":"Footway"},"id":"472be096-686b-4a5b-a3be-81c732d13da4"},{"type":"Feature","geometry":{"type":"LineString","coordinates":[[1826428.8390655809,2187586.53312767],[1826427.7677930498,2187581.81577193],[1826426.4992473775,2187576.2579098674]]},"properties":{"width":2.0,"type":"Footway"},"id":"1e6065ea-900c-4ee0-b9d5-55112dd4efeb"},{"type":"Feature","geometry":{"type":"LineString","coordinates":[[1826350.922579862,2187705.494203197],[1826358.4296715665,2187701.9952750388],[1826363.399581461,2187698.2429568614],[1826371.3977016313,2187690.2572070067],[1826379.0913634344,2187681.083480121],[1826381.8759767246,2187675.5498521966],[1826385.7021394465,2187666.257626315],[1826388.813493271,2187655.0017086016],[1826390.349047082,2187646.5613661944],[1826391.744115913,2187633.7958781207],[1826391.702110352,2187621.289687793],[1826391.1703029883,2187612.281043268],[1826388.9466928057,2187602.643118225],[1826386.9773368663,2187593.4218888613],[1826384.3678293754,2187583.451282591],[1826379.8096690597,2187572.4456024235],[1826371.245568856,2187557.1693855408],[1826361.2429872304,2187541.174091909],[1826355.5924427614,2187531.3720691632],[1826346.967807946,2187516.461338995],[1826340.4557749312,2187505.0983029287],[1826338.0830749369,2187498.497525509],[1826336.5833470977,2187487.6496143984],[1826335.6403276972,2187474.332532278]]},"properties":{"width":2.0,"type":"Footway"},"id":"077ce026-b09c-48db-a24e-8e86cb5c4656"},{"type":"Feature","geometry":{"type":"LineString","coordinates":[[1826361.2429872304,2187541.174091909],[1826353.4989781384,2187537.183838393],[1826347.7543215891,2187535.690462748],[1826342.978226868,2187535.012437368],[1826335.8403438888,2187535.3421285762],[1826329.637200532,2187537.031511082],[1826322.8922327969,2187539.778258756],[1826317.5818283386,2187542.9324910915],[1826312.7618958526,2187546.1218903796]]},"properties":{"width":2.0,"type":"Footway"},"id":"2ec0862d-3d82-476c-b217-2349469d4a70"},{"type":"Feature","geometry":{"type":"LineString","coordinates":[[1826188.8112123595,2187550.4225494717],[1826189.0865367986,2187542.3292969023],[1826189.9132782903,2187535.0335092647],[1826190.7862075777,2187531.004994206],[1826192.471293106,2187528.491331168],[1826195.3327984693,2187525.8754694774]]},"properties":{"width":2.0,"type":"Footway"},"id":"8e95e85d-db13-4107-8efa-3809cc1671e6"},{"type":"Feature","geometry":{"type":"LineString","coordinates":[[1826333.88813246,2187433.8989145844],[1826326.6121531008,2187444.6556283883],[1826323.9094300757,2187449.8058704254],[1826323.0966784188,2187451.282597203],[1826319.020177596,2187460.0325196483],[1826315.408007456,2187468.891985082],[1826311.8537639151,2187478.271409696],[1826308.5109079569,2187487.884810314],[1826305.195101453,2187497.9303386537],[1826301.6937951557,2187509.600571413],[1826298.1141449832,2187522.5870944336],[1826294.7510224478,2187535.7857918493],[1826291.4475309928,2187549.424302624],[1826288.4021033698,2187562.6979466355],[1826285.5569626293,2187576.8358134683],[1826282.957889098,2187590.7325567296],[1826280.7107610272,2187604.194528274],[1826278.377259613,2187620.501281086],[1826276.6390365565,2187634.1753623425],[1826275.0277085507,2187647.8218458937],[1826273.6346925632,2187662.693511471],[1826271.2761452328,2187704.3665388688],[1826265.2549091468,2187756.279392537]]},"properties":{"width":14.0,"type":"Highway"},"id":"96a55d5c-a8df-4caa-a53c-94382ebe150a"},{"type":"Feature","geometry":{"type":"LineString","coordinates":[[1826346.4912481017,2187444.7773148143],[1826343.9722553317,2187447.7270951346],[1826341.2856854545,2187451.350755635],[1826337.8186301186,2187462.9485242222],[1826335.6403276972,2187474.332532278],[1826332.677429564,2187480.3304180726],[1826329.3743068138,2187488.572388161],[1826323.9858393425,2187507.184692241],[1826322.5878149578,2187513.183545959],[1826312.7618958526,2187546.1218903796],[1826308.4920732249,2187560.4299459145],[1826304.4985303148,2187576.920407166],[1826302.0086688015,2187589.807317044],[1826298.4206682413,2187616.6804132173],[1826294.9319007546,2187646.3039969984],[1826293.931288388,2187668.7705922388],[1826293.8308542569,2187672.877792159],[1826293.425094544,2187687.2459487286],[1826293.7734638958,2187707.602887564],[1826294.9242675928,2187732.395099603],[1826295.996250458,2187746.7321680784],[1826298.5970084483,2187766.8725661957]]},"properties":{"width":2.0,"type":"Footway"},"id":"66b1d555-099c-4402-b2e0-b39a5b7b9260"},{"type":"Feature","geometry":{"type":"LineString","coordinates":[[1826326.5636866342,2187449.4539865414],[1826329.8632301486,2187449.611044996],[1826333.4110230505,2187449.9187247455],[1826338.0028106957,2187450.5762638873],[1826341.2856854545,2187451.350755635]]},"properties":{"width":2.0,"type":"Footway"},"id":"a5010af1-df39-4cf4-999f-16722e83d00f"},{"type":"Feature","geometry":{"type":"LineString","coordinates":[[1826287.1489195817,2187458.2899836935],[1826289.0082688585,2187457.5894670975],[1826298.4638173429,2187455.965420054],[1826307.2800720732,2187453.661257195],[1826314.7599993937,2187451.6632025526],[1826318.2245087295,2187450.7200134746],[1826320.4928948903,2187450.2540814173]]},"properties":{"width":2.0,"type":"Footway"},"id":"7ad2659f-03fc-4876-b422-13466574a48b"},{"type":"Feature","geometry":{"type":"LineString","coordinates":[[1826212.0548588755,2187484.9903929457],[1826210.4788561284,2187489.5204372536],[1826208.035958742,2187494.0070712212],[1826205.316466299,2187497.807097253],[1826202.5707458125,2187500.806978363],[1826199.6294585196,2187503.104846999],[1826196.1521991044,2187504.7584808664]]},"properties":{"width":2.0,"type":"Footway"},"id":"5100ff4c-ad06-4be1-ac14-6362461bb701"},{"type":"Feature","geometry":{"type":"LineString","coordinates":[[1826243.736592631,2187506.7095216336],[1826253.163948859,2187516.5048958026],[1826256.6669534212,2187519.7361800545],[1826259.9572173753,2187521.973732852],[1826263.608849493,2187523.663671996],[1826267.5502634826,2187524.9271897175],[1826271.4204449123,2187525.4719986813],[1826275.441889573,2187525.1204548813],[1826279.187196152,2187524.3355551036],[1826282.740790604,2187522.7229761416],[1826285.851029213,2187520.511017891],[1826288.9196384256,2187517.782946087],[1826291.2679645023,2187514.827416345],[1826293.329435429,2187511.4475068008],[1826295.3860840031,2187506.8122327323],[1826297.1704983886,2187502.2738279095],[1826298.6946157292,2187497.052654821],[1826299.5182484966,2187492.540733791],[1826300.0859185406,2187487.9108938784],[1826300.2004308698,2187483.41578738],[1826299.7966353043,2187479.258671339],[1826298.9997255565,2187475.4920943393],[1826297.6561832712,2187471.746146043],[1826295.7922497757,2187469.039604483],[1826293.3928134933,2187466.1607047613],[1826291.0358522355,2187463.648533254],[1826287.8072976964,2187461.367996432],[1826285.0932792255,2187459.7496598028],[1826281.2040841568,2187457.90011332],[1826275.6565212368,2187455.7168756262],[1826266.7374395325,2187453.9004412373]]},"properties":{"width":14.0,"type":"Highway"},"id":"aae019c8-dde9-4614-a0d5-41e826ba3c8b"},{"type":"Feature","geometry":{"type":"LineString","coordinates":[[1826323.9858393425,2187507.184692241],[1826314.9035351535,2187506.169668971],[1826307.231697665,2187504.4978342657],[1826294.4483891055,2187501.090828995],[1826290.5763923978,2187499.532996658],[1826282.3705466522,2187495.203741891],[1826273.6814272762,2187489.897488082],[1826269.256610448,2187486.345172665],[1826262.3916407807,2187480.12299271],[1826253.1698351193,2187472.919077398],[1826250.4810991916,2187471.1571308374],[1826247.9896161056,2187469.7984251007],[1826246.1155468242,2187468.884545617],[1826243.9478480401,2187468.5227565956],[1826242.4430255038,2187468.777611159],[1826219.1027612027,2187476.1474553007],[1826218.6924966378,2187476.464911397],[1826216.7345852721,2187477.5104027577],[1826215.5578111652,2187478.45250146],[1826214.4376698658,2187479.810692568],[1826213.4483189823,2187481.4528837316],[1826212.0548588755,2187484.9903929457]]},"properties":{"width":2.0,"type":"Footway"},"id":"499a136f-3f21-4de5-9e22-6a82a980e8d0"},{"type":"Feature","geometry":{"type":"LineString","coordinates":[[1826221.8252058085,2187414.665324158],[1826230.4151816757,2187453.018207638],[1826235.4915686254,2187473.201722438],[1826243.736592631,2187506.7095216336]]},"properties":{"width":14.0,"type":"Highway"},"id":"c9eded2c-cca8-4b1a-955d-a8feab8d6d52"},{"type":"Feature","geometry":{"type":"LineString","coordinates":[[1826218.2823371869,2187468.980888929],[1826266.7374395325,2187453.9004412373]]},"properties":{"width":3.5,"type":"Minor"},"id":"1761a6d7-c1ce-48ba-b806-063e8c89d0b8"},{"type":"Feature","geometry":{"type":"LineString","coordinates":[[1826243.9478480401,2187468.5227565956],[1826261.8966671142,2187463.6667701285],[1826265.53222907,2187462.763914426],[1826268.7528137881,2187462.234935924],[1826271.7453486503,2187462.0894123814],[1826274.7014918763,2187462.4991311547],[1826277.1585846955,2187462.8371461965],[1826278.617144932,2187462.9971302114],[1826280.0075136572,2187462.8993874025],[1826281.3644148726,2187462.506082846],[1826282.1356426047,2187461.8250246085]]},"properties":{"width":2.0,"type":"Footway"},"id":"cf885559-a462-48af-8668-bb8090835eeb"},{"type":"Feature","geometry":{"type":"LineString","coordinates":[[1826244.611277855,2187447.702638985],[1826249.0025980116,2187445.746851042],[1826256.1217537478,2187441.742024708],[1826268.669583352,2187433.6442650403],[1826274.8216323426,2187430.677033627],[1826277.8000057142,2187430.26351532],[1826279.6834653548,2187430.627296147]]},"properties":{"width":2.0,"type":"Footway"},"id":"909d5a3a-e809-49f9-a34e-1a277e43db87"},{"type":"Feature","geometry":{"type":"LineString","coordinates":[[1826266.7374395325,2187453.9004412373],[1826275.2381678992,2187442.5811335957],[1826278.3812598903,2187438.4437965523],[1826280.0933303072,2187435.2691196883],[1826281.850351205,2187431.3571139895],[1826283.249647734,2187425.680744166],[1826283.605065128,2187420.9663117123],[1826282.9662020542,2187415.7641714145],[1826281.2576824888,2187410.9770751735],[1826278.6796421201,2187405.7201982522],[1826275.9224844964,2187401.5142004974],[1826272.4416328752,2187397.4596653297],[1826268.643077482,2187393.3301836927],[1826264.3309198457,2187389.482275336],[1826259.6037991892,2187386.2268771837],[1826254.9668209823,2187384.12039998],[1826250.7479519192,2187382.9755590805],[1826246.6882449235,2187382.8693464175],[1826242.5287097609,2187383.441491581],[1826238.4391203066,2187384.6284848982],[1826234.4598193034,2187386.842575685],[1826231.1429740107,2187389.638688958],[1826228.416111226,2187392.85014089],[1826226.1827949055,2187396.7763675186],[1826224.598534745,2187400.2113360176],[1826223.3839640007,2187404.8496595128],[1826221.8252058085,2187414.665324158]]},"properties":{"width":14.0,"type":"Highway"},"id":"7880354b-6c4d-4aec-a77f-5114f165094e"},{"type":"Feature","geometry":{"type":"LineString","coordinates":[[1826266.7374395325,2187453.9004412373],[1826283.9085437711,2187448.550341484],[1826311.898061938,2187440.1372331693],[1826333.88813246,2187433.8989145844]]},"properties":{"width":3.5,"type":"Minor"},"id":"338df1c1-6837-49a3-832d-c56924f7c95b"},{"type":"Feature","geometry":{"type":"LineString","coordinates":[[1826279.6834653548,2187430.627296147],[1826281.850351205,2187431.3571139895],[1826283.69653516,2187431.9882620717]]},"properties":{"width":2.0,"type":"Footway"},"id":"fdfe5e2f-3d43-493a-9235-be6641e7de68"},{"type":"Feature","geometry":{"type":"LineString","coordinates":[[1826283.69653516,2187431.9882620717],[1826287.7669992854,2187432.741410292],[1826293.3259043288,2187432.142715127],[1826297.4365108302,2187431.1218046607],[1826301.7508299528,2187430.8048347686],[1826306.1530493004,2187430.5891506444],[1826309.9185579636,2187429.9010727787],[1826312.132026542,2187428.9389009085],[1826315.0678326793,2187427.0655121286]]},"properties":{"width":2.0,"type":"Footway"},"id":"396211ec-fc4a-4f4c-8e18-5c406b16d94f"},{"type":"Feature","geometry":{"type":"LineString","coordinates":[[1826351.8164829959,2187428.4744362663],[1826340.4012891473,2187431.879919526],[1826333.88813246,2187433.8989145844]]},"properties":{"width":3.5,"type":"Minor"},"id":"2f7655bf-15f5-43d4-8862-9b269e27a5c9"},{"type":"Feature","geometry":{"type":"LineString","coordinates":[[1826334.2659558502,2187420.122497267],[1826336.311720554,2187423.2976923655],[1826340.4012891473,2187431.879919526],[1826341.8481015242,2187435.0058669774],[1826343.8570850953,2187439.357576937],[1826346.4912481017,2187444.7773148143]]},"properties":{"width":2.0,"type":"Footway"},"id":"04c3f034-fe51-498f-a74a-90d53ee4d431"},{"type":"Feature","geometry":{"type":"LineString","coordinates":[[1826326.5636866342,2187449.4539865414],[1826323.9094300757,2187449.8058704254],[1826320.4928948903,2187450.2540814173]]},"properties":{"width":2.0,"type":"Footway"},"id":"39618635-0452-4614-81d2-3c04f4209603"},{"type":"Feature","geometry":{"type":"LineString","coordinates":[[1826205.1700990081,2187456.5788062536],[1826207.0991003555,2187457.98891191],[1826210.2825548246,2187459.257694181],[1826213.1396476987,2187459.5404637605],[1826214.0785436411,2187459.278672995],[1826237.2650111371,2187452.8160674013],[1826241.6391289367,2187450.349925894],[1826244.611277855,2187447.702638985],[1826250.6616850113,2187440.062728314],[1826253.212175021,2187435.08367974],[1826254.6368578328,2187430.575471048],[1826257.3801801647,2187420.003651684],[1826259.5824063944,2187413.584659214],[1826264.1845129726,2187405.30391152],[1826268.72118965,2187398.7222209517],[1826269.2441883185,2187398.109174322],[1826277.5470061307,2187388.2850581533],[1826282.0020298846,2187384.05448012]]},"properties":{"width":2.0,"type":"Footway"},"id":"3b19d619-cbb9-4022-9f5f-178226f49324"},{"type":"Feature","geometry":{"type":"LineString","coordinates":[[1826246.1243511003,2187039.0441663074],[1826370.050890044,2187002.725122774],[1826372.5165903412,2187002.0065476843]]},"properties":{"width":2.0,"type":"Footway"},"id":"cae1d55a-d835-4c95-99fc-9b1102e90f34"},{"type":"Feature","geometry":{"type":"LineString","coordinates":[[1826245.4430320964,2187024.177948578],[1826245.64056361,2187026.767514639]]},"properties":{"width":2.0,"type":"Footway"},"id":"9b3c0f1c-25e0-40e3-b5d2-f8f33f0e8675"},{"type":"Feature","geometry":{"type":"LineString","coordinates":[[1826214.9995885806,2186901.8611690076],[1826217.9589734976,2186943.2006989145],[1826219.189511064,2186960.405728957],[1826220.407577658,2186977.4812457627],[1826220.991981181,2186991.5191226583],[1826221.6726722086,2187004.164396516],[1826221.564161947,2187018.0043030446],[1826221.509490829,2187026.8400139892],[1826221.485288184,2187043.09318934],[1826221.44260338,2187066.3150298153],[1826221.1845972543,2187100.0376681755],[1826221.1196592129,2187142.930616944]]},"properties":{"width":2.0,"type":"Footway"},"id":"0bf1679f-646c-4b8e-91c4-f9ba00f7c035"},{"type":"Feature","geometry":{"type":"LineString","coordinates":[[1826245.4430320964,2187024.177948578],[1826242.504831354,2187024.566471463],[1826235.854129258,2187025.5636011465],[1826229.1412616654,2187026.5690848],[1826221.509490829,2187026.8400139892],[1826216.6525811628,2187026.8679936547],[1826215.5725552465,2187026.889385821],[1826210.2294519867,2187027.009800676]]},"properties":{"width":2.0,"type":"Footway"},"id":"0213eb63-90ba-48b0-aeea-a3a3e31324cb"},{"type":"Feature","geometry":{"type":"LineString","coordinates":[[1826582.5864197225,2187374.7115697362],[1826581.6961634238,2187371.486742306],[1826579.234655974,2187362.5290288026],[1826576.898361501,2187354.061131649],[1826575.9030316945,2187350.4432977363],[1826557.4153610854,2187285.9584031054],[1826556.6155864873,2187283.4798576455]]},"properties":{"width":2.0,"type":"Footway"},"id":"5d44ea07-7961-45fe-ad2c-aad0c2009596"},{"type":"Feature","geometry":{"type":"LineString","coordinates":[[1826465.4449007309,2187304.532845913],[1826467.5064190452,2187311.7966845552],[1826477.4812324124,2187348.3595744777],[1826485.4720464144,2187377.80350989],[1826488.5743293464,2187389.075619328]]},"properties":{"width":3.5,"type":"Minor"},"id":"77f6fb48-b2de-4701-9706-662d749a8310"},{"type":"Feature","geometry":{"type":"LineString","coordinates":[[1826476.4278949725,2187309.0111819943],[1826467.5064190452,2187311.7966845552],[1826458.2531121033,2187314.676507324],[1826456.2758018565,2187315.257112881],[1826327.5254647047,2187353.116827058]]},"properties":{"width":2.0,"type":"Footway"},"id":"14022699-a551-48a8-87fc-87f18a2680b3"},{"type":"Feature","geometry":{"type":"LineString","coordinates":[[1826315.0221690575,2187348.3030511197],[1826324.0489748,2187345.289107181],[1826449.8330303754,2187308.812197385],[1826454.1490728313,2187307.5406386955],[1826465.4449007309,2187304.532845913]]},"properties":{"width":3.0,"type":"Service"},"id":"92b3bff3-2592-4ad2-a619-20dbb22c91c9"},{"type":"Feature","geometry":{"type":"LineString","coordinates":[[1826321.1706845965,2187338.7531812396],[1826312.4197731197,2187321.1317091137],[1826298.851805281,2187293.4907184835],[1826293.9266384456,2187278.0605622916]]},"properties":{"width":2.0,"type":"Footway"},"id":"bcbab7e4-59ae-406c-a089-76462e6e2337"},{"type":"Feature","geometry":{"type":"LineString","coordinates":[[1826246.1243511003,2187039.0441663074],[1826245.9877171093,2187036.5610186704],[1826245.7795174334,2187030.735567284],[1826245.64056361,2187026.767514639]]},"properties":{"width":2.0,"type":"Footway"},"id":"caa4eccd-e225-4768-a440-4f45baf750a2"},{"type":"Feature","geometry":{"type":"LineString","coordinates":[[1826252.2287770829,2187108.937242644],[1826252.2069972511,2187105.8943485543],[1826250.283217665,2187087.1449585836],[1826246.1243511003,2187039.0441663074]]},"properties":{"width":2.0,"type":"Footway"},"id":"2ec7b801-119c-40b2-951e-763c3401536d"},{"type":"Feature","geometry":{"type":"LineString","coordinates":[[1826242.7830118062,2187116.5702190786],[1826237.0504772812,2187041.126637853],[1826236.3565818868,2187032.4020076133]]},"properties":{"width":3.5,"type":"Minor"},"id":"fcd94537-1133-49e5-ba4f-aeafc28ffd79"},{"type":"Feature","geometry":{"type":"LineString","coordinates":[[1826473.4171174755,2187295.7470002933],[1826463.5965238602,2187298.078739189],[1826456.5644242172,2187299.745101987],[1826452.3396951512,2187300.957656911],[1826321.1706845965,2187338.7531812396]]},"properties":{"width":2.0,"type":"Footway"},"id":"9eaa40ff-3d08-4468-b9d2-73dff3ca51f6"},{"type":"Feature","geometry":{"type":"LineString","coordinates":[[1826264.1547819243,2187307.041547216],[1826258.61194704,2187297.656296708],[1826243.9153780648,2187266.596389997]]},"properties":{"width":2.0,"type":"Footway"},"id":"5a84c997-82b1-45c4-b07b-6e62b30adaf2"},{"type":"Feature","geometry":{"type":"LineString","coordinates":[[1826322.2512043263,2187396.944214262],[1826318.9591049498,2187389.136980124],[1826314.8625671589,2187380.000810135],[1826305.5119319358,2187362.4794951775],[1826297.2170828239,2187347.9918854097],[1826290.8245492438,2187338.4176511047],[1826290.5316760135,2187337.9458263307],[1826283.8487783484,2187327.4516088287],[1826277.5577858656,2187317.556147251],[1826271.0669430224,2187307.268348716],[1826265.1574675536,2187297.1407198636],[1826259.4085146524,2187284.6921023144],[1826249.6551407864,2187264.4293711097],[1826241.730304755,2187248.3721962185],[1826234.9608598417,2187232.046779443],[1826230.5918993338,2187219.5440236675],[1826227.257912768,2187207.1013142713],[1826224.4354671582,2187191.3963261787],[1826222.7457124947,2187179.237931325],[1826222.4007237672,2187176.7631684626],[1826222.0991015597,2187171.0422558384],[1826221.3957322962,2187157.6552028456],[1826221.1196592129,2187142.930616944]]},"properties":{"width":2.0,"type":"Footway"},"id":"86476eb4-1ed1-4e80-941f-3d861870b19a"},{"type":"Feature","geometry":{"type":"LineString","coordinates":[[1826293.9266384456,2187278.0605622916],[1826292.879464741,2187276.1565660248],[1826291.1294199922,2187272.6023976877],[1826288.5011293723,2187267.2301128223],[1826287.3420433286,2187265.2536904244]]},"properties":{"width":2.0,"type":"Footway"},"id":"4e6184f2-eb26-480e-adc0-ae0e6015468a"},{"type":"Feature","geometry":{"type":"LineString","coordinates":[[1826281.1884798012,2187275.4812916475],[1826261.016558822,2187229.1721093245],[1826256.7366293091,2187219.0261835256],[1826254.037787889,2187211.9112786762],[1826251.9800000973,2187205.6149862404],[1826250.191807719,2187198.5768269026]]},"properties":{"width":3.5,"type":"Minor"},"id":"3912862f-b84d-4e54-8728-79f4db6e683d"},{"type":"Feature","geometry":{"type":"LineString","coordinates":[[1826434.6848256395,2187236.911431357],[1826293.9266384456,2187278.0605622916]]},"properties":{"width":2.0,"type":"Footway"},"id":"9eda168a-9028-4ab7-95e9-2d21489753b8"},{"type":"Feature","geometry":{"type":"LineString","coordinates":[[1826555.746746799,2187274.150001943],[1826555.4104149337,2187271.2745048646],[1826547.6441190424,2187204.6475744895],[1826547.323217002,2187201.925307544],[1826546.8796396835,2187198.4836915587],[1826546.3603945556,2187192.2280811374],[1826546.276181872,2187189.8148069954],[1826544.7630654029,2187121.1767212744],[1826544.7225775032,2187118.7967772307]]},"properties":{"width":2.0,"type":"Footway"},"id":"b4a3eb9e-ea31-429e-8517-a0f334fb19c1"},{"type":"Feature","geometry":{"type":"LineString","coordinates":[[1826252.2287770829,2187108.937242644],[1826252.5247279215,2187113.770810801],[1826252.8194037399,2187118.719144821]]},"properties":{"width":2.0,"type":"Footway"},"id":"90e27878-8c5e-486e-a5f2-447cfd4ccf5a"},{"type":"Feature","geometry":{"type":"LineString","coordinates":[[1826588.8790071874,2187359.741611598],[1826585.5611132686,2187347.6706197723],[1826567.8679637946,2187283.281093699],[1826567.1003308853,2187280.556981301],[1826566.0289837304,2187275.402323515]]},"properties":{"width":7.0,"type":"Major"},"id":"2b43d457-f8d0-4e7c-88cb-6dc031255f09"},{"type":"Feature","geometry":{"type":"LineString","coordinates":[[1826555.746746799,2187274.150001943],[1826555.9909862762,2187278.3270480367],[1826556.6155864873,2187283.4798576455]]},"properties":{"width":2.0,"type":"Footway"},"id":"386b93c9-f9a6-41a7-b706-084addc9cb01"},{"type":"Feature","geometry":{"type":"LineString","coordinates":[[1826465.4449007309,2187304.532845913],[1826476.763021452,2187301.357725242],[1826555.9909862762,2187278.3270480367],[1826566.0289837304,2187275.402323515]]},"properties":{"width":3.0,"type":"Service"},"id":"d5a1af86-b96e-45b1-b22a-5f9716af05b9"},{"type":"Feature","geometry":{"type":"LineString","coordinates":[[1826473.4171174755,2187295.7470002933],[1826475.0896045226,2187295.255574237],[1826555.4104149337,2187271.2745048646],[1826560.627275435,2187269.7207426066],[1826565.1307287968,2187268.493451015],[1826582.5970631116,2187263.754307346],[1826589.3428244987,2187261.9169175075]]},"properties":{"width":2.0,"type":"Footway"},"id":"f3f69041-da20-4886-ae41-95c4868444f4"},{"type":"Feature","geometry":{"type":"LineString","coordinates":[[1826566.0289837304,2187275.402323515],[1826583.4841434688,2187270.418906554]]},"properties":{"width":3.0,"type":"Service"},"id":"88ce4bf8-af91-42dc-a4d4-7470672d55c8"},{"type":"Feature","geometry":{"type":"LineString","coordinates":[[1826573.8713462797,2187190.296047648],[1826573.9781725616,2187197.3518860806],[1826576.0746802196,2187214.819019404],[1826582.5970631116,2187263.754307346],[1826583.4841434688,2187270.418906554]]},"properties":{"width":7.0,"type":"Major"},"id":"4d3b9dba-7a01-4fc8-b432-968fb1d265a3"},{"type":"Feature","geometry":{"type":"LineString","coordinates":[[1826566.0289837304,2187275.402323515],[1826565.1307287968,2187268.493451015],[1826557.3265844816,2187205.344110729],[1826556.9743467,2187202.0621248],[1826556.11936863,2187195.3705897336]]},"properties":{"width":7.0,"type":"Major"},"id":"16202787-7b73-4490-8e58-dc2bbc0be7f5"},{"type":"Feature","geometry":{"type":"LineString","coordinates":[[1826246.1243511003,2187039.0441663074],[1826243.0747005767,2187039.6135170036],[1826237.0504772812,2187041.126637853],[1826230.3972952846,2187042.7905688626],[1826221.485288184,2187043.09318934],[1826215.3987485983,2187043.302880995]]},"properties":{"width":2.0,"type":"Footway"},"id":"95bb591f-bd6f-4718-972d-36fa8f19b465"},{"type":"Feature","geometry":{"type":"LineString","coordinates":[[1826573.8713462797,2187190.296047648],[1826556.11936863,2187195.3705897336]]},"properties":{"width":3.0,"type":"Service"},"id":"7746db3c-5866-4ceb-8232-23a11425a6a6"},{"type":"Feature","geometry":{"type":"LineString","coordinates":[[1826718.1844456573,2187154.9492476243],[1826709.1426411713,2187157.6601295024],[1826698.7305769578,2187160.784134137],[1826696.9791522638,2187161.2453920995],[1826584.1354702674,2187194.650920423],[1826580.815295292,2187195.4554846673],[1826573.9781725616,2187197.3518860806],[1826556.9743467,2187202.0621248],[1826550.183113413,2187203.9463569187],[1826547.6441190424,2187204.6475744895],[1826457.126902338,2187229.7443187493]]},"properties":{"width":2.0,"type":"Footway"},"id":"b928966d-c91a-4b39-ab40-d187030a8d7a"},{"type":"Feature","geometry":{"type":"LineString","coordinates":[[1826452.7979764675,2187215.6513711126],[1826546.276181872,2187189.8148069954],[1826549.520032113,2187188.9692076235],[1826555.5596849723,2187187.172300495],[1826573.3412436813,2187181.863090178],[1826581.0452807215,2187179.5728743016],[1826583.7836495829,2187178.7921307893],[1826693.2061826687,2187147.4214867936],[1826696.1379517827,2187146.732436507]]},"properties":{"width":2.0,"type":"Footway"},"id":"c8670173-af8c-415f-aecb-2fce79b57d02"},{"type":"Feature","geometry":{"type":"LineString","coordinates":[[1826556.11936863,2187195.3705897336],[1826555.5596849723,2187187.172300495],[1826555.5577684706,2187184.4102261453],[1826553.799683687,2187118.7060799436],[1826553.6498694832,2187110.8116175705]]},"properties":{"width":7.0,"type":"Major"},"id":"07746d3a-3664-4e65-908a-4b293e8d9b1d"},{"type":"Feature","geometry":{"type":"LineString","coordinates":[[1826571.5756262229,2187105.5478908587],[1826571.8926688395,2187113.827016375],[1826573.3412436813,2187181.863090178],[1826573.8713462797,2187190.296047648]]},"properties":{"width":7.0,"type":"Major"},"id":"af7716e7-513c-432a-b643-1f6acd95bee5"},{"type":"Feature","geometry":{"type":"LineString","coordinates":[[1826583.8292773664,2187181.368905775],[1826583.7836495829,2187178.7921307893],[1826582.5070830195,2187110.8656579494],[1826582.4343524345,2187107.2008524216]]},"properties":{"width":2.0,"type":"Footway"},"id":"acad7b54-bc97-44a5-b37c-0f05402c5185"},{"type":"Feature","geometry":{"type":"LineString","coordinates":[[1826553.6498694832,2187110.8116175705],[1826571.5756262229,2187105.5478908587]]},"properties":{"width":3.0,"type":"Service"},"id":"fbab0aeb-962c-4934-8714-7b7982d5310d"},{"type":"Feature","geometry":{"type":"LineString","coordinates":[[1826581.524252241,2187097.608108017],[1826581.9790875525,2187102.3871693076],[1826582.4343524345,2187107.2008524216]]},"properties":{"width":2.0,"type":"Footway"},"id":"bfcdeb78-bd4b-4686-bc6c-980106009e7a"},{"type":"Feature","geometry":{"type":"LineString","coordinates":[[1826409.526437104,2187145.2510197284],[1826260.8858010801,2187188.7874206305],[1826258.0523034462,2187189.5343159563]]},"properties":{"width":2.0,"type":"Footway"},"id":"091aa8ab-4d85-4c6a-99e8-8ec8ba780127"},{"type":"Feature","geometry":{"type":"LineString","coordinates":[[1826413.4524181513,2187158.5009177523],[1826411.8388719116,2187151.998682113],[1826410.2516890871,2187147.8270220873],[1826409.526437104,2187145.2510197284]]},"properties":{"width":2.0,"type":"Footway"},"id":"02822226-e101-4fa2-bb59-2e33f91050ce"},{"type":"Feature","geometry":{"type":"LineString","coordinates":[[1826412.1635946482,2187144.388808951],[1826409.526437104,2187145.2510197284]]},"properties":{"width":2.0,"type":"Footway"},"id":"eb7bf178-93bc-4bba-9a3e-32b166bd6774"},{"type":"Feature","geometry":{"type":"LineString","coordinates":[[1826401.473010651,2187070.7207513475],[1826403.3151843555,2187077.7486904296],[1826420.6955146156,2187142.270744596],[1826422.5693130526,2187148.799861856]]},"properties":{"width":3.5,"type":"Minor"},"id":"c85e0ebd-fb9c-471d-aafe-7a9ecffddf44"},{"type":"Feature","geometry":{"type":"LineString","coordinates":[[1826409.526437104,2187145.2510197284],[1826391.8523608604,2187080.843817881],[1826391.3162291416,2187078.887771318],[1826390.0132268176,2187074.276868771],[1826389.0923721709,2187070.9988442366]]},"properties":{"width":2.0,"type":"Footway"},"id":"84a8a5aa-2fc7-4aae-a5e5-aad19bec5688"},{"type":"Feature","geometry":{"type":"LineString","coordinates":[[1826390.7687358146,2187066.0437054182],[1826387.936045751,2187066.859800058],[1826252.2069972511,2187105.8943485543]]},"properties":{"width":2.0,"type":"Footway"},"id":"febeaa16-baa4-4da8-9fb6-31149c1c6739"},{"type":"Feature","geometry":{"type":"LineString","coordinates":[[1826401.473010651,2187070.7207513475],[1826390.0132268176,2187074.276868771],[1826257.9040688267,2187112.220654008],[1826252.5247279215,2187113.770810801],[1826242.7830118062,2187116.5702190786]]},"properties":{"width":3.0,"type":"Service"},"id":"b8eb0a63-81f9-4bd2-8b59-616bf045e067"},{"type":"Feature","geometry":{"type":"LineString","coordinates":[[1826252.985988952,2187120.783612758],[1826391.8523608604,2187080.843817881],[1826394.0672327217,2187080.2041610777]]},"properties":{"width":2.0,"type":"Footway"},"id":"afe29eae-689f-4ffd-b0d8-bbf107fff5cd"},{"type":"Feature","geometry":{"type":"LineString","coordinates":[[1826260.9473450282,2187203.0356723624],[1826266.1503318867,2187200.5924403584],[1826413.4524181513,2187158.5009177523]]},"properties":{"width":2.0,"type":"Footway"},"id":"6331a753-6244-41d3-9e88-0fec5cd246f6"},{"type":"Feature","geometry":{"type":"LineString","coordinates":[[1826250.191807719,2187198.5768269026],[1826259.2697708567,2187195.9660709114],[1826411.8388719116,2187151.998682113],[1826422.5693130526,2187148.799861856]]},"properties":{"width":3.0,"type":"Service"},"id":"7b8e802a-54b5-484a-a9bb-ce0cc78addd4"},{"type":"Feature","geometry":{"type":"LineString","coordinates":[[1826413.4524181513,2187158.5009177523],[1826424.5271615905,2187155.555930296],[1826436.27412261,2187151.802982566]]},"properties":{"width":2.0,"type":"Footway"},"id":"3ac7a228-cf95-4a2b-8c87-1b2336d23ec1"},{"type":"Feature","geometry":{"type":"LineString","coordinates":[[1826227.527450894,2187144.384646535],[1826229.5028758256,2187146.0358239473],[1826232.2197709845,2187149.173669214],[1826234.355387695,2187153.2445127163],[1826235.7703225252,2187157.709176723],[1826236.4690723123,2187164.44430493]]},"properties":{"width":2.0,"type":"Footway"},"id":"7e8c2034-cbdd-4fc0-b304-404a8eec8261"},{"type":"Feature","geometry":{"type":"LineString","coordinates":[[1826214.3935420676,2187143.5187238017],[1826217.8792167888,2187143.1788009196],[1826221.1196592129,2187142.930616944]]},"properties":{"width":2.0,"type":"Footway"},"id":"3c6302f0-94ed-403b-aed8-0e8cbda5b8ef"},{"type":"Feature","geometry":{"type":"LineString","coordinates":[[1826221.1196592129,2187142.930616944],[1826224.5822685102,2187143.3446942302],[1826227.527450894,2187144.384646535]]},"properties":{"width":2.0,"type":"Footway"},"id":"943834b6-b9d7-4574-b27c-6a1a2ffd453e"},{"type":"Feature","geometry":{"type":"LineString","coordinates":[[1826258.0523034462,2187189.5343159563],[1826252.985988952,2187120.783612758],[1826252.8194037399,2187118.719144821]]},"properties":{"width":2.0,"type":"Footway"},"id":"f6a530e8-eecd-4642-87a5-9d3a6470f277"},{"type":"Feature","geometry":{"type":"LineString","coordinates":[[1826250.191807719,2187198.5768269026],[1826248.9523726206,2187191.2538806186],[1826248.1396427876,2187184.929113158],[1826242.7830118062,2187116.5702190786]]},"properties":{"width":3.5,"type":"Minor"},"id":"4955e64a-fc51-44ad-ac46-f49ac5af7271"},{"type":"Feature","geometry":{"type":"LineString","coordinates":[[1826214.3935420676,2187143.5187238017],[1826214.9809208377,2187110.149947827],[1826214.9855024074,2187083.4441182287]]},"properties":{"width":2.0,"type":"Footway"},"id":"a6e797eb-add1-4964-aad0-5380b5a4707e"},{"type":"Feature","geometry":{"type":"LineString","coordinates":[[1826285.0431669839,2187348.9631714146],[1826283.4008946684,2187342.3276266437],[1826283.067680339,2187341.4435521597],[1826280.5121623215,2187334.5235269614],[1826278.455540987,2187330.48279594],[1826276.0824465214,2187325.815088024],[1826264.1547819243,2187307.041547216],[1826261.644464404,2187306.5644187024],[1826258.6641477125,2187305.0904039065],[1826254.830092316,2187302.4599383217],[1826238.9909412798,2187287.872678032],[1826228.5492623884,2187278.4019383728],[1826217.9407171705,2187268.362549214],[1826210.8198854162,2187261.6198453954],[1826200.4790397282,2187249.60696456],[1826193.171878754,2187237.055506874],[1826190.4225170673,2187230.883768226],[1826187.7428809048,2187223.3591902186],[1826183.926943707,2187203.5536497342],[1826182.2850561945,2187186.7809042973],[1826182.715742566,2187174.0180883394],[1826184.6513918235,2187161.8749300176],[1826189.598454137,2187145.2411358953],[1826198.1697864383,2187125.4924818394],[1826206.5675177837,2187105.9330084063],[1826211.8234162005,2187093.859649035],[1826214.9855024074,2187083.4441182287],[1826215.3427646288,2187077.1537150093],[1826215.7252337174,2187062.9181697476],[1826215.5807534598,2187052.228939903],[1826215.3664516988,2187045.7001501243],[1826212.9937610403,2187035.233239817],[1826210.2294519867,2187027.009800676],[1826209.303024529,2187024.374872751],[1826205.9893134956,2187014.871175631],[1826200.757412886,2187002.452585411],[1826194.2431007738,2186993.5747146397],[1826186.9965568627,2186985.467673795],[1826172.1394050892,2186975.8646009923],[1826162.3902201147,2186971.367179411],[1826151.3395054832,2186968.2312270217],[1826139.9147084462,2186966.7905787425],[1826130.1511567768,2186967.203136008]]},"properties":{"width":2.0,"type":"Footway"},"id":"bd35ce2b-ab34-4849-aa97-e8d6f3d32c1f"},{"type":"Feature","geometry":{"type":"LineString","coordinates":[[1826214.3935420676,2187143.5187238017],[1826208.8238608704,2187145.0009888643],[1826203.0588460492,2187147.9675621283],[1826197.1486514686,2187152.315207698],[1826192.6881148468,2187157.188922947],[1826189.0529396345,2187162.245827555],[1826182.715742566,2187174.0180883394]]},"properties":{"width":2.0,"type":"Footway"},"id":"405a0461-3aa2-46bb-844d-23008c147610"},{"type":"Feature","geometry":{"type":"LineString","coordinates":[[1826413.4524181513,2187158.5009177523],[1826430.3614495911,2187222.8313202616]]},"properties":{"width":2.0,"type":"Footway"},"id":"38a9eaf6-fdee-4ce8-af83-9c0b5caabb90"},{"type":"Feature","geometry":{"type":"LineString","coordinates":[[1826430.3614495911,2187222.8313202616],[1826424.5659361545,2187225.963149512],[1826287.3420433286,2187265.2536904244]]},"properties":{"width":2.0,"type":"Footway"},"id":"419aef57-20ea-4524-ad5b-d04a48f6e32e"},{"type":"Feature","geometry":{"type":"LineString","coordinates":[[1826287.3420433286,2187265.2536904244],[1826277.238780578,2187244.505641161],[1826266.734843956,2187222.2477783565],[1826260.9473450282,2187203.0356723624]]},"properties":{"width":2.0,"type":"Footway"},"id":"b03bac93-5b53-4f87-9da4-606d6afa5072"},{"type":"Feature","geometry":{"type":"LineString","coordinates":[[1826457.126902338,2187229.7443187493],[1826446.002966349,2187233.2989973016],[1826434.6848256395,2187236.911431357]]},"properties":{"width":2.0,"type":"Footway"},"id":"420fa006-b312-4cbf-8024-cf7ec95a9bac"},{"type":"Feature","geometry":{"type":"LineString","coordinates":[[1826434.6848256395,2187236.911431357],[1826433.011402278,2187231.4651814764],[1826430.3614495911,2187222.8313202616]]},"properties":{"width":2.0,"type":"Footway"},"id":"0ab762c2-7e66-4a70-abda-b680ce4a28e9"},{"type":"Feature","geometry":{"type":"LineString","coordinates":[[1826444.490352716,2187228.1553371185],[1826446.002966349,2187233.2989973016],[1826463.5965238602,2187298.078739189],[1826465.4449007309,2187304.532845913]]},"properties":{"width":3.5,"type":"Minor"},"id":"8a7f2e44-0791-4bed-a378-3a47ab26c90a"},{"type":"Feature","geometry":{"type":"LineString","coordinates":[[1826556.11936863,2187195.3705897336],[1826546.8796396835,2187198.4836915587],[1826459.0506237801,2187223.7774244086],[1826455.5778596008,2187224.7186342985],[1826444.490352716,2187228.1553371185]]},"properties":{"width":3.0,"type":"Service"},"id":"e029bea6-4d5e-41e5-989e-3c45e3f68277"},{"type":"Feature","geometry":{"type":"LineString","coordinates":[[1826452.7979764675,2187215.6513711126],[1826455.5778596008,2187224.7186342985],[1826457.126902338,2187229.7443187493]]},"properties":{"width":2.0,"type":"Footway"},"id":"14d3a671-5c2d-4249-8d8a-eb2dad547965"},{"type":"Feature","geometry":{"type":"LineString","coordinates":[[1826430.3614495911,2187222.8313202616],[1826441.8682451483,2187219.1483170716],[1826452.7979764675,2187215.6513711126]]},"properties":{"width":2.0,"type":"Footway"},"id":"bdf27fe3-6846-4c12-a7c9-8e6027d5b3ce"},{"type":"Feature","geometry":{"type":"LineString","coordinates":[[1826444.490352716,2187228.1553371185],[1826433.011402278,2187231.4651814764],[1826295.699245457,2187271.2755594794],[1826291.1294199922,2187272.6023976877],[1826281.1884798012,2187275.4812916475]]},"properties":{"width":3.0,"type":"Service"},"id":"b49ed315-43a7-4ce8-8a9a-5e717ce4f7c6"},{"type":"Feature","geometry":{"type":"LineString","coordinates":[[1826436.27412261,2187151.802982566],[1826452.7979764675,2187215.6513711126]]},"properties":{"width":2.0,"type":"Footway"},"id":"cd4760fa-8581-4e54-b1ef-116c357cc8ad"},{"type":"Feature","geometry":{"type":"LineString","coordinates":[[1826422.5693130526,2187148.799861856],[1826424.5271615905,2187155.555930296],[1826434.111424766,2187189.8402548353],[1826441.8682451483,2187219.1483170716],[1826444.490352716,2187228.1553371185]]},"properties":{"width":3.5,"type":"Minor"},"id":"8d3e5e26-de5b-46cd-8529-8a6d6925bee8"},{"type":"Feature","geometry":{"type":"LineString","coordinates":[[1826579.6615140792,2187111.7361824415],[1826571.8926688395,2187113.827016375],[1826553.799683687,2187118.7060799436],[1826547.7012393442,2187120.351048734],[1826544.7630654029,2187121.1767212744],[1826436.27412261,2187151.802982566]]},"properties":{"width":2.0,"type":"Footway"},"id":"bd2884d1-124e-448d-a86f-26fb1a720c1a"},{"type":"Feature","geometry":{"type":"LineString","coordinates":[[1826432.687351869,2187139.0473339465],[1826545.0873301232,2187106.351978918],[1826548.0872455684,2187105.4833383695]]},"properties":{"width":2.0,"type":"Footway"},"id":"25e68b9a-974a-4f8c-8c87-30f7c65ce59c"},{"type":"Feature","geometry":{"type":"LineString","coordinates":[[1826422.5693130526,2187148.799861856],[1826434.7523587027,2187145.494992462],[1826544.9596923029,2187113.490573093],[1826553.6498694832,2187110.8116175705]]},"properties":{"width":3.0,"type":"Service"},"id":"6bf84fd1-452b-481c-9672-c8dfd010b1dc"},{"type":"Feature","geometry":{"type":"LineString","coordinates":[[1826432.687351869,2187139.0473339465],[1826415.3739672105,2187074.460479248],[1826414.644400396,2187071.756885978]]},"properties":{"width":2.0,"type":"Footway"},"id":"5294df79-f165-4468-95bb-3f185573e385"},{"type":"Feature","geometry":{"type":"LineString","coordinates":[[1826412.1635946482,2187144.388808951],[1826420.6955146156,2187142.270744596],[1826432.687351869,2187139.0473339465]]},"properties":{"width":2.0,"type":"Footway"},"id":"b513e50d-f4d3-4a83-94bf-484c5e710871"},{"type":"Feature","geometry":{"type":"LineString","coordinates":[[1826432.687351869,2187139.0473339465],[1826434.7523587027,2187145.494992462],[1826436.27412261,2187151.802982566]]},"properties":{"width":2.0,"type":"Footway"},"id":"2298342e-2309-45b6-b307-f285639704fe"},{"type":"Feature","geometry":{"type":"LineString","coordinates":[[1826238.748506725,2187193.679596883],[1826241.404101419,2187193.2129148664],[1826248.9523726206,2187191.2538806186],[1826255.3053421485,2187189.6227334626],[1826258.0523034462,2187189.5343159563]]},"properties":{"width":2.0,"type":"Footway"},"id":"ab5fab04-9913-42d6-853b-9401c98de180"},{"type":"Feature","geometry":{"type":"LineString","coordinates":[[1826369.444402244,2187000.556868844],[1826370.050890044,2187002.725122774],[1826387.936045751,2187066.859800058],[1826389.0923721709,2187070.9988442366]]},"properties":{"width":2.0,"type":"Footway"},"id":"74de12c1-0939-4eed-834d-0e27ec0ef17c"},{"type":"Feature","geometry":{"type":"LineString","coordinates":[[1826411.9208879624,2187075.463899652],[1826403.3151843555,2187077.7486904296],[1826394.0672327217,2187080.2041610777]]},"properties":{"width":2.0,"type":"Footway"},"id":"c10bb129-16a9-446f-9b94-18bc6e277a61"},{"type":"Feature","geometry":{"type":"LineString","coordinates":[[1826545.1655658684,2187108.9364438313],[1826544.9596923029,2187113.490573093],[1826544.7225775032,2187118.7967772307]]},"properties":{"width":2.0,"type":"Footway"},"id":"02b2e339-4801-44e0-b433-c124b902f214"},{"type":"Feature","geometry":{"type":"LineString","coordinates":[[1826217.0909035208,2187170.8734328165],[1826222.0991015597,2187171.0422558384]]},"properties":{"width":2.0,"type":"Footway"},"id":"607800ff-1b59-4fa2-a8f8-b59868d795cf"},{"type":"Feature","geometry":{"type":"LineString","coordinates":[[1826218.2906813978,2187179.78643454],[1826222.7457124947,2187179.237931325]]},"properties":{"width":2.0,"type":"Footway"},"id":"021c193e-d659-4773-9f3d-d1658359fd02"},{"type":"Feature","geometry":{"type":"LineString","coordinates":[[1826258.0523034462,2187189.5343159563],[1826258.554129481,2187191.3441751665],[1826259.2697708567,2187195.9660709114],[1826260.1059690155,2187201.3528323434],[1826260.9473450282,2187203.0356723624]]},"properties":{"width":2.0,"type":"Footway"},"id":"92c5d552-0eee-45f2-989c-bec246de6e32"},{"type":"Feature","geometry":{"type":"LineString","coordinates":[[1826236.4690723123,2187164.44430493],[1826237.5918928476,2187183.234877549],[1826238.281714152,2187190.7733660326],[1826238.748506725,2187193.679596883],[1826239.3431405528,2187197.2833709475],[1826241.1102859722,2187207.8375952085],[1826241.349172326,2187208.5383205255],[1826244.9174411742,2187218.9305911725],[1826251.9033363361,2187234.5936666536]]},"properties":{"width":2.0,"type":"Footway"},"id":"264b7d80-7e8e-4f25-851a-ca5687e551a6"},{"type":"Feature","geometry":{"type":"LineString","coordinates":[[1826260.9473450282,2187203.0356723624],[1826258.5104281143,2187203.6690003313],[1826251.9800000973,2187205.6149862404],[1826244.7854678237,2187207.714994529],[1826241.349172326,2187208.5383205255]]},"properties":{"width":2.0,"type":"Footway"},"id":"13010619-9af8-41f4-aa74-7570d1f1e4b1"},{"type":"Feature","geometry":{"type":"LineString","coordinates":[[1826254.4956071943,2187260.059558489],[1826255.6430064533,2187256.763169435],[1826256.1349019988,2187253.8759717527],[1826256.445758274,2187249.933480892],[1826256.1957930415,2187245.7436246458],[1826254.9103802715,2187241.240464927],[1826251.9033363361,2187234.5936666536]]},"properties":{"width":2.0,"type":"Footway"},"id":"6084e87e-5d52-4d57-946a-10efea1e34e1"},{"type":"Feature","geometry":{"type":"LineString","coordinates":[[1826254.4956071943,2187260.059558489],[1826253.686279694,2187261.376008243],[1826251.6023766217,2187263.392862239],[1826249.6551407864,2187264.4293711097]]},"properties":{"width":2.0,"type":"Footway"},"id":"1da1362f-4d1c-4173-a1ea-89b102d73b46"},{"type":"Feature","geometry":{"type":"LineString","coordinates":[[1826217.9407171705,2187268.362549214],[1826224.8106046154,2187269.9716348913],[1826229.1194852272,2187270.2976955366],[1826234.1897231017,2187269.802284118],[1826239.4313516053,2187268.2886950993],[1826243.9153780648,2187266.596389997],[1826249.6551407864,2187264.4293711097]]},"properties":{"width":2.0,"type":"Footway"},"id":"7003743e-a9f0-4aa8-a16f-c362883f188c"},{"type":"Feature","geometry":{"type":"LineString","coordinates":[[1826476.4278949725,2187309.0111819943],[1826478.6860303404,2187308.3702622433],[1826557.4153610854,2187285.9584031054],[1826560.8872770476,2187285.1666276585]]},"properties":{"width":2.0,"type":"Footway"},"id":"0f4018fc-fcc9-4c9c-bc52-570c90861f66"},{"type":"Feature","geometry":{"type":"LineString","coordinates":[[1826006.5989607128,2186988.563379536],[1826012.1696288646,2186987.806106356],[1826017.152265871,2186988.521061694],[1826020.560699444,2186990.4411232877],[1826022.5623248734,2186994.825468372],[1826024.2729126727,2187002.7772460068],[1826026.5262454073,2187010.396776376],[1826029.361257608,2187017.117914823],[1826031.1728312273,2187020.813069968]]},"properties":{"width":2.0,"type":"Footway"},"id":"09a7fcad-e86e-4104-a237-967968acb275"},{"type":"Feature","geometry":{"type":"LineString","coordinates":[[1826067.1918603764,2187138.3452415783],[1826073.1465764414,2187137.3449295997]]},"properties":{"width":2.0,"type":"Footway"},"id":"94407386-cbdc-4435-a7ec-611cf2171cc6"},{"type":"Feature","geometry":{"type":"LineString","coordinates":[[1826062.5224286253,2187135.3912849277],[1826061.1672265672,2187129.4334019353]]},"properties":{"width":2.0,"type":"Footway"},"id":"a1389e4e-c1bf-4ea2-918e-1e9002fd13e4"},{"type":"Feature","geometry":{"type":"LineString","coordinates":[[1826063.5682353985,2187139.343083871],[1826065.605389741,2187147.2223308273]]},"properties":{"width":2.0,"type":"Footway"},"id":"d0170992-f890-41a7-afa3-27b6ec8123cc"},{"type":"Feature","geometry":{"type":"LineString","coordinates":[[1826065.605389741,2187147.2223308273],[1826049.349641412,2187151.316073601]]},"properties":{"width":2.0,"type":"Footway"},"id":"c8b2e84d-75f0-47ee-a0f9-7009af12f8cb"},{"type":"Feature","geometry":{"type":"LineString","coordinates":[[1826072.4268077689,2187160.959275621],[1826074.1623094752,2187160.5286568906]]},"properties":{"width":2.0,"type":"Footway"},"id":"26572b94-63a3-4396-98bf-3c7770d79288"},{"type":"Feature","geometry":{"type":"LineString","coordinates":[[1826069.260197442,2187161.6967007667],[1826072.4268077689,2187160.959275621]]},"properties":{"width":2.0,"type":"Footway"},"id":"0661152e-2cb5-442a-96a1-3d768d0ab149"},{"type":"Feature","geometry":{"type":"LineString","coordinates":[[1826063.5682353985,2187139.343083871],[1826062.5224286253,2187135.3912849277]]},"properties":{"width":2.0,"type":"Footway"},"id":"5684a0fa-870d-43d2-b230-d33bdf11c1d8"},{"type":"Feature","geometry":{"type":"LineString","coordinates":[[1826071.792812861,2187171.7409920767],[1826060.0322576626,2187174.167949579],[1826057.142952225,2187164.3962356835],[1826053.1523180013,2187165.272991912]]},"properties":{"width":2.0,"type":"Footway"},"id":"893663e8-5c9e-4462-a1a5-7e33bf4d292e"},{"type":"Feature","geometry":{"type":"LineString","coordinates":[[1826076.3621286345,2187189.848539065],[1826079.8768588407,2187189.0206338656]]},"properties":{"width":2.0,"type":"Footway"},"id":"e07941a3-e438-41e5-a82e-2db37195e446"},{"type":"Feature","geometry":{"type":"LineString","coordinates":[[1826126.8910061987,2187208.8898938503],[1826125.855899908,2187211.4188217344],[1826122.7127223625,2187217.9265604634],[1826118.7248471663,2187223.7862913935],[1826114.4332372763,2187228.09002499],[1826109.1726251673,2187231.9810835104],[1826102.7629808167,2187235.7852141303],[1826097.7846321128,2187237.349485523]]},"properties":{"width":2.0,"type":"Footway"},"id":"6d0ce37f-d508-4aa6-a049-e6d1aa5c9c07"},{"type":"Feature","geometry":{"type":"LineString","coordinates":[[1826088.289359308,2187217.1939676055],[1826091.6955262597,2187215.6960928454],[1826094.9965763462,2187213.58658773],[1826098.0008406935,2187210.693668489],[1826100.5574090471,2187207.0737906746],[1826102.9899425139,2187202.412074799],[1826105.1146482353,2187197.815827527],[1826106.255486687,2187194.000085778],[1826106.6382256828,2187189.533752166],[1826106.317777591,2187184.694431485],[1826104.6765836792,2187178.162780934],[1826102.984672426,2187174.070074127],[1826100.3988772274,2187170.3763691233],[1826096.0376828325,2187166.9542824863],[1826090.4486013784,2187163.8524172795],[1826086.331150538,2187162.167794229],[1826081.6388266115,2187161.06098332],[1826077.4443271495,2187160.359265048],[1826074.1623094752,2187160.5286568906]]},"properties":{"width":2.0,"type":"Footway"},"id":"9e351ab6-a9db-4079-9c07-0ab2de26afb4"},{"type":"Feature","geometry":{"type":"LineString","coordinates":[[1826071.792812861,2187171.7409920767],[1826078.110602261,2187170.3315463187],[1826082.1428943556,2187169.9709184323],[1826085.7834346558,2187170.541973951],[1826088.8902679053,2187171.7350702584],[1826092.2947297553,2187173.5621953513],[1826094.864416676,2187175.3189891074],[1826096.9728739664,2187177.8645042083],[1826098.4639653128,2187180.621100842],[1826099.456882417,2187183.5938802394],[1826099.905400998,2187187.4163083103],[1826099.8188019404,2187190.8823810304],[1826099.1353799175,2187194.253701583],[1826097.8653926074,2187197.26803775],[1826095.7405539255,2187200.771127721],[1826093.1731324424,2187203.3068268117],[1826090.056847624,2187205.2527970825],[1826086.9559355266,2187206.696104079],[1826081.0197736816,2187208.310619877]]},"properties":{"width":2.0,"type":"Footway"},"id":"ca52bf45-3971-4f93-b6af-654d6583edf2"},{"type":"Feature","geometry":{"type":"LineString","coordinates":[[1826003.9049995523,2186976.248814182],[1826006.5989607128,2186988.563379536],[1826034.6820606743,2187090.231479381],[1826047.4724290872,2187143.670171976],[1826049.349641412,2187151.316073601],[1826053.1523180013,2187165.272991912],[1826068.8839534887,2187222.938072531],[1826074.7720126107,2187244.532505492],[1826097.5799198584,2187338.7663896363],[1826116.140551998,2187416.2230257234],[1826125.6088209043,2187456.7965138988]]},"properties":{"width":2.0,"type":"Footway"},"id":"33d3c280-794a-4337-926a-5ad5402ed541"},{"type":"Feature","geometry":{"type":"LineString","coordinates":[[1826068.8839534887,2187222.938072531],[1826072.036822075,2187222.1859051767],[1826069.501999667,2187211.312614671],[1826081.0197736816,2187208.310619877]]},"properties":{"width":2.0,"type":"Footway"},"id":"bcfe7bb2-f9f0-4d60-907d-3c56b2fb33ac"},{"type":"Feature","geometry":{"type":"LineString","coordinates":[[1826086.370804039,2187217.7079746076],[1826088.289359308,2187217.1939676055]]},"properties":{"width":2.0,"type":"Footway"},"id":"6ebdc6a2-6ea7-4214-aef7-cc8e8a630099"},{"type":"Feature","geometry":{"type":"LineString","coordinates":[[1826083.5750709623,2187218.4408184798],[1826086.370804039,2187217.7079746076]]},"properties":{"width":2.0,"type":"Footway"},"id":"74e5e7c8-7265-46c7-b866-4b05d1ac3e91"},{"type":"Feature","geometry":{"type":"LineString","coordinates":[[1826089.2325447022,2187240.8668882204],[1826083.5750709623,2187218.4408184798],[1826081.0197736816,2187208.310619877],[1826076.3621286345,2187189.848539065],[1826071.792812861,2187171.7409920767],[1826069.260197442,2187161.6967007667],[1826065.605389741,2187147.2223308273]]},"properties":{"width":2.0,"type":"Footway"},"id":"cde5cfb8-e8de-4910-9c4d-934e2e3229f8"},{"type":"Feature","geometry":{"type":"LineString","coordinates":[[1826130.1827738727,2187200.8407994932],[1826126.8910061987,2187208.8898938503]]},"properties":{"width":2.0,"type":"Footway"},"id":"fe3685bf-63fa-423a-b863-7ba980f0ceff"},{"type":"Feature","geometry":{"type":"LineString","coordinates":[[1826046.7149975388,2186987.1861252077],[1826053.962015268,2186994.8903892185],[1826060.4869172212,2187002.0101012033],[1826069.585364711,2187013.5685379733],[1826075.839610392,2187026.320191736],[1826081.0027479096,2187039.7235131618],[1826082.700478605,2187045.1408364517],[1826086.8628614733,2187058.411675179],[1826090.0834339203,2187069.7689003083],[1826096.2203965844,2187094.5748521807],[1826100.8532841355,2187109.7517206855],[1826120.591716184,2187155.2790664393],[1826125.429060261,2187167.5469981674],[1826128.061557537,2187178.006109615],[1826129.786005965,2187188.8148535783],[1826130.1827738727,2187200.8407994932],[1826131.9502213604,2187223.5345112113],[1826134.1441804504,2187253.060201955],[1826136.7022388498,2187272.948696093],[1826137.907710569,2187279.0669043735],[1826147.9074620092,2187322.7114685248],[1826150.8674325142,2187337.7239296315],[1826151.5969565683,2187351.4738274007],[1826151.033339651,2187364.6540322467],[1826149.6237856247,2187381.4203641634],[1826148.37268124,2187392.666375847],[1826148.0981557616,2187399.298468683]]},"properties":{"width":3.0,"type":"Service"},"id":"cd845b7d-2ddd-45f3-8350-4befcc390358"},{"type":"Feature","geometry":{"type":"LineString","coordinates":[[1826077.8629748847,2186983.578689954],[1826083.1849027716,2187000.79362326],[1826085.9600177906,2187011.815636707],[1826088.1234998836,2187024.3733479944],[1826088.6931524554,2187032.677396344],[1826088.5299578612,2187040.1872294107],[1826087.880698834,2187042.392938185],[1826086.6212291296,2187043.8678779495],[1826086.3575656146,2187044.001298775],[1826082.700478605,2187045.1408364517],[1826079.981887003,2187045.98394443]]},"properties":{"width":2.0,"type":"Footway"},"id":"34ff357c-858f-4f1b-a1a0-888be3d8efc8"},{"type":"Feature","geometry":{"type":"LineString","coordinates":[[1826075.1726790287,2186984.520531325],[1826077.8629748847,2186983.578689954]]},"properties":{"width":2.0,"type":"Footway"},"id":"1e80fe2a-799a-49ec-add6-24ceea6eab50"},{"type":"Feature","geometry":{"type":"LineString","coordinates":[[1826056.0160663915,2186988.1142201535],[1826060.2289935285,2186988.1183498288],[1826065.8356994188,2186987.427144913],[1826071.2292338535,2186986.144853181],[1826075.1726790287,2186984.520531325]]},"properties":{"width":2.0,"type":"Footway"},"id":"4794d96f-540d-4c2d-9f8b-2c51e14f1d96"},{"type":"Feature","geometry":{"type":"LineString","coordinates":[[1826003.9049995523,2186976.248814182],[1826006.0435705036,2186978.8128951285],[1826009.4164838402,2186981.1388089913],[1826012.9478598696,2186982.2824038425],[1826016.625343668,2186982.770067668],[1826018.3724888726,2186982.6183324335],[1826021.3394208,2186982.36307704],[1826027.7924665653,2186981.583802237],[1826033.3941853438,2186982.0075362497],[1826036.538766894,2186982.7492333665],[1826039.8844417713,2186983.5498694438],[1826044.3454873534,2186985.637671007],[1826046.7149975388,2186987.1861252077]]},"properties":{"width":3.0,"type":"Service"},"id":"83a85b44-5b49-475c-988d-29ea1ebdd494"},{"type":"Feature","geometry":{"type":"LineString","coordinates":[[1826097.7846321128,2187237.349485523],[1826089.2325447022,2187240.8668882204]]},"properties":{"width":2.0,"type":"Footway"},"id":"befd8433-8c7a-4d31-bfef-f20357700f20"},{"type":"Feature","geometry":{"type":"LineString","coordinates":[[1826089.2325447022,2187240.8668882204],[1826090.1101818155,2187244.3647919027]]},"properties":{"width":2.0,"type":"Footway"},"id":"a9b6491c-9b3c-431a-859e-3711cde8595d"},{"type":"Feature","geometry":{"type":"LineString","coordinates":[[1826090.1101818155,2187244.3647919027],[1826091.6363546723,2187250.144393246]]},"properties":{"width":2.0,"type":"Footway"},"id":"62ab8789-b405-4849-8594-24402f2aa718"},{"type":"Feature","geometry":{"type":"LineString","coordinates":[[1826074.7720126107,2187244.532505492],[1826089.2325447022,2187240.8668882204],[1826098.7155555512,2187241.8610343263],[1826104.9578743654,2187244.161958367],[1826110.862074804,2187247.7869373164],[1826118.6822648894,2187254.5909388945],[1826125.306798289,2187262.3441204047],[1826130.1603643862,2187267.907545476],[1826133.6056590173,2187271.056085654],[1826136.7022388498,2187272.948696093]]},"properties":{"width":2.0,"type":"Footway"},"id":"23b46e51-217f-4113-85e8-9f9f11538ad3"},{"type":"Feature","geometry":{"type":"LineString","coordinates":[[1826109.3411338567,2187146.1010275837],[1826120.591716184,2187155.2790664393]]},"properties":{"width":2.0,"type":"Footway"},"id":"c0110b50-e292-4d03-9e94-cdd008214705"},{"type":"Feature","geometry":{"type":"LineString","coordinates":[[1826073.1465764414,2187137.3449295997],[1826081.1876168044,2187136.6871490018],[1826089.7887957338,2187137.5192780085],[1826096.029791906,2187138.8418019214],[1826103.1014845092,2187141.856132746],[1826109.3411338567,2187146.1010275837]]},"properties":{"width":2.0,"type":"Footway"},"id":"10a1341d-97c4-4524-91d9-5c40991e5371"},{"type":"Feature","geometry":{"type":"LineString","coordinates":[[1826049.354743685,2187013.7676013564],[1826053.3874093604,2187015.5932792923]]},"properties":{"width":2.0,"type":"Footway"},"id":"2622570f-093c-417b-8c91-bab45d24b39c"},{"type":"Feature","geometry":{"type":"LineString","coordinates":[[1826079.981887003,2187045.98394443],[1826075.6010924699,2187047.274966428]]},"properties":{"width":2.0,"type":"Footway"},"id":"820d6a69-956e-4caa-81d1-528d8f1e2d57"},{"type":"Feature","geometry":{"type":"LineString","coordinates":[[1826053.3874093604,2187015.5932792923],[1826057.5212040527,2187020.089327225],[1826061.6325014234,2187026.2485268475],[1826067.3101120407,2187036.194634061],[1826071.0606278793,2187047.27411055],[1826073.979869665,2187058.997497692],[1826075.4933977122,2187071.9772273977],[1826075.231149081,2187082.604992649],[1826073.8596979675,2187089.8413336813],[1826071.8547839092,2187095.570479719],[1826068.9102809362,2187099.777757243],[1826064.2119188712,2187101.868372721],[1826059.1720682406,2187102.4171064096],[1826053.7864218687,2187101.2963712784],[1826048.8665284286,2187098.018700878],[1826046.5481485159,2187093.847291051],[1826030.3273045674,2187029.6117805773],[1826030.389653239,2187024.8627645816],[1826031.1728312273,2187020.813069968],[1826034.175679685,2187016.941722612],[1826039.1834805096,2187013.830941161],[1826044.2713573182,2187013.005845276],[1826049.354743685,2187013.7676013564]]},"properties":{"width":2.0,"type":"Footway"},"id":"cd8d77d0-f934-43d3-8872-1b99b7b5f6c0"},{"type":"Feature","geometry":{"type":"LineString","coordinates":[[1826105.6039650433,2186985.0821380424],[1826109.5046536224,2186996.9104702966],[1826112.975665063,2187008.372804828],[1826170.62916659,2187219.4602979203]]},"properties":{"width":14.0,"type":"Highway"},"id":"b6773a10-2d90-49da-929b-cc1f39b5edc2"},{"type":"Feature","geometry":{"type":"LineString","coordinates":[[1826090.0834339203,2187069.7689003083],[1826088.5228372088,2187073.359063622],[1826087.6509377942,2187077.8941216636],[1826087.2863183753,2187086.1849181405],[1826086.5941039044,2187094.260363782],[1826085.6800839093,2187101.270910415],[1826084.1177265325,2187107.7488123747],[1826080.883296216,2187117.7790748216],[1826077.6171790692,2187124.8446684424],[1826073.3541098158,2187130.9962173747],[1826067.1918603764,2187138.3452415783],[1826063.5682353985,2187139.343083871],[1826047.4724290872,2187143.670171976]]},"properties":{"width":2.0,"type":"Footway"},"id":"7cb51b4e-4339-43b8-a5fd-6e5e539860cd"},{"type":"Feature","geometry":{"type":"LineString","coordinates":[[1826046.5864982358,2186922.903073385],[1826019.774690003,2186931.6067414484],[1826016.6187964885,2186932.772478522],[1826013.393121317,2186934.635165078],[1826011.0100878838,2186937.410005682],[1826009.8001047126,2186940.0242732717],[1826009.0699704976,2186943.119928426],[1826009.1894923567,2186945.311353505],[1826009.6095846016,2186953.3384614973],[1826011.3519491823,2186964.254913859],[1826013.140062752,2186971.4770432007],[1826015.8112155746,2186977.4346086867],[1826018.3724888726,2186982.6183324335]]},"properties":{"width":2.0,"type":"Footway"},"id":"25d1ce32-8ea5-42ad-977b-ad3c9c8a573e"},{"type":"Feature","geometry":{"type":"LineString","coordinates":[[1826054.9903323245,2186974.9618961154],[1826053.2257483907,2186979.125308178],[1826052.1009045166,2186983.566186365],[1826051.9797623747,2186987.9446338224]]},"properties":{"width":2.0,"type":"Footway"},"id":"cfac49f9-ec18-4018-aeb7-7adb642f0c10"},{"type":"Feature","geometry":{"type":"LineString","coordinates":[[1826001.5272540243,2186945.5292921914],[1826002.4657481934,2186959.4894833565],[1826003.9049995523,2186976.248814182]]},"properties":{"width":3.0,"type":"Service"},"id":"f6f87619-f455-4dc7-88c3-661cfd3bac1e"},{"type":"Feature","geometry":{"type":"LineString","coordinates":[[1826046.7149975388,2186987.1861252077],[1826051.9797623747,2186987.9446338224],[1826056.0160663915,2186988.1142201535]]},"properties":{"width":2.0,"type":"Footway"},"id":"1501fcac-93bb-4e3b-bb53-9b343fb63041"},{"type":"Feature","geometry":{"type":"LineString","coordinates":[[1826077.8629748847,2186983.578689954],[1826083.1577976893,2186981.548206433],[1826109.658773433,2186973.1051434744],[1826129.62466162,2186967.3205867438],[1826130.1511567768,2186967.203136008],[1826142.5498960821,2186960.795859678],[1826152.017319668,2186954.893847964],[1826161.5732724844,2186947.1946801157],[1826169.324647052,2186939.817783213],[1826182.3776344645,2186922.725630948],[1826187.1778735397,2186915.1358993123],[1826192.5999215906,2186908.3372138934],[1826197.8884764514,2186903.635768035],[1826200.6365672683,2186901.6834993362]]},"properties":{"width":2.0,"type":"Footway"},"id":"6bebfe7d-8b97-431e-b09b-07ee7644e9f6"},{"type":"Feature","geometry":{"type":"LineString","coordinates":[[1825986.564007425,2186727.8054925646],[1825992.3036935995,2186731.874754392],[1825996.6516383125,2186736.156584016],[1825999.9882794605,2186741.4080869085],[1826000.9709608133,2186743.768569783],[1826002.1685347375,2186746.63999867],[1826003.1085077156,2186752.7185359336],[1826002.300162115,2186759.938111505],[1826001.7142713487,2186761.3648194293],[1826000.6556417402,2186763.9572584936],[1825996.9931659705,2186769.4220588063],[1825990.2895414296,2186775.2742245584],[1825982.227192969,2186778.5736632803],[1825976.3463924755,2186779.223326684],[1825973.6679402313,2186779.385562785],[1825969.8583509144,2186779.1659548436]]},"properties":{"width":2.0,"type":"Footway"},"id":"312fbf9d-4426-489a-971f-c8f15336416c"},{"type":"Feature","geometry":{"type":"LineString","coordinates":[[1826055.5933224862,2186734.67407388],[1826056.9929674345,2186743.944809473],[1826060.0817745614,2186757.7218045746],[1826063.0471911058,2186772.2406414947],[1826066.2499794404,2186785.825903034],[1826075.1446530542,2186817.173584759]]},"properties":{"width":3.0,"type":"Service"},"id":"b0e48299-91fc-4c14-a382-d4229d76bc7c"},{"type":"Feature","geometry":{"type":"LineString","coordinates":[[1826066.150738753,2186742.4917055364],[1826071.326251065,2186769.8093546536],[1826077.5393441778,2186794.5871499493],[1826081.0292296992,2186807.3196144877]]},"properties":{"width":2.0,"type":"Footway"},"id":"4e67b466-dc49-4dca-a0f2-3e9f326cc1a3"},{"type":"Feature","geometry":{"type":"LineString","coordinates":[[1826066.150738753,2186742.4917055364],[1826063.9726970133,2186743.0481013656],[1826056.9929674345,2186743.944809473],[1826050.2078963015,2186744.8183957785],[1826047.1075622966,2186745.2378100515]]},"properties":{"width":2.0,"type":"Footway"},"id":"678fc2fe-a6f4-40fe-aa24-6806baadc35d"},{"type":"Feature","geometry":{"type":"LineString","coordinates":[[1826066.150738753,2186742.4917055364],[1826065.867466528,2186740.62986503],[1826064.4525724896,2186732.5176940225],[1826062.6640152456,2186723.1092000543],[1826062.1804733635,2186721.039032116]]},"properties":{"width":2.0,"type":"Footway"},"id":"53c2b39b-621d-49e9-922a-bbe5f145dc2f"},{"type":"Feature","geometry":{"type":"LineString","coordinates":[[1826182.3776344645,2186922.725630948],[1826180.0740813687,2186933.8039567196],[1826179.472362229,2186945.6519266027],[1826180.162454088,2186957.309827489],[1826182.8686597713,2186973.2174712713],[1826186.9965568627,2186985.467673795]]},"properties":{"width":2.0,"type":"Footway"},"id":"ccb095ba-6094-4673-80cc-f6d3274a6575"},{"type":"Feature","geometry":{"type":"LineString","coordinates":[[1826037.9095484817,2186906.9680531127],[1826040.8776068406,2186914.1463128286],[1826043.8938787845,2186919.771052058],[1826046.5864982358,2186922.903073385]]},"properties":{"width":2.0,"type":"Footway"},"id":"8649859d-e0a2-47e8-906a-610621c75ce1"},{"type":"Feature","geometry":{"type":"LineString","coordinates":[[1826107.7103842373,2186879.787295668],[1826103.3301003298,2186888.258564604],[1826092.869436132,2186907.5962033146],[1826091.8000249444,2186909.9789714487],[1826091.0745083885,2186912.580933211],[1826090.7872076232,2186915.366803163],[1826091.0264033705,2186918.035219509],[1826091.5301942283,2186921.0767241754],[1826098.9043175334,2186948.2226355085],[1826101.716082021,2186957.412243635],[1826103.219941955,2186968.3185158344],[1826105.6039650433,2186985.0821380424]]},"properties":{"width":14.0,"type":"Highway"},"id":"74415163-6b5c-403c-8e47-e87c5b28bb2f"},{"type":"Feature","geometry":{"type":"LineString","coordinates":[[1826124.3035913666,2186962.498422903],[1826125.561724655,2186963.7272217595],[1826127.4505838493,2186965.1623273613],[1826130.1511567768,2186967.203136008]]},"properties":{"width":2.0,"type":"Footway"},"id":"72622277-f8e3-4eb1-a2d0-1af243828097"},{"type":"Feature","geometry":{"type":"LineString","coordinates":[[1826046.5864982358,2186922.903073385],[1826052.7841616906,2186928.74889452],[1826057.5191357518,2186933.248650087],[1826062.0857533598,2186938.790318944],[1826065.0065312446,2186945.4396473025],[1826064.999939942,2186950.316885289],[1826063.1359852487,2186958.219512958],[1826060.8480048461,2186966.206231444],[1826057.136384178,2186972.936631835],[1826054.9903323245,2186974.9618961154],[1826053.3527146634,2186976.5087414053],[1826047.6768712357,2186979.461952164],[1826036.538766894,2186982.7492333665]]},"properties":{"width":2.0,"type":"Footway"},"id":"87f44c22-5e59-4536-8303-a3d5e6d4b203"},{"type":"Feature","geometry":{"type":"LineString","coordinates":[[1826009.1894923567,2186945.311353505],[1826007.5495156536,2186945.3733037873]]},"properties":{"width":2.0,"type":"Footway"},"id":"2aa1a629-5448-4113-9064-657c7fef47c9"},{"type":"Feature","geometry":{"type":"LineString","coordinates":[[1826007.5495156536,2186945.3733037873],[1826005.1412183885,2186945.4841694613]]},"properties":{"width":2.0,"type":"Footway"},"id":"23fbdf91-63f9-4b18-8536-5aacaac3da1c"},{"type":"Feature","geometry":{"type":"LineString","coordinates":[[1826005.1412183885,2186945.4841694613],[1826001.5272540243,2186945.5292921914]]},"properties":{"width":2.0,"type":"Footway"},"id":"338eeba6-1daf-49f1-94fa-4ad669d3d4d2"},{"type":"Feature","geometry":{"type":"LineString","coordinates":[[1825999.1569825409,2186922.106699633],[1826001.5272540243,2186945.5292921914]]},"properties":{"width":3.0,"type":"Service"},"id":"d245326f-520c-4fbc-b6cc-01a647a58f26"},{"type":"Feature","geometry":{"type":"LineString","coordinates":[[1826019.774690003,2186931.6067414484],[1826019.197459362,2186927.892051528],[1826017.5607951037,2186924.3302124836],[1826016.6301777721,2186922.879513173]]},"properties":{"width":2.0,"type":"Footway"},"id":"1858909b-e139-4e3a-b7ac-3abe62680fa1"},{"type":"Feature","geometry":{"type":"LineString","coordinates":[[1826081.0292296992,2186807.3196144877],[1826081.3805712082,2186808.5646496764],[1826083.1406499464,2186814.410903857],[1826084.2821480008,2186818.2126687495]]},"properties":{"width":2.0,"type":"Footway"},"id":"b0e7e34d-533b-4bbe-aa56-79ab466b820b"},{"type":"Feature","geometry":{"type":"LineString","coordinates":[[1826084.8659681052,2186820.0763613083],[1826084.2821480008,2186818.2126687495]]},"properties":{"width":2.0,"type":"Footway"},"id":"290d5e9e-2e74-40f6-b402-871e2974326c"},{"type":"Feature","geometry":{"type":"LineString","coordinates":[[1825999.1569825409,2186922.106699633],[1826002.049983438,2186914.872523256],[1826006.3778666242,2186909.3575645355],[1826012.8745035557,2186904.492207179],[1826020.9353085696,2186899.995778831],[1826026.4074456638,2186896.557242093],[1826032.1275982542,2186891.5202585356],[1826036.5424861507,2186885.600085449],[1826040.0939686862,2186877.543163005],[1826041.0106634432,2186869.0258845193],[1826039.0938327091,2186861.4742183113],[1826018.2892143275,2186795.409811765],[1826017.881866774,2186778.9053679826]]},"properties":{"width":3.0,"type":"Service"},"id":"5c9deb4f-3ea0-4e31-b75b-b25f26f6f96e"},{"type":"Feature","geometry":{"type":"LineString","coordinates":[[1825969.8583509144,2186779.1659548436],[1825968.100547132,2186785.1605255455],[1825967.4690364883,2186788.1298590023],[1825967.5341684814,2186790.5155700785],[1825968.2126587548,2186794.311662863],[1825998.0976533715,2186911.6850460926],[1825999.1569825409,2186922.106699633]]},"properties":{"width":2.0,"type":"Footway"},"id":"080cf087-9ed8-4cfb-8b19-a79954a0b848"},{"type":"Feature","geometry":{"type":"LineString","coordinates":[[1826075.1446530542,2186817.173584759],[1826082.1502320974,2186843.622666745],[1826084.239293511,2186850.4440337145],[1826086.6206679405,2186856.6094339727],[1826089.2591665236,2186861.903449148],[1826092.255090306,2186866.1196053843],[1826096.1286855922,2186870.370180524],[1826100.0887916682,2186873.962274512],[1826104.2555039884,2186877.1888660714],[1826107.7103842373,2186879.787295668]]},"properties":{"width":3.0,"type":"Service"},"id":"ea84cc86-d173-4223-8490-5e1380544eb3"},{"type":"Feature","geometry":{"type":"LineString","coordinates":[[1826224.5926379678,2186861.630011535],[1826217.9633450406,2186863.2651033835],[1826192.550318493,2186870.192538683],[1826172.8020113427,2186876.292987259],[1826143.7324202086,2186884.831967798],[1826137.2050877102,2186885.524610948],[1826132.3001272692,2186885.828992634],[1826128.387237972,2186885.573425171],[1826123.4804225615,2186884.864793116],[1826118.2455406927,2186883.687557661],[1826112.5608247279,2186882.047517905],[1826107.7103842373,2186879.787295668]]},"properties":{"width":3.5,"type":"Minor"},"id":"600f0429-8341-46e2-8680-9d7723ee7ece"},{"type":"Feature","geometry":{"type":"LineString","coordinates":[[1826203.9443409783,2186904.212759698],[1826202.1519893364,2186903.1340936692]]},"properties":{"width":2.0,"type":"Footway"},"id":"dbb51aab-2a1a-495d-9d72-b7369df1c2d5"},{"type":"Feature","geometry":{"type":"LineString","coordinates":[[1826281.985039852,2186680.7402338954],[1826279.7147123984,2186680.849064606],[1826146.5945391604,2186719.271015304],[1826131.4138222758,2186723.6529054954],[1826066.150738753,2186742.4917055364]]},"properties":{"width":2.0,"type":"Footway"},"id":"770b1f8a-363b-4083-b1da-81a3dc6f4ab3"},{"type":"Feature","geometry":{"type":"LineString","coordinates":[[1826216.4495982055,2186881.4222155595],[1826213.5075498195,2186878.9101808057],[1826210.0777065344,2186877.4452546113],[1826206.3975666862,2186876.7497669635],[1826202.5009894003,2186876.7166384207],[1826144.5748045838,2186893.2924151793],[1826138.5509280143,2186894.6216066014],[1826133.906262639,2186895.1714890637],[1826129.8365137589,2186895.3621980683],[1826122.8858772267,2186895.115021268],[1826115.2027854123,2186893.889621873],[1826109.7894576294,2186892.0834634528],[1826106.4114356854,2186890.216569443],[1826103.3301003298,2186888.258564604],[1826100.1943078223,2186886.2762098466],[1826091.8206215343,2186880.0666808756],[1826085.6584555944,2186873.814967938],[1826081.4377027159,2186867.5724211656],[1826075.91747092,2186856.1560867024],[1826071.1542165512,2186840.545801203],[1826060.9556151456,2186805.6111957696],[1826053.6299571523,2186775.88783337],[1826050.7355509244,2186763.146259031],[1826048.057456845,2186751.8940298255],[1826047.1075622966,2186745.2378100515],[1826044.6274135634,2186727.749680091],[1826041.0322452856,2186703.6124173813],[1826037.5648637488,2186674.5574734323],[1826036.251533595,2186658.575761092],[1826035.6917342765,2186651.7238895716],[1826034.9211102338,2186635.1912912633],[1826033.8574318874,2186617.530971061],[1826033.470039747,2186608.452968755],[1826033.1151179816,2186590.9598128484],[1826033.5146422235,2186585.25472852]]},"properties":{"width":2.0,"type":"Footway"},"id":"acd531ec-bec8-4692-96c9-66c12e8b1e7e"},{"type":"Feature","geometry":{"type":"LineString","coordinates":[[1826312.998209814,2186746.107090732],[1826300.6703086896,2186749.769332729],[1826145.5370878207,2186795.874266883]]},"properties":{"width":3.0,"type":"Service"},"id":"de976c49-0de1-4975-aee9-f963ae5efe5e"},{"type":"Feature","geometry":{"type":"LineString","coordinates":[[1826300.4503242553,2186742.790425925],[1826298.803502647,2186743.3915272905],[1826081.0292296992,2186807.3196144877]]},"properties":{"width":2.0,"type":"Footway"},"id":"785bdb13-84c3-49c7-9747-38af28e94552"},{"type":"Feature","geometry":{"type":"LineString","coordinates":[[1826145.5370878207,2186795.874266883],[1826129.243913093,2186800.707135921]]},"properties":{"width":2.0,"type":"Footway"},"id":"0e84c46a-3af7-4cbe-b006-d3c2fef7753f"},{"type":"Feature","geometry":{"type":"LineString","coordinates":[[1826129.243913093,2186800.707135921],[1826088.1633750852,2186812.914560391],[1826083.1406499464,2186814.410903857],[1826075.1446530542,2186817.173584759]]},"properties":{"width":3.0,"type":"Service"},"id":"b048fd8c-d809-4e29-96de-3f0e1a4c5337"},{"type":"Feature","geometry":{"type":"LineString","coordinates":[[1826323.3427648912,2186820.705681152],[1826320.1138824993,2186821.888624872],[1826230.9429915638,2186848.0887894775],[1826218.10891076,2186851.74677394],[1826137.6134813735,2186874.6781533286],[1826126.0259878628,2186875.8226880347],[1826119.9293151882,2186874.7988840016],[1826113.2205557143,2186872.0312929493],[1826106.1449104918,2186867.209542151],[1826101.260722516,2186862.9046983384],[1826097.0460741823,2186857.365484305],[1826093.882558257,2186850.5783455917],[1826091.2281518343,2186842.070236894],[1826084.8659681052,2186820.0763613083]]},"properties":{"width":2.0,"type":"Footway"},"id":"4103c2ea-89c3-4ad9-9776-1b66697d1d40"},{"type":"Feature","geometry":{"type":"LineString","coordinates":[[1825969.8583509144,2186779.1659548436],[1825970.3824655802,2186777.56358468],[1825977.8554966436,2186754.7020785925]]},"properties":{"width":2.0,"type":"Footway"},"id":"80b8c017-becc-4fdf-abb6-b7e744f35eae"},{"type":"Feature","geometry":{"type":"LineString","coordinates":[[1826001.5272540243,2186945.5292921914],[1826003.086375181,2186940.9607098782],[1826005.6727088972,2186935.82894606],[1826009.8924816158,2186929.8972691153],[1826014.3031688961,2186924.724029318],[1826016.6301777721,2186922.879513173],[1826021.4106721017,2186919.128260467],[1826028.2341473126,2186915.064917632],[1826033.9347570287,2186911.277545552],[1826037.9095484817,2186906.9680531127],[1826041.0247339262,2186902.985114451],[1826044.156920822,2186897.9821007173],[1826047.1405202353,2186888.4679811844],[1826048.2500667984,2186882.159425775],[1826048.9868716416,2186874.842427424],[1826048.437330581,2186867.072441303],[1826046.220017193,2186857.148583164],[1826026.6254983728,2186794.52235974],[1826028.115593413,2186776.2446696223],[1826018.624621279,2186739.2563145845],[1826014.4488062474,2186722.795092528],[1826005.4385577536,2186692.847116427],[1825978.6693953897,2186594.561697201],[1825971.5026229825,2186568.2819435652],[1825937.2263208006,2186446.9392795796],[1825936.115605328,2186443.6626194534],[1825906.7078686717,2186347.6552370926],[1825906.075442015,2186345.5960087115]]},"properties":{"width":2.0,"type":"Footway"},"id":"03d01d33-881b-45ca-82e5-a2a9cd664c38"},{"type":"Feature","geometry":{"type":"LineString","coordinates":[[1825946.3584037658,2186743.7065027053],[1825847.0680227422,2186713.0177814458]]},"properties":{"width":2.0,"type":"Footway"},"id":"eabba713-7287-4b01-a777-2a0b0db0185d"},{"type":"Feature","geometry":{"type":"LineString","coordinates":[[1825946.3584037658,2186743.7065027053],[1825947.8235670899,2186744.167121798]]},"properties":{"width":2.0,"type":"Footway"},"id":"201c2dae-5874-44e8-a5ce-afc16893b66a"},{"type":"Feature","geometry":{"type":"LineString","coordinates":[[1826001.7142713487,2186761.3648194293],[1825978.1220622908,2186753.9364763307],[1825975.1887349263,2186752.991505063],[1825947.8235670899,2186744.167121798]]},"properties":{"width":2.0,"type":"Footway"},"id":"c0ee3d42-f752-4a4c-92c4-eabef6ae5f52"},{"type":"Feature","geometry":{"type":"LineString","coordinates":[[1826018.624621279,2186739.2563145845],[1826008.1095961537,2186741.9427425493],[1826000.9709608133,2186743.768569783]]},"properties":{"width":2.0,"type":"Footway"},"id":"5d18ac0b-4372-4ae7-a5b9-39c79710ba5c"},{"type":"Feature","geometry":{"type":"LineString","coordinates":[[1825960.316965559,2186775.7189392275],[1825962.7319662448,2186777.0019216705],[1825965.090735881,2186777.9034332936],[1825967.2509409653,2186778.516476659],[1825969.8583509144,2186779.1659548436]]},"properties":{"width":2.0,"type":"Footway"},"id":"9ad23a4f-d5c3-484c-85e4-753a61705900"},{"type":"Feature","geometry":{"type":"LineString","coordinates":[[1826210.0795343968,2186904.85449511],[1826212.6613158945,2186943.7115649036],[1826214.069383667,2186961.039015044],[1826215.0928346207,2186978.35628689],[1826215.5902586852,2186992.7993893395],[1826215.778640316,2187008.0786170554],[1826215.5725552465,2187026.889385821],[1826215.3987485983,2187043.302880995],[1826215.3664516988,2187045.7001501243]]},"properties":{"width":2.0,"type":"Footway"},"id":"77034797-08f6-4466-be7a-13d18068ec67"},{"type":"Feature","geometry":{"type":"LineString","coordinates":[[1826326.4013935383,2186844.4520660513],[1826323.4794172763,2186834.0166216744],[1826320.6196242636,2186823.7914625686],[1826320.1138824993,2186821.888624872],[1826302.7807583176,2186757.010079913],[1826302.2012198758,2186754.83669061],[1826300.6703086896,2186749.769332729],[1826299.410488912,2186745.59440398],[1826298.803502647,2186743.3915272905],[1826281.985039852,2186680.7402338954]]},"properties":{"width":2.0,"type":"Footway"},"id":"3f7497a5-0340-4350-ab78-e378c00615d9"},{"type":"Feature","geometry":{"type":"LineString","coordinates":[[1826084.8659681052,2186820.0763613083],[1826302.7807583176,2186757.010079913],[1826305.2816677347,2186756.2882666285],[1826314.783266689,2186753.7428588625],[1826323.3591934505,2186751.439365891],[1826325.7674879937,2186750.672697211],[1826554.6215261759,2186682.713323674],[1826558.5723400482,2186683.610892757],[1826561.4657638527,2186684.178452829],[1826567.0038170172,2186684.2537913537],[1826571.6157176616,2186684.317752463]]},"properties":{"width":2.0,"type":"Footway"},"id":"3ac9e5af-7082-4197-a20c-a3314e6d53dc"},{"type":"Feature","geometry":{"type":"LineString","coordinates":[[1826323.3427648912,2186820.705681152],[1826332.5669411307,2186818.4976016297],[1826341.5643134725,2186816.3395884377]]},"properties":{"width":2.0,"type":"Footway"},"id":"f2f8c2ba-2340-43e1-9603-e48165d08701"},{"type":"Feature","geometry":{"type":"LineString","coordinates":[[1826312.998209814,2186746.107090732],[1826314.783266689,2186753.7428588625],[1826323.06043848,2186783.6221038736],[1826332.5669411307,2186818.4976016297],[1826335.6220211044,2186830.4833316104]]},"properties":{"width":3.5,"type":"Minor"},"id":"c8a96096-b55d-4805-8b99-e72c02838474"},{"type":"Feature","geometry":{"type":"LineString","coordinates":[[1826554.01289948,2186754.556003918],[1826551.1826853687,2186755.5797786736],[1826344.0300555574,2186815.6210013414],[1826341.5643134725,2186816.3395884377]]},"properties":{"width":2.0,"type":"Footway"},"id":"831e5fc1-8d2c-4539-b643-f94a2ab73c5f"},{"type":"Feature","geometry":{"type":"LineString","coordinates":[[1826592.7369399893,2186769.0772524658],[1826590.1107842564,2186769.746420452],[1826587.419886595,2186770.434834906],[1826581.236311038,2186772.002225958],[1826571.244497678,2186774.5467525264],[1826566.5401508557,2186775.749725636],[1826563.9517312213,2186776.4047903954],[1826559.4493705085,2186777.9545967947],[1826552.9635765192,2186780.0375496326],[1826549.768080939,2186781.297332473],[1826350.4976646965,2186838.733255605],[1826348.139973437,2186839.4313017535]]},"properties":{"width":2.0,"type":"Footway"},"id":"6710d6bd-d1d2-4a96-9bb0-5e43cb77447a"},{"type":"Feature","geometry":{"type":"LineString","coordinates":[[1826335.6220211044,2186830.4833316104],[1826347.3119083922,2186827.3380481987],[1826550.483738941,2186768.3484730884],[1826559.8413499198,2186765.320599884]]},"properties":{"width":3.5,"type":"Minor"},"id":"75058bc3-adbf-4bb6-a2fb-24913e35b858"},{"type":"Feature","geometry":{"type":"LineString","coordinates":[[1826557.296529817,2186856.4866064186],[1826557.3391187345,2186848.6145249237],[1826559.4493705085,2186777.9545967947],[1826559.8413499198,2186765.320599884]]},"properties":{"width":7.0,"type":"Major"},"id":"d919a91f-3d96-453d-8576-f585be5cf14f"},{"type":"Feature","geometry":{"type":"LineString","coordinates":[[1826369.444402244,2187000.556868844],[1826368.3235856576,2186996.011968634],[1826367.0110253133,2186990.639379874]]},"properties":{"width":2.0,"type":"Footway"},"id":"26ca840d-1159-4e84-8708-56584c2d41aa"},{"type":"Feature","geometry":{"type":"LineString","coordinates":[[1826545.1655658684,2187108.9364438313],[1826545.0873301232,2187106.351978918],[1826543.0520484152,2187037.337557405],[1826543.0050925114,2187034.6569120507],[1826543.3022493823,2187029.825143706],[1826543.6058253034,2187024.856808709],[1826543.6797890957,2187022.31975971],[1826544.8816477032,2186952.377594029],[1826545.243737465,2186949.931535919],[1826545.654871578,2186944.4707723404],[1826546.0450190387,2186939.281219396],[1826546.076233579,2186938.310509682],[1826548.0370930578,2186867.810975394],[1826548.1136092884,2186865.2630213075],[1826548.3591579935,2186859.118812023],[1826548.5294257868,2186854.9705239995],[1826548.5767488503,2186852.0359594673],[1826549.768080939,2186781.297332473],[1826550.0126025823,2186778.110116329],[1826550.483738941,2186768.3484730884],[1826551.0924392915,2186757.8943587914],[1826551.1826853687,2186755.5797786736],[1826558.0560869367,2186687.8041306664],[1826558.5723400482,2186683.610892757],[1826559.148345986,2186680.950643945],[1826560.6942815154,2186674.434325099],[1826562.0134882021,2186668.8425897853],[1826562.704217424,2186664.3107913216],[1826559.547768513,2186653.520711242],[1826556.8382472843,2186644.2629125374],[1826554.0888231024,2186634.8461144804],[1826551.639642401,2186626.489733647],[1826548.794118213,2186616.7510928093],[1826545.2811635996,2186604.737752165]]},"properties":{"width":2.0,"type":"Footway"},"id":"29e8ba4d-fb6d-4efa-908c-d88dc6d49a4c"},{"type":"Feature","geometry":{"type":"LineString","coordinates":[[1826554.2401713617,2186942.0546981134],[1826554.5324501353,2186935.5302835787],[1826557.3577643316,2186865.0850951383],[1826557.296529817,2186856.4866064186]]},"properties":{"width":7.0,"type":"Major"},"id":"8275e8a1-fde7-47b5-bf4f-3e1f87a5b3cd"},{"type":"Feature","geometry":{"type":"LineString","coordinates":[[1826576.0498263414,2186851.1073085675],[1826557.296529817,2186856.4866064186]]},"properties":{"width":3.0,"type":"Service"},"id":"a519d8fc-ded4-46e1-ad32-b7a6d28ac3da"},{"type":"Feature","geometry":{"type":"LineString","coordinates":[[1826608.1623056524,2186836.6022052644],[1826609.5248936592,2186841.215714845],[1826611.415870006,2186847.5993596883]]},"properties":{"width":2.0,"type":"Footway"},"id":"362e7721-b245-47a0-9ae8-8d58f91aef58"},{"type":"Feature","geometry":{"type":"LineString","coordinates":[[1826623.290141874,2186837.5133361137],[1826609.5248936592,2186841.215714845],[1826585.467858151,2186848.3699033014],[1826576.0498263414,2186851.1073085675]]},"properties":{"width":7.0,"type":"Major"},"id":"50346349-e563-4d2d-a2fc-7b11a59bc443"},{"type":"Feature","geometry":{"type":"LineString","coordinates":[[1826236.3565818868,2187032.4020076133],[1826235.854129258,2187025.5636011465],[1826231.239075714,2186958.7604981414],[1826230.5666182227,2186950.4551680903]]},"properties":{"width":3.5,"type":"Minor"},"id":"65089f5d-8497-427b-ae11-e39ff5091a03"},{"type":"Feature","geometry":{"type":"LineString","coordinates":[[1826236.3565818868,2187032.4020076133],[1826241.9932909517,2187031.510884874],[1826245.7795174334,2187030.735567284],[1826249.3603759718,2187029.992352711],[1826368.3235856576,2186996.011968634],[1826379.779141901,2186992.3282250743]]},"properties":{"width":3.0,"type":"Service"},"id":"780fc947-f688-450e-a452-2c6ba104bfac"},{"type":"Feature","geometry":{"type":"LineString","coordinates":[[1826245.4430320964,2187024.177948578],[1826366.4697302498,2186988.705133253],[1826368.3257603962,2186988.1649172134]]},"properties":{"width":2.0,"type":"Footway"},"id":"d69185e7-7611-49eb-bb88-e177169a86d9"},{"type":"Feature","geometry":{"type":"LineString","coordinates":[[1826586.1279329972,2186816.8475030554],[1826578.7239431182,2186816.5160062476],[1826568.7203140738,2186815.939401993],[1826568.8261520157,2186810.5331804845]]},"properties":{"width":2.0,"type":"Footway"},"id":"c2402748-fe0a-4f10-8179-b96a10123604"},{"type":"Feature","geometry":{"type":"LineString","coordinates":[[1826379.779141901,2186992.3282250743],[1826381.8190584676,2186999.575400124],[1826390.8129649903,2187032.2819726896],[1826399.5313661632,2187063.7498937943],[1826401.473010651,2187070.7207513475]]},"properties":{"width":3.5,"type":"Minor"},"id":"6fc3252a-aeb5-41a9-8e9b-8556ec0aa4df"},{"type":"Feature","geometry":{"type":"LineString","coordinates":[[1826391.2021516,2186984.736045308],[1826392.1655373068,2186988.599436401],[1826393.411159611,2186993.5995339905],[1826394.124025443,2186996.2646617545],[1826411.275042426,2187060.5944543197],[1826411.9025339384,2187062.9287642823],[1826413.2312236368,2187067.2120384346],[1826414.644400396,2187071.756885978]]},"properties":{"width":2.0,"type":"Footway"},"id":"8e87e994-b052-4546-ab57-65c9f70d85ea"},{"type":"Feature","geometry":{"type":"LineString","coordinates":[[1826610.9859203359,2186833.7473207684],[1826607.588016515,2186834.6256264085],[1826585.477450662,2186840.4555100133],[1826577.2517595103,2186842.6227268428],[1826561.8422719364,2186846.696697757]]},"properties":{"width":2.0,"type":"Footway"},"id":"35924e4f-b517-4485-9281-3af84c72156e"},{"type":"Feature","geometry":{"type":"LineString","coordinates":[[1826608.1623056524,2186836.6022052644],[1826607.588016515,2186834.6256264085],[1826590.1107842564,2186769.746420452],[1826589.4180845793,2186767.178076849]]},"properties":{"width":2.0,"type":"Footway"},"id":"b5e7ad18-6767-4e80-8acc-2862d33be9c8"},{"type":"Feature","geometry":{"type":"LineString","coordinates":[[1826411.9208879624,2187075.463899652],[1826415.3739672105,2187074.460479248],[1826543.0520484152,2187037.337557405],[1826546.127874659,2187036.47531299]]},"properties":{"width":2.0,"type":"Footway"},"id":"6fa228b1-a6a4-455c-950d-60578849585f"},{"type":"Feature","geometry":{"type":"LineString","coordinates":[[1826581.236311038,2186772.002225958],[1826580.150301453,2186791.2960000345],[1826578.7239431182,2186816.5160062476],[1826577.2517595103,2186842.6227268428]]},"properties":{"width":2.0,"type":"Footway"},"id":"22aa6245-f0eb-48da-bbfd-5e602617f174"},{"type":"Feature","geometry":{"type":"LineString","coordinates":[[1826585.4897540878,2186843.829895842],[1826585.477450662,2186840.4555100133],[1826586.1279329972,2186816.8475030554],[1826586.8416561706,2186791.14867725],[1826587.419886595,2186770.434834906]]},"properties":{"width":2.0,"type":"Footway"},"id":"5e5d8d91-2359-404b-ad66-0aadf2005ccd"},{"type":"Feature","geometry":{"type":"LineString","coordinates":[[1826216.4495982055,2186881.4222155595],[1826213.095281089,2186887.074698895]]},"properties":{"width":2.0,"type":"Footway"},"id":"f8ed09f5-f36b-46f4-99fe-de3aa10a30ec"},{"type":"Feature","geometry":{"type":"LineString","coordinates":[[1826554.2401713617,2186942.0546981134],[1826573.6686101772,2186936.7656903346]]},"properties":{"width":3.0,"type":"Service"},"id":"fdd8daa4-0b50-41e1-a762-35b36b4d7467"},{"type":"Feature","geometry":{"type":"LineString","coordinates":[[1826548.5286865525,2186937.6118669594],[1826554.5324501353,2186935.5302835787],[1826561.9137870332,2186932.968243713],[1826567.5385522624,2186931.1079330496],[1826573.8913378094,2186929.005146157],[1826580.7779206438,2186926.717621547],[1826582.9594024036,2186926.0010832995],[1826628.8179372111,2186912.794658558],[1826631.3647339444,2186912.06076248]]},"properties":{"width":2.0,"type":"Footway"},"id":"fe7baf98-3c87-41e3-baaa-616680b45528"},{"type":"Feature","geometry":{"type":"LineString","coordinates":[[1826576.0498263414,2186851.1073085675],[1826575.8910834515,2186859.6539027523],[1826573.8913378094,2186929.005146157],[1826573.6686101772,2186936.7656903346]]},"properties":{"width":7.0,"type":"Major"},"id":"76959ded-0db8-4e3c-87e6-a1145f7bf422"},{"type":"Feature","geometry":{"type":"LineString","coordinates":[[1826585.4897540878,2186843.829895842],[1826585.467858151,2186848.3699033014],[1826585.4375550882,2186854.841064294],[1826585.389710666,2186856.8664742154],[1826582.9594024036,2186926.0010832995],[1826582.8545429232,2186928.2316698045],[1826582.5810549078,2186934.0931298663],[1826582.3516606106,2186939.1480125953]]},"properties":{"width":2.0,"type":"Footway"},"id":"c773b75a-484f-4985-8a61-d5d99cda5bf8"},{"type":"Feature","geometry":{"type":"LineString","coordinates":[[1826326.4013935383,2186844.4520660513],[1826327.0619697853,2186846.828683868],[1826344.9658879582,2186911.0710815834],[1826345.6916434227,2186913.681706624]]},"properties":{"width":2.0,"type":"Footway"},"id":"e21425c9-782b-4a40-b57a-f3cc8bac72c2"},{"type":"Feature","geometry":{"type":"LineString","coordinates":[[1826220.777668219,2186879.370872677],[1826225.6099412295,2186877.1508001722],[1826232.1545888549,2186874.1609793776],[1826244.080699135,2186875.190676396],[1826236.6445556362,2186867.303534279],[1826234.0919523698,2186859.1300344975],[1826231.7270922302,2186850.598090326],[1826230.9429915638,2186848.0887894775]]},"properties":{"width":2.0,"type":"Footway"},"id":"70abfa33-18ca-4b13-813c-c1c627bb702d"},{"type":"Feature","geometry":{"type":"LineString","coordinates":[[1826216.4495982055,2186881.4222155595],[1826217.253691057,2186872.7632837007],[1826217.9633450406,2186863.2651033835],[1826218.6545928419,2186854.0272337133],[1826218.10891076,2186851.74677394]]},"properties":{"width":2.0,"type":"Footway"},"id":"0ead1ca0-7787-4d85-92be-fa0f38f4050f"},{"type":"Feature","geometry":{"type":"LineString","coordinates":[[1826220.777668219,2186879.370872677],[1826216.4495982055,2186881.4222155595]]},"properties":{"width":2.0,"type":"Footway"},"id":"13b63683-dfb4-4c5b-86c7-79881847278c"},{"type":"Feature","geometry":{"type":"LineString","coordinates":[[1826557.296529817,2186856.4866064186],[1826548.3591579935,2186859.118812023],[1826370.4796806348,2186910.899305023],[1826358.5232241403,2186914.3728704667]]},"properties":{"width":3.0,"type":"Service"},"id":"35aded67-f737-4cff-a839-513f5b8e14c3"},{"type":"Feature","geometry":{"type":"LineString","coordinates":[[1826230.5666182227,2186950.4551680903],[1826229.9477447544,2186942.1049451237],[1826225.6099412295,2186877.1508001722],[1826224.5926379678,2186861.630011535]]},"properties":{"width":3.5,"type":"Minor"},"id":"f7eb72eb-60ca-478a-8c81-f4d0ba6970ab"},{"type":"Feature","geometry":{"type":"LineString","coordinates":[[1826245.4430320964,2187024.177948578],[1826240.7631726293,2186956.3009221824],[1826240.9279759966,2186954.107508082],[1826240.591563705,2186948.424413966],[1826240.3264649783,2186943.8973003146],[1826240.3072780126,2186941.2807652457],[1826238.7428579417,2186928.334968357],[1826238.4391304129,2186923.534090201],[1826237.7234382944,2186915.885945487],[1826237.2951266568,2186912.597570262],[1826236.55691234,2186906.6125771687],[1826235.855928825,2186896.6780805057],[1826236.4491085177,2186891.50193421],[1826238.3823714869,2186884.5822080746],[1826242.2038251706,2186877.0952991964],[1826244.080699135,2186875.190676396],[1826248.1525486528,2186871.053735439],[1826252.8749485633,2186867.8411993044],[1826327.0619697853,2186846.828683868],[1826330.525828343,2186845.8162425333],[1826338.698139358,2186842.8537484333],[1826348.139973437,2186839.4313017535]]},"properties":{"width":2.0,"type":"Footway"},"id":"80bc0820-d2d1-44a6-864a-e736c6d56017"},{"type":"Feature","geometry":{"type":"LineString","coordinates":[[1826358.5232241403,2186914.3728704667],[1826346.7365623561,2186917.7829458183],[1826240.591563705,2186948.424413966],[1826235.4641982687,2186949.562274007],[1826230.5666182227,2186950.4551680903]]},"properties":{"width":3.0,"type":"Service"},"id":"0b9b85b7-7690-4531-b38d-53f95d1328f1"},{"type":"Feature","geometry":{"type":"LineString","coordinates":[[1826202.1519893364,2186903.1340936692],[1826200.6365672683,2186901.6834993362],[1826199.0824069632,2186899.0846110187],[1826198.3981495276,2186896.1155873793],[1826198.649864052,2186893.0796784353],[1826199.83029993,2186890.262839541],[1826201.8048640173,2186887.944001663],[1826204.3815026141,2186886.354022118],[1826207.315843526,2186885.6538840504],[1826210.3189095466,2186885.9019957217],[1826213.095281089,2186887.074698895],[1826215.510334325,2186889.2322908365],[1826217.0812481842,2186892.0882810904],[1826217.61975474,2186895.310593272],[1826217.072642889,2186898.541475962],[1826215.5003221366,2186901.415459714],[1826214.9995885806,2186901.8611690076],[1826213.0772551075,2186903.5939790914],[1826210.0795343968,2186904.85449511],[1826208.0005142575,2186905.100509672],[1826205.926580249,2186904.8874590574],[1826203.9443409783,2186904.212759698]]},"properties":{"width":2.0,"type":"Footway"},"id":"a6241651-d853-450d-8ccb-10e1c4c8e1c2"},{"type":"Feature","geometry":{"type":"LineString","coordinates":[[1826223.132294994,2186942.706533328],[1826217.9589734976,2186943.2006989145],[1826212.6613158945,2186943.7115649036]]},"properties":{"width":2.0,"type":"Footway"},"id":"8dbf729a-a966-4217-ba75-851a151b6ab1"},{"type":"Feature","geometry":{"type":"LineString","coordinates":[[1826224.4691347987,2186959.7525360757],[1826231.239075714,2186958.7604981414],[1826237.5257981832,2186957.665985361]]},"properties":{"width":2.0,"type":"Footway"},"id":"b20d5c46-3f7d-4c43-bd48-a3faafb095d1"},{"type":"Feature","geometry":{"type":"LineString","coordinates":[[1826224.4691347987,2186959.7525360757],[1826219.189511064,2186960.405728957],[1826214.069383667,2186961.039015044]]},"properties":{"width":2.0,"type":"Footway"},"id":"d9e3ff53-b606-43a9-9192-b3318188ccda"},{"type":"Feature","geometry":{"type":"LineString","coordinates":[[1826379.779141901,2186992.3282250743],[1826392.1655373068,2186988.599436401],[1826545.654871578,2186944.4707723404],[1826554.2401713617,2186942.0546981134]]},"properties":{"width":3.0,"type":"Service"},"id":"7bc50dbe-7ee7-4926-a8aa-d107dc017f37"},{"type":"Feature","geometry":{"type":"LineString","coordinates":[[1826553.6498694832,2187110.8116175705],[1826553.473539955,2187103.8314400134],[1826552.4716115475,2187034.7386125],[1826552.5477392871,2187027.1621137257]]},"properties":{"width":7.0,"type":"Major"},"id":"4e70c1cf-83b9-4388-9b97-b50da64f2109"},{"type":"Feature","geometry":{"type":"LineString","coordinates":[[1826552.5477392871,2187027.1621137257],[1826543.3022493823,2187029.825143706],[1826413.2312236368,2187067.2120384346],[1826401.473010651,2187070.7207513475]]},"properties":{"width":3.0,"type":"Service"},"id":"25ec4e15-5882-4b9a-bf2b-c1448471f68d"},{"type":"Feature","geometry":{"type":"LineString","coordinates":[[1826390.7687358146,2187066.0437054182],[1826399.5313661632,2187063.7498937943],[1826408.2103986344,2187061.4823950874],[1826411.275042426,2187060.5944543197],[1826543.6797890957,2187022.31975971],[1826546.4743576348,2187021.483210347]]},"properties":{"width":2.0,"type":"Footway"},"id":"124ea5ad-60fa-4e14-99a1-0e47761eccac"},{"type":"Feature","geometry":{"type":"LineString","coordinates":[[1826577.57648119,2187027.8431993444],[1826571.5808738552,2187029.489417833],[1826564.729918807,2187031.371090524],[1826558.1460771235,2187033.177708222],[1826552.4716115475,2187034.7386125],[1826546.127874659,2187036.47531299]]},"properties":{"width":2.0,"type":"Footway"},"id":"11077fa1-83e4-4c5c-8fd3-66ab731cf4f4"},{"type":"Feature","geometry":{"type":"LineString","coordinates":[[1826571.6222900206,2187021.950752204],[1826552.5477392871,2187027.1621137257]]},"properties":{"width":3.0,"type":"Service"},"id":"47d433b8-7b70-4369-90b2-849dd1bff7dc"},{"type":"Feature","geometry":{"type":"LineString","coordinates":[[1826552.5477392871,2187027.1621137257],[1826552.4961089564,2187019.762594221],[1826553.808647654,2186949.788990151],[1826554.2401713617,2186942.0546981134]]},"properties":{"width":7.0,"type":"Major"},"id":"25eb3435-d3ce-4703-b308-d1af944582ec"},{"type":"Feature","geometry":{"type":"LineString","coordinates":[[1826573.6686101772,2186936.7656903346],[1826573.690259996,2186944.365262748],[1826571.825321939,2187014.128028057],[1826571.6222900206,2187021.950752204]]},"properties":{"width":7.0,"type":"Major"},"id":"e306fd38-33ea-493b-bd98-f08ba7b9cd5b"},{"type":"Feature","geometry":{"type":"LineString","coordinates":[[1826548.5286865525,2186937.6118669594],[1826546.076233579,2186938.310509682],[1826390.6153946244,2186982.6299769958],[1826388.2735922833,2186983.2972304444],[1826378.1161694878,2186985.7798310462],[1826368.3257603962,2186988.1649172134]]},"properties":{"width":2.0,"type":"Footway"},"id":"25a5c40b-0b36-4491-9481-52eb42e6c2c3"},{"type":"Feature","geometry":{"type":"LineString","coordinates":[[1826335.6220211044,2186830.4833316104],[1826323.4794172763,2186834.0166216744],[1826291.1844077427,2186843.612339977],[1826234.0919523698,2186859.1300344975],[1826224.5926379678,2186861.630011535]]},"properties":{"width":3.5,"type":"Minor"},"id":"9304450a-14e7-47e1-ab1b-ef32110a74ad"},{"type":"Feature","geometry":{"type":"LineString","coordinates":[[1826579.6237500429,2186942.7273881542],[1826573.690259996,2186944.365262748],[1826566.0837862259,2186946.4599298127],[1826561.7045248859,2186947.6705387193],[1826553.808647654,2186949.788990151],[1826548.087827576,2186951.3274683687],[1826544.8816477032,2186952.377594029],[1826394.124025443,2186996.2646617545],[1826391.315754647,2186997.08652209],[1826381.8190584676,2186999.575400124],[1826372.5165903412,2187002.0065476843]]},"properties":{"width":2.0,"type":"Footway"},"id":"b30745f7-381b-4bf6-9e86-d6d1a3c6c51c"},{"type":"Feature","geometry":{"type":"LineString","coordinates":[[1826348.022972399,2186922.7926487816],[1826348.5934568122,2186924.8948714477],[1826366.4697302498,2186988.705133253],[1826367.0110253133,2186990.639379874]]},"properties":{"width":2.0,"type":"Footway"},"id":"92b3dc78-566c-41e5-8938-ae6a0cf091e8"},{"type":"Feature","geometry":{"type":"LineString","coordinates":[[1826358.5232241403,2186914.3728704667],[1826360.418273398,2186921.5053087235],[1826378.1161694878,2186985.7798310462],[1826379.779141901,2186992.3282250743]]},"properties":{"width":3.5,"type":"Minor"},"id":"34fea4c9-de4b-4ada-976d-42e06eb3c858"},{"type":"Feature","geometry":{"type":"LineString","coordinates":[[1826348.022972399,2186922.7926487816],[1826346.7365623561,2186917.7829458183],[1826345.6916434227,2186913.681706624]]},"properties":{"width":2.0,"type":"Footway"},"id":"5f826905-a8ce-473c-a433-cc6808dad23b"},{"type":"Feature","geometry":{"type":"LineString","coordinates":[[1826223.132294994,2186942.706533328],[1826229.9477447544,2186942.1049451237],[1826236.9334098366,2186941.4744745367],[1826240.3072780126,2186941.2807652457],[1826344.9658879582,2186911.0710815834],[1826348.1926340973,2186910.1523052896],[1826356.7216758803,2186907.573171375],[1826365.7497856582,2186904.847123951],[1826368.5589431517,2186904.094496976],[1826548.5767488503,2186852.0359594673],[1826550.8294228627,2186851.3822316695],[1826557.3391187345,2186848.6145249237],[1826561.8422719364,2186846.696697757]]},"properties":{"width":2.0,"type":"Footway"},"id":"2c6862ea-37c7-4a4d-82b7-3cf82d200c38"},{"type":"Feature","geometry":{"type":"LineString","coordinates":[[1826335.6220211044,2186830.4833316104],[1826338.698139358,2186842.8537484333],[1826348.5456749431,2186877.522082112],[1826356.7216758803,2186907.573171375],[1826358.5232241403,2186914.3728704667]]},"properties":{"width":3.5,"type":"Minor"},"id":"81cdbc4b-cd70-4e4e-bed2-bc23313c4e50"},{"type":"Feature","geometry":{"type":"LineString","coordinates":[[1826391.2021516,2186984.736045308],[1826390.6153946244,2186982.6299769958],[1826372.5016327198,2186918.0041521885],[1826371.9238709442,2186915.9692498418],[1826370.4796806348,2186910.899305023],[1826369.2649636862,2186906.642936768],[1826368.5589431517,2186904.094496976],[1826350.4976646965,2186838.733255605],[1826349.822937888,2186836.307269494],[1826347.3119083922,2186827.3380481987],[1826344.786714384,2186818.3194609187],[1826344.0300555574,2186815.6210013414],[1826325.7674879937,2186750.672697211],[1826325.064452203,2186748.3666123217],[1826323.7706206697,2186742.9869592567],[1826322.7170238066,2186738.6305377027]]},"properties":{"width":2.0,"type":"Footway"},"id":"5a30d4d2-5a18-421f-b036-813aa9783706"},{"type":"Feature","geometry":{"type":"LineString","coordinates":[[1826644.1653228009,2186915.6908045607],[1826645.8131949035,2186922.9951871363],[1826659.3299357474,2186974.9846843625],[1826662.4015694933,2186986.8249878394],[1826664.2903477931,2186994.1286889347]]},"properties":{"width":7.0,"type":"Major"},"id":"ead03eec-9331-491e-ab6f-8d52bf26b1c5"},{"type":"Feature","geometry":{"type":"LineString","coordinates":[[1827137.0749453446,2186695.9330328004],[1827135.7062897203,2186696.2659286447],[1826897.743691039,2186765.9271460283],[1826894.230372496,2186766.8931818483],[1826892.905482197,2186767.259453868],[1826890.8062391956,2186767.8457433116],[1826888.4724621105,2186768.5147729707],[1826884.149634771,2186769.704041151],[1826875.7633903765,2186772.04023394],[1826873.3322855523,2186772.720821745],[1826635.0734869842,2186842.284142997],[1826631.7098948893,2186843.308615266],[1826625.3295699249,2186845.1632375373],[1826620.3521388657,2186846.6124240304],[1826617.3414138046,2186847.4900199645],[1826613.6185264033,2186848.5793159194],[1826611.8623430412,2186849.0970185935],[1826598.352259094,2186853.0667342087],[1826585.389710666,2186856.8664742154],[1826581.906936669,2186857.885858549],[1826575.8910834515,2186859.6539027523],[1826568.9632726538,2186861.6785694063],[1826563.6865981196,2186863.229786104],[1826557.3577643316,2186865.0850951383],[1826549.8447180446,2186867.293890812],[1826548.0370930578,2186867.810975394],[1826372.5016327198,2186918.0041521885],[1826369.817249685,2186918.774705123],[1826360.418273398,2186921.5053087235],[1826351.6126881386,2186924.0537177576],[1826348.5934568122,2186924.8948714477],[1826245.0617196267,2186954.9215285117],[1826240.7631726293,2186956.3009221824],[1826237.5257981832,2186957.665985361]]},"properties":{"width":2.0,"type":"Footway"},"id":"19b1c329-d012-45b0-a588-b7707782f74d"},{"type":"Feature","geometry":{"type":"LineString","coordinates":[[1826610.9859203359,2186833.7473207684],[1826621.543237683,2186831.175185455],[1826628.0650865363,2186829.5955909197]]},"properties":{"width":2.0,"type":"Footway"},"id":"6db5ce91-2bb7-413b-ad04-9fed863ef7de"},{"type":"Feature","geometry":{"type":"LineString","coordinates":[[1826631.803477364,2186924.45352561],[1826630.6128601006,2186919.730992219],[1826629.439828171,2186915.1161694936],[1826628.8179372111,2186912.794658558],[1826611.8623430412,2186849.0970185935],[1826611.415870006,2186847.5993596883]]},"properties":{"width":2.0,"type":"Footway"},"id":"59bb5f41-a356-4307-906a-d74b71451860"},{"type":"Feature","geometry":{"type":"LineString","coordinates":[[1826623.290141874,2186837.5133361137],[1826625.3295699249,2186845.1632375373],[1826642.440344259,2186909.369321062],[1826644.1653228009,2186915.6908045607]]},"properties":{"width":7.0,"type":"Major"},"id":"67ba4f8d-43e8-4a9f-96a9-7ae560db68bf"},{"type":"Feature","geometry":{"type":"LineString","coordinates":[[1826649.537109716,2186907.6492417115],[1826642.440344259,2186909.369321062],[1826631.3647339444,2186912.06076248]]},"properties":{"width":2.0,"type":"Footway"},"id":"e61646a0-382c-4d93-95c0-80163183cb54"},{"type":"Feature","geometry":{"type":"LineString","coordinates":[[1826586.8416561706,2186791.14867725],[1826580.150301453,2186791.2960000345]]},"properties":{"width":2.0,"type":"Footway"},"id":"c7ee4930-5f40-4289-ae51-9acab51dc9d8"},{"type":"Feature","geometry":{"type":"LineString","coordinates":[[1826600.6420527059,2186753.578594629],[1826603.9176750146,2186765.685589522],[1826614.961750059,2186807.345253856],[1826621.543237683,2186831.175185455],[1826623.290141874,2186837.5133361137]]},"properties":{"width":7.0,"type":"Major"},"id":"8bc1f069-b98b-424e-b699-5217adae8ee1"},{"type":"Feature","geometry":{"type":"LineString","coordinates":[[1826573.6686101772,2186936.7656903346],[1826582.5810549078,2186934.0931298663],[1826630.6128601006,2186919.730992219],[1826634.4060414978,2186918.6352830874],[1826644.1653228009,2186915.6908045607]]},"properties":{"width":3.0,"type":"Service"},"id":"6f2f2e7d-5c3f-4998-b1cf-176930c77525"},{"type":"Feature","geometry":{"type":"LineString","coordinates":[[1826579.6237500429,2186942.7273881542],[1826582.2168395843,2186942.015909037],[1826632.594770142,2186927.3328113],[1826636.196295757,2186926.283938709],[1826639.5547006074,2186925.0626373244],[1826641.4549245983,2186924.3718071855]]},"properties":{"width":2.0,"type":"Footway"},"id":"40195683-80b7-425a-9ec0-56185c5eddd4"},{"type":"Feature","geometry":{"type":"LineString","coordinates":[[1826674.3716663623,2187068.5859455247],[1826671.3931532837,2187069.43658283],[1826581.5030672753,2187095.2557290257],[1826579.0669412462,2187095.9582030345],[1826571.3611318206,2187098.328569332],[1826553.473539955,2187103.8314400134],[1826548.0872455684,2187105.4833383695]]},"properties":{"width":2.0,"type":"Footway"},"id":"5a73b3dd-a772-4098-9e8a-c987dc23366c"},{"type":"Feature","geometry":{"type":"LineString","coordinates":[[1826571.6222900206,2187021.950752204],[1826571.5808738552,2187029.489417833],[1826571.3611318206,2187098.328569332],[1826571.5756262229,2187105.5478908587]]},"properties":{"width":7.0,"type":"Major"},"id":"5ea9c009-6a1d-4340-99b5-f217919f8977"},{"type":"Feature","geometry":{"type":"LineString","coordinates":[[1826571.5756262229,2187105.5478908587],[1826581.9790875525,2187102.3871693076],[1826672.9335865984,2187074.6444108565],[1826685.327391492,2187070.8487702664]]},"properties":{"width":3.0,"type":"Service"},"id":"9f9f32dc-e50a-48b1-894e-66e85d459f35"},{"type":"Feature","geometry":{"type":"LineString","coordinates":[[1826581.524252241,2187097.608108017],[1826581.5030672753,2187095.2557290257],[1826580.9104170592,2187026.8347418825],[1826580.8326283388,2187024.503528434],[1826581.0349971768,2187019.016519646],[1826581.2476166226,2187013.048645076],[1826581.2697770984,2187011.3508719825],[1826582.2168395843,2186942.015909037],[1826582.3516606106,2186939.1480125953]]},"properties":{"width":2.0,"type":"Footway"},"id":"cf05fdd7-9233-4aca-95c1-8aecb1584967"},{"type":"Feature","geometry":{"type":"LineString","coordinates":[[1826664.2903477931,2186994.1286889347],[1826655.7316165084,2186996.504883983],[1826651.9406003568,2186997.555058723],[1826581.0349971768,2187019.016519646],[1826571.6222900206,2187021.950752204]]},"properties":{"width":3.5,"type":"Minor"},"id":"efd3668b-119b-437c-baa9-f56803b855d2"},{"type":"Feature","geometry":{"type":"LineString","coordinates":[[1826588.2826902962,2186703.093664164],[1826597.6978621734,2186741.5613051224],[1826600.6420527059,2186753.578594629]]},"properties":{"width":7.0,"type":"Major"},"id":"d03c3fe8-f0b8-493e-a7c7-567ee1c55c1e"},{"type":"Feature","geometry":{"type":"LineString","coordinates":[[1826571.6157176616,2186684.317752463],[1826569.4234646235,2186693.7193734543],[1826572.6696397988,2186697.384933496],[1826567.2840761172,2186744.235617146],[1826566.6611607894,2186749.646420501],[1826568.4246031146,2186753.1807962856],[1826584.4631953763,2186748.5187841547],[1826587.7221964193,2186747.573169131],[1826587.7245028482,2186744.720034695],[1826576.9090153098,2186702.7461769083],[1826578.750679737,2186694.7577226516],[1826575.656428718,2186683.7406601426]]},"properties":{"width":2.0,"type":"Footway"},"id":"64d43ed6-6d73-426b-852f-395dc046c516"},{"type":"Feature","geometry":{"type":"LineString","coordinates":[[1826586.8497137076,2186757.5047877044],[1826600.6420527059,2186753.578594629]]},"properties":{"width":3.5,"type":"Minor"},"id":"20fdbc23-35ff-47b0-854b-72e43b2ec3df"},{"type":"Feature","geometry":{"type":"LineString","coordinates":[[1826587.7245028482,2186744.720034695],[1826586.0935510532,2186745.727564516],[1826585.520762475,2186746.2598195816],[1826585.0054542564,2186747.0587848276],[1826584.4631953763,2186748.5187841547],[1826586.8497137076,2186757.5047877044],[1826589.4180845793,2186767.178076849]]},"properties":{"width":2.0,"type":"Footway"},"id":"3a6457c9-a290-48f7-97cf-bb93f78a418a"},{"type":"Feature","geometry":{"type":"LineString","coordinates":[[1826592.7369399893,2186769.0772524658],[1826603.9176750146,2186765.685589522],[1826611.3755029812,2186763.383241393]]},"properties":{"width":2.0,"type":"Footway"},"id":"0eec7c66-9bf3-45d9-b972-e1fbc3e52d4e"},{"type":"Feature","geometry":{"type":"LineString","coordinates":[[1826571.244497678,2186774.5467525264],[1826571.2967298108,2186778.2987734866]]},"properties":{"width":2.0,"type":"Footway"},"id":"4a0892ce-f589-488b-b001-08ee55b8bdab"},{"type":"Feature","geometry":{"type":"LineString","coordinates":[[1826586.8497137076,2186757.5047877044],[1826567.561994968,2186763.0341933076],[1826559.8413499198,2186765.320599884]]},"properties":{"width":3.5,"type":"Minor"},"id":"b3aef69c-3c8c-419a-862e-ebc3fbd650da"},{"type":"Feature","geometry":{"type":"LineString","coordinates":[[1826554.01289948,2186754.556003918],[1826560.5711254233,2186751.983838018],[1826566.6611607894,2186749.646420501],[1826567.702247482,2186749.972588055],[1826568.216403531,2186750.6001888015],[1826568.4711780385,2186751.488783825],[1826568.4246031146,2186753.1807962856],[1826567.561994968,2186763.0341933076],[1826566.7204706853,2186773.709544253],[1826566.5401508557,2186775.749725636]]},"properties":{"width":2.0,"type":"Footway"},"id":"472f0930-d836-4703-853b-b41d3701efac"},{"type":"Feature","geometry":{"type":"LineString","coordinates":[[1826570.238543302,2186671.8186879274],[1826560.6942815154,2186674.434325099],[1826551.1131615196,2186677.1333302194],[1826511.648722165,2186688.569542906],[1826323.7706206697,2186742.9869592567],[1826312.998209814,2186746.107090732]]},"properties":{"width":3.0,"type":"Service"},"id":"c791a8a3-b890-4d81-b522-232e5932b001"},{"type":"Feature","geometry":{"type":"LineString","coordinates":[[1826300.4503242553,2186742.790425925],[1826311.2107404908,2186739.79402201],[1826319.890854175,2186737.3770189453],[1826321.973305072,2186736.75211034],[1826509.5923008814,2186680.2252928875],[1826556.513323186,2186666.164162017],[1826562.704217424,2186664.3107913216],[1826566.043436064,2186663.4991528154]]},"properties":{"width":2.0,"type":"Footway"},"id":"139f7ab4-13ef-44b7-8bbd-204ae15d07cf"},{"type":"Feature","geometry":{"type":"LineString","coordinates":[[1826312.998209814,2186746.107090732],[1826311.2107404908,2186739.79402201],[1826293.8074416232,2186676.705551589],[1826291.3577967626,2186666.381562268]]},"properties":{"width":3.5,"type":"Minor"},"id":"4b51619d-98c3-4668-b606-67a265d5b1de"},{"type":"Feature","geometry":{"type":"LineString","coordinates":[[1826559.8413499198,2186765.320599884],[1826560.5711254233,2186751.983838018],[1826564.1959909513,2186703.7742133704],[1826567.0038170172,2186684.2537913537],[1826570.238543302,2186671.8186879274]]},"properties":{"width":7.0,"type":"Major"},"id":"53b481b7-6da7-4372-9e00-cc98b42a0d85"},{"type":"Feature","geometry":{"type":"LineString","coordinates":[[1826607.421922206,2186740.9903265173],[1826606.9732143001,2186738.6636544922],[1826596.9806753343,2186706.4345266377],[1826600.8559657705,2186670.6882438636],[1826601.1250362343,2186668.5999587877],[1826602.2581028002,2186662.193353288],[1826603.1803183497,2186656.8991858666]]},"properties":{"width":2.0,"type":"Footway"},"id":"90a3a9ec-68de-4658-9d23-7b13a99afc9a"},{"type":"Feature","geometry":{"type":"LineString","coordinates":[[1825755.4745344357,2185740.925228109],[1825756.3327037334,2185748.411174731],[1825756.778194225,2185751.7380302935],[1825757.6114333444,2185757.2504922473],[1825758.4436887559,2185762.2564377477],[1825759.2308833925,2185767.1251873807],[1825759.8947711024,2185771.0213315072],[1825760.5843064825,2185774.5898356074],[1825760.9320811261,2185776.397809704],[1825761.740877905,2185780.1900452357],[1825762.4628956104,2185783.3289629235],[1825763.423928438,2185787.1686017266],[1825770.317479005,2185812.209744564],[1825793.848424348,2185896.7272900455],[1825800.4373674432,2185920.6150682988],[1825844.885476457,2186110.24096511],[1825853.0910790032,2186143.4276442286],[1825860.512275066,2186172.3905856074],[1826019.5014983532,2186753.0408833334],[1826026.2755247944,2186777.4100885745],[1826032.86918125,2186800.3559787516],[1826040.5887961686,2186823.9241571226],[1826048.9103298069,2186847.56528476],[1826057.9589177286,2186870.894642889],[1826067.261647496,2186893.984796336],[1826079.577392445,2186924.6090583387],[1826086.5220144785,2186940.158555637],[1826091.2509772296,2186950.8819873235],[1826095.8139858095,2186961.5432676654],[1826099.2477074047,2186969.5908389194],[1826105.6039650433,2186985.0821380424]]},"properties":{"width":14.0,"type":"Highway"},"id":"8209de0c-9651-42c3-9011-f8db746d481d"},{"type":"Feature","geometry":{"type":"LineString","coordinates":[[1825908.9901684825,2186452.488655793],[1825916.4964369915,2186464.3846319146],[1825922.060142495,2186475.3277145955],[1825925.6941394887,2186482.893049913],[1825930.6831753268,2186498.0961142387],[1825934.778061454,2186514.9753842833],[1825939.0578809162,2186539.895321016],[1825942.4058427783,2186561.983511883],[1825946.8828507988,2186579.977004694],[1825949.2016719482,2186587.393286362],[1825951.0995025625,2186592.765676143],[1825954.4973836583,2186601.805728671],[1825960.229221869,2186614.2958845207],[1825962.1413981128,2186618.4404628365],[1825970.5845792033,2186637.484456919],[1825974.5387374093,2186652.880769482],[1825977.0488761817,2186668.8570427718],[1825976.8707181504,2186677.7441108846],[1825975.268991034,2186688.8383807666],[1825975.4913590006,2186695.5531207635],[1825976.574215089,2186702.010543955],[1825981.6992527507,2186722.688374388],[1825983.3608802874,2186728.879574735],[1825984.5166775968,2186733.167959024],[1825983.3338945813,2186736.870267294],[1825982.8590938966,2186738.5187883116],[1825978.1220622908,2186753.9364763307],[1825977.8554966436,2186754.7020785925]]},"properties":{"width":2.0,"type":"Footway"},"id":"ca6cfb21-1e80-4b33-8f4c-207d3a8494be"},{"type":"Feature","geometry":{"type":"LineString","coordinates":[[1826163.142249172,2187236.07028893],[1826159.5594454738,2187223.0051132035],[1826101.9918498206,2187014.4694774845],[1826098.7537029258,2187003.441795194],[1826095.6087414348,2186993.5867560767],[1826091.8608300644,2186982.933624787],[1826087.6837962444,2186972.823649146],[1826083.343412406,2186962.8592542293],[1826051.3895852466,2186888.9754001764],[1826046.0808658723,2186875.641355609],[1826041.1932777914,2186863.07402934],[1826037.241003337,2186851.900984888],[1826033.312217604,2186840.2271958296],[1826026.0088375506,2186815.9517381927],[1826018.7298944467,2186792.119311328],[1826011.9962833312,2186768.3810015684],[1825845.2371236135,2186160.7223862084],[1825825.7906184206,2186087.488847154],[1825793.7013142148,2185963.6258389363],[1825793.1292183015,2185961.4197693383],[1825752.6003257527,2185817.1682839636],[1825745.9353143964,2185792.2155754445]]},"properties":{"width":14.0,"type":"Highway"},"id":"3d0fc61b-e9c6-487c-9938-418f4c654cb6"},{"type":"Feature","geometry":{"type":"LineString","coordinates":[[1825706.801674277,2185726.445572462],[1825707.838596963,2185731.7874230766],[1825708.674498091,2185735.7931531183],[1825709.6322332432,2185740.0117134377],[1825710.6439394194,2185744.0013640923],[1825711.6271537687,2185747.2363773882],[1825713.102683583,2185752.359466697],[1825714.895539891,2185757.5228586546],[1825716.0249187027,2185760.5391948232],[1825717.1624441256,2185763.557452219],[1825718.4700865282,2185767.8239997397],[1825719.6838346904,2185772.1604604116],[1825731.499441367,2185814.919902567],[1825734.6496720032,2185826.363710968],[1825754.4668338965,2185899.3849008484],[1825757.2624617796,2185909.5599534693],[1825759.6851598485,2185918.5079319314],[1825760.8538776746,2185923.1444667457],[1825761.8017076175,2185925.7267903206],[1825763.3311834726,2185929.125147173],[1825765.4489366226,2185932.363050995],[1825767.9230525023,2185935.7310115667],[1825770.6915897734,2185938.397463596],[1825773.9648444818,2185941.1484097685],[1825776.8241608462,2185943.2839593915],[1825779.8331410207,2185945.477814159],[1825786.5074144623,2185943.507617335],[1825843.2090148616,2186130.8450048594],[1825925.2514943383,2186447.463593854],[1825926.1744336535,2186450.88007197],[1825969.8637642472,2186597.329187616],[1825979.480040848,2186633.6795611284],[1826008.1095961537,2186741.9427425493],[1826017.881866774,2186778.9053679826]]},"properties":{"width":3.0,"type":"Service"},"id":"41488afe-7b13-47d9-9a29-226758e43873"}]}