{"crs":{"type":"name","properties":{"name":"urn:ogc:def:crs:EPSG::5070"}},"type":"FeatureCollection","features":[{"type":"Feature","geometry":{"type":"Point","coordinates":[1827229.2319086264,2186851.7508501625]},"properties":{"height":32.0,"crown_diameter":30.0},"id":"1"},{"type":"Feature","geometry":{"type":"Point","coordinates":[1826380.3587294188,2187997.5097725573]},"properties":{"height":32.0,"crown_diameter":30.0},"id":"2"},{"type":"Feature","geometry":{"type":"Point","coordinates":[1826386.4416065179,2188038.2014251417]},"properties":{"height":32.0,"crown_diameter":27.2},"id":"4"},{"type":"Feature","geometry":{"type":"Point","coordinates":[1826102.819458817,2187140.324346626]},"properties":{"height":31.0,"crown_diameter":29.12},"id":"5"},{"type":"Feature","geometry":{"type":"Point","coordinates":[1827241.7724415716,2186841.622450734]},"properties":{"height":31.0,"crown_diameter":26.84},"id":"6"},{"type":"Feature","geometry":{"type":"Point","coordinates":[1826381.1387347756,2188009.844633661]},"properties":{"height":31.0,"crown_diameter":24.42},"id":"7"},{"type":"Feature","geometry":{"type":"Point","coordinates":[1826097.6685930851,2187126.9573728163]},"properties":{"height":31.0,"crown_diameter":30.0},"id":"8"},{"type":"Feature","geometry":{"type":"Point","coordinates":[1826356.7467092327,2187819.955912354]},"properties":{"height":31.0,"crown_diameter":30.0},"id":"9"},{"type":"Feature","geometry":{"type":"Point","coordinates":[1826180.3757385646,2187136.1841053744]},"properties":{"height":30.0,"crown_diameter":26.3},"id":"11"},{"type":"Feature","geometry":{"type":"Point","coordinates":[1827228.9280686157,2186864.767280779]},"properties":{"height":30.0,"crown_diameter":22.1},"id":"15"},{"type":"Feature","geometry":{"type":"Point","coordinates":[1826348.940882639,2187845.220514947]},"properties":{"height":30.0,"crown_diameter":30.0},"id":"18"},{"type":"Feature","geometry":{"type":"Point","coordinates":[1826350.0791715651,2187828.6645189915]},"properties":{"height":30.0,"crown_diameter":30.0},"id":"27"},{"type":"Feature","geometry":{"type":"Point","coordinates":[1826362.2113702502,2187949.298049574]},"properties":{"height":30.0,"crown_diameter":21.64},"id":"28"},{"type":"Feature","geometry":{"type":"Point","coordinates":[1826376.044703349,2187980.6023511672]},"properties":{"height":30.0,"crown_diameter":30.0},"id":"29"},{"type":"Feature","geometry":{"type":"Point","coordinates":[1826209.9812864456,2187620.822465597]},"properties":{"height":30.0,"crown_diameter":30.0},"id":"31"},{"type":"Feature","geometry":{"type":"Point","coordinates":[1826115.2544796506,2187204.9519989407]},"properties":{"height":30.0,"crown_diameter":30.0},"id":"32"},{"type":"Feature","geometry":{"type":"Point","coordinates":[1826214.01022052,2187631.12007518]},"properties":{"height":30.0,"crown_diameter":30.0},"id":"33"},{"type":"Feature","geometry":{"type":"Point","coordinates":[1826381.2475071624,2187551.8642924647]},"properties":{"height":29.0,"crown_diameter":15.1},"id":"37"},{"type":"Feature","geometry":{"type":"Point","coordinates":[1826199.719244968,2187597.8378135106]},"properties":{"height":29.0,"crown_diameter":29.0},"id":"38"},{"type":"Feature","geometry":{"type":"Point","coordinates":[1826365.9552302058,2187569.7552876766]},"properties":{"height":29.0,"crown_diameter":29.0},"id":"39"},{"type":"Feature","geometry":{"type":"Point","coordinates":[1826369.2805785404,2187575.213477964]},"properties":{"height":29.0,"crown_diameter":28.42},"id":"42"},{"type":"Feature","geometry":{"type":"Point","coordinates":[1827239.3029929956,2186899.001337283]},"properties":{"height":29.0,"crown_diameter":29.0},"id":"44"},{"type":"Feature","geometry":{"type":"Point","coordinates":[1826380.3351638438,2187547.9101087996]},"properties":{"height":29.0,"crown_diameter":18.14},"id":"46"},{"type":"Feature","geometry":{"type":"Point","coordinates":[1827014.2265998214,2187102.029068895]},"properties":{"height":29.0,"crown_diameter":29.0},"id":"50"},{"type":"Feature","geometry":{"type":"Point","coordinates":[1826194.6458817918,2187591.9673916525]},"properties":{"height":29.0,"crown_diameter":27.46},"id":"52"},{"type":"Feature","geometry":{"type":"Point","coordinates":[1826370.55097513,2187550.2754309983]},"properties":{"height":29.0,"crown_diameter":14.24},"id":"53"},{"type":"Feature","geometry":{"type":"Point","coordinates":[1826179.2387730186,2187598.6146958545]},"properties":{"height":29.0,"crown_diameter":22.16},"id":"59"},{"type":"Feature","geometry":{"type":"Point","coordinates":[1826339.6089761094,2187806.565588526]},"properties":{"height":29.0,"crown_diameter":26.32},"id":"61"},{"type":"Feature","geometry":{"type":"Point","coordinates":[1826212.8722693534,2187647.6764712483]},"properties":{"height":29.0,"crown_diameter":25.54},"id":"62"},{"type":"Feature","geometry":{"type":"Point","coordinates":[1826198.2352565231,2187580.662790197]},"properties":{"height":29.0,"crown_diameter":25.16},"id":"63"},{"type":"Feature","geometry":{"type":"Point","coordinates":[1826379.341772545,2187685.080476921]},"properties":{"height":29.0,"crown_diameter":29.0},"id":"67"},{"type":"Feature","geometry":{"type":"Point","coordinates":[1826095.7341008282,2187150.8050411157]},"properties":{"height":29.0,"crown_diameter":27.12},"id":"68"},{"type":"Feature","geometry":{"type":"Point","coordinates":[1826360.7239680018,2187505.893875863]},"properties":{"height":29.0,"crown_diameter":27.58},"id":"70"},{"type":"Feature","geometry":{"type":"Point","coordinates":[1826373.5566352347,2187588.3738027522]},"properties":{"height":29.0,"crown_diameter":29.0},"id":"71"},{"type":"Feature","geometry":{"type":"Point","coordinates":[1827244.8694007308,2186824.590832997]},"properties":{"height":29.0,"crown_diameter":29.0},"id":"72"},{"type":"Feature","geometry":{"type":"Point","coordinates":[1826338.9993497545,2187789.597130459]},"properties":{"height":29.0,"crown_diameter":29.0},"id":"73"},{"type":"Feature","geometry":{"type":"Point","coordinates":[1826326.9858480063,2187914.8159523676]},"properties":{"height":29.0,"crown_diameter":28.38},"id":"74"},{"type":"Feature","geometry":{"type":"Point","coordinates":[1827075.0507149834,2187274.3676495957]},"properties":{"height":29.0,"crown_diameter":29.0},"id":"75"},{"type":"Feature","geometry":{"type":"Point","coordinates":[1826360.267773492,2187887.15006255]},"properties":{"height":29.0,"crown_diameter":20.74},"id":"77"},{"type":"Feature","geometry":{"type":"Point","coordinates":[1827230.2967520028,2186913.7032152074]},"properties":{"height":28.0,"crown_diameter":28.0},"id":"81"},{"type":"Feature","geometry":{"type":"Point","coordinates":[1826105.1779324133,2187157.7064734837]},"properties":{"height":28.0,"crown_diameter":18.56},"id":"82"},{"type":"Feature","geometry":{"type":"Point","coordinates":[1827079.6101945061,2187251.1386848255]},"properties":{"height":28.0,"crown_diameter":26.76},"id":"83"},{"type":"Feature","geometry":{"type":"Point","coordinates":[1826213.3577021107,2187270.1577294106]},"properties":{"height":28.0,"crown_diameter":28.0},"id":"85"},{"type":"Feature","geometry":{"type":"Point","coordinates":[1827214.1447130726,2186825.7531993347]},"properties":{"height":28.0,"crown_diameter":26.66},"id":"86"},{"type":"Feature","geometry":{"type":"Point","coordinates":[1827211.5419385901,2186848.510633718]},"properties":{"height":28.0,"crown_diameter":21.34},"id":"87"},{"type":"Feature","geometry":{"type":"Point","coordinates":[1826361.6067724137,2187783.7144642677]},"properties":{"height":28.0,"crown_diameter":28.0},"id":"91"},{"type":"Feature","geometry":{"type":"Point","coordinates":[1826365.490170716,2187865.014870829]},"properties":{"height":28.0,"crown_diameter":27.32},"id":"94"},{"type":"Feature","geometry":{"type":"Point","coordinates":[1826349.2860952881,2187878.9509596047]},"properties":{"height":28.0,"crown_diameter":28.0},"id":"98"},{"type":"Feature","geometry":{"type":"Point","coordinates":[1827248.2900110013,2186860.923222085]},"properties":{"height":28.0,"crown_diameter":22.5},"id":"101"},{"type":"Feature","geometry":{"type":"Point","coordinates":[1826325.318921117,2187773.2836905457]},"properties":{"height":28.0,"crown_diameter":28.0},"id":"104"},{"type":"Feature","geometry":{"type":"Point","coordinates":[1826349.477866308,2187897.6900287136]},"properties":{"height":28.0,"crown_diameter":17.14},"id":"105"},{"type":"Feature","geometry":{"type":"Point","coordinates":[1826324.2573264528,2187988.9467725563]},"properties":{"height":28.0,"crown_diameter":28.0},"id":"106"},{"type":"Feature","geometry":{"type":"Point","coordinates":[1826329.1625282073,2187467.6014660173]},"properties":{"height":28.0,"crown_diameter":27.6},"id":"108"},{"type":"Feature","geometry":{"type":"Point","coordinates":[1826083.173372568,2187137.559814943]},"properties":{"height":28.0,"crown_diameter":18.56},"id":"109"},{"type":"Feature","geometry":{"type":"Point","coordinates":[1826354.6659526255,2187914.8037917293]},"properties":{"height":28.0,"crown_diameter":28.0},"id":"110"},{"type":"Feature","geometry":{"type":"Point","coordinates":[1826316.4006479508,2187881.4738677316]},"properties":{"height":28.0,"crown_diameter":28.0},"id":"112"},{"type":"Feature","geometry":{"type":"Point","coordinates":[1827133.8069348277,2186771.267837945]},"properties":{"height":28.0,"crown_diameter":28.0},"id":"113"},{"type":"Feature","geometry":{"type":"Point","coordinates":[1826147.2135484566,2187218.099216925]},"properties":{"height":28.0,"crown_diameter":27.44},"id":"114"},{"type":"Feature","geometry":{"type":"Point","coordinates":[1826319.9602713273,2187952.4151340807]},"properties":{"height":28.0,"crown_diameter":28.0},"id":"115"},{"type":"Feature","geometry":{"type":"Point","coordinates":[1826347.845066019,2187908.521068294]},"properties":{"height":28.0,"crown_diameter":25.84},"id":"116"},{"type":"Feature","geometry":{"type":"Point","coordinates":[1826336.5090674697,2187588.980638068]},"properties":{"height":28.0,"crown_diameter":28.0},"id":"120"},{"type":"Feature","geometry":{"type":"Point","coordinates":[1826346.1143280838,2187888.484243341]},"properties":{"height":28.0,"crown_diameter":20.74},"id":"122"},{"type":"Feature","geometry":{"type":"Point","coordinates":[1826096.306012703,2187164.0266648005]},"properties":{"height":28.0,"crown_diameter":22.62},"id":"123"},{"type":"Feature","geometry":{"type":"Point","coordinates":[1826369.5900008876,2188031.4214068176]},"properties":{"height":28.0,"crown_diameter":28.0},"id":"125"},{"type":"Feature","geometry":{"type":"Point","coordinates":[1826330.7754164904,2188008.2434641654]},"properties":{"height":28.0,"crown_diameter":28.0},"id":"126"},{"type":"Feature","geometry":{"type":"Point","coordinates":[1826368.6910911915,2187964.8471148196]},"properties":{"height":28.0,"crown_diameter":18.14},"id":"127"},{"type":"Feature","geometry":{"type":"Point","coordinates":[1826102.0449084314,2187170.988939002]},"properties":{"height":28.0,"crown_diameter":16.38},"id":"129"},{"type":"Feature","geometry":{"type":"Point","coordinates":[1826125.6817627596,2187180.3034873256]},"properties":{"height":27.0,"crown_diameter":23.78},"id":"131"},{"type":"Feature","geometry":{"type":"Point","coordinates":[1826122.031594112,2187164.4862267417]},"properties":{"height":27.0,"crown_diameter":20.26},"id":"132"},{"type":"Feature","geometry":{"type":"Point","coordinates":[1826113.143464152,2187190.4326187116]},"properties":{"height":27.0,"crown_diameter":24.46},"id":"133"},{"type":"Feature","geometry":{"type":"Point","coordinates":[1826115.1936251218,2187177.829522778]},"properties":{"height":27.0,"crown_diameter":18.14},"id":"134"},{"type":"Feature","geometry":{"type":"Point","coordinates":[1826133.3835147752,2187229.7930688234]},"properties":{"height":27.0,"crown_diameter":27.0},"id":"136"},{"type":"Feature","geometry":{"type":"Point","coordinates":[1826318.8761613045,2187569.865020529]},"properties":{"height":27.0,"crown_diameter":26.2},"id":"137"},{"type":"Feature","geometry":{"type":"Point","coordinates":[1826164.148659307,2187126.747701449]},"properties":{"height":27.0,"crown_diameter":27.0},"id":"139"},{"type":"Feature","geometry":{"type":"Point","coordinates":[1826190.5323023603,2186936.666178184]},"properties":{"height":27.0,"crown_diameter":27.0},"id":"140"},{"type":"Feature","geometry":{"type":"Point","coordinates":[1826374.8718196705,2188036.4063020363]},"properties":{"height":27.0,"crown_diameter":27.0},"id":"145"},{"type":"Feature","geometry":{"type":"Point","coordinates":[1826187.6322802268,2187566.9448630563]},"properties":{"height":27.0,"crown_diameter":22.94},"id":"147"},{"type":"Feature","geometry":{"type":"Point","coordinates":[1826112.0382459546,2187167.737578568]},"properties":{"height":27.0,"crown_diameter":18.14},"id":"149"},{"type":"Feature","geometry":{"type":"Point","coordinates":[1826355.7699660587,2187937.4967533774]},"properties":{"height":27.0,"crown_diameter":27.0},"id":"150"},{"type":"Feature","geometry":{"type":"Point","coordinates":[1827151.0318766148,2187308.191984142]},"properties":{"height":27.0,"crown_diameter":27.0},"id":"152"},{"type":"Feature","geometry":{"type":"Point","coordinates":[1826279.280887083,2187725.9687459613]},"properties":{"height":27.0,"crown_diameter":25.02},"id":"155"},{"type":"Feature","geometry":{"type":"Point","coordinates":[1826163.495594994,2186554.4909243505]},"properties":{"height":27.0,"crown_diameter":18.14},"id":"156"},{"type":"Feature","geometry":{"type":"Point","coordinates":[1826176.748829349,2187589.6148570557]},"properties":{"height":27.0,"crown_diameter":17.14},"id":"158"},{"type":"Feature","geometry":{"type":"Point","coordinates":[1826316.86527494,2187969.443857424]},"properties":{"height":27.0,"crown_diameter":25.5},"id":"159"},{"type":"Feature","geometry":{"type":"Point","coordinates":[1826366.6443620147,2188020.4449826214]},"properties":{"height":27.0,"crown_diameter":25.6},"id":"162"},{"type":"Feature","geometry":{"type":"Point","coordinates":[1826118.9471321658,2187118.889739969]},"properties":{"height":26.0,"crown_diameter":22.98},"id":"168"},{"type":"Feature","geometry":{"type":"Point","coordinates":[1826634.1153959653,2188024.6715743393]},"properties":{"height":26.0,"crown_diameter":25.14},"id":"178"},{"type":"Feature","geometry":{"type":"Point","coordinates":[1826302.7290418781,2187951.153807475]},"properties":{"height":26.0,"crown_diameter":26.0},"id":"187"},{"type":"Feature","geometry":{"type":"Point","coordinates":[1826326.7598692281,2187935.325716136]},"properties":{"height":26.0,"crown_diameter":26.0},"id":"188"},{"type":"Feature","geometry":{"type":"Point","coordinates":[1826373.951843832,2187946.459958562]},"properties":{"height":26.0,"crown_diameter":15.1},"id":"190"},{"type":"Feature","geometry":{"type":"Point","coordinates":[1826114.3642521072,2187224.371968856]},"properties":{"height":26.0,"crown_diameter":26.0},"id":"195"},{"type":"Feature","geometry":{"type":"Point","coordinates":[1826079.9086238495,2187159.224125625]},"properties":{"height":26.0,"crown_diameter":9.0},"id":"196"},{"type":"Feature","geometry":{"type":"Point","coordinates":[1826515.3391381504,2188004.121889054]},"properties":{"height":26.0,"crown_diameter":26.0},"id":"198"},{"type":"Feature","geometry":{"type":"Point","coordinates":[1827210.53431258,2186813.682648669]},"properties":{"height":26.0,"crown_diameter":26.0},"id":"199"},{"type":"Feature","geometry":{"type":"Point","coordinates":[1826374.446311061,2187952.184733426]},"properties":{"height":26.0,"crown_diameter":18.14},"id":"208"},{"type":"Feature","geometry":{"type":"Point","coordinates":[1826389.5736362536,2187598.695773212]},"properties":{"height":26.0,"crown_diameter":26.0},"id":"210"},{"type":"Feature","geometry":{"type":"Point","coordinates":[1826192.6392404118,2187651.315762865]},"properties":{"height":26.0,"crown_diameter":23.4},"id":"212"},{"type":"Feature","geometry":{"type":"Point","coordinates":[1826153.1892483165,2187290.5503573734]},"properties":{"height":26.0,"crown_diameter":26.0},"id":"213"},{"type":"Feature","geometry":{"type":"Point","coordinates":[1826342.046411642,2187491.2053069123]},"properties":{"height":26.0,"crown_diameter":24.96},"id":"214"},{"type":"Feature","geometry":{"type":"Point","coordinates":[1826544.690420798,2187997.027303241]},"properties":{"height":26.0,"crown_diameter":26.0},"id":"216"},{"type":"Feature","geometry":{"type":"Point","coordinates":[1826235.6804974251,2187257.663192047]},"properties":{"height":26.0,"crown_diameter":26.0},"id":"217"},{"type":"Feature","geometry":{"type":"Point","coordinates":[1826343.0450661194,2187780.269896105]},"properties":{"height":26.0,"crown_diameter":26.0},"id":"219"},{"type":"Feature","geometry":{"type":"Point","coordinates":[1826072.0585827506,2187137.742411492]},"properties":{"height":26.0,"crown_diameter":15.1},"id":"224"},{"type":"Feature","geometry":{"type":"Point","coordinates":[1827085.1969124032,2187286.110318084]},"properties":{"height":26.0,"crown_diameter":24.2},"id":"227"},{"type":"Feature","geometry":{"type":"Point","coordinates":[1826145.9988246742,2187227.1602875665]},"properties":{"height":26.0,"crown_diameter":26.0},"id":"231"},{"type":"Feature","geometry":{"type":"Point","coordinates":[1827249.2781855715,2186872.374857785]},"properties":{"height":26.0,"crown_diameter":24.04},"id":"233"},{"type":"Feature","geometry":{"type":"Point","coordinates":[1826335.6181567758,2187608.399693161]},"properties":{"height":26.0,"crown_diameter":26.0},"id":"234"},{"type":"Feature","geometry":{"type":"Point","coordinates":[1826330.2637917676,2188022.1428736127]},"properties":{"height":26.0,"crown_diameter":26.0},"id":"239"},{"type":"Feature","geometry":{"type":"Point","coordinates":[1826201.6928870345,2187131.864863928]},"properties":{"height":26.0,"crown_diameter":26.0},"id":"240"},{"type":"Feature","geometry":{"type":"Point","coordinates":[1826275.29498513,2187422.177381272]},"properties":{"height":26.0,"crown_diameter":26.0},"id":"246"},{"type":"Feature","geometry":{"type":"Point","coordinates":[1827213.9543948127,2186807.010851827]},"properties":{"height":26.0,"crown_diameter":22.16},"id":"253"},{"type":"Feature","geometry":{"type":"Point","coordinates":[1826197.2240562057,2187545.839523731]},"properties":{"height":26.0,"crown_diameter":26.0},"id":"254"},{"type":"Feature","geometry":{"type":"Point","coordinates":[1826391.6242710014,2187586.093363446]},"properties":{"height":26.0,"crown_diameter":26.0},"id":"255"},{"type":"Feature","geometry":{"type":"Point","coordinates":[1826092.1546351886,2187099.4831644553]},"properties":{"height":25.0,"crown_diameter":25.0},"id":"267"},{"type":"Feature","geometry":{"type":"Point","coordinates":[1826159.191733339,2187280.749239758]},"properties":{"height":25.0,"crown_diameter":24.86},"id":"269"},{"type":"Feature","geometry":{"type":"Point","coordinates":[1826234.4187527094,2187665.8454747302]},"properties":{"height":25.0,"crown_diameter":17.14},"id":"274"},{"type":"Feature","geometry":{"type":"Point","coordinates":[1826984.846953234,2187535.3853032067]},"properties":{"height":25.0,"crown_diameter":24.54},"id":"277"},{"type":"Feature","geometry":{"type":"Point","coordinates":[1827054.5998165417,2187020.878373905]},"properties":{"height":25.0,"crown_diameter":25.0},"id":"278"},{"type":"Feature","geometry":{"type":"Point","coordinates":[1826279.7969834402,2187755.0663654674]},"properties":{"height":25.0,"crown_diameter":25.0},"id":"282"},{"type":"Feature","geometry":{"type":"Point","coordinates":[1826198.7465244283,2187566.7625863687]},"properties":{"height":25.0,"crown_diameter":12.12},"id":"285"},{"type":"Feature","geometry":{"type":"Point","coordinates":[1826374.6008578695,2187775.5637244326]},"properties":{"height":25.0,"crown_diameter":25.0},"id":"286"},{"type":"Feature","geometry":{"type":"Point","coordinates":[1826552.5939412627,2188002.6309936694]},"properties":{"height":25.0,"crown_diameter":22.76},"id":"290"},{"type":"Feature","geometry":{"type":"Point","coordinates":[1826392.1400791928,2187615.1916488227]},"properties":{"height":25.0,"crown_diameter":25.0},"id":"292"},{"type":"Feature","geometry":{"type":"Point","coordinates":[1826189.741275967,2186986.958523404]},"properties":{"height":25.0,"crown_diameter":25.0},"id":"301"},{"type":"Feature","geometry":{"type":"Point","coordinates":[1826434.1029393028,2187988.6927179056]},"properties":{"height":25.0,"crown_diameter":23.86},"id":"302"},{"type":"Feature","geometry":{"type":"Point","coordinates":[1826230.496896204,2187283.5484202956]},"properties":{"height":25.0,"crown_diameter":24.66},"id":"307"},{"type":"Feature","geometry":{"type":"Point","coordinates":[1827000.9201930529,2187529.8309636633]},"properties":{"height":25.0,"crown_diameter":25.0},"id":"308"},{"type":"Feature","geometry":{"type":"Point","coordinates":[1826081.49607886,2187101.6429343163]},"properties":{"height":25.0,"crown_diameter":25.0},"id":"309"},{"type":"Feature","geometry":{"type":"Point","coordinates":[1826152.7817470268,2186572.530388623]},"properties":{"height":25.0,"crown_diameter":20.74},"id":"313"},{"type":"Feature","geometry":{"type":"Point","coordinates":[1826189.0167396422,2187107.374835511]},"properties":{"height":25.0,"crown_diameter":25.0},"id":"316"},{"type":"Feature","geometry":{"type":"Point","coordinates":[1826079.8637088095,2187112.4751528255]},"properties":{"height":25.0,"crown_diameter":20.38},"id":"317"},{"type":"Feature","geometry":{"type":"Point","coordinates":[1826390.5584729735,2187567.147278168]},"properties":{"height":25.0,"crown_diameter":24.54},"id":"326"},{"type":"Feature","geometry":{"type":"Point","coordinates":[1826209.4548374522,2187208.477499165]},"properties":{"height":25.0,"crown_diameter":25.0},"id":"332"},{"type":"Feature","geometry":{"type":"Point","coordinates":[1826108.6453864062,2187092.1556704044]},"properties":{"height":25.0,"crown_diameter":25.0},"id":"333"},{"type":"Feature","geometry":{"type":"Point","coordinates":[1826358.4129115979,2187961.4874242884]},"properties":{"height":25.0,"crown_diameter":10.06},"id":"335"},{"type":"Feature","geometry":{"type":"Point","coordinates":[1826559.9648787773,2187998.762129915]},"properties":{"height":25.0,"crown_diameter":17.58},"id":"336"},{"type":"Feature","geometry":{"type":"Point","coordinates":[1826230.6371819926,2187658.4103745134]},"properties":{"height":25.0,"crown_diameter":9.28},"id":"338"},{"type":"Feature","geometry":{"type":"Point","coordinates":[1826212.2353465487,2187564.3363319295]},"properties":{"height":25.0,"crown_diameter":14.24},"id":"339"},{"type":"Feature","geometry":{"type":"Point","coordinates":[1826136.455814668,2187189.38826229]},"properties":{"height":25.0,"crown_diameter":17.14},"id":"340"},{"type":"Feature","geometry":{"type":"Point","coordinates":[1827061.8181061922,2186959.0126568438]},"properties":{"height":25.0,"crown_diameter":25.0},"id":"341"},{"type":"Feature","geometry":{"type":"Point","coordinates":[1826155.0912577645,2187305.9550547893]},"properties":{"height":25.0,"crown_diameter":22.28},"id":"342"},{"type":"Feature","geometry":{"type":"Point","coordinates":[1826417.0119231998,2187255.5724780243]},"properties":{"height":25.0,"crown_diameter":24.54},"id":"343"},{"type":"Feature","geometry":{"type":"Point","coordinates":[1826281.604771233,2187782.5992136947]},"properties":{"height":25.0,"crown_diameter":24.54},"id":"352"},{"type":"Feature","geometry":{"type":"Point","coordinates":[1826261.2240623597,2187325.3830164545]},"properties":{"height":25.0,"crown_diameter":24.48},"id":"355"},{"type":"Feature","geometry":{"type":"Point","coordinates":[1826063.2217104882,2186999.180878161]},"properties":{"height":25.0,"crown_diameter":25.0},"id":"356"},{"type":"Feature","geometry":{"type":"Point","coordinates":[1826088.5841609072,2187239.7903392757]},"properties":{"height":25.0,"crown_diameter":25.0},"id":"357"},{"type":"Feature","geometry":{"type":"Point","coordinates":[1826915.0863178195,2187170.2451490713]},"properties":{"height":25.0,"crown_diameter":25.0},"id":"364"},{"type":"Feature","geometry":{"type":"Point","coordinates":[1826384.4264996636,2187245.0805915636]},"properties":{"height":25.0,"crown_diameter":20.74},"id":"370"},{"type":"Feature","geometry":{"type":"Point","coordinates":[1826122.9562383734,2187254.4413936175]},"properties":{"height":25.0,"crown_diameter":16.38},"id":"373"},{"type":"Feature","geometry":{"type":"Point","coordinates":[1827060.249319016,2187254.982671398]},"properties":{"height":25.0,"crown_diameter":24.7},"id":"374"},{"type":"Feature","geometry":{"type":"Point","coordinates":[1827145.7449623023,2187002.1907857615]},"properties":{"height":24.0,"crown_diameter":24.0},"id":"383"},{"type":"Feature","geometry":{"type":"Point","coordinates":[1827141.5798649164,2186828.2595450054]},"properties":{"height":24.0,"crown_diameter":24.0},"id":"384"},{"type":"Feature","geometry":{"type":"Point","coordinates":[1826141.8154339753,2187201.869680543]},"properties":{"height":24.0,"crown_diameter":17.58},"id":"386"},{"type":"Feature","geometry":{"type":"Point","coordinates":[1827070.0471421136,2187017.9800602263]},"properties":{"height":24.0,"crown_diameter":24.0},"id":"389"},{"type":"Feature","geometry":{"type":"Point","coordinates":[1826153.1064030493,2187240.0539926225]},"properties":{"height":24.0,"crown_diameter":20.74},"id":"390"},{"type":"Feature","geometry":{"type":"Point","coordinates":[1826158.664246266,2187314.275895866]},"properties":{"height":24.0,"crown_diameter":23.0},"id":"394"},{"type":"Feature","geometry":{"type":"Point","coordinates":[1826171.4620008904,2186587.2197277155]},"properties":{"height":24.0,"crown_diameter":24.0},"id":"396"},{"type":"Feature","geometry":{"type":"Point","coordinates":[1826728.7058034553,2187639.4558530147]},"properties":{"height":24.0,"crown_diameter":24.0},"id":"402"},{"type":"Feature","geometry":{"type":"Point","coordinates":[1826090.9749386793,2187217.920112326]},"properties":{"height":24.0,"crown_diameter":22.96},"id":"405"},{"type":"Feature","geometry":{"type":"Point","coordinates":[1826291.7465549747,2187751.342592265]},"properties":{"height":24.0,"crown_diameter":24.0},"id":"412"},{"type":"Feature","geometry":{"type":"Point","coordinates":[1826094.3911708426,2187062.6197079727]},"properties":{"height":24.0,"crown_diameter":24.0},"id":"416"},{"type":"Feature","geometry":{"type":"Point","coordinates":[1826208.6395716222,2187681.262232433]},"properties":{"height":24.0,"crown_diameter":13.12},"id":"417"},{"type":"Feature","geometry":{"type":"Point","coordinates":[1826236.6878567978,2187738.3532555113]},"properties":{"height":24.0,"crown_diameter":21.82},"id":"418"},{"type":"Feature","geometry":{"type":"Point","coordinates":[1826137.457264655,2187286.839359972]},"properties":{"height":24.0,"crown_diameter":24.0},"id":"419"},{"type":"Feature","geometry":{"type":"Point","coordinates":[1826329.590524836,2187743.4461839963]},"properties":{"height":24.0,"crown_diameter":22.34},"id":"422"},{"type":"Feature","geometry":{"type":"Point","coordinates":[1827147.791852086,2186774.568300368]},"properties":{"height":24.0,"crown_diameter":24.0},"id":"428"},{"type":"Feature","geometry":{"type":"Point","coordinates":[1826154.6186421474,2187323.6038197665]},"properties":{"height":24.0,"crown_diameter":24.0},"id":"435"},{"type":"Feature","geometry":{"type":"Point","coordinates":[1826352.7947597322,2187625.538209249]},"properties":{"height":24.0,"crown_diameter":24.0},"id":"443"},{"type":"Feature","geometry":{"type":"Point","coordinates":[1826792.2780081904,2186990.759796412]},"properties":{"height":24.0,"crown_diameter":21.64},"id":"446"},{"type":"Feature","geometry":{"type":"Point","coordinates":[1826200.8726216762,2186967.149203163]},"properties":{"height":24.0,"crown_diameter":24.0},"id":"447"},{"type":"Feature","geometry":{"type":"Point","coordinates":[1827025.2992414336,2186969.0912677287]},"properties":{"height":24.0,"crown_diameter":23.7},"id":"448"},{"type":"Feature","geometry":{"type":"Point","coordinates":[1826720.669437388,2187642.2331917267]},"properties":{"height":24.0,"crown_diameter":24.0},"id":"453"},{"type":"Feature","geometry":{"type":"Point","coordinates":[1826303.437767648,2187467.1410210407]},"properties":{"height":24.0,"crown_diameter":24.0},"id":"456"},{"type":"Feature","geometry":{"type":"Point","coordinates":[1826129.6238323234,2187245.7318603597]},"properties":{"height":24.0,"crown_diameter":11.26},"id":"461"},{"type":"Feature","geometry":{"type":"Point","coordinates":[1826172.6759436277,2187532.570792889]},"properties":{"height":24.0,"crown_diameter":24.0},"id":"462"},{"type":"Feature","geometry":{"type":"Point","coordinates":[1826384.4614895238,2187780.694300716]},"properties":{"height":24.0,"crown_diameter":22.76},"id":"467"},{"type":"Feature","geometry":{"type":"Point","coordinates":[1826391.786030796,2187687.0817559883]},"properties":{"height":24.0,"crown_diameter":24.0},"id":"472"},{"type":"Feature","geometry":{"type":"Point","coordinates":[1826156.888310501,2187247.4894123925]},"properties":{"height":24.0,"crown_diameter":22.34},"id":"475"},{"type":"Feature","geometry":{"type":"Point","coordinates":[1826207.733045863,2186977.18063783]},"properties":{"height":24.0,"crown_diameter":23.38},"id":"476"},{"type":"Feature","geometry":{"type":"Point","coordinates":[1826357.3771293699,2187477.062076187]},"properties":{"height":24.0,"crown_diameter":22.76},"id":"479"},{"type":"Feature","geometry":{"type":"Point","coordinates":[1826297.34464346,2187872.304581181]},"properties":{"height":24.0,"crown_diameter":21.88},"id":"481"},{"type":"Feature","geometry":{"type":"Point","coordinates":[1826209.327660208,2187557.1073302324]},"properties":{"height":24.0,"crown_diameter":7.12},"id":"484"},{"type":"Feature","geometry":{"type":"Point","coordinates":[1826465.713822354,2187968.1106979777]},"properties":{"height":24.0,"crown_diameter":24.0},"id":"485"},{"type":"Feature","geometry":{"type":"Point","coordinates":[1826216.714043256,2187682.2323675943]},"properties":{"height":24.0,"crown_diameter":10.06},"id":"486"},{"type":"Feature","geometry":{"type":"Point","coordinates":[1826233.741861176,2187727.3765144134]},"properties":{"height":24.0,"crown_diameter":23.3},"id":"491"},{"type":"Feature","geometry":{"type":"Point","coordinates":[1827061.1188093747,2187083.1810498857]},"properties":{"height":24.0,"crown_diameter":18.0},"id":"492"},{"type":"Feature","geometry":{"type":"Point","coordinates":[1826125.3897323646,2187130.6919099283]},"properties":{"height":24.0,"crown_diameter":12.12},"id":"493"},{"type":"Feature","geometry":{"type":"Point","coordinates":[1826361.6653081356,2188002.446043213]},"properties":{"height":24.0,"crown_diameter":21.64},"id":"494"},{"type":"Feature","geometry":{"type":"Point","coordinates":[1826240.4141595922,2187761.665186946]},"properties":{"height":24.0,"crown_diameter":22.06},"id":"495"},{"type":"Feature","geometry":{"type":"Point","coordinates":[1826331.4534629842,2187946.714606346]},"properties":{"height":24.0,"crown_diameter":18.0},"id":"497"},{"type":"Feature","geometry":{"type":"Point","coordinates":[1826162.1438413395,2187334.726436107]},"properties":{"height":24.0,"crown_diameter":19.1},"id":"501"},{"type":"Feature","geometry":{"type":"Point","coordinates":[1827030.5751899204,2186802.0629090453]},"properties":{"height":24.0,"crown_diameter":23.16},"id":"507"},{"type":"Feature","geometry":{"type":"Point","coordinates":[1827150.4336089434,2186798.5635485277]},"properties":{"height":23.0,"crown_diameter":23.0},"id":"508"},{"type":"Feature","geometry":{"type":"Point","coordinates":[1826179.2499636624,2187535.9910541843]},"properties":{"height":23.0,"crown_diameter":21.88},"id":"511"},{"type":"Feature","geometry":{"type":"Point","coordinates":[1827048.1385191479,2186985.6993089467]},"properties":{"height":23.0,"crown_diameter":23.0},"id":"514"},{"type":"Feature","geometry":{"type":"Point","coordinates":[1826201.0764009294,2187666.3920916035]},"properties":{"height":23.0,"crown_diameter":19.36},"id":"519"},{"type":"Feature","geometry":{"type":"Point","coordinates":[1826254.4628231453,2187346.222089248]},"properties":{"height":23.0,"crown_diameter":23.0},"id":"520"},{"type":"Feature","geometry":{"type":"Point","coordinates":[1826644.7641577006,2186826.0120993843]},"properties":{"height":23.0,"crown_diameter":22.68},"id":"521"},{"type":"Feature","geometry":{"type":"Point","coordinates":[1826398.2790602464,2187640.0081676063]},"properties":{"height":23.0,"crown_diameter":22.1},"id":"523"},{"type":"Feature","geometry":{"type":"Point","coordinates":[1826592.3176275592,2187986.7677528616]},"properties":{"height":23.0,"crown_diameter":21.28},"id":"524"},{"type":"Feature","geometry":{"type":"Point","coordinates":[1826323.8226445194,2187818.731028924]},"properties":{"height":23.0,"crown_diameter":21.72},"id":"533"},{"type":"Feature","geometry":{"type":"Point","coordinates":[1826148.626715272,2187270.7790257614]},"properties":{"height":23.0,"crown_diameter":19.36},"id":"535"},{"type":"Feature","geometry":{"type":"Point","coordinates":[1826349.6295116928,2187337.825998723]},"properties":{"height":23.0,"crown_diameter":19.22},"id":"536"},{"type":"Feature","geometry":{"type":"Point","coordinates":[1826257.288471674,2187302.9552040515]},"properties":{"height":23.0,"crown_diameter":23.0},"id":"537"},{"type":"Feature","geometry":{"type":"Point","coordinates":[1826059.9926545154,2187130.222540662]},"properties":{"height":23.0,"crown_diameter":11.48},"id":"538"},{"type":"Feature","geometry":{"type":"Point","coordinates":[1826377.8475752943,2187198.6593428236]},"properties":{"height":23.0,"crown_diameter":19.1},"id":"539"},{"type":"Feature","geometry":{"type":"Point","coordinates":[1826229.1129314024,2187786.105316262]},"properties":{"height":23.0,"crown_diameter":23.0},"id":"546"},{"type":"Feature","geometry":{"type":"Point","coordinates":[1826160.472846422,2187341.8102415837]},"properties":{"height":23.0,"crown_diameter":14.24},"id":"548"},{"type":"Feature","geometry":{"type":"Point","coordinates":[1826234.42368985,2187708.8432596265]},"properties":{"height":23.0,"crown_diameter":22.54},"id":"551"},{"type":"Feature","geometry":{"type":"Point","coordinates":[1827153.6679403319,2186988.168301684]},"properties":{"height":23.0,"crown_diameter":23.0},"id":"555"},{"type":"Feature","geometry":{"type":"Point","coordinates":[1826350.6596491018,2187204.3974072128]},"properties":{"height":23.0,"crown_diameter":22.48},"id":"561"},{"type":"Feature","geometry":{"type":"Point","coordinates":[1826399.2297312587,2187647.710252407]},"properties":{"height":23.0,"crown_diameter":22.54},"id":"563"},{"type":"Feature","geometry":{"type":"Point","coordinates":[1827032.466662185,2187095.1157427807]},"properties":{"height":23.0,"crown_diameter":21.72},"id":"568"},{"type":"Feature","geometry":{"type":"Point","coordinates":[1826139.2704463538,2187208.7474552747]},"properties":{"height":23.0,"crown_diameter":21.22},"id":"571"},{"type":"Feature","geometry":{"type":"Point","coordinates":[1827129.0501979727,2187397.418871954]},"properties":{"height":23.0,"crown_diameter":23.0},"id":"572"},{"type":"Feature","geometry":{"type":"Point","coordinates":[1826171.4939840008,2187353.7575192647]},"properties":{"height":23.0,"crown_diameter":23.0},"id":"573"},{"type":"Feature","geometry":{"type":"Point","coordinates":[1827105.5960887,2186976.823031345]},"properties":{"height":23.0,"crown_diameter":23.0},"id":"576"},{"type":"Feature","geometry":{"type":"Point","coordinates":[1826227.9985901043,2187677.4168368]},"properties":{"height":23.0,"crown_diameter":23.0},"id":"577"},{"type":"Feature","geometry":{"type":"Point","coordinates":[1826093.5010486871,2187082.040048561]},"properties":{"height":23.0,"crown_diameter":20.8},"id":"582"},{"type":"Feature","geometry":{"type":"Point","coordinates":[1826146.894658646,2186593.5779502336]},"properties":{"height":23.0,"crown_diameter":23.0},"id":"583"},{"type":"Feature","geometry":{"type":"Point","coordinates":[1826310.3001419713,2187860.4060702035]},"properties":{"height":23.0,"crown_diameter":23.0},"id":"585"},{"type":"Feature","geometry":{"type":"Point","coordinates":[1826967.4154944664,2187964.9925003164]},"properties":{"height":23.0,"crown_diameter":23.0},"id":"588"},{"type":"Feature","geometry":{"type":"Point","coordinates":[1826083.2987594232,2187086.1770028686]},"properties":{"height":23.0,"crown_diameter":23.0},"id":"591"},{"type":"Feature","geometry":{"type":"Point","coordinates":[1826561.6123272271,2187413.077925907]},"properties":{"height":23.0,"crown_diameter":20.12},"id":"593"},{"type":"Feature","geometry":{"type":"Point","coordinates":[1826141.8213710522,2187244.870061181]},"properties":{"height":23.0,"crown_diameter":14.24},"id":"596"},{"type":"Feature","geometry":{"type":"Point","coordinates":[1826607.2376202517,2187270.540579451]},"properties":{"height":23.0,"crown_diameter":20.8},"id":"608"},{"type":"Feature","geometry":{"type":"Point","coordinates":[1827017.3002271198,2186975.617135536]},"properties":{"height":23.0,"crown_diameter":22.68},"id":"609"},{"type":"Feature","geometry":{"type":"Point","coordinates":[1826648.4866063376,2186806.3239119076]},"properties":{"height":23.0,"crown_diameter":23.0},"id":"612"},{"type":"Feature","geometry":{"type":"Point","coordinates":[1826347.9220961076,2187724.4033659506]},"properties":{"height":23.0,"crown_diameter":22.3},"id":"614"},{"type":"Feature","geometry":{"type":"Point","coordinates":[1826300.716894049,2187967.503319144]},"properties":{"height":23.0,"crown_diameter":21.28},"id":"616"},{"type":"Feature","geometry":{"type":"Point","coordinates":[1826353.9970869396,2187679.1009230088]},"properties":{"height":23.0,"crown_diameter":22.1},"id":"618"},{"type":"Feature","geometry":{"type":"Point","coordinates":[1827039.4377310665,2187030.3878745013]},"properties":{"height":22.0,"crown_diameter":22.0},"id":"625"},{"type":"Feature","geometry":{"type":"Point","coordinates":[1826780.1440270892,2187104.7489582254]},"properties":{"height":22.0,"crown_diameter":22.0},"id":"631"},{"type":"Feature","geometry":{"type":"Point","coordinates":[1826257.6716805531,2187489.0600596326]},"properties":{"height":22.0,"crown_diameter":22.0},"id":"632"},{"type":"Feature","geometry":{"type":"Point","coordinates":[1827038.3717079754,2187762.0774329305]},"properties":{"height":22.0,"crown_diameter":22.0},"id":"637"},{"type":"Feature","geometry":{"type":"Point","coordinates":[1826281.6316216576,2187508.733489835]},"properties":{"height":22.0,"crown_diameter":22.0},"id":"640"},{"type":"Feature","geometry":{"type":"Point","coordinates":[1826153.2974875995,2187110.1664569527]},"properties":{"height":22.0,"crown_diameter":22.0},"id":"644"},{"type":"Feature","geometry":{"type":"Point","coordinates":[1826145.9008387264,2187344.9160554856]},"properties":{"height":22.0,"crown_diameter":21.28},"id":"645"},{"type":"Feature","geometry":{"type":"Point","coordinates":[1826133.214518031,2187383.052174702]},"properties":{"height":22.0,"crown_diameter":22.0},"id":"651"},{"type":"Feature","geometry":{"type":"Point","coordinates":[1826766.1907795041,2187296.829515823]},"properties":{"height":22.0,"crown_diameter":18.14},"id":"654"},{"type":"Feature","geometry":{"type":"Point","coordinates":[1826821.6300524382,2187261.3025111468]},"properties":{"height":22.0,"crown_diameter":22.0},"id":"657"},{"type":"Feature","geometry":{"type":"Point","coordinates":[1826267.1061209592,2187261.3374953545]},"properties":{"height":22.0,"crown_diameter":22.0},"id":"662"},{"type":"Feature","geometry":{"type":"Point","coordinates":[1826207.8091141381,2187727.801596427]},"properties":{"height":22.0,"crown_diameter":22.0},"id":"663"},{"type":"Feature","geometry":{"type":"Point","coordinates":[1826834.1579979453,2187849.4181998675]},"properties":{"height":22.0,"crown_diameter":22.0},"id":"666"},{"type":"Feature","geometry":{"type":"Point","coordinates":[1826171.1752635462,2187386.398382901]},"properties":{"height":22.0,"crown_diameter":21.76},"id":"669"},{"type":"Feature","geometry":{"type":"Point","coordinates":[1826308.2747673541,2187747.7643310945]},"properties":{"height":22.0,"crown_diameter":20.06},"id":"674"},{"type":"Feature","geometry":{"type":"Point","coordinates":[1826285.050674041,2187502.0622161585]},"properties":{"height":22.0,"crown_diameter":22.0},"id":"675"},{"type":"Feature","geometry":{"type":"Point","coordinates":[1826372.6782997595,2187736.7870734446]},"properties":{"height":22.0,"crown_diameter":22.0},"id":"677"},{"type":"Feature","geometry":{"type":"Point","coordinates":[1826582.8100621237,2187589.1390092922]},"properties":{"height":22.0,"crown_diameter":22.0},"id":"679"},{"type":"Feature","geometry":{"type":"Point","coordinates":[1826187.2672873219,2186958.331136486]},"properties":{"height":22.0,"crown_diameter":20.96},"id":"681"},{"type":"Feature","geometry":{"type":"Point","coordinates":[1826230.0351008466,2187089.9421001957]},"properties":{"height":22.0,"crown_diameter":22.0},"id":"684"},{"type":"Feature","geometry":{"type":"Point","coordinates":[1827072.2881267904,2186981.1152924118]},"properties":{"height":22.0,"crown_diameter":22.0},"id":"688"},{"type":"Feature","geometry":{"type":"Point","coordinates":[1827105.1720089633,2186763.575162051]},"properties":{"height":22.0,"crown_diameter":20.96},"id":"689"},{"type":"Feature","geometry":{"type":"Point","coordinates":[1826030.541978959,2187000.8206239007]},"properties":{"height":22.0,"crown_diameter":22.0},"id":"692"},{"type":"Feature","geometry":{"type":"Point","coordinates":[1826841.320302849,2187846.434848973]},"properties":{"height":22.0,"crown_diameter":22.0},"id":"693"},{"type":"Feature","geometry":{"type":"Point","coordinates":[1826366.9784532476,2187733.57287899]},"properties":{"height":22.0,"crown_diameter":21.0},"id":"698"},{"type":"Feature","geometry":{"type":"Point","coordinates":[1826172.132825708,2186885.5860358593]},"properties":{"height":22.0,"crown_diameter":20.32},"id":"699"},{"type":"Feature","geometry":{"type":"Point","coordinates":[1826224.5511017006,2187766.335159195]},"properties":{"height":22.0,"crown_diameter":22.0},"id":"701"},{"type":"Feature","geometry":{"type":"Point","coordinates":[1826848.8343088764,2187192.938085472]},"properties":{"height":22.0,"crown_diameter":22.0},"id":"706"},{"type":"Feature","geometry":{"type":"Point","coordinates":[1826972.8940531828,2187453.1084829704]},"properties":{"height":22.0,"crown_diameter":22.0},"id":"707"},{"type":"Feature","geometry":{"type":"Point","coordinates":[1826210.0537863518,2187139.4457809576]},"properties":{"height":22.0,"crown_diameter":17.14},"id":"711"},{"type":"Feature","geometry":{"type":"Point","coordinates":[1827044.1743646383,2187217.535717136]},"properties":{"height":22.0,"crown_diameter":22.0},"id":"715"},{"type":"Feature","geometry":{"type":"Point","coordinates":[1826638.599595724,2188036.946015363]},"properties":{"height":22.0,"crown_diameter":21.76},"id":"718"},{"type":"Feature","geometry":{"type":"Point","coordinates":[1826970.6163394735,2187529.2225142955]},"properties":{"height":22.0,"crown_diameter":22.0},"id":"719"},{"type":"Feature","geometry":{"type":"Point","coordinates":[1826222.3429774581,2186829.1887177806]},"properties":{"height":22.0,"crown_diameter":22.0},"id":"720"},{"type":"Feature","geometry":{"type":"Point","coordinates":[1826311.4767310559,2187847.597955229]},"properties":{"height":22.0,"crown_diameter":19.74},"id":"721"},{"type":"Feature","geometry":{"type":"Point","coordinates":[1826131.0873047211,2187388.158826973]},"properties":{"height":22.0,"crown_diameter":22.0},"id":"723"},{"type":"Feature","geometry":{"type":"Point","coordinates":[1826299.8860484469,2186844.6759018563]},"properties":{"height":22.0,"crown_diameter":19.74},"id":"725"},{"type":"Feature","geometry":{"type":"Point","coordinates":[1826179.476511805,2186561.064870247]},"properties":{"height":22.0,"crown_diameter":17.58},"id":"729"},{"type":"Feature","geometry":{"type":"Point","coordinates":[1826969.965846339,2187379.5042430507]},"properties":{"height":22.0,"crown_diameter":19.86},"id":"730"},{"type":"Feature","geometry":{"type":"Point","coordinates":[1826190.104224414,2187001.06600527]},"properties":{"height":22.0,"crown_diameter":22.0},"id":"731"},{"type":"Feature","geometry":{"type":"Point","coordinates":[1826867.6306735596,2187304.875455225]},"properties":{"height":22.0,"crown_diameter":22.0},"id":"733"},{"type":"Feature","geometry":{"type":"Point","coordinates":[1826588.0829915344,2186804.225484413]},"properties":{"height":22.0,"crown_diameter":22.0},"id":"734"},{"type":"Feature","geometry":{"type":"Point","coordinates":[1827009.890004401,2186975.738068445]},"properties":{"height":22.0,"crown_diameter":20.32},"id":"736"},{"type":"Feature","geometry":{"type":"Point","coordinates":[1826115.0880289185,2187103.957865903]},"properties":{"height":22.0,"crown_diameter":21.28},"id":"741"},{"type":"Feature","geometry":{"type":"Point","coordinates":[1826295.1745663465,2187830.6661284263]},"properties":{"height":22.0,"crown_diameter":22.0},"id":"742"},{"type":"Feature","geometry":{"type":"Point","coordinates":[1826448.663437299,2187856.597832895]},"properties":{"height":22.0,"crown_diameter":19.74},"id":"743"},{"type":"Feature","geometry":{"type":"Point","coordinates":[1826827.763723667,2187200.11839227]},"properties":{"height":22.0,"crown_diameter":22.0},"id":"744"},{"type":"Feature","geometry":{"type":"Point","coordinates":[1826195.1276464735,2186917.184556014]},"properties":{"height":22.0,"crown_diameter":22.0},"id":"747"},{"type":"Feature","geometry":{"type":"Point","coordinates":[1827118.0554683825,2186787.18278505]},"properties":{"height":22.0,"crown_diameter":20.38},"id":"748"},{"type":"Feature","geometry":{"type":"Point","coordinates":[1826163.5182445194,2187383.65739208]},"properties":{"height":22.0,"crown_diameter":20.78},"id":"751"},{"type":"Feature","geometry":{"type":"Point","coordinates":[1826461.1421695207,2187819.3498874307]},"properties":{"height":22.0,"crown_diameter":21.0},"id":"753"},{"type":"Feature","geometry":{"type":"Point","coordinates":[1826486.4912464202,2186675.555383241]},"properties":{"height":22.0,"crown_diameter":20.06},"id":"759"},{"type":"Feature","geometry":{"type":"Point","coordinates":[1826356.0987122627,2187607.623203765]},"properties":{"height":22.0,"crown_diameter":21.82},"id":"763"},{"type":"Feature","geometry":{"type":"Point","coordinates":[1826064.3135325478,2186575.969862484]},"properties":{"height":22.0,"crown_diameter":22.0},"id":"766"},{"type":"Feature","geometry":{"type":"Point","coordinates":[1826977.751659694,2188038.470207353]},"properties":{"height":22.0,"crown_diameter":22.0},"id":"768"},{"type":"Feature","geometry":{"type":"Point","coordinates":[1826540.2870703004,2186905.12856495]},"properties":{"height":22.0,"crown_diameter":9.0},"id":"780"},{"type":"Feature","geometry":{"type":"Point","coordinates":[1826630.6442074082,2187257.3676871783]},"properties":{"height":22.0,"crown_diameter":13.12},"id":"783"},{"type":"Feature","geometry":{"type":"Point","coordinates":[1826433.813843391,2187939.0861052196]},"properties":{"height":22.0,"crown_diameter":15.9},"id":"786"},{"type":"Feature","geometry":{"type":"Point","coordinates":[1826186.720157882,2187414.3686336745]},"properties":{"height":22.0,"crown_diameter":21.16},"id":"789"},{"type":"Feature","geometry":{"type":"Point","coordinates":[1826053.3796758978,2187123.0541178286]},"properties":{"height":22.0,"crown_diameter":20.84},"id":"790"},{"type":"Feature","geometry":{"type":"Point","coordinates":[1826156.8463371487,2186946.4814083027]},"properties":{"height":22.0,"crown_diameter":21.0},"id":"795"},{"type":"Feature","geometry":{"type":"Point","coordinates":[1826338.6540137366,2187755.8662868068]},"properties":{"height":22.0,"crown_diameter":19.8},"id":"801"},{"type":"Feature","geometry":{"type":"Point","coordinates":[1826492.196551152,2186721.773879781]},"properties":{"height":22.0,"crown_diameter":22.0},"id":"807"},{"type":"Feature","geometry":{"type":"Point","coordinates":[1826168.7883332097,2187154.0157551407]},"properties":{"height":22.0,"crown_diameter":21.42},"id":"808"},{"type":"Feature","geometry":{"type":"Point","coordinates":[1826205.9089833924,2187117.9029882266]},"properties":{"height":22.0,"crown_diameter":21.0},"id":"810"},{"type":"Feature","geometry":{"type":"Point","coordinates":[1826874.7223400264,2187016.757884051]},"properties":{"height":22.0,"crown_diameter":21.28},"id":"813"},{"type":"Feature","geometry":{"type":"Point","coordinates":[1826793.2257620224,2186955.459957464]},"properties":{"height":22.0,"crown_diameter":17.14},"id":"814"},{"type":"Feature","geometry":{"type":"Point","coordinates":[1826836.2566619639,2187199.3181022643]},"properties":{"height":22.0,"crown_diameter":22.0},"id":"816"},{"type":"Feature","geometry":{"type":"Point","coordinates":[1826648.0602076778,2187425.9973770557]},"properties":{"height":22.0,"crown_diameter":22.0},"id":"817"},{"type":"Feature","geometry":{"type":"Point","coordinates":[1827064.9160120003,2186984.9845403107]},"properties":{"height":22.0,"crown_diameter":22.0},"id":"820"},{"type":"Feature","geometry":{"type":"Point","coordinates":[1826411.4995949042,2188037.5709846695]},"properties":{"height":22.0,"crown_diameter":20.32},"id":"822"},{"type":"Feature","geometry":{"type":"Point","coordinates":[1826792.466822502,2187287.138486374]},"properties":{"height":22.0,"crown_diameter":19.74},"id":"826"},{"type":"Feature","geometry":{"type":"Point","coordinates":[1826068.8290531777,2187014.5252190856]},"properties":{"height":22.0,"crown_diameter":22.0},"id":"827"},{"type":"Feature","geometry":{"type":"Point","coordinates":[1826373.7320687268,2187094.8622862794]},"properties":{"height":22.0,"crown_diameter":21.16},"id":"829"},{"type":"Feature","geometry":{"type":"Point","coordinates":[1826992.6962584667,2187021.226875403]},"properties":{"height":22.0,"crown_diameter":19.1},"id":"832"},{"type":"Feature","geometry":{"type":"Point","coordinates":[1826063.980015987,2186988.142331265]},"properties":{"height":22.0,"crown_diameter":22.0},"id":"835"},{"type":"Feature","geometry":{"type":"Point","coordinates":[1826451.7460452577,2187284.3321157116]},"properties":{"height":22.0,"crown_diameter":18.56},"id":"838"},{"type":"Feature","geometry":{"type":"Point","coordinates":[1827085.4367373418,2186987.957737798]},"properties":{"height":22.0,"crown_diameter":20.96},"id":"841"},{"type":"Feature","geometry":{"type":"Point","coordinates":[1826769.5000394918,2187044.2788447337]},"properties":{"height":21.0,"crown_diameter":21.0},"id":"847"},{"type":"Feature","geometry":{"type":"Point","coordinates":[1826605.640538228,2188074.9681766643]},"properties":{"height":21.0,"crown_diameter":21.0},"id":"851"},{"type":"Feature","geometry":{"type":"Point","coordinates":[1826217.801885605,2187724.5507798665]},"properties":{"height":21.0,"crown_diameter":21.0},"id":"852"},{"type":"Feature","geometry":{"type":"Point","coordinates":[1826696.1276083933,2186882.068242116]},"properties":{"height":21.0,"crown_diameter":21.0},"id":"857"},{"type":"Feature","geometry":{"type":"Point","coordinates":[1826311.8642882223,2187736.4599963618]},"properties":{"height":21.0,"crown_diameter":19.64},"id":"859"},{"type":"Feature","geometry":{"type":"Point","coordinates":[1826193.7439336982,2187079.5117742913]},"properties":{"height":21.0,"crown_diameter":21.0},"id":"862"},{"type":"Feature","geometry":{"type":"Point","coordinates":[1827051.8377366927,2186813.6246910775]},"properties":{"height":21.0,"crown_diameter":21.0},"id":"864"},{"type":"Feature","geometry":{"type":"Point","coordinates":[1826793.6594963076,2187211.7015633713]},"properties":{"height":21.0,"crown_diameter":18.14},"id":"865"},{"type":"Feature","geometry":{"type":"Point","coordinates":[1826640.7473735388,2188055.21192164]},"properties":{"height":22.0,"crown_diameter":19.3},"id":"867"},{"type":"Feature","geometry":{"type":"Point","coordinates":[1826169.8351800654,2186895.3268973855]},"properties":{"height":21.0,"crown_diameter":19.88},"id":"869"},{"type":"Feature","geometry":{"type":"Point","coordinates":[1826203.4944906496,2187710.89377429]},"properties":{"height":21.0,"crown_diameter":21.0},"id":"870"},{"type":"Feature","geometry":{"type":"Point","coordinates":[1826159.3427613364,2186998.483825376]},"properties":{"height":21.0,"crown_diameter":21.0},"id":"871"},{"type":"Feature","geometry":{"type":"Point","coordinates":[1826318.8558757761,2187738.109482139]},"properties":{"height":21.0,"crown_diameter":21.0},"id":"873"},{"type":"Feature","geometry":{"type":"Point","coordinates":[1826980.48766053,2187256.7246104865]},"properties":{"height":21.0,"crown_diameter":21.0},"id":"877"},{"type":"Feature","geometry":{"type":"Point","coordinates":[1826084.5771663003,2187252.866487155]},"properties":{"height":21.0,"crown_diameter":20.7},"id":"878"},{"type":"Feature","geometry":{"type":"Point","coordinates":[1827048.4757944634,2186847.4211352463]},"properties":{"height":21.0,"crown_diameter":21.0},"id":"885"},{"type":"Feature","geometry":{"type":"Point","coordinates":[1827046.2136050658,2186817.9066192415]},"properties":{"height":21.0,"crown_diameter":21.0},"id":"893"},{"type":"Feature","geometry":{"type":"Point","coordinates":[1827111.3626088123,2187480.179750128]},"properties":{"height":21.0,"crown_diameter":19.64},"id":"894"},{"type":"Feature","geometry":{"type":"Point","coordinates":[1826329.1940085378,2187960.2017591046]},"properties":{"height":21.0,"crown_diameter":18.0},"id":"895"},{"type":"Feature","geometry":{"type":"Point","coordinates":[1826394.088466864,2187528.72122648]},"properties":{"height":21.0,"crown_diameter":18.48},"id":"902"},{"type":"Feature","geometry":{"type":"Point","coordinates":[1826636.0063227615,2187312.8501885114]},"properties":{"height":21.0,"crown_diameter":21.0},"id":"904"},{"type":"Feature","geometry":{"type":"Point","coordinates":[1826787.324685832,2187082.1382045234]},"properties":{"height":21.0,"crown_diameter":21.0},"id":"906"},{"type":"Feature","geometry":{"type":"Point","coordinates":[1826326.8705280737,2187711.9590505357]},"properties":{"height":21.0,"crown_diameter":21.0},"id":"908"},{"type":"Feature","geometry":{"type":"Point","coordinates":[1826827.9629778764,2187027.224984068]},"properties":{"height":21.0,"crown_diameter":14.4},"id":"909"},{"type":"Feature","geometry":{"type":"Point","coordinates":[1826264.021641772,2187364.36783492]},"properties":{"height":21.0,"crown_diameter":19.32},"id":"911"},{"type":"Feature","geometry":{"type":"Point","coordinates":[1827018.1193628581,2187034.7051910283]},"properties":{"height":21.0,"crown_diameter":20.8},"id":"918"},{"type":"Feature","geometry":{"type":"Point","coordinates":[1826163.7514490888,2187003.262910463]},"properties":{"height":21.0,"crown_diameter":21.0},"id":"919"},{"type":"Feature","geometry":{"type":"Point","coordinates":[1826376.335651876,2187838.5980962096]},"properties":{"height":21.0,"crown_diameter":15.9},"id":"932"},{"type":"Feature","geometry":{"type":"Point","coordinates":[1826142.723438501,2187311.450366439]},"properties":{"height":21.0,"crown_diameter":15.76},"id":"938"},{"type":"Feature","geometry":{"type":"Point","coordinates":[1826440.2377679497,2187970.511828417]},"properties":{"height":21.0,"crown_diameter":19.94},"id":"945"},{"type":"Feature","geometry":{"type":"Point","coordinates":[1826137.4048842718,2187048.4614232457]},"properties":{"height":21.0,"crown_diameter":21.0},"id":"947"},{"type":"Feature","geometry":{"type":"Point","coordinates":[1827059.0448746998,2186986.4034907864]},"properties":{"height":22.0,"crown_diameter":22.0},"id":"950"},{"type":"Feature","geometry":{"type":"Point","coordinates":[1827078.5337460907,2186802.1623427845]},"properties":{"height":21.0,"crown_diameter":21.0},"id":"951"},{"type":"Feature","geometry":{"type":"Point","coordinates":[1826965.6310205397,2188046.826009156]},"properties":{"height":21.0,"crown_diameter":21.0},"id":"954"},{"type":"Feature","geometry":{"type":"Point","coordinates":[1826471.722377944,2187575.0798076848]},"properties":{"height":21.0,"crown_diameter":19.38},"id":"956"},{"type":"Feature","geometry":{"type":"Point","coordinates":[1826956.0229599962,2187465.9529270544]},"properties":{"height":21.0,"crown_diameter":20.7},"id":"957"},{"type":"Feature","geometry":{"type":"Point","coordinates":[1827125.3712208455,2186799.192860057]},"properties":{"height":21.0,"crown_diameter":21.0},"id":"960"},{"type":"Feature","geometry":{"type":"Point","coordinates":[1826497.5761001667,2187758.777772546]},"properties":{"height":22.0,"crown_diameter":20.06},"id":"961"},{"type":"Feature","geometry":{"type":"Point","coordinates":[1826244.349310036,2187784.0916324705]},"properties":{"height":21.0,"crown_diameter":19.32},"id":"962"},{"type":"Feature","geometry":{"type":"Point","coordinates":[1826207.8765434178,2187054.8020170755]},"properties":{"height":21.0,"crown_diameter":20.38},"id":"963"},{"type":"Feature","geometry":{"type":"Point","coordinates":[1826824.3602548337,2188000.39910036]},"properties":{"height":21.0,"crown_diameter":17.58},"id":"964"},{"type":"Feature","geometry":{"type":"Point","coordinates":[1827085.408296984,2187414.2276727594]},"properties":{"height":21.0,"crown_diameter":18.48},"id":"965"},{"type":"Feature","geometry":{"type":"Point","coordinates":[1826218.585204596,2187291.0207964564]},"properties":{"height":21.0,"crown_diameter":19.44},"id":"968"},{"type":"Feature","geometry":{"type":"Point","coordinates":[1826602.3464521298,2187666.658232464]},"properties":{"height":21.0,"crown_diameter":21.0},"id":"970"},{"type":"Feature","geometry":{"type":"Point","coordinates":[1826363.855574177,2186960.7259073784]},"properties":{"height":21.0,"crown_diameter":20.8},"id":"972"},{"type":"Feature","geometry":{"type":"Point","coordinates":[1826440.6001584043,2186983.504924771]},"properties":{"height":21.0,"crown_diameter":20.38},"id":"974"},{"type":"Feature","geometry":{"type":"Point","coordinates":[1827133.3552149124,2186941.3061191584]},"properties":{"height":21.0,"crown_diameter":21.0},"id":"986"},{"type":"Feature","geometry":{"type":"Point","coordinates":[1826271.5319575123,2186949.2295275126]},"properties":{"height":21.0,"crown_diameter":20.32},"id":"993"},{"type":"Feature","geometry":{"type":"Point","coordinates":[1826336.014854173,2187966.484430314]},"properties":{"height":21.0,"crown_diameter":15.9},"id":"994"},{"type":"Feature","geometry":{"type":"Point","coordinates":[1826919.0021487286,2187212.300813525]},"properties":{"height":21.0,"crown_diameter":13.68},"id":"996"},{"type":"Feature","geometry":{"type":"Point","coordinates":[1826351.4008437938,2187744.85301167]},"properties":{"height":21.0,"crown_diameter":19.44},"id":"998"},{"type":"Feature","geometry":{"type":"Point","coordinates":[1826143.8001136,2186610.6099388236]},"properties":{"height":21.0,"crown_diameter":19.32},"id":"1003"},{"type":"Feature","geometry":{"type":"Point","coordinates":[1826200.983497851,2187084.023851451]},"properties":{"height":21.0,"crown_diameter":21.0},"id":"1004"},{"type":"Feature","geometry":{"type":"Point","coordinates":[1826398.6032183524,2186926.856806485]},"properties":{"height":21.0,"crown_diameter":6.76},"id":"1005"},{"type":"Feature","geometry":{"type":"Point","coordinates":[1826911.5921639048,2187212.421774185]},"properties":{"height":21.0,"crown_diameter":18.14},"id":"1009"},{"type":"Feature","geometry":{"type":"Point","coordinates":[1826226.4347428472,2187163.8749679923]},"properties":{"height":21.0,"crown_diameter":17.14},"id":"1011"},{"type":"Feature","geometry":{"type":"Point","coordinates":[1826493.916161683,2186996.083299509]},"properties":{"height":20.0,"crown_diameter":20.0},"id":"1019"},{"type":"Feature","geometry":{"type":"Point","coordinates":[1826966.5881990988,2187518.9241530085]},"properties":{"height":20.0,"crown_diameter":20.0},"id":"1021"},{"type":"Feature","geometry":{"type":"Point","coordinates":[1826077.8167849267,2187019.4495106353]},"properties":{"height":20.0,"crown_diameter":19.18},"id":"1028"},{"type":"Feature","geometry":{"type":"Point","coordinates":[1827103.0097614625,2186893.9457917986]},"properties":{"height":20.0,"crown_diameter":19.84},"id":"1039"},{"type":"Feature","geometry":{"type":"Point","coordinates":[1826313.8074736255,2187606.9929777444]},"properties":{"height":20.0,"crown_diameter":20.0},"id":"1047"},{"type":"Feature","geometry":{"type":"Point","coordinates":[1826181.5384368512,2186888.7394400127]},"properties":{"height":20.0,"crown_diameter":20.0},"id":"1050"},{"type":"Feature","geometry":{"type":"Point","coordinates":[1827158.947586741,2186864.143797833]},"properties":{"height":20.0,"crown_diameter":20.0},"id":"1053"},{"type":"Feature","geometry":{"type":"Point","coordinates":[1826179.7327629717,2187158.4669603053]},"properties":{"height":20.0,"crown_diameter":20.0},"id":"1057"},{"type":"Feature","geometry":{"type":"Point","coordinates":[1826990.4721982505,2186995.461466324]},"properties":{"height":21.0,"crown_diameter":21.0},"id":"1063"},{"type":"Feature","geometry":{"type":"Point","coordinates":[1826316.1786749975,2187753.367878908]},"properties":{"height":20.0,"crown_diameter":16.22},"id":"1066"},{"type":"Feature","geometry":{"type":"Point","coordinates":[1827057.2954349767,2186942.9877825156]},"properties":{"height":20.0,"crown_diameter":16.38},"id":"1069"},{"type":"Feature","geometry":{"type":"Point","coordinates":[1826426.8607507818,2187941.1843131077]},"properties":{"height":21.0,"crown_diameter":11.26},"id":"1073"},{"type":"Feature","geometry":{"type":"Point","coordinates":[1826171.647940011,2187368.749761738]},"properties":{"height":20.0,"crown_diameter":20.0},"id":"1074"},{"type":"Feature","geometry":{"type":"Point","coordinates":[1827078.5103904747,2187357.4468054725]},"properties":{"height":20.0,"crown_diameter":20.0},"id":"1075"},{"type":"Feature","geometry":{"type":"Point","coordinates":[1826731.0617194008,2188020.442892008]},"properties":{"height":21.0,"crown_diameter":21.0},"id":"1076"},{"type":"Feature","geometry":{"type":"Point","coordinates":[1826306.3927180045,2187223.8671030873]},"properties":{"height":20.0,"crown_diameter":20.0},"id":"1078"},{"type":"Feature","geometry":{"type":"Point","coordinates":[1826676.6513724471,2186874.6683991966]},"properties":{"height":20.0,"crown_diameter":20.0},"id":"1080"},{"type":"Feature","geometry":{"type":"Point","coordinates":[1826439.1201586425,2188010.4395384653]},"properties":{"height":21.0,"crown_diameter":20.32},"id":"1082"},{"type":"Feature","geometry":{"type":"Point","coordinates":[1826265.8666014215,2187544.2730261437]},"properties":{"height":20.0,"crown_diameter":18.88},"id":"1084"},{"type":"Feature","geometry":{"type":"Point","coordinates":[1826082.2801034532,2187008.3501101793]},"properties":{"height":20.0,"crown_diameter":16.22},"id":"1087"},{"type":"Feature","geometry":{"type":"Point","coordinates":[1826518.9514408726,2187120.7096150243]},"properties":{"height":20.0,"crown_diameter":20.0},"id":"1088"},{"type":"Feature","geometry":{"type":"Point","coordinates":[1827030.7113738647,2187544.340120288]},"properties":{"height":20.0,"crown_diameter":19.48},"id":"1089"},{"type":"Feature","geometry":{"type":"Point","coordinates":[1827045.9708877178,2187737.698042992]},"properties":{"height":20.0,"crown_diameter":20.0},"id":"1092"},{"type":"Feature","geometry":{"type":"Point","coordinates":[1826839.4960863455,2187025.2723268517]},"properties":{"height":20.0,"crown_diameter":17.78},"id":"1094"},{"type":"Feature","geometry":{"type":"Point","coordinates":[1826486.7833002312,2187108.4462268557]},"properties":{"height":20.0,"crown_diameter":15.1},"id":"1100"},{"type":"Feature","geometry":{"type":"Point","coordinates":[1827074.719667626,2186962.9922442334]},"properties":{"height":20.0,"crown_diameter":17.86},"id":"1101"},{"type":"Feature","geometry":{"type":"Point","coordinates":[1826752.1271010758,2186687.745121967]},"properties":{"height":20.0,"crown_diameter":17.54},"id":"1103"},{"type":"Feature","geometry":{"type":"Point","coordinates":[1826859.5175235532,2186936.513735902]},"properties":{"height":20.0,"crown_diameter":17.78},"id":"1105"},{"type":"Feature","geometry":{"type":"Point","coordinates":[1826986.899767831,2186987.1397154895]},"properties":{"height":20.0,"crown_diameter":20.0},"id":"1106"},{"type":"Feature","geometry":{"type":"Point","coordinates":[1827093.9011046982,2187413.4277240965]},"properties":{"height":20.0,"crown_diameter":17.14},"id":"1109"},{"type":"Feature","geometry":{"type":"Point","coordinates":[1826896.675786891,2187181.792336875]},"properties":{"height":20.0,"crown_diameter":20.0},"id":"1110"},{"type":"Feature","geometry":{"type":"Point","coordinates":[1827003.1668267644,2187750.964278238]},"properties":{"height":20.0,"crown_diameter":17.54},"id":"1111"},{"type":"Feature","geometry":{"type":"Point","coordinates":[1826724.6165525524,2186726.12723945]},"properties":{"height":20.0,"crown_diameter":17.78},"id":"1123"},{"type":"Feature","geometry":{"type":"Point","coordinates":[1826909.4605396104,2187131.525021282]},"properties":{"height":20.0,"crown_diameter":20.0},"id":"1126"},{"type":"Feature","geometry":{"type":"Point","coordinates":[1826479.814723012,2188025.649573243]},"properties":{"height":20.0,"crown_diameter":17.86},"id":"1127"},{"type":"Feature","geometry":{"type":"Point","coordinates":[1826068.8002351362,2187202.407246987]},"properties":{"height":20.0,"crown_diameter":18.36},"id":"1130"},{"type":"Feature","geometry":{"type":"Point","coordinates":[1826513.4461327526,2187840.103331477]},"properties":{"height":20.0,"crown_diameter":20.0},"id":"1131"},{"type":"Feature","geometry":{"type":"Point","coordinates":[1826134.4906581496,2186998.2304385924]},"properties":{"height":20.0,"crown_diameter":19.84},"id":"1132"},{"type":"Feature","geometry":{"type":"Point","coordinates":[1826162.457445737,2187407.7104120757]},"properties":{"height":20.0,"crown_diameter":18.42},"id":"1133"},{"type":"Feature","geometry":{"type":"Point","coordinates":[1826938.2352801466,2187345.841854857]},"properties":{"height":20.0,"crown_diameter":14.4},"id":"1137"},{"type":"Feature","geometry":{"type":"Point","coordinates":[1827104.626242708,2186945.7441746695]},"properties":{"height":20.0,"crown_diameter":19.9},"id":"1141"},{"type":"Feature","geometry":{"type":"Point","coordinates":[1826202.0832952703,2187509.5967681305]},"properties":{"height":20.0,"crown_diameter":20.0},"id":"1150"},{"type":"Feature","geometry":{"type":"Point","coordinates":[1826865.1462150991,2187018.2374761733]},"properties":{"height":20.0,"crown_diameter":17.86},"id":"1152"},{"type":"Feature","geometry":{"type":"Point","coordinates":[1826337.1100433469,2187179.7010563826]},"properties":{"height":20.0,"crown_diameter":18.08},"id":"1155"},{"type":"Feature","geometry":{"type":"Point","coordinates":[1827032.6273865704,2187411.1187216975]},"properties":{"height":20.0,"crown_diameter":20.0},"id":"1157"},{"type":"Feature","geometry":{"type":"Point","coordinates":[1827018.134004637,2187550.7194478847]},"properties":{"height":20.0,"crown_diameter":19.0},"id":"1163"},{"type":"Feature","geometry":{"type":"Point","coordinates":[1826588.4836774194,2186822.0819037347]},"properties":{"height":20.0,"crown_diameter":20.0},"id":"1164"},{"type":"Feature","geometry":{"type":"Point","coordinates":[1826620.002739152,2188072.7491670144]},"properties":{"height":20.0,"crown_diameter":20.0},"id":"1168"},{"type":"Feature","geometry":{"type":"Point","coordinates":[1826652.7155771006,2187433.6392005873]},"properties":{"height":20.0,"crown_diameter":20.0},"id":"1172"},{"type":"Feature","geometry":{"type":"Point","coordinates":[1826229.7548399514,2187126.3323903647]},"properties":{"height":20.0,"crown_diameter":19.84},"id":"1174"},{"type":"Feature","geometry":{"type":"Point","coordinates":[1826365.7407855645,2187336.0183783434]},"properties":{"height":20.0,"crown_diameter":20.0},"id":"1176"},{"type":"Feature","geometry":{"type":"Point","coordinates":[1826065.7765719972,2187183.9336010236]},"properties":{"height":20.0,"crown_diameter":17.86},"id":"1178"},{"type":"Feature","geometry":{"type":"Point","coordinates":[1826249.1863997388,2187235.610623304]},"properties":{"height":20.0,"crown_diameter":20.0},"id":"1184"},{"type":"Feature","geometry":{"type":"Point","coordinates":[1827135.9958777132,2186922.2974199997]},"properties":{"height":20.0,"crown_diameter":20.0},"id":"1189"},{"type":"Feature","geometry":{"type":"Point","coordinates":[1826993.089046552,2186867.07043255]},"properties":{"height":20.0,"crown_diameter":14.24},"id":"1190"},{"type":"Feature","geometry":{"type":"Point","coordinates":[1826663.3946386713,2187454.8542898404]},"properties":{"height":20.0,"crown_diameter":20.0},"id":"1196"},{"type":"Feature","geometry":{"type":"Point","coordinates":[1826066.6891378122,2187187.8878955375]},"properties":{"height":20.0,"crown_diameter":17.86},"id":"1197"},{"type":"Feature","geometry":{"type":"Point","coordinates":[1826233.938055105,2187151.6233644015]},"properties":{"height":19.0,"crown_diameter":17.92},"id":"1198"},{"type":"Feature","geometry":{"type":"Point","coordinates":[1826298.4444520026,2187852.000842827]},"properties":{"height":20.0,"crown_diameter":9.54},"id":"1201"},{"type":"Feature","geometry":{"type":"Point","coordinates":[1826813.8915243626,2187978.299688713]},"properties":{"height":20.0,"crown_diameter":19.84},"id":"1202"},{"type":"Feature","geometry":{"type":"Point","coordinates":[1826781.8412773889,2187207.0432285024]},"properties":{"height":20.0,"crown_diameter":16.38},"id":"1206"},{"type":"Feature","geometry":{"type":"Point","coordinates":[1826991.3738633888,2187234.0539456974]},"properties":{"height":20.0,"crown_diameter":19.84},"id":"1212"},{"type":"Feature","geometry":{"type":"Point","coordinates":[1826960.3915679955,2186931.3376242304]},"properties":{"height":20.0,"crown_diameter":19.18},"id":"1216"},{"type":"Feature","geometry":{"type":"Point","coordinates":[1826218.6503477297,2187509.7660819013]},"properties":{"height":19.0,"crown_diameter":19.0},"id":"1218"},{"type":"Feature","geometry":{"type":"Point","coordinates":[1826092.6206495794,2187038.8326183516]},"properties":{"height":19.0,"crown_diameter":19.0},"id":"1227"},{"type":"Feature","geometry":{"type":"Point","coordinates":[1827033.6027424538,2187743.191676902]},"properties":{"height":19.0,"crown_diameter":19.0},"id":"1231"},{"type":"Feature","geometry":{"type":"Point","coordinates":[1826884.209096107,2187563.0470450767]},"properties":{"height":19.0,"crown_diameter":19.0},"id":"1233"},{"type":"Feature","geometry":{"type":"Point","coordinates":[1826162.7214583468,2187539.5697760168]},"properties":{"height":19.0,"crown_diameter":19.0},"id":"1239"},{"type":"Feature","geometry":{"type":"Point","coordinates":[1826623.8926194112,2187172.5784137957]},"properties":{"height":20.0,"crown_diameter":20.0},"id":"1240"},{"type":"Feature","geometry":{"type":"Point","coordinates":[1826940.190149567,2187923.9823589725]},"properties":{"height":19.0,"crown_diameter":19.0},"id":"1244"},{"type":"Feature","geometry":{"type":"Point","coordinates":[1826985.3283382028,2187818.7291934225]},"properties":{"height":19.0,"crown_diameter":19.0},"id":"1247"},{"type":"Feature","geometry":{"type":"Point","coordinates":[1826428.3502711335,2187809.74344334]},"properties":{"height":19.0,"crown_diameter":19.0},"id":"1249"},{"type":"Feature","geometry":{"type":"Point","coordinates":[1826984.361157857,2187916.6475875652]},"properties":{"height":19.0,"crown_diameter":19.0},"id":"1254"},{"type":"Feature","geometry":{"type":"Point","coordinates":[1826581.2056282337,2186813.820938458]},"properties":{"height":19.0,"crown_diameter":19.0},"id":"1255"},{"type":"Feature","geometry":{"type":"Point","coordinates":[1826911.6518528599,2187818.1661210507]},"properties":{"height":19.0,"crown_diameter":15.3},"id":"1256"},{"type":"Feature","geometry":{"type":"Point","coordinates":[1826011.7297767135,2186528.978912263]},"properties":{"height":19.0,"crown_diameter":17.44},"id":"1257"},{"type":"Feature","geometry":{"type":"Point","coordinates":[1827147.776380167,2186923.2079837658]},"properties":{"height":19.0,"crown_diameter":18.42},"id":"1259"},{"type":"Feature","geometry":{"type":"Point","coordinates":[1826484.7727520114,2188020.276666468]},"properties":{"height":19.0,"crown_diameter":19.0},"id":"1260"},{"type":"Feature","geometry":{"type":"Point","coordinates":[1826078.4884202096,2187063.542542989]},"properties":{"height":19.0,"crown_diameter":18.06},"id":"1262"},{"type":"Feature","geometry":{"type":"Point","coordinates":[1826729.1329851514,2187168.4315470997]},"properties":{"height":19.0,"crown_diameter":19.0},"id":"1263"},{"type":"Feature","geometry":{"type":"Point","coordinates":[1826441.9538207282,2187818.5613253335]},"properties":{"height":19.0,"crown_diameter":16.48},"id":"1264"},{"type":"Feature","geometry":{"type":"Point","coordinates":[1826695.020349524,2186816.3683426976]},"properties":{"height":19.0,"crown_diameter":19.0},"id":"1266"},{"type":"Feature","geometry":{"type":"Point","coordinates":[1827110.4667569287,2187284.5958345733]},"properties":{"height":19.0,"crown_diameter":19.0},"id":"1275"},{"type":"Feature","geometry":{"type":"Point","coordinates":[1827065.082719676,2186851.3402541648]},"properties":{"height":19.0,"crown_diameter":13.74},"id":"1276"},{"type":"Feature","geometry":{"type":"Point","coordinates":[1827229.5561173933,2186948.118174598]},"properties":{"height":19.0,"crown_diameter":17.38},"id":"1277"},{"type":"Feature","geometry":{"type":"Point","coordinates":[1826014.6381802363,2186536.2087165224]},"properties":{"height":19.0,"crown_diameter":16.4},"id":"1289"},{"type":"Feature","geometry":{"type":"Point","coordinates":[1826088.530059142,2187001.411246997]},"properties":{"height":19.0,"crown_diameter":17.38},"id":"1298"},{"type":"Feature","geometry":{"type":"Point","coordinates":[1826966.1007224687,2187771.193286802]},"properties":{"height":19.0,"crown_diameter":19.0},"id":"1299"},{"type":"Feature","geometry":{"type":"Point","coordinates":[1826766.0832229669,2187093.952620377]},"properties":{"height":19.0,"crown_diameter":19.0},"id":"1302"},{"type":"Feature","geometry":{"type":"Point","coordinates":[1826471.8836141187,2187910.680878676]},"properties":{"height":20.0,"crown_diameter":15.9},"id":"1303"},{"type":"Feature","geometry":{"type":"Point","coordinates":[1827237.5934141988,2186945.3408445553]},"properties":{"height":19.0,"crown_diameter":18.94},"id":"1307"},{"type":"Feature","geometry":{"type":"Point","coordinates":[1827120.567905619,2186948.5716090333]},"properties":{"height":19.0,"crown_diameter":18.72},"id":"1308"},{"type":"Feature","geometry":{"type":"Point","coordinates":[1826700.1602154213,2187811.253603543]},"properties":{"height":19.0,"crown_diameter":19.0},"id":"1309"},{"type":"Feature","geometry":{"type":"Point","coordinates":[1826898.0641264822,2187211.098978527]},"properties":{"height":19.0,"crown_diameter":16.48},"id":"1310"},{"type":"Feature","geometry":{"type":"Point","coordinates":[1827070.6687180595,2186843.30992507]},"properties":{"height":19.0,"crown_diameter":19.0},"id":"1312"},{"type":"Feature","geometry":{"type":"Point","coordinates":[1826846.122271072,2187290.451959733]},"properties":{"height":20.0,"crown_diameter":20.0},"id":"1319"},{"type":"Feature","geometry":{"type":"Point","coordinates":[1826527.3908422263,2187839.6548134265]},"properties":{"height":19.0,"crown_diameter":19.0},"id":"1320"},{"type":"Feature","geometry":{"type":"Point","coordinates":[1826937.678462213,2187762.615939663]},"properties":{"height":19.0,"crown_diameter":19.0},"id":"1324"},{"type":"Feature","geometry":{"type":"Point","coordinates":[1827082.1900258542,2187076.001092795]},"properties":{"height":19.0,"crown_diameter":17.44},"id":"1325"},{"type":"Feature","geometry":{"type":"Point","coordinates":[1826724.0121343846,2187991.673033701]},"properties":{"height":19.0,"crown_diameter":19.0},"id":"1328"},{"type":"Feature","geometry":{"type":"Point","coordinates":[1826983.5982054684,2187755.6932860804]},"properties":{"height":19.0,"crown_diameter":18.06},"id":"1333"},{"type":"Feature","geometry":{"type":"Point","coordinates":[1827152.7032628488,2187258.1066679405]},"properties":{"height":19.0,"crown_diameter":19.0},"id":"1335"},{"type":"Feature","geometry":{"type":"Point","coordinates":[1827044.1070987827,2186889.3935119193]},"properties":{"height":19.0,"crown_diameter":19.0},"id":"1336"},{"type":"Feature","geometry":{"type":"Point","coordinates":[1826449.300791266,2187982.9317786256]},"properties":{"height":19.0,"crown_diameter":17.66},"id":"1337"},{"type":"Feature","geometry":{"type":"Point","coordinates":[1827192.4643429595,2186815.9620395307]},"properties":{"height":19.0,"crown_diameter":13.74},"id":"1339"},{"type":"Feature","geometry":{"type":"Point","coordinates":[1826025.9084669487,2187016.553782554]},"properties":{"height":19.0,"crown_diameter":18.54},"id":"1342"},{"type":"Feature","geometry":{"type":"Point","coordinates":[1827064.2636293443,2186792.2506304993]},"properties":{"height":19.0,"crown_diameter":18.54},"id":"1346"},{"type":"Feature","geometry":{"type":"Point","coordinates":[1826322.1876287353,2186957.4398933244]},"properties":{"height":19.0,"crown_diameter":19.0},"id":"1347"},{"type":"Feature","geometry":{"type":"Point","coordinates":[1826730.5013801425,2187174.363237203]},"properties":{"height":19.0,"crown_diameter":19.0},"id":"1348"},{"type":"Feature","geometry":{"type":"Point","coordinates":[1827016.2139686302,2186890.289804631]},"properties":{"height":19.0,"crown_diameter":18.54},"id":"1349"},{"type":"Feature","geometry":{"type":"Point","coordinates":[1826742.0443750543,2187665.037246773]},"properties":{"height":19.0,"crown_diameter":19.0},"id":"1352"},{"type":"Feature","geometry":{"type":"Point","coordinates":[1826750.9947691797,2186790.3119365848]},"properties":{"height":19.0,"crown_diameter":17.44},"id":"1353"},{"type":"Feature","geometry":{"type":"Point","coordinates":[1826811.2951075854,2186953.179843614]},"properties":{"height":19.0,"crown_diameter":16.22},"id":"1354"},{"type":"Feature","geometry":{"type":"Point","coordinates":[1827001.7248999681,2187115.905566635]},"properties":{"height":19.0,"crown_diameter":18.94},"id":"1355"},{"type":"Feature","geometry":{"type":"Point","coordinates":[1827055.086990215,2187519.245503669]},"properties":{"height":19.0,"crown_diameter":18.72},"id":"1357"},{"type":"Feature","geometry":{"type":"Point","coordinates":[1826411.7555327164,2187508.5861760676]},"properties":{"height":19.0,"crown_diameter":18.48},"id":"1367"},{"type":"Feature","geometry":{"type":"Point","coordinates":[1827069.2043944185,2186806.50472744]},"properties":{"height":19.0,"crown_diameter":18.94},"id":"1368"},{"type":"Feature","geometry":{"type":"Point","coordinates":[1826380.3178082155,2187759.153099626]},"properties":{"height":19.0,"crown_diameter":19.0},"id":"1373"},{"type":"Feature","geometry":{"type":"Point","coordinates":[1827084.1147858072,2187329.790718825]},"properties":{"height":19.0,"crown_diameter":18.94},"id":"1379"},{"type":"Feature","geometry":{"type":"Point","coordinates":[1826717.7762022584,2186974.115314457]},"properties":{"height":19.0,"crown_diameter":17.14},"id":"1382"},{"type":"Feature","geometry":{"type":"Point","coordinates":[1826687.5369218595,2186851.996237872]},"properties":{"height":19.0,"crown_diameter":18.72},"id":"1384"},{"type":"Feature","geometry":{"type":"Point","coordinates":[1826415.0536947802,2187064.4145827475]},"properties":{"height":19.0,"crown_diameter":16.22},"id":"1385"},{"type":"Feature","geometry":{"type":"Point","coordinates":[1826365.3712279305,2187087.281128779]},"properties":{"height":19.0,"crown_diameter":19.0},"id":"1386"},{"type":"Feature","geometry":{"type":"Point","coordinates":[1826301.1769833306,2187820.865896894]},"properties":{"height":19.0,"crown_diameter":19.0},"id":"1389"},{"type":"Feature","geometry":{"type":"Point","coordinates":[1826620.6372913069,2186662.3305813954]},"properties":{"height":19.0,"crown_diameter":19.0},"id":"1391"},{"type":"Feature","geometry":{"type":"Point","coordinates":[1826881.5705413301,2187625.0531275533]},"properties":{"height":19.0,"crown_diameter":19.0},"id":"1393"},{"type":"Feature","geometry":{"type":"Point","coordinates":[1826318.6764130902,2187656.747134708]},"properties":{"height":19.0,"crown_diameter":19.0},"id":"1394"},{"type":"Feature","geometry":{"type":"Point","coordinates":[1826781.8661038333,2186995.781580107]},"properties":{"height":19.0,"crown_diameter":18.48},"id":"1400"},{"type":"Feature","geometry":{"type":"Point","coordinates":[1826542.3011029887,2188061.891469953]},"properties":{"height":19.0,"crown_diameter":19.0},"id":"1401"},{"type":"Feature","geometry":{"type":"Point","coordinates":[1826457.8902359277,2188012.998973091]},"properties":{"height":20.0,"crown_diameter":14.24},"id":"1402"},{"type":"Feature","geometry":{"type":"Point","coordinates":[1826198.0337828058,2186775.7790091615]},"properties":{"height":19.0,"crown_diameter":16.22},"id":"1405"},{"type":"Feature","geometry":{"type":"Point","coordinates":[1826734.1382199188,2187616.434400022]},"properties":{"height":19.0,"crown_diameter":13.1},"id":"1407"},{"type":"Feature","geometry":{"type":"Point","coordinates":[1827094.4756982455,2186804.989705868]},"properties":{"height":19.0,"crown_diameter":18.42},"id":"1410"},{"type":"Feature","geometry":{"type":"Point","coordinates":[1826974.795683662,2187511.5134145548]},"properties":{"height":19.0,"crown_diameter":18.06},"id":"1411"},{"type":"Feature","geometry":{"type":"Point","coordinates":[1827024.6276543164,2187374.643486279]},"properties":{"height":19.0,"crown_diameter":17.92},"id":"1412"},{"type":"Feature","geometry":{"type":"Point","coordinates":[1826999.3923884311,2187250.903206437]},"properties":{"height":19.0,"crown_diameter":19.0},"id":"1415"},{"type":"Feature","geometry":{"type":"Point","coordinates":[1826360.1270965105,2187086.043982379]},"properties":{"height":19.0,"crown_diameter":19.0},"id":"1416"},{"type":"Feature","geometry":{"type":"Point","coordinates":[1826237.1840447288,2186703.6841560625]},"properties":{"height":19.0,"crown_diameter":19.0},"id":"1418"},{"type":"Feature","geometry":{"type":"Point","coordinates":[1826639.5117022179,2187442.675561793]},"properties":{"height":20.0,"crown_diameter":15.9},"id":"1419"},{"type":"Feature","geometry":{"type":"Point","coordinates":[1826205.2531826391,2186905.550983396]},"properties":{"height":19.0,"crown_diameter":18.42},"id":"1421"},{"type":"Feature","geometry":{"type":"Point","coordinates":[1826597.6619082124,2187272.0203406275]},"properties":{"height":19.0,"crown_diameter":19.0},"id":"1422"},{"type":"Feature","geometry":{"type":"Point","coordinates":[1826138.7192967662,2186561.7347980924]},"properties":{"height":19.0,"crown_diameter":19.0},"id":"1425"},{"type":"Feature","geometry":{"type":"Point","coordinates":[1826531.316837272,2188010.6960381283]},"properties":{"height":19.0,"crown_diameter":19.0},"id":"1426"},{"type":"Feature","geometry":{"type":"Point","coordinates":[1827019.2433900572,2187123.779139566]},"properties":{"height":19.0,"crown_diameter":19.0},"id":"1427"},{"type":"Feature","geometry":{"type":"Point","coordinates":[1826938.1725781036,2187768.340993238]},"properties":{"height":19.0,"crown_diameter":19.0},"id":"1431"},{"type":"Feature","geometry":{"type":"Point","coordinates":[1826509.0816522115,2187029.575052862]},"properties":{"height":19.0,"crown_diameter":16.22},"id":"1432"},{"type":"Feature","geometry":{"type":"Point","coordinates":[1826514.1926160052,2186655.9147961405]},"properties":{"height":19.0,"crown_diameter":18.42},"id":"1433"},{"type":"Feature","geometry":{"type":"Point","coordinates":[1826224.7247017333,2187018.580471002]},"properties":{"height":19.0,"crown_diameter":16.9},"id":"1435"},{"type":"Feature","geometry":{"type":"Point","coordinates":[1826978.880380467,2187505.9340003384]},"properties":{"height":19.0,"crown_diameter":17.44},"id":"1436"},{"type":"Feature","geometry":{"type":"Point","coordinates":[1826745.0831931212,2187022.625525574]},"properties":{"height":19.0,"crown_diameter":18.06},"id":"1446"},{"type":"Feature","geometry":{"type":"Point","coordinates":[1826709.5903021083,2186770.2592732674]},"properties":{"height":19.0,"crown_diameter":17.92},"id":"1452"},{"type":"Feature","geometry":{"type":"Point","coordinates":[1826755.2124771576,2187053.9949769466]},"properties":{"height":19.0,"crown_diameter":17.92},"id":"1456"},{"type":"Feature","geometry":{"type":"Point","coordinates":[1826688.7632923538,2187527.2082101144]},"properties":{"height":19.0,"crown_diameter":18.42},"id":"1460"},{"type":"Feature","geometry":{"type":"Point","coordinates":[1826158.979758724,2186984.3763538958]},"properties":{"height":18.0,"crown_diameter":18.0},"id":"1461"},{"type":"Feature","geometry":{"type":"Point","coordinates":[1827075.2887895375,2186933.2114370437]},"properties":{"height":19.0,"crown_diameter":19.0},"id":"1463"},{"type":"Feature","geometry":{"type":"Point","coordinates":[1826341.9963127906,2187741.6995052365]},"properties":{"height":19.0,"crown_diameter":13.1},"id":"1467"},{"type":"Feature","geometry":{"type":"Point","coordinates":[1826804.6930186313,2187118.020198396]},"properties":{"height":18.0,"crown_diameter":18.0},"id":"1468"},{"type":"Feature","geometry":{"type":"Point","coordinates":[1826872.3137075005,2187101.258343517]},"properties":{"height":18.0,"crown_diameter":16.72},"id":"1470"},{"type":"Feature","geometry":{"type":"Point","coordinates":[1826452.930341758,2186974.261339045]},"properties":{"height":19.0,"crown_diameter":19.0},"id":"1471"},{"type":"Feature","geometry":{"type":"Point","coordinates":[1826029.8541175458,2186976.3540317873]},"properties":{"height":18.0,"crown_diameter":18.0},"id":"1478"},{"type":"Feature","geometry":{"type":"Point","coordinates":[1826945.3802473934,2188113.0838656235]},"properties":{"height":19.0,"crown_diameter":18.72},"id":"1480"},{"type":"Feature","geometry":{"type":"Point","coordinates":[1826941.3559295365,2187481.1870581177]},"properties":{"height":18.0,"crown_diameter":16.72},"id":"1483"},{"type":"Feature","geometry":{"type":"Point","coordinates":[1827026.4719716674,2186827.270707685]},"properties":{"height":18.0,"crown_diameter":18.0},"id":"1484"},{"type":"Feature","geometry":{"type":"Point","coordinates":[1826293.583576906,2187356.3857109803]},"properties":{"height":18.0,"crown_diameter":18.0},"id":"1487"},{"type":"Feature","geometry":{"type":"Point","coordinates":[1826887.053130471,2187007.5148749365]},"properties":{"height":18.0,"crown_diameter":18.0},"id":"1491"},{"type":"Feature","geometry":{"type":"Point","coordinates":[1826870.36104066,2187187.7350586834]},"properties":{"height":18.0,"crown_diameter":18.0},"id":"1494"},{"type":"Feature","geometry":{"type":"Point","coordinates":[1826327.1865530943,2187296.075728041]},"properties":{"height":19.0,"crown_diameter":18.06},"id":"1495"},{"type":"Feature","geometry":{"type":"Point","coordinates":[1826313.853427597,2187505.1182816713]},"properties":{"height":18.0,"crown_diameter":18.0},"id":"1496"},{"type":"Feature","geometry":{"type":"Point","coordinates":[1826221.6131284924,2187501.1177115534]},"properties":{"height":18.0,"crown_diameter":16.72},"id":"1500"},{"type":"Feature","geometry":{"type":"Point","coordinates":[1826309.4852136502,2187695.706187907]},"properties":{"height":18.0,"crown_diameter":18.0},"id":"1503"},{"type":"Feature","geometry":{"type":"Point","coordinates":[1826949.9813454894,2187472.005330401]},"properties":{"height":18.0,"crown_diameter":16.5},"id":"1505"},{"type":"Feature","geometry":{"type":"Point","coordinates":[1826324.811876471,2187298.3197985245]},"properties":{"height":18.0,"crown_diameter":18.0},"id":"1508"},{"type":"Feature","geometry":{"type":"Point","coordinates":[1826881.1886287013,2187137.9407921764]},"properties":{"height":18.0,"crown_diameter":18.0},"id":"1509"},{"type":"Feature","geometry":{"type":"Point","coordinates":[1826402.1510691943,2188018.541052594]},"properties":{"height":18.0,"crown_diameter":18.0},"id":"1511"},{"type":"Feature","geometry":{"type":"Point","coordinates":[1826805.8573912233,2187210.840713038]},"properties":{"height":18.0,"crown_diameter":17.94},"id":"1513"},{"type":"Feature","geometry":{"type":"Point","coordinates":[1827015.6649805566,2186943.4465791187]},"properties":{"height":18.0,"crown_diameter":18.0},"id":"1515"},{"type":"Feature","geometry":{"type":"Point","coordinates":[1826355.2667035768,2187462.5430415045]},"properties":{"height":18.0,"crown_diameter":18.0},"id":"1520"},{"type":"Feature","geometry":{"type":"Point","coordinates":[1826238.1538424455,2186989.030554042]},"properties":{"height":19.0,"crown_diameter":15.72},"id":"1521"},{"type":"Feature","geometry":{"type":"Point","coordinates":[1826320.6436977487,2187402.0290657966]},"properties":{"height":18.0,"crown_diameter":16.94},"id":"1522"},{"type":"Feature","geometry":{"type":"Point","coordinates":[1826608.5220577698,2187972.832295208]},"properties":{"height":19.0,"crown_diameter":17.38},"id":"1528"},{"type":"Feature","geometry":{"type":"Point","coordinates":[1826885.9678846248,2186965.1913435105]},"properties":{"height":18.0,"crown_diameter":18.0},"id":"1532"},{"type":"Feature","geometry":{"type":"Point","coordinates":[1826224.900788798,2187056.9483096]},"properties":{"height":18.0,"crown_diameter":16.72},"id":"1542"},{"type":"Feature","geometry":{"type":"Point","coordinates":[1827017.8479021015,2187501.1089179874]},"properties":{"height":18.0,"crown_diameter":18.0},"id":"1546"},{"type":"Feature","geometry":{"type":"Point","coordinates":[1826717.0980674278,2186801.010949703]},"properties":{"height":18.0,"crown_diameter":18.0},"id":"1547"},{"type":"Feature","geometry":{"type":"Point","coordinates":[1826256.9246455762,2187437.4732495947]},"properties":{"height":18.0,"crown_diameter":18.0},"id":"1549"},{"type":"Feature","geometry":{"type":"Point","coordinates":[1826143.5619942173,2186545.115024316]},"properties":{"height":18.0,"crown_diameter":15.84},"id":"1553"},{"type":"Feature","geometry":{"type":"Point","coordinates":[1826368.8527364004,2187299.36207058]},"properties":{"height":18.0,"crown_diameter":18.0},"id":"1554"},{"type":"Feature","geometry":{"type":"Point","coordinates":[1826217.6781624898,2187181.4395293114]},"properties":{"height":18.0,"crown_diameter":14.96},"id":"1556"},{"type":"Feature","geometry":{"type":"Point","coordinates":[1827018.569068653,2186864.669703956]},"properties":{"height":18.0,"crown_diameter":18.0},"id":"1559"},{"type":"Feature","geometry":{"type":"Point","coordinates":[1826146.9096634807,2187082.4859353243]},"properties":{"height":18.0,"crown_diameter":18.0},"id":"1561"},{"type":"Feature","geometry":{"type":"Point","coordinates":[1826922.4088804414,2187354.2592233815]},"properties":{"height":18.0,"crown_diameter":14.96},"id":"1562"},{"type":"Feature","geometry":{"type":"Point","coordinates":[1826731.343197226,2187577.4501501927]},"properties":{"height":18.0,"crown_diameter":17.02},"id":"1566"},{"type":"Feature","geometry":{"type":"Point","coordinates":[1827164.3069912128,2186919.630498381]},"properties":{"height":18.0,"crown_diameter":17.02},"id":"1568"},{"type":"Feature","geometry":{"type":"Point","coordinates":[1826429.103032063,2187947.321501889]},"properties":{"height":18.0,"crown_diameter":18.0},"id":"1575"},{"type":"Feature","geometry":{"type":"Point","coordinates":[1827100.035462421,2187266.2421630016]},"properties":{"height":18.0,"crown_diameter":18.0},"id":"1577"},{"type":"Feature","geometry":{"type":"Point","coordinates":[1826798.9847975378,2187306.4375421396]},"properties":{"height":18.0,"crown_diameter":18.0},"id":"1584"},{"type":"Feature","geometry":{"type":"Point","coordinates":[1827025.4867861422,2186901.8266024366]},"properties":{"height":18.0,"crown_diameter":16.5},"id":"1586"},{"type":"Feature","geometry":{"type":"Point","coordinates":[1826764.2570741896,2187727.2979960623]},"properties":{"height":18.0,"crown_diameter":18.0},"id":"1589"},{"type":"Feature","geometry":{"type":"Point","coordinates":[1826921.045482678,2187477.328647596]},"properties":{"height":18.0,"crown_diameter":18.0},"id":"1598"},{"type":"Feature","geometry":{"type":"Point","coordinates":[1827191.30810577,2186981.1594107803]},"properties":{"height":18.0,"crown_diameter":18.0},"id":"1601"},{"type":"Feature","geometry":{"type":"Point","coordinates":[1826437.9050341167,2188019.499639862]},"properties":{"height":19.0,"crown_diameter":18.06},"id":"1604"},{"type":"Feature","geometry":{"type":"Point","coordinates":[1826237.4009694706,2187829.1871492458]},"properties":{"height":18.0,"crown_diameter":18.0},"id":"1608"},{"type":"Feature","geometry":{"type":"Point","coordinates":[1826238.834971425,2187416.3804335236]},"properties":{"height":18.0,"crown_diameter":17.94},"id":"1613"},{"type":"Feature","geometry":{"type":"Point","coordinates":[1826517.5461300858,2188049.5074746734]},"properties":{"height":18.0,"crown_diameter":18.0},"id":"1616"},{"type":"Feature","geometry":{"type":"Point","coordinates":[1826774.9192088249,2187811.1355822263]},"properties":{"height":18.0,"crown_diameter":17.02},"id":"1619"},{"type":"Feature","geometry":{"type":"Point","coordinates":[1826310.4268206123,2187617.412086709]},"properties":{"height":18.0,"crown_diameter":18.0},"id":"1621"},{"type":"Feature","geometry":{"type":"Point","coordinates":[1826498.9173386141,2187037.4598619165]},"properties":{"height":18.0,"crown_diameter":16.94},"id":"1622"},{"type":"Feature","geometry":{"type":"Point","coordinates":[1826903.7754132925,2188136.913535744]},"properties":{"height":18.0,"crown_diameter":18.0},"id":"1623"},{"type":"Feature","geometry":{"type":"Point","coordinates":[1826791.0798189784,2188114.0555837285]},"properties":{"height":18.0,"crown_diameter":18.0},"id":"1624"},{"type":"Feature","geometry":{"type":"Point","coordinates":[1826725.0769035988,2188010.618282024]},"properties":{"height":18.0,"crown_diameter":18.0},"id":"1626"},{"type":"Feature","geometry":{"type":"Point","coordinates":[1826379.2936260211,2186723.184218491]},"properties":{"height":18.0,"crown_diameter":16.5},"id":"1627"},{"type":"Feature","geometry":{"type":"Point","coordinates":[1826426.3821910715,2187106.3484962503]},"properties":{"height":18.0,"crown_diameter":18.0},"id":"1631"},{"type":"Feature","geometry":{"type":"Point","coordinates":[1826929.821884988,2187440.1392139676]},"properties":{"height":18.0,"crown_diameter":18.0},"id":"1632"},{"type":"Feature","geometry":{"type":"Point","coordinates":[1826427.4491466642,2187934.7803149796]},"properties":{"height":18.0,"crown_diameter":7.16},"id":"1633"},{"type":"Feature","geometry":{"type":"Point","coordinates":[1826213.4104079073,2187700.147158122]},"properties":{"height":18.0,"crown_diameter":17.94},"id":"1644"},{"type":"Feature","geometry":{"type":"Point","coordinates":[1826639.624835302,2187176.290399664]},"properties":{"height":18.0,"crown_diameter":18.0},"id":"1647"},{"type":"Feature","geometry":{"type":"Point","coordinates":[1826195.8817125922,2187011.7767337505]},"properties":{"height":18.0,"crown_diameter":16.5},"id":"1648"},{"type":"Feature","geometry":{"type":"Point","coordinates":[1826884.3452055643,2187191.0350452955]},"properties":{"height":18.0,"crown_diameter":17.6},"id":"1654"},{"type":"Feature","geometry":{"type":"Point","coordinates":[1826217.8698936752,2187497.430470971]},"properties":{"height":18.0,"crown_diameter":18.0},"id":"1655"},{"type":"Feature","geometry":{"type":"Point","coordinates":[1826547.7698192375,2186869.5009760396]},"properties":{"height":18.0,"crown_diameter":9.0},"id":"1663"},{"type":"Feature","geometry":{"type":"Point","coordinates":[1827029.3196161243,2186764.37200925]},"properties":{"height":18.0,"crown_diameter":18.0},"id":"1665"},{"type":"Feature","geometry":{"type":"Point","coordinates":[1826547.432852101,2186921.771600676]},"properties":{"height":18.0,"crown_diameter":16.1},"id":"1666"},{"type":"Feature","geometry":{"type":"Point","coordinates":[1826825.165008599,2186945.234667203]},"properties":{"height":18.0,"crown_diameter":16.94},"id":"1676"},{"type":"Feature","geometry":{"type":"Point","coordinates":[1826121.604991397,2186720.3586581023]},"properties":{"height":18.0,"crown_diameter":14.96},"id":"1679"},{"type":"Feature","geometry":{"type":"Point","coordinates":[1826277.921604264,2187806.0324410936]},"properties":{"height":18.0,"crown_diameter":16.72},"id":"1684"},{"type":"Feature","geometry":{"type":"Point","coordinates":[1826772.2717679632,2188107.747581591]},"properties":{"height":18.0,"crown_diameter":18.0},"id":"1687"},{"type":"Feature","geometry":{"type":"Point","coordinates":[1826356.4788241468,2186921.5933939326]},"properties":{"height":18.0,"crown_diameter":9.0},"id":"1692"},{"type":"Feature","geometry":{"type":"Point","coordinates":[1826599.9206036155,2188048.3819526862]},"properties":{"height":18.0,"crown_diameter":14.86},"id":"1695"},{"type":"Feature","geometry":{"type":"Point","coordinates":[1826659.9217023721,2187242.7756956522]},"properties":{"height":18.0,"crown_diameter":18.0},"id":"1697"},{"type":"Feature","geometry":{"type":"Point","coordinates":[1826248.5083701122,2186702.616058426]},"properties":{"height":18.0,"crown_diameter":17.48},"id":"1700"},{"type":"Feature","geometry":{"type":"Point","coordinates":[1826143.0814869546,2187431.1818605145]},"properties":{"height":17.0,"crown_diameter":17.0},"id":"1701"},{"type":"Feature","geometry":{"type":"Point","coordinates":[1826524.2856852782,2186875.1783568254]},"properties":{"height":18.0,"crown_diameter":17.94},"id":"1703"},{"type":"Feature","geometry":{"type":"Point","coordinates":[1826784.661667314,2187034.768954157]},"properties":{"height":17.0,"crown_diameter":16.56},"id":"1706"},{"type":"Feature","geometry":{"type":"Point","coordinates":[1827176.0486128975,2186873.78895044]},"properties":{"height":17.0,"crown_diameter":17.0},"id":"1709"},{"type":"Feature","geometry":{"type":"Point","coordinates":[1826855.593427648,2187492.7300252304]},"properties":{"height":17.0,"crown_diameter":17.0},"id":"1717"},{"type":"Feature","geometry":{"type":"Point","coordinates":[1826018.8935151228,2186991.5296979207]},"properties":{"height":17.0,"crown_diameter":16.06},"id":"1721"},{"type":"Feature","geometry":{"type":"Point","coordinates":[1826592.6651302383,2187273.6457102876]},"properties":{"height":18.0,"crown_diameter":16.5},"id":"1724"},{"type":"Feature","geometry":{"type":"Point","coordinates":[1826920.3284973733,2187128.4807809363]},"properties":{"height":17.0,"crown_diameter":17.0},"id":"1725"},{"type":"Feature","geometry":{"type":"Point","coordinates":[1826759.6469400355,2187168.1532804864]},"properties":{"height":17.0,"crown_diameter":17.0},"id":"1726"},{"type":"Feature","geometry":{"type":"Point","coordinates":[1826563.9314370889,2187938.943011354]},"properties":{"height":17.0,"crown_diameter":17.0},"id":"1728"},{"type":"Feature","geometry":{"type":"Point","coordinates":[1826907.83628004,2187357.3637526133]},"properties":{"height":17.0,"crown_diameter":17.0},"id":"1732"},{"type":"Feature","geometry":{"type":"Point","coordinates":[1826155.3669009616,2187523.8139942926]},"properties":{"height":17.0,"crown_diameter":17.0},"id":"1734"},{"type":"Feature","geometry":{"type":"Point","coordinates":[1826514.725654653,2186665.389053362]},"properties":{"height":18.0,"crown_diameter":15.84},"id":"1736"},{"type":"Feature","geometry":{"type":"Point","coordinates":[1826316.0590558571,2187699.1265319753]},"properties":{"height":17.0,"crown_diameter":16.98},"id":"1740"},{"type":"Feature","geometry":{"type":"Point","coordinates":[1827007.6261298144,2186903.2207736215]},"properties":{"height":17.0,"crown_diameter":17.0},"id":"1741"},{"type":"Feature","geometry":{"type":"Point","coordinates":[1826123.6230790245,2187001.2757397927]},"properties":{"height":17.0,"crown_diameter":17.0},"id":"1743"},{"type":"Feature","geometry":{"type":"Point","coordinates":[1826537.2016962648,2187946.656276001]},"properties":{"height":17.0,"crown_diameter":17.0},"id":"1746"},{"type":"Feature","geometry":{"type":"Point","coordinates":[1826943.7814985884,2187955.6756811347]},"properties":{"height":17.0,"crown_diameter":17.0},"id":"1747"},{"type":"Feature","geometry":{"type":"Point","coordinates":[1826440.822613504,2187921.1112825354]},"properties":{"height":18.0,"crown_diameter":17.22},"id":"1748"},{"type":"Feature","geometry":{"type":"Point","coordinates":[1827015.7047114805,2186990.1980447127]},"properties":{"height":18.0,"crown_diameter":18.0},"id":"1750"},{"type":"Feature","geometry":{"type":"Point","coordinates":[1826586.0731163926,2188079.6976559414]},"properties":{"height":17.0,"crown_diameter":17.0},"id":"1755"},{"type":"Feature","geometry":{"type":"Point","coordinates":[1826158.8518211606,2186887.127339572]},"properties":{"height":17.0,"crown_diameter":14.06},"id":"1757"},{"type":"Feature","geometry":{"type":"Point","coordinates":[1826663.0239451653,2187909.9824215816]},"properties":{"height":17.0,"crown_diameter":17.0},"id":"1764"},{"type":"Feature","geometry":{"type":"Point","coordinates":[1826873.854960254,2187145.5583271766]},"properties":{"height":17.0,"crown_diameter":17.0},"id":"1765"},{"type":"Feature","geometry":{"type":"Point","coordinates":[1826226.104816953,2187110.5149203627]},"properties":{"height":17.0,"crown_diameter":16.74},"id":"1767"},{"type":"Feature","geometry":{"type":"Point","coordinates":[1826292.066191769,2187378.4617807004]},"properties":{"height":17.0,"crown_diameter":17.0},"id":"1768"},{"type":"Feature","geometry":{"type":"Point","coordinates":[1826897.5477941197,2187138.996791124]},"properties":{"height":17.0,"crown_diameter":17.0},"id":"1775"},{"type":"Feature","geometry":{"type":"Point","coordinates":[1826784.4349656359,2187055.281478947]},"properties":{"height":17.0,"crown_diameter":17.0},"id":"1779"},{"type":"Feature","geometry":{"type":"Point","coordinates":[1826010.5308906373,2186518.412935957]},"properties":{"height":17.0,"crown_diameter":16.74},"id":"1781"},{"type":"Feature","geometry":{"type":"Point","coordinates":[1826992.0755811075,2187195.892332079]},"properties":{"height":17.0,"crown_diameter":17.0},"id":"1782"},{"type":"Feature","geometry":{"type":"Point","coordinates":[1826730.6514988097,2187146.3546038233]},"properties":{"height":17.0,"crown_diameter":17.0},"id":"1784"},{"type":"Feature","geometry":{"type":"Point","coordinates":[1826448.456943003,2187665.8677855576]},"properties":{"height":18.0,"crown_diameter":17.22},"id":"1787"},{"type":"Feature","geometry":{"type":"Point","coordinates":[1826271.10218679,2186716.3590889396]},"properties":{"height":18.0,"crown_diameter":16.02},"id":"1788"},{"type":"Feature","geometry":{"type":"Point","coordinates":[1826785.6121723414,2187042.471797463]},"properties":{"height":17.0,"crown_diameter":14.06},"id":"1791"},{"type":"Feature","geometry":{"type":"Point","coordinates":[1826172.8438027462,2186679.159404856]},"properties":{"height":17.0,"crown_diameter":14.5},"id":"1798"},{"type":"Feature","geometry":{"type":"Point","coordinates":[1826434.6739640753,2188001.9130119947]},"properties":{"height":18.0,"crown_diameter":18.0},"id":"1802"},{"type":"Feature","geometry":{"type":"Point","coordinates":[1826854.688696999,2186890.501999569]},"properties":{"height":18.0,"crown_diameter":16.02},"id":"1803"},{"type":"Feature","geometry":{"type":"Point","coordinates":[1826770.653814255,2186965.091126781]},"properties":{"height":17.0,"crown_diameter":15.44},"id":"1805"},{"type":"Feature","geometry":{"type":"Point","coordinates":[1827038.2191171383,2186953.4434031737]},"properties":{"height":17.0,"crown_diameter":17.0},"id":"1807"},{"type":"Feature","geometry":{"type":"Point","coordinates":[1826421.4775118374,2187862.334584461]},"properties":{"height":17.0,"crown_diameter":16.74},"id":"1808"},{"type":"Feature","geometry":{"type":"Point","coordinates":[1826829.2511559797,2187303.2969850185]},"properties":{"height":18.0,"crown_diameter":15.84},"id":"1810"},{"type":"Feature","geometry":{"type":"Point","coordinates":[1827020.3315829413,2187295.1066269283]},"properties":{"height":17.0,"crown_diameter":16.48},"id":"1811"},{"type":"Feature","geometry":{"type":"Point","coordinates":[1826821.647999775,2187241.6760313534]},"properties":{"height":18.0,"crown_diameter":16.1},"id":"1812"},{"type":"Feature","geometry":{"type":"Point","coordinates":[1827028.8486548811,2186868.0304307705]},"properties":{"height":17.0,"crown_diameter":16.06},"id":"1814"},{"type":"Feature","geometry":{"type":"Point","coordinates":[1826997.4392956172,2186844.725673687]},"properties":{"height":17.0,"crown_diameter":17.0},"id":"1817"},{"type":"Feature","geometry":{"type":"Point","coordinates":[1826428.3057305175,2187954.6108869403]},"properties":{"height":18.0,"crown_diameter":18.0},"id":"1825"},{"type":"Feature","geometry":{"type":"Point","coordinates":[1826849.981874732,2187798.003644926]},"properties":{"height":17.0,"crown_diameter":16.06},"id":"1828"},{"type":"Feature","geometry":{"type":"Point","coordinates":[1826812.013477075,2186895.3895648043]},"properties":{"height":17.0,"crown_diameter":16.28},"id":"1829"},{"type":"Feature","geometry":{"type":"Point","coordinates":[1826501.912949667,2187372.8190083792]},"properties":{"height":18.0,"crown_diameter":15.84},"id":"1830"},{"type":"Feature","geometry":{"type":"Point","coordinates":[1827004.3952949028,2186885.631034622]},"properties":{"height":17.0,"crown_diameter":16.56},"id":"1834"},{"type":"Feature","geometry":{"type":"Point","coordinates":[1826388.1066220305,2187753.513069911]},"properties":{"height":17.0,"crown_diameter":17.0},"id":"1838"},{"type":"Feature","geometry":{"type":"Point","coordinates":[1827032.5339339718,2186844.593860074]},"properties":{"height":17.0,"crown_diameter":16.56},"id":"1840"},{"type":"Feature","geometry":{"type":"Point","coordinates":[1826337.789367734,2186672.260610252]},"properties":{"height":17.0,"crown_diameter":17.0},"id":"1845"},{"type":"Feature","geometry":{"type":"Point","coordinates":[1826775.3097370085,2188063.5993359364]},"properties":{"height":17.0,"crown_diameter":16.98},"id":"1847"},{"type":"Feature","geometry":{"type":"Point","coordinates":[1826967.5254006756,2187761.2473680526]},"properties":{"height":17.0,"crown_diameter":17.0},"id":"1851"},{"type":"Feature","geometry":{"type":"Point","coordinates":[1826383.7750827048,2187372.989558522]},"properties":{"height":17.0,"crown_diameter":17.0},"id":"1852"},{"type":"Feature","geometry":{"type":"Point","coordinates":[1826297.2282916158,2187329.2028947617]},"properties":{"height":17.0,"crown_diameter":15.68},"id":"1855"},{"type":"Feature","geometry":{"type":"Point","coordinates":[1826243.9794119636,2187875.6042126566]},"properties":{"height":17.0,"crown_diameter":17.0},"id":"1859"},{"type":"Feature","geometry":{"type":"Point","coordinates":[1826913.0651803564,2188128.8244145378]},"properties":{"height":17.0,"crown_diameter":16.98},"id":"1860"},{"type":"Feature","geometry":{"type":"Point","coordinates":[1826427.9262352425,2187960.129470381]},"properties":{"height":17.0,"crown_diameter":17.0},"id":"1863"},{"type":"Feature","geometry":{"type":"Point","coordinates":[1826613.525303414,2187779.593700951]},"properties":{"height":18.0,"crown_diameter":16.1},"id":"1868"},{"type":"Feature","geometry":{"type":"Point","coordinates":[1826563.8233293707,2187501.4666719516]},"properties":{"height":18.0,"crown_diameter":18.0},"id":"1872"},{"type":"Feature","geometry":{"type":"Point","coordinates":[1826798.1091900342,2188119.453255389]},"properties":{"height":17.0,"crown_diameter":17.0},"id":"1876"},{"type":"Feature","geometry":{"type":"Point","coordinates":[1826284.191118423,2187630.8517267336]},"properties":{"height":17.0,"crown_diameter":17.0},"id":"1879"},{"type":"Feature","geometry":{"type":"Point","coordinates":[1827049.959974682,2186907.6020858777]},"properties":{"height":17.0,"crown_diameter":16.28},"id":"1881"},{"type":"Feature","geometry":{"type":"Point","coordinates":[1826643.322050865,2187324.858910431]},"properties":{"height":17.0,"crown_diameter":17.0},"id":"1882"},{"type":"Feature","geometry":{"type":"Point","coordinates":[1826594.150791033,2186672.9090236537]},"properties":{"height":17.0,"crown_diameter":15.44},"id":"1883"},{"type":"Feature","geometry":{"type":"Point","coordinates":[1827015.5836062913,2186806.9388433737]},"properties":{"height":17.0,"crown_diameter":17.0},"id":"1884"},{"type":"Feature","geometry":{"type":"Point","coordinates":[1826709.168971769,2186729.026430244]},"properties":{"height":17.0,"crown_diameter":13.84},"id":"1887"},{"type":"Feature","geometry":{"type":"Point","coordinates":[1827090.9083797766,2186968.6824712204]},"properties":{"height":17.0,"crown_diameter":17.0},"id":"1888"},{"type":"Feature","geometry":{"type":"Point","coordinates":[1826503.2958328472,2187124.4943243824]},"properties":{"height":17.0,"crown_diameter":15.68},"id":"1891"},{"type":"Feature","geometry":{"type":"Point","coordinates":[1826823.1150872551,2187728.1013468048]},"properties":{"height":17.0,"crown_diameter":17.0},"id":"1895"},{"type":"Feature","geometry":{"type":"Point","coordinates":[1826668.4649272673,2187417.725333647]},"properties":{"height":17.0,"crown_diameter":15.0},"id":"1897"},{"type":"Feature","geometry":{"type":"Point","coordinates":[1826828.046537323,2188019.9631310455]},"properties":{"height":17.0,"crown_diameter":17.0},"id":"1898"},{"type":"Feature","geometry":{"type":"Point","coordinates":[1826183.3711676581,2186685.3818555223]},"properties":{"height":17.0,"crown_diameter":14.06},"id":"1899"},{"type":"Feature","geometry":{"type":"Point","coordinates":[1826196.1734677334,2187061.389230628]},"properties":{"height":17.0,"crown_diameter":17.0},"id":"1901"},{"type":"Feature","geometry":{"type":"Point","coordinates":[1827046.045850828,2186908.5480788974]},"properties":{"height":17.0,"crown_diameter":17.0},"id":"1904"},{"type":"Feature","geometry":{"type":"Point","coordinates":[1826333.5381062494,2187703.250267724]},"properties":{"height":17.0,"crown_diameter":15.0},"id":"1905"},{"type":"Feature","geometry":{"type":"Point","coordinates":[1826711.826369854,2187202.6746066003]},"properties":{"height":17.0,"crown_diameter":17.0},"id":"1907"},{"type":"Feature","geometry":{"type":"Point","coordinates":[1827018.190928568,2186913.1927420157]},"properties":{"height":16.0,"crown_diameter":14.12},"id":"1910"},{"type":"Feature","geometry":{"type":"Point","coordinates":[1826311.9854839372,2187450.4627301386]},"properties":{"height":17.0,"crown_diameter":17.0},"id":"1916"},{"type":"Feature","geometry":{"type":"Point","coordinates":[1826768.7795274113,2187743.320956449]},"properties":{"height":17.0,"crown_diameter":17.0},"id":"1917"},{"type":"Feature","geometry":{"type":"Point","coordinates":[1826188.3746761905,2187426.9105384243]},"properties":{"height":17.0,"crown_diameter":16.98},"id":"1918"},{"type":"Feature","geometry":{"type":"Point","coordinates":[1826039.715943595,2186981.484443725]},"properties":{"height":16.0,"crown_diameter":16.0},"id":"1921"},{"type":"Feature","geometry":{"type":"Point","coordinates":[1826789.284318316,2187124.667156024]},"properties":{"height":16.0,"crown_diameter":16.0},"id":"1924"},{"type":"Feature","geometry":{"type":"Point","coordinates":[1826908.5463444106,2187084.568365254]},"properties":{"height":16.0,"crown_diameter":16.0},"id":"1925"},{"type":"Feature","geometry":{"type":"Point","coordinates":[1826242.116329896,2187863.9484276827]},"properties":{"height":16.0,"crown_diameter":16.0},"id":"1929"},{"type":"Feature","geometry":{"type":"Point","coordinates":[1826274.0012867143,2187572.3644579086]},"properties":{"height":16.0,"crown_diameter":16.0},"id":"1934"},{"type":"Feature","geometry":{"type":"Point","coordinates":[1826899.7412651556,2186926.3738351194]},"properties":{"height":17.0,"crown_diameter":15.0},"id":"1935"},{"type":"Feature","geometry":{"type":"Point","coordinates":[1826171.9909116612,2186956.597288495]},"properties":{"height":16.0,"crown_diameter":15.6},"id":"1936"},{"type":"Feature","geometry":{"type":"Point","coordinates":[1826863.1870408598,2187831.966083486]},"properties":{"height":17.0,"crown_diameter":17.0},"id":"1939"},{"type":"Feature","geometry":{"type":"Point","coordinates":[1826405.1213950263,2187669.6641806136]},"properties":{"height":17.0,"crown_diameter":15.68},"id":"1942"},{"type":"Feature","geometry":{"type":"Point","coordinates":[1827186.6721850012,2186996.8925489704]},"properties":{"height":16.0,"crown_diameter":16.0},"id":"1949"},{"type":"Feature","geometry":{"type":"Point","coordinates":[1826820.3352129348,2188076.0945945107]},"properties":{"height":17.0,"crown_diameter":15.44},"id":"1951"},{"type":"Feature","geometry":{"type":"Point","coordinates":[1826887.1773017053,2187683.3960718494]},"properties":{"height":16.0,"crown_diameter":16.0},"id":"1955"},{"type":"Feature","geometry":{"type":"Point","coordinates":[1826744.6616327318,2187579.658204889]},"properties":{"height":17.0,"crown_diameter":16.28},"id":"1956"},{"type":"Feature","geometry":{"type":"Point","coordinates":[1826860.5647309623,2186975.089049234]},"properties":{"height":17.0,"crown_diameter":15.44},"id":"1959"},{"type":"Feature","geometry":{"type":"Point","coordinates":[1827028.9050524773,2186852.1511954656]},"properties":{"height":17.0,"crown_diameter":17.0},"id":"1962"},{"type":"Feature","geometry":{"type":"Point","coordinates":[1826729.3475911177,2186975.9108040486]},"properties":{"height":17.0,"crown_diameter":14.5},"id":"1974"},{"type":"Feature","geometry":{"type":"Point","coordinates":[1826351.3583161843,2187166.2363717267]},"properties":{"height":17.0,"crown_diameter":15.44},"id":"1978"},{"type":"Feature","geometry":{"type":"Point","coordinates":[1827020.718505116,2186925.9422467253]},"properties":{"height":17.0,"crown_diameter":15.68},"id":"1984"},{"type":"Feature","geometry":{"type":"Point","coordinates":[1827062.8037282894,2186884.4572629323]},"properties":{"height":17.0,"crown_diameter":17.0},"id":"1986"},{"type":"Feature","geometry":{"type":"Point","coordinates":[1826283.7568477043,2187163.375586646]},"properties":{"height":17.0,"crown_diameter":17.0},"id":"1992"},{"type":"Feature","geometry":{"type":"Point","coordinates":[1826659.3090545493,2186713.5230192184]},"properties":{"height":16.0,"crown_diameter":16.0},"id":"1999"},{"type":"Feature","geometry":{"type":"Point","coordinates":[1826992.4602875854,2186826.7232856005]},"properties":{"height":16.0,"crown_diameter":16.0},"id":"2005"},{"type":"Feature","geometry":{"type":"Point","coordinates":[1826586.6972120975,2188034.0453970702]},"properties":{"height":16.0,"crown_diameter":15.24},"id":"2009"},{"type":"Feature","geometry":{"type":"Point","coordinates":[1826930.6440209744,2187092.5874972534]},"properties":{"height":16.0,"crown_diameter":16.0},"id":"2010"},{"type":"Feature","geometry":{"type":"Point","coordinates":[1826511.4614218434,2187496.590095476]},"properties":{"height":17.0,"crown_diameter":15.44},"id":"2011"},{"type":"Feature","geometry":{"type":"Point","coordinates":[1826622.1633919806,2187985.398200932]},"properties":{"height":17.0,"crown_diameter":15.0},"id":"2016"},{"type":"Feature","geometry":{"type":"Point","coordinates":[1827059.7438411824,2186862.233463387]},"properties":{"height":16.0,"crown_diameter":16.0},"id":"2017"},{"type":"Feature","geometry":{"type":"Point","coordinates":[1826878.8130614434,2186776.533840089]},"properties":{"height":16.0,"crown_diameter":14.12},"id":"2020"},{"type":"Feature","geometry":{"type":"Point","coordinates":[1826370.9754563845,2187251.2549643596]},"properties":{"height":17.0,"crown_diameter":15.44},"id":"2021"},{"type":"Feature","geometry":{"type":"Point","coordinates":[1826302.804495697,2186640.636961938]},"properties":{"height":16.0,"crown_diameter":14.12},"id":"2025"},{"type":"Feature","geometry":{"type":"Point","coordinates":[1827109.7144654356,2186802.9768174984]},"properties":{"height":16.0,"crown_diameter":16.0},"id":"2026"},{"type":"Feature","geometry":{"type":"Point","coordinates":[1826882.4621671415,2186792.3526141723]},"properties":{"height":16.0,"crown_diameter":16.0},"id":"2027"},{"type":"Feature","geometry":{"type":"Point","coordinates":[1826613.4488156706,2187772.0978921773]},"properties":{"height":17.0,"crown_diameter":15.44},"id":"2028"},{"type":"Feature","geometry":{"type":"Point","coordinates":[1827038.4927137403,2187194.6941129267]},"properties":{"height":16.0,"crown_diameter":16.0},"id":"2038"},{"type":"Feature","geometry":{"type":"Point","coordinates":[1826435.204030805,2187350.5368576436]},"properties":{"height":16.0,"crown_diameter":10.88},"id":"2042"},{"type":"Feature","geometry":{"type":"Point","coordinates":[1826026.668912083,2186899.8848725297]},"properties":{"height":16.0,"crown_diameter":16.0},"id":"2046"},{"type":"Feature","geometry":{"type":"Point","coordinates":[1826773.775955206,2187057.4404281573]},"properties":{"height":16.0,"crown_diameter":11.48},"id":"2050"},{"type":"Feature","geometry":{"type":"Point","coordinates":[1826517.0838592153,2187961.537865355]},"properties":{"height":16.0,"crown_diameter":16.0},"id":"2051"},{"type":"Feature","geometry":{"type":"Point","coordinates":[1826752.3311700039,2187156.1441901266]},"properties":{"height":16.0,"crown_diameter":16.0},"id":"2053"},{"type":"Feature","geometry":{"type":"Point","coordinates":[1826217.9422919916,2186613.14065664]},"properties":{"height":17.0,"crown_diameter":16.06},"id":"2054"},{"type":"Feature","geometry":{"type":"Point","coordinates":[1826908.313963773,2188047.3189579817]},"properties":{"height":16.0,"crown_diameter":16.0},"id":"2062"},{"type":"Feature","geometry":{"type":"Point","coordinates":[1826430.9736416007,2186703.5912961853]},"properties":{"height":16.0,"crown_diameter":16.0},"id":"2065"},{"type":"Feature","geometry":{"type":"Point","coordinates":[1826901.5968401313,2187665.2998268153]},"properties":{"height":16.0,"crown_diameter":16.0},"id":"2066"},{"type":"Feature","geometry":{"type":"Point","coordinates":[1826394.497099463,2186909.061511434]},"properties":{"height":16.0,"crown_diameter":16.0},"id":"2067"},{"type":"Feature","geometry":{"type":"Point","coordinates":[1826282.9010423792,2187824.0317325257]},"properties":{"height":16.0,"crown_diameter":16.0},"id":"2068"},{"type":"Feature","geometry":{"type":"Point","coordinates":[1826745.106710315,2187089.0029703695]},"properties":{"height":16.0,"crown_diameter":16.0},"id":"2069"},{"type":"Feature","geometry":{"type":"Point","coordinates":[1826955.1797318547,2187919.1075822865]},"properties":{"height":16.0,"crown_diameter":16.0},"id":"2070"},{"type":"Feature","geometry":{"type":"Point","coordinates":[1826959.7446121005,2186910.6183815273]},"properties":{"height":16.0,"crown_diameter":16.0},"id":"2072"},{"type":"Feature","geometry":{"type":"Point","coordinates":[1826696.8123651447,2188103.0255525]},"properties":{"height":16.0,"crown_diameter":16.0},"id":"2073"},{"type":"Feature","geometry":{"type":"Point","coordinates":[1826881.4218138359,2187246.4333850755]},"properties":{"height":16.0,"crown_diameter":16.0},"id":"2076"},{"type":"Feature","geometry":{"type":"Point","coordinates":[1827179.736671432,2186979.363243987]},"properties":{"height":16.0,"crown_diameter":16.0},"id":"2083"},{"type":"Feature","geometry":{"type":"Point","coordinates":[1826939.5446889522,2187946.263286777]},"properties":{"height":16.0,"crown_diameter":16.0},"id":"2093"},{"type":"Feature","geometry":{"type":"Point","coordinates":[1826338.6622829435,2187650.2456474886]},"properties":{"height":16.0,"crown_diameter":14.94},"id":"2094"},{"type":"Feature","geometry":{"type":"Point","coordinates":[1826478.9919231439,2186730.8116329806]},"properties":{"height":16.0,"crown_diameter":14.94},"id":"2103"},{"type":"Feature","geometry":{"type":"Point","coordinates":[1827013.9681589995,2186798.143864148]},"properties":{"height":16.0,"crown_diameter":16.0},"id":"2104"},{"type":"Feature","geometry":{"type":"Point","coordinates":[1826938.594609232,2187938.5613102736]},"properties":{"height":16.0,"crown_diameter":16.0},"id":"2106"},{"type":"Feature","geometry":{"type":"Point","coordinates":[1826738.427561134,2186691.0567647116]},"properties":{"height":16.0,"crown_diameter":15.18},"id":"2107"},{"type":"Feature","geometry":{"type":"Point","coordinates":[1826842.4471000445,2188021.492260333]},"properties":{"height":16.0,"crown_diameter":16.0},"id":"2110"},{"type":"Feature","geometry":{"type":"Point","coordinates":[1826629.1087607264,2187854.309248617]},"properties":{"height":16.0,"crown_diameter":14.6},"id":"2113"},{"type":"Feature","geometry":{"type":"Point","coordinates":[1826705.5109192654,2187096.4866166273]},"properties":{"height":16.0,"crown_diameter":16.0},"id":"2114"},{"type":"Feature","geometry":{"type":"Point","coordinates":[1826676.9572577626,2186670.0092749773]},"properties":{"height":16.0,"crown_diameter":13.5},"id":"2118"},{"type":"Feature","geometry":{"type":"Point","coordinates":[1826008.8756301391,2186505.8696316546]},"properties":{"height":16.0,"crown_diameter":15.8},"id":"2122"},{"type":"Feature","geometry":{"type":"Point","coordinates":[1826809.087267486,2188041.660394809]},"properties":{"height":16.0,"crown_diameter":16.0},"id":"2123"},{"type":"Feature","geometry":{"type":"Point","coordinates":[1826797.0183370286,2187905.14911946]},"properties":{"height":16.0,"crown_diameter":16.0},"id":"2126"},{"type":"Feature","geometry":{"type":"Point","coordinates":[1826710.0115847609,2186811.491885382]},"properties":{"height":16.0,"crown_diameter":15.24},"id":"2127"},{"type":"Feature","geometry":{"type":"Point","coordinates":[1826982.9060997344,2187430.2322292654]},"properties":{"height":16.0,"crown_diameter":16.0},"id":"2131"},{"type":"Feature","geometry":{"type":"Point","coordinates":[1826909.5677131424,2188042.0066307895]},"properties":{"height":16.0,"crown_diameter":16.0},"id":"2134"},{"type":"Feature","geometry":{"type":"Point","coordinates":[1826185.5468386807,2186621.391604374]},"properties":{"height":16.0,"crown_diameter":15.6},"id":"2141"},{"type":"Feature","geometry":{"type":"Point","coordinates":[1826371.2827095413,2187281.2400375726]},"properties":{"height":16.0,"crown_diameter":16.0},"id":"2145"},{"type":"Feature","geometry":{"type":"Point","coordinates":[1827094.0615742006,2186935.7721007266]},"properties":{"height":15.0,"crown_diameter":15.0},"id":"2147"},{"type":"Feature","geometry":{"type":"Point","coordinates":[1826573.3987638995,2187499.9869901505]},"properties":{"height":16.0,"crown_diameter":16.0},"id":"2151"},{"type":"Feature","geometry":{"type":"Point","coordinates":[1826612.3864824101,2187796.149913767]},"properties":{"height":16.0,"crown_diameter":16.0},"id":"2153"},{"type":"Feature","geometry":{"type":"Point","coordinates":[1826260.2135451436,2186993.2994899177]},"properties":{"height":16.0,"crown_diameter":16.0},"id":"2154"},{"type":"Feature","geometry":{"type":"Point","coordinates":[1826122.5177544553,2186978.580111215]},"properties":{"height":15.0,"crown_diameter":15.0},"id":"2155"},{"type":"Feature","geometry":{"type":"Point","coordinates":[1826199.0328849915,2187424.751107211]},"properties":{"height":15.0,"crown_diameter":15.0},"id":"2156"},{"type":"Feature","geometry":{"type":"Point","coordinates":[1826125.5961479032,2186981.175810308]},"properties":{"height":15.0,"crown_diameter":15.0},"id":"2157"},{"type":"Feature","geometry":{"type":"Point","coordinates":[1826855.8987014825,2187522.7145985463]},"properties":{"height":15.0,"crown_diameter":15.0},"id":"2158"},{"type":"Feature","geometry":{"type":"Point","coordinates":[1826481.7197639681,2187849.4421476424]},"properties":{"height":16.0,"crown_diameter":15.18},"id":"2159"},{"type":"Feature","geometry":{"type":"Point","coordinates":[1826997.0160699992,2187210.145631432]},"properties":{"height":15.0,"crown_diameter":15.0},"id":"2160"},{"type":"Feature","geometry":{"type":"Point","coordinates":[1826131.758206334,2187432.249727665]},"properties":{"height":15.0,"crown_diameter":13.72},"id":"2161"},{"type":"Feature","geometry":{"type":"Point","coordinates":[1826472.36839789,2187169.545872752]},"properties":{"height":16.0,"crown_diameter":11.08},"id":"2162"},{"type":"Feature","geometry":{"type":"Point","coordinates":[1826443.8475384903,2187747.970220998]},"properties":{"height":16.0,"crown_diameter":16.0},"id":"2163"},{"type":"Feature","geometry":{"type":"Point","coordinates":[1826858.900084724,2187111.1804745654]},"properties":{"height":16.0,"crown_diameter":13.5},"id":"2165"},{"type":"Feature","geometry":{"type":"Point","coordinates":[1826727.5517033215,2186842.7408666015]},"properties":{"height":15.0,"crown_diameter":15.0},"id":"2170"},{"type":"Feature","geometry":{"type":"Point","coordinates":[1826910.6820382364,2187787.091024865]},"properties":{"height":16.0,"crown_diameter":16.0},"id":"2171"},{"type":"Feature","geometry":{"type":"Point","coordinates":[1826292.2456501415,2187800.0648258817]},"properties":{"height":15.0,"crown_diameter":15.0},"id":"2172"},{"type":"Feature","geometry":{"type":"Point","coordinates":[1826739.1003876415,2187055.8020731667]},"properties":{"height":16.0,"crown_diameter":16.0},"id":"2174"},{"type":"Feature","geometry":{"type":"Point","coordinates":[1826398.7870167932,2186710.955708934]},"properties":{"height":16.0,"crown_diameter":16.0},"id":"2176"},{"type":"Feature","geometry":{"type":"Point","coordinates":[1827027.005599034,2187501.4006582648]},"properties":{"height":16.0,"crown_diameter":16.0},"id":"2179"},{"type":"Feature","geometry":{"type":"Point","coordinates":[1826135.1935095538,2187405.952738979]},"properties":{"height":15.0,"crown_diameter":15.0},"id":"2182"},{"type":"Feature","geometry":{"type":"Point","coordinates":[1827069.4543701415,2186895.375325023]},"properties":{"height":16.0,"crown_diameter":13.5},"id":"2184"},{"type":"Feature","geometry":{"type":"Point","coordinates":[1826944.8681991259,2188169.9793734886]},"properties":{"height":15.0,"crown_diameter":15.0},"id":"2186"},{"type":"Feature","geometry":{"type":"Point","coordinates":[1826586.4176590107,2187088.9525862667]},"properties":{"height":16.0,"crown_diameter":16.0},"id":"2187"},{"type":"Feature","geometry":{"type":"Point","coordinates":[1826692.2137733768,2188079.5078888834]},"properties":{"height":16.0,"crown_diameter":14.94},"id":"2189"},{"type":"Feature","geometry":{"type":"Point","coordinates":[1826210.8302721414,2186705.881255367]},"properties":{"height":17.0,"crown_diameter":16.48},"id":"2190"},{"type":"Feature","geometry":{"type":"Point","coordinates":[1827000.061289696,2187380.9980291305]},"properties":{"height":16.0,"crown_diameter":16.0},"id":"2191"},{"type":"Feature","geometry":{"type":"Point","coordinates":[1826370.4061319493,2187621.2806869284]},"properties":{"height":15.0,"crown_diameter":15.0},"id":"2196"},{"type":"Feature","geometry":{"type":"Point","coordinates":[1826936.060802893,2187132.1933691874]},"properties":{"height":15.0,"crown_diameter":15.0},"id":"2202"},{"type":"Feature","geometry":{"type":"Point","coordinates":[1826968.8028616493,2187994.2961219167]},"properties":{"height":15.0,"crown_diameter":15.0},"id":"2204"},{"type":"Feature","geometry":{"type":"Point","coordinates":[1826707.7723812824,2186848.357187337]},"properties":{"height":15.0,"crown_diameter":15.0},"id":"2205"},{"type":"Feature","geometry":{"type":"Point","coordinates":[1826439.9235418404,2187236.673752434]},"properties":{"height":16.0,"crown_diameter":14.94},"id":"2207"},{"type":"Feature","geometry":{"type":"Point","coordinates":[1826743.2525429733,2187890.591609113]},"properties":{"height":15.0,"crown_diameter":15.0},"id":"2213"},{"type":"Feature","geometry":{"type":"Point","coordinates":[1826241.0225267275,2187438.3955359575]},"properties":{"height":15.0,"crown_diameter":15.0},"id":"2215"},{"type":"Feature","geometry":{"type":"Point","coordinates":[1826341.2593300526,2187244.244493499]},"properties":{"height":16.0,"crown_diameter":13.82},"id":"2216"},{"type":"Feature","geometry":{"type":"Point","coordinates":[1826741.0220515693,2187094.582831111]},"properties":{"height":15.0,"crown_diameter":15.0},"id":"2218"},{"type":"Feature","geometry":{"type":"Point","coordinates":[1827031.7145967032,2186785.504247383]},"properties":{"height":15.0,"crown_diameter":15.0},"id":"2223"},{"type":"Feature","geometry":{"type":"Point","coordinates":[1826833.7868564075,2188112.91816314]},"properties":{"height":15.0,"crown_diameter":15.0},"id":"2224"},{"type":"Feature","geometry":{"type":"Point","coordinates":[1826382.3984367058,2187472.683017025]},"properties":{"height":15.0,"crown_diameter":15.0},"id":"2230"},{"type":"Feature","geometry":{"type":"Point","coordinates":[1826648.8238277184,2188099.178609609]},"properties":{"height":16.0,"crown_diameter":16.0},"id":"2232"},{"type":"Feature","geometry":{"type":"Point","coordinates":[1826349.45830278,2187002.2000034996]},"properties":{"height":16.0,"crown_diameter":14.6},"id":"2238"},{"type":"Feature","geometry":{"type":"Point","coordinates":[1826198.0134402781,2186901.0388335367]},"properties":{"height":15.0,"crown_diameter":13.72},"id":"2241"},{"type":"Feature","geometry":{"type":"Point","coordinates":[1827022.8829118842,2186881.580233612]},"properties":{"height":15.0,"crown_diameter":13.12},"id":"2244"},{"type":"Feature","geometry":{"type":"Point","coordinates":[1826291.9967966916,2187605.5863218694]},"properties":{"height":15.0,"crown_diameter":15.0},"id":"2245"},{"type":"Feature","geometry":{"type":"Point","coordinates":[1826357.6804632877,2187655.6672509615]},"properties":{"height":15.0,"crown_diameter":14.16},"id":"2247"},{"type":"Feature","geometry":{"type":"Point","coordinates":[1826615.7498046898,2187805.3559930995]},"properties":{"height":16.0,"crown_diameter":16.0},"id":"2255"},{"type":"Feature","geometry":{"type":"Point","coordinates":[1826417.4478841973,2186893.90991801]},"properties":{"height":15.0,"crown_diameter":15.0},"id":"2257"},{"type":"Feature","geometry":{"type":"Point","coordinates":[1826099.8465092327,2186703.0738836476]},"properties":{"height":15.0,"crown_diameter":15.0},"id":"2258"},{"type":"Feature","geometry":{"type":"Point","coordinates":[1827026.8932022206,2186911.5070010335]},"properties":{"height":15.0,"crown_diameter":15.0},"id":"2259"},{"type":"Feature","geometry":{"type":"Point","coordinates":[1826320.3433514694,2187266.4184238813]},"properties":{"height":15.0,"crown_diameter":15.0},"id":"2260"},{"type":"Feature","geometry":{"type":"Point","coordinates":[1826731.0054391655,2188036.319442142]},"properties":{"height":15.0,"crown_diameter":15.0},"id":"2265"},{"type":"Feature","geometry":{"type":"Point","coordinates":[1826581.675436964,2187179.4437744617]},"properties":{"height":16.0,"crown_diameter":16.0},"id":"2267"},{"type":"Feature","geometry":{"type":"Point","coordinates":[1826440.8536615067,2187838.8652323186]},"properties":{"height":15.0,"crown_diameter":14.56},"id":"2269"},{"type":"Feature","geometry":{"type":"Point","coordinates":[1826476.6187096203,2187307.9609570536]},"properties":{"height":16.0,"crown_diameter":15.02},"id":"2272"},{"type":"Feature","geometry":{"type":"Point","coordinates":[1826750.422229288,2187652.9931042567]},"properties":{"height":15.0,"crown_diameter":15.0},"id":"2287"},{"type":"Feature","geometry":{"type":"Point","coordinates":[1826305.1108693418,2187651.6772977645]},"properties":{"height":15.0,"crown_diameter":15.0},"id":"2288"},{"type":"Feature","geometry":{"type":"Point","coordinates":[1826681.2774012838,2187242.205952545]},"properties":{"height":16.0,"crown_diameter":14.12},"id":"2289"},{"type":"Feature","geometry":{"type":"Point","coordinates":[1826666.0862520204,2187975.1995332357]},"properties":{"height":15.0,"crown_diameter":13.72},"id":"2290"},{"type":"Feature","geometry":{"type":"Point","coordinates":[1826771.3208469048,2187650.446796167]},"properties":{"height":16.0,"crown_diameter":16.0},"id":"2292"},{"type":"Feature","geometry":{"type":"Point","coordinates":[1827047.7511244747,2186776.2005657726]},"properties":{"height":15.0,"crown_diameter":15.0},"id":"2293"},{"type":"Feature","geometry":{"type":"Point","coordinates":[1826439.2361104712,2187020.575301718]},"properties":{"height":15.0,"crown_diameter":13.12},"id":"2294"},{"type":"Feature","geometry":{"type":"Point","coordinates":[1826317.317261155,2186610.406026946]},"properties":{"height":15.0,"crown_diameter":15.0},"id":"2296"},{"type":"Feature","geometry":{"type":"Point","coordinates":[1826508.4708444776,2187630.4870495684]},"properties":{"height":15.0,"crown_diameter":13.44},"id":"2299"},{"type":"Feature","geometry":{"type":"Point","coordinates":[1826140.6510852408,2186897.7910209466]},"properties":{"height":15.0,"crown_diameter":13.72},"id":"2302"},{"type":"Feature","geometry":{"type":"Point","coordinates":[1826217.5266881108,2186763.5502622924]},"properties":{"height":15.0,"crown_diameter":15.0},"id":"2306"},{"type":"Feature","geometry":{"type":"Point","coordinates":[1827013.1047622182,2187849.5879751067]},"properties":{"height":15.0,"crown_diameter":15.0},"id":"2307"},{"type":"Feature","geometry":{"type":"Point","coordinates":[1826211.0376061972,2187107.8954540286]},"properties":{"height":15.0,"crown_diameter":15.0},"id":"2309"},{"type":"Feature","geometry":{"type":"Point","coordinates":[1826620.7667790293,2187827.1035666494]},"properties":{"height":15.0,"crown_diameter":15.0},"id":"2317"},{"type":"Feature","geometry":{"type":"Point","coordinates":[1826865.9007548399,2187284.836567274]},"properties":{"height":15.0,"crown_diameter":15.0},"id":"2320"},{"type":"Feature","geometry":{"type":"Point","coordinates":[1826779.0510833063,2187254.0594325224]},"properties":{"height":15.0,"crown_diameter":15.0},"id":"2326"},{"type":"Feature","geometry":{"type":"Point","coordinates":[1826466.4631456346,2187018.5854822006]},"properties":{"height":16.0,"crown_diameter":14.6},"id":"2328"},{"type":"Feature","geometry":{"type":"Point","coordinates":[1827013.6825528191,2187327.190237664]},"properties":{"height":15.0,"crown_diameter":15.0},"id":"2329"},{"type":"Feature","geometry":{"type":"Point","coordinates":[1826183.403391619,2186646.126561074]},"properties":{"height":15.0,"crown_diameter":15.0},"id":"2330"},{"type":"Feature","geometry":{"type":"Point","coordinates":[1826756.4925339555,2186880.4192209532]},"properties":{"height":15.0,"crown_diameter":15.0},"id":"2335"},{"type":"Feature","geometry":{"type":"Point","coordinates":[1826562.6865596848,2187795.639248813]},"properties":{"height":15.0,"crown_diameter":15.0},"id":"2338"},{"type":"Feature","geometry":{"type":"Point","coordinates":[1826216.9385680251,2186769.955278499]},"properties":{"height":15.0,"crown_diameter":14.48},"id":"2345"},{"type":"Feature","geometry":{"type":"Point","coordinates":[1826680.1476044382,2188028.9912886177]},"properties":{"height":15.0,"crown_diameter":15.0},"id":"2346"},{"type":"Feature","geometry":{"type":"Point","coordinates":[1826546.058298824,2187490.731793648]},"properties":{"height":17.0,"crown_diameter":17.0},"id":"2348"},{"type":"Feature","geometry":{"type":"Point","coordinates":[1826936.8437198258,2187809.1558042136]},"properties":{"height":15.0,"crown_diameter":15.0},"id":"2352"},{"type":"Feature","geometry":{"type":"Point","coordinates":[1827056.7433321073,2186910.137771401]},"properties":{"height":15.0,"crown_diameter":15.0},"id":"2357"},{"type":"Feature","geometry":{"type":"Point","coordinates":[1826826.1715390773,2186937.058667856]},"properties":{"height":14.0,"crown_diameter":14.0},"id":"2361"},{"type":"Feature","geometry":{"type":"Point","coordinates":[1826588.232360427,2186776.2155599548]},"properties":{"height":14.0,"crown_diameter":14.0},"id":"2362"},{"type":"Feature","geometry":{"type":"Point","coordinates":[1827071.1064533892,2186864.9149784953]},"properties":{"height":14.0,"crown_diameter":14.0},"id":"2363"},{"type":"Feature","geometry":{"type":"Point","coordinates":[1826710.8240879334,2187574.4777193326]},"properties":{"height":16.0,"crown_diameter":14.12},"id":"2365"},{"type":"Feature","geometry":{"type":"Point","coordinates":[1826189.3774054265,2186569.9441129733]},"properties":{"height":15.0,"crown_diameter":14.16},"id":"2366"},{"type":"Feature","geometry":{"type":"Point","coordinates":[1826842.131327002,2187690.525662682]},"properties":{"height":14.0,"crown_diameter":14.0},"id":"2371"},{"type":"Feature","geometry":{"type":"Point","coordinates":[1826315.1461569725,2186717.4003287354]},"properties":{"height":15.0,"crown_diameter":13.12},"id":"2379"},{"type":"Feature","geometry":{"type":"Point","coordinates":[1826131.1864610058,2187419.028565677]},"properties":{"height":14.0,"crown_diameter":14.0},"id":"2384"},{"type":"Feature","geometry":{"type":"Point","coordinates":[1826461.1469310732,2187244.4852440753]},"properties":{"height":14.0,"crown_diameter":11.66},"id":"2386"},{"type":"Feature","geometry":{"type":"Point","coordinates":[1826348.452260718,2187010.3758607795]},"properties":{"height":15.0,"crown_diameter":14.7},"id":"2394"},{"type":"Feature","geometry":{"type":"Point","coordinates":[1826750.8125927555,2187178.2211148436]},"properties":{"height":14.0,"crown_diameter":13.3},"id":"2397"},{"type":"Feature","geometry":{"type":"Point","coordinates":[1826225.9125661615,2187240.4027528083]},"properties":{"height":14.0,"crown_diameter":14.0},"id":"2401"},{"type":"Feature","geometry":{"type":"Point","coordinates":[1826248.985163303,2186579.329961663]},"properties":{"height":14.0,"crown_diameter":14.0},"id":"2403"},{"type":"Feature","geometry":{"type":"Point","coordinates":[1827081.7290930753,2186902.011536724]},"properties":{"height":14.0,"crown_diameter":14.0},"id":"2409"},{"type":"Feature","geometry":{"type":"Point","coordinates":[1826141.0239534967,2186849.26921235]},"properties":{"height":15.0,"crown_diameter":14.78},"id":"2414"},{"type":"Feature","geometry":{"type":"Point","coordinates":[1827122.3621270934,2187382.7532134065]},"properties":{"height":16.0,"crown_diameter":16.0},"id":"2415"},{"type":"Feature","geometry":{"type":"Point","coordinates":[1826066.4637909192,2186954.1410635947]},"properties":{"height":14.0,"crown_diameter":14.0},"id":"2416"},{"type":"Feature","geometry":{"type":"Point","coordinates":[1826837.5383475977,2186705.093708042]},"properties":{"height":14.0,"crown_diameter":14.0},"id":"2420"},{"type":"Feature","geometry":{"type":"Point","coordinates":[1826846.811904039,2187037.2817121637]},"properties":{"height":14.0,"crown_diameter":8.72},"id":"2421"},{"type":"Feature","geometry":{"type":"Point","coordinates":[1826333.9082396529,2186633.9514311017]},"properties":{"height":14.0,"crown_diameter":14.0},"id":"2426"},{"type":"Feature","geometry":{"type":"Point","coordinates":[1827205.9957317377,2186989.3001685473]},"properties":{"height":14.0,"crown_diameter":12.72},"id":"2428"},{"type":"Feature","geometry":{"type":"Point","coordinates":[1826905.1415134198,2188056.851961505]},"properties":{"height":14.0,"crown_diameter":14.0},"id":"2433"},{"type":"Feature","geometry":{"type":"Point","coordinates":[1826276.0768393697,2187285.8880105657]},"properties":{"height":14.0,"crown_diameter":14.0},"id":"2435"},{"type":"Feature","geometry":{"type":"Point","coordinates":[1826773.164905654,2187318.1057089097]},"properties":{"height":16.0,"crown_diameter":16.0},"id":"2441"},{"type":"Feature","geometry":{"type":"Point","coordinates":[1827066.9041012065,2186773.2415520675]},"properties":{"height":14.0,"crown_diameter":14.0},"id":"2444"},{"type":"Feature","geometry":{"type":"Point","coordinates":[1826855.9356395067,2188019.0673594614]},"properties":{"height":14.0,"crown_diameter":14.0},"id":"2447"},{"type":"Feature","geometry":{"type":"Point","coordinates":[1826309.2502751166,2187630.2206127583]},"properties":{"height":14.0,"crown_diameter":14.0},"id":"2448"},{"type":"Feature","geometry":{"type":"Point","coordinates":[1826585.3521881343,2187539.262647339]},"properties":{"height":15.0,"crown_diameter":13.72},"id":"2452"},{"type":"Feature","geometry":{"type":"Point","coordinates":[1826272.6543414139,2187589.8064566613]},"properties":{"height":14.0,"crown_diameter":14.0},"id":"2464"},{"type":"Feature","geometry":{"type":"Point","coordinates":[1827167.2183983086,2187184.8773398628]},"properties":{"height":15.0,"crown_diameter":14.7},"id":"2467"},{"type":"Feature","geometry":{"type":"Point","coordinates":[1827086.9706880085,2186817.241527656]},"properties":{"height":14.0,"crown_diameter":13.7},"id":"2468"},{"type":"Feature","geometry":{"type":"Point","coordinates":[1826849.0008092497,2188001.5407378925]},"properties":{"height":14.0,"crown_diameter":14.0},"id":"2476"},{"type":"Feature","geometry":{"type":"Point","coordinates":[1826983.9611317462,2187855.795866749]},"properties":{"height":15.0,"crown_diameter":15.0},"id":"2477"},{"type":"Feature","geometry":{"type":"Point","coordinates":[1826953.3574027396,2187997.193743877]},"properties":{"height":14.0,"crown_diameter":14.0},"id":"2478"},{"type":"Feature","geometry":{"type":"Point","coordinates":[1826328.2624512315,2186614.857589706]},"properties":{"height":14.0,"crown_diameter":14.0},"id":"2482"},{"type":"Feature","geometry":{"type":"Point","coordinates":[1826890.4480740894,2186891.4614158226]},"properties":{"height":15.0,"crown_diameter":14.16},"id":"2483"},{"type":"Feature","geometry":{"type":"Point","coordinates":[1826288.0103764215,2187301.7898481144]},"properties":{"height":14.0,"crown_diameter":14.0},"id":"2485"},{"type":"Feature","geometry":{"type":"Point","coordinates":[1826566.163114539,2187538.4739353852]},"properties":{"height":16.0,"crown_diameter":15.02},"id":"2486"},{"type":"Feature","geometry":{"type":"Point","coordinates":[1826788.4184084237,2188066.6929117846]},"properties":{"height":15.0,"crown_diameter":12.0},"id":"2489"},{"type":"Feature","geometry":{"type":"Point","coordinates":[1826016.50507318,2186907.77033719]},"properties":{"height":14.0,"crown_diameter":14.0},"id":"2490"},{"type":"Feature","geometry":{"type":"Point","coordinates":[1826359.0842760103,2186941.8390098675]},"properties":{"height":14.0,"crown_diameter":13.7},"id":"2495"},{"type":"Feature","geometry":{"type":"Point","coordinates":[1826926.6483616524,2188114.2710245987]},"properties":{"height":14.0,"crown_diameter":13.38},"id":"2501"},{"type":"Feature","geometry":{"type":"Point","coordinates":[1826703.6086464368,2187999.9439283963]},"properties":{"height":14.0,"crown_diameter":14.0},"id":"2504"},{"type":"Feature","geometry":{"type":"Point","coordinates":[1826535.886171578,2187881.851652924]},"properties":{"height":14.0,"crown_diameter":13.7},"id":"2505"},{"type":"Feature","geometry":{"type":"Point","coordinates":[1827071.2221983196,2186919.163830994]},"properties":{"height":15.0,"crown_diameter":15.0},"id":"2513"},{"type":"Feature","geometry":{"type":"Point","coordinates":[1826648.345179622,2188030.8335246095]},"properties":{"height":14.0,"crown_diameter":11.8},"id":"2515"},{"type":"Feature","geometry":{"type":"Point","coordinates":[1826697.4533586674,2187075.889215338]},"properties":{"height":14.0,"crown_diameter":14.0},"id":"2525"},{"type":"Feature","geometry":{"type":"Point","coordinates":[1826869.6527961083,2188039.12932471]},"properties":{"height":14.0,"crown_diameter":14.0},"id":"2526"},{"type":"Feature","geometry":{"type":"Point","coordinates":[1827088.2640547776,2186858.680669501]},"properties":{"height":14.0,"crown_diameter":14.0},"id":"2529"},{"type":"Feature","geometry":{"type":"Point","coordinates":[1826391.662503958,2186717.6885449504]},"properties":{"height":14.0,"crown_diameter":14.0},"id":"2534"},{"type":"Feature","geometry":{"type":"Point","coordinates":[1826645.3773047572,2186885.98614618]},"properties":{"height":14.0,"crown_diameter":14.0},"id":"2546"},{"type":"Feature","geometry":{"type":"Point","coordinates":[1826963.533390807,2187090.065887204]},"properties":{"height":13.0,"crown_diameter":13.0},"id":"2547"},{"type":"Feature","geometry":{"type":"Point","coordinates":[1826470.262225924,2187198.0272769076]},"properties":{"height":13.0,"crown_diameter":11.42},"id":"2552"},{"type":"Feature","geometry":{"type":"Point","coordinates":[1826742.099119504,2187007.899106172]},"properties":{"height":13.0,"crown_diameter":8.5},"id":"2556"},{"type":"Feature","geometry":{"type":"Point","coordinates":[1826602.6169161887,2187223.645919642]},"properties":{"height":14.0,"crown_diameter":14.0},"id":"2560"},{"type":"Feature","geometry":{"type":"Point","coordinates":[1826389.559909882,2187278.0738349603]},"properties":{"height":13.0,"crown_diameter":13.0},"id":"2565"},{"type":"Feature","geometry":{"type":"Point","coordinates":[1826890.0320330355,2187835.4973119497]},"properties":{"height":13.0,"crown_diameter":13.0},"id":"2569"},{"type":"Feature","geometry":{"type":"Point","coordinates":[1826988.631089351,2187671.818941449]},"properties":{"height":14.0,"crown_diameter":13.3},"id":"2572"},{"type":"Feature","geometry":{"type":"Point","coordinates":[1826956.11118814,2187946.434312888]},"properties":{"height":15.0,"crown_diameter":15.0},"id":"2574"},{"type":"Feature","geometry":{"type":"Point","coordinates":[1826949.0648546012,2187339.049645307]},"properties":{"height":14.0,"crown_diameter":11.8},"id":"2575"},{"type":"Feature","geometry":{"type":"Point","coordinates":[1826659.5773509995,2186739.7621394843]},"properties":{"height":14.0,"crown_diameter":13.7},"id":"2577"},{"type":"Feature","geometry":{"type":"Point","coordinates":[1826739.5900277083,2187980.393975354]},"properties":{"height":13.0,"crown_diameter":13.0},"id":"2581"},{"type":"Feature","geometry":{"type":"Point","coordinates":[1826300.466885993,2187241.1645268905]},"properties":{"height":13.0,"crown_diameter":13.0},"id":"2586"},{"type":"Feature","geometry":{"type":"Point","coordinates":[1827116.5653625082,2187262.664937435]},"properties":{"height":13.0,"crown_diameter":13.0},"id":"2589"},{"type":"Feature","geometry":{"type":"Point","coordinates":[1827083.8528940077,2186767.8926578937]},"properties":{"height":13.0,"crown_diameter":13.0},"id":"2591"},{"type":"Feature","geometry":{"type":"Point","coordinates":[1826567.5475562254,2188037.0041954573]},"properties":{"height":14.0,"crown_diameter":12.18},"id":"2592"},{"type":"Feature","geometry":{"type":"Point","coordinates":[1827104.3665821103,2187220.523703997]},"properties":{"height":13.0,"crown_diameter":13.0},"id":"2593"},{"type":"Feature","geometry":{"type":"Point","coordinates":[1826215.4053582477,2186811.660406719]},"properties":{"height":15.0,"crown_diameter":13.72},"id":"2596"},{"type":"Feature","geometry":{"type":"Point","coordinates":[1827074.7517055422,2187545.3865095098]},"properties":{"height":13.0,"crown_diameter":12.82},"id":"2597"},{"type":"Feature","geometry":{"type":"Point","coordinates":[1826231.8875197803,2187312.853917786]},"properties":{"height":13.0,"crown_diameter":12.82},"id":"2599"},{"type":"Feature","geometry":{"type":"Point","coordinates":[1826473.6240289425,2188059.706678]},"properties":{"height":13.0,"crown_diameter":13.0},"id":"2606"},{"type":"Feature","geometry":{"type":"Point","coordinates":[1826982.769382976,2186816.957531277]},"properties":{"height":13.0,"crown_diameter":13.0},"id":"2608"},{"type":"Feature","geometry":{"type":"Point","coordinates":[1826244.1199256864,2186572.5732766395]},"properties":{"height":13.0,"crown_diameter":13.0},"id":"2609"},{"type":"Feature","geometry":{"type":"Point","coordinates":[1827032.151790118,2187385.767145162]},"properties":{"height":13.0,"crown_diameter":13.0},"id":"2611"},{"type":"Feature","geometry":{"type":"Point","coordinates":[1826531.2453982823,2187811.588330169]},"properties":{"height":13.0,"crown_diameter":13.0},"id":"2614"},{"type":"Feature","geometry":{"type":"Point","coordinates":[1826218.3488452898,2187225.5318000866]},"properties":{"height":13.0,"crown_diameter":13.0},"id":"2615"},{"type":"Feature","geometry":{"type":"Point","coordinates":[1826117.5306990338,2186917.5770516847]},"properties":{"height":14.0,"crown_diameter":13.02},"id":"2621"},{"type":"Feature","geometry":{"type":"Point","coordinates":[1826906.1286816013,2188025.304992362]},"properties":{"height":13.0,"crown_diameter":13.0},"id":"2622"},{"type":"Feature","geometry":{"type":"Point","coordinates":[1826225.2034612081,2187192.562407368]},"properties":{"height":13.0,"crown_diameter":13.0},"id":"2627"},{"type":"Feature","geometry":{"type":"Point","coordinates":[1827051.5171595751,2187639.9229661548]},"properties":{"height":13.0,"crown_diameter":13.0},"id":"2629"},{"type":"Feature","geometry":{"type":"Point","coordinates":[1826550.6400793188,2188046.100203879]},"properties":{"height":13.0,"crown_diameter":13.0},"id":"2632"},{"type":"Feature","geometry":{"type":"Point","coordinates":[1826448.240287425,2187580.7563109356]},"properties":{"height":14.0,"crown_diameter":12.52},"id":"2633"},{"type":"Feature","geometry":{"type":"Point","coordinates":[1826612.5528520716,2188026.1262289896]},"properties":{"height":14.0,"crown_diameter":13.3},"id":"2636"},{"type":"Feature","geometry":{"type":"Point","coordinates":[1826131.826463192,2186590.9587017046]},"properties":{"height":13.0,"crown_diameter":12.9},"id":"2650"},{"type":"Feature","geometry":{"type":"Point","coordinates":[1826935.71884619,2186734.8051296594]},"properties":{"height":13.0,"crown_diameter":13.0},"id":"2656"},{"type":"Feature","geometry":{"type":"Point","coordinates":[1826807.665457848,2187645.002315237]},"properties":{"height":14.0,"crown_diameter":14.0},"id":"2657"},{"type":"Feature","geometry":{"type":"Point","coordinates":[1826454.6146107418,2187479.4387582573]},"properties":{"height":13.0,"crown_diameter":13.0},"id":"2660"},{"type":"Feature","geometry":{"type":"Point","coordinates":[1826580.7529673332,2187281.117663092]},"properties":{"height":13.0,"crown_diameter":13.0},"id":"2663"},{"type":"Feature","geometry":{"type":"Point","coordinates":[1826501.2456547262,2187563.3508092836]},"properties":{"height":13.0,"crown_diameter":13.0},"id":"2664"},{"type":"Feature","geometry":{"type":"Point","coordinates":[1826282.0144571755,2186760.0655750753]},"properties":{"height":13.0,"crown_diameter":13.0},"id":"2668"},{"type":"Feature","geometry":{"type":"Point","coordinates":[1827097.1506528365,2187454.3906127363]},"properties":{"height":13.0,"crown_diameter":13.0},"id":"2670"},{"type":"Feature","geometry":{"type":"Point","coordinates":[1826924.4143287153,2187658.5329726934]},"properties":{"height":13.0,"crown_diameter":13.0},"id":"2672"},{"type":"Feature","geometry":{"type":"Point","coordinates":[1826029.6746993868,2187043.6158770816]},"properties":{"height":13.0,"crown_diameter":13.0},"id":"2673"},{"type":"Feature","geometry":{"type":"Point","coordinates":[1827044.6948945657,2187547.6403965917]},"properties":{"height":13.0,"crown_diameter":13.0},"id":"2675"},{"type":"Feature","geometry":{"type":"Point","coordinates":[1827052.6339169412,2186763.3298378475]},"properties":{"height":13.0,"crown_diameter":13.0},"id":"2676"},{"type":"Feature","geometry":{"type":"Point","coordinates":[1826800.1125266282,2186797.2272728295]},"properties":{"height":13.0,"crown_diameter":13.0},"id":"2680"},{"type":"Feature","geometry":{"type":"Point","coordinates":[1826884.6556777542,2187842.6410371335]},"properties":{"height":13.0,"crown_diameter":13.0},"id":"2683"},{"type":"Feature","geometry":{"type":"Point","coordinates":[1826324.9914689658,2186593.519369421]},"properties":{"height":13.0,"crown_diameter":13.0},"id":"2687"},{"type":"Feature","geometry":{"type":"Point","coordinates":[1826010.1007009556,2186899.716257916]},"properties":{"height":13.0,"crown_diameter":13.0},"id":"2691"},{"type":"Feature","geometry":{"type":"Point","coordinates":[1826204.4306535716,2187440.980255927]},"properties":{"height":13.0,"crown_diameter":13.0},"id":"2693"},{"type":"Feature","geometry":{"type":"Point","coordinates":[1826886.5151085195,2187275.679268029]},"properties":{"height":13.0,"crown_diameter":13.0},"id":"2695"},{"type":"Feature","geometry":{"type":"Point","coordinates":[1826467.8235069627,2187130.147296253]},"properties":{"height":13.0,"crown_diameter":12.82},"id":"2696"},{"type":"Feature","geometry":{"type":"Point","coordinates":[1827119.5082138726,2187144.637501733]},"properties":{"height":13.0,"crown_diameter":13.0},"id":"2698"},{"type":"Feature","geometry":{"type":"Point","coordinates":[1826651.2938035228,2186974.3208464505]},"properties":{"height":13.0,"crown_diameter":11.42},"id":"2699"},{"type":"Feature","geometry":{"type":"Point","coordinates":[1826446.557470612,2187267.2168699144]},"properties":{"height":13.0,"crown_diameter":13.0},"id":"2703"},{"type":"Feature","geometry":{"type":"Point","coordinates":[1826259.5043182308,2186945.4574803635]},"properties":{"height":14.0,"crown_diameter":14.0},"id":"2707"},{"type":"Feature","geometry":{"type":"Point","coordinates":[1826848.4882915565,2188015.440360109]},"properties":{"height":13.0,"crown_diameter":13.0},"id":"2708"},{"type":"Feature","geometry":{"type":"Point","coordinates":[1826894.1857805029,2187622.421733003]},"properties":{"height":13.0,"crown_diameter":13.0},"id":"2717"},{"type":"Feature","geometry":{"type":"Point","coordinates":[1827200.087586127,2187072.9766086396]},"properties":{"height":13.0,"crown_diameter":13.0},"id":"2719"},{"type":"Feature","geometry":{"type":"Point","coordinates":[1827134.8571831984,2186981.859109516]},"properties":{"height":14.0,"crown_diameter":14.0},"id":"2722"},{"type":"Feature","geometry":{"type":"Point","coordinates":[1827124.829969952,2187239.3755420204]},"properties":{"height":13.0,"crown_diameter":13.0},"id":"2725"},{"type":"Feature","geometry":{"type":"Point","coordinates":[1826403.0154112803,2187314.8998546163]},"properties":{"height":15.0,"crown_diameter":15.0},"id":"2730"},{"type":"Feature","geometry":{"type":"Point","coordinates":[1826345.0937667342,2187384.428464919]},"properties":{"height":13.0,"crown_diameter":13.0},"id":"2734"},{"type":"Feature","geometry":{"type":"Point","coordinates":[1826301.7736761533,2187368.600118884]},"properties":{"height":13.0,"crown_diameter":13.0},"id":"2738"},{"type":"Feature","geometry":{"type":"Point","coordinates":[1826745.0503623134,2187746.1338982345]},"properties":{"height":13.0,"crown_diameter":13.0},"id":"2746"},{"type":"Feature","geometry":{"type":"Point","coordinates":[1826254.127130602,2187398.488825003]},"properties":{"height":12.0,"crown_diameter":12.0},"id":"2748"},{"type":"Feature","geometry":{"type":"Point","coordinates":[1826419.2982725839,2187926.3143315376]},"properties":{"height":14.0,"crown_diameter":14.0},"id":"2751"},{"type":"Feature","geometry":{"type":"Point","coordinates":[1826869.131949574,2186938.7824604996]},"properties":{"height":13.0,"crown_diameter":12.48},"id":"2753"},{"type":"Feature","geometry":{"type":"Point","coordinates":[1826878.1596551335,2187889.7136344844]},"properties":{"height":13.0,"crown_diameter":13.0},"id":"2755"},{"type":"Feature","geometry":{"type":"Point","coordinates":[1826778.798756548,2187165.194023692]},"properties":{"height":12.0,"crown_diameter":12.0},"id":"2756"},{"type":"Feature","geometry":{"type":"Point","coordinates":[1826731.4850776405,2187741.063311262]},"properties":{"height":12.0,"crown_diameter":12.0},"id":"2759"},{"type":"Feature","geometry":{"type":"Point","coordinates":[1826748.9360233264,2187956.4277936625]},"properties":{"height":13.0,"crown_diameter":13.0},"id":"2763"},{"type":"Feature","geometry":{"type":"Point","coordinates":[1826149.0566721181,2187503.630921434]},"properties":{"height":12.0,"crown_diameter":12.0},"id":"2770"},{"type":"Feature","geometry":{"type":"Point","coordinates":[1826406.8738366582,2187329.8315984434]},"properties":{"height":13.0,"crown_diameter":13.0},"id":"2771"},{"type":"Feature","geometry":{"type":"Point","coordinates":[1826869.618903641,2186815.497913284]},"properties":{"height":12.0,"crown_diameter":12.0},"id":"2773"},{"type":"Feature","geometry":{"type":"Point","coordinates":[1826699.1248547945,2187068.8051249003]},"properties":{"height":13.0,"crown_diameter":13.0},"id":"2774"},{"type":"Feature","geometry":{"type":"Point","coordinates":[1827128.4767791564,2187169.189978162]},"properties":{"height":12.0,"crown_diameter":12.0},"id":"2779"},{"type":"Feature","geometry":{"type":"Point","coordinates":[1826529.4778457,2188065.4084217567]},"properties":{"height":13.0,"crown_diameter":13.0},"id":"2783"},{"type":"Feature","geometry":{"type":"Point","coordinates":[1826516.0744030382,2187926.7160007264]},"properties":{"height":13.0,"crown_diameter":13.0},"id":"2784"},{"type":"Feature","geometry":{"type":"Point","coordinates":[1827186.1766637585,2186905.1599567914]},"properties":{"height":12.0,"crown_diameter":12.0},"id":"2785"},{"type":"Feature","geometry":{"type":"Point","coordinates":[1826588.52752109,2187572.7279669535]},"properties":{"height":13.0,"crown_diameter":13.0},"id":"2788"},{"type":"Feature","geometry":{"type":"Point","coordinates":[1826615.7545651454,2187336.11502313]},"properties":{"height":12.0,"crown_diameter":12.0},"id":"2792"},{"type":"Feature","geometry":{"type":"Point","coordinates":[1826376.715360852,2187449.843105994]},"properties":{"height":12.0,"crown_diameter":12.0},"id":"2796"},{"type":"Feature","geometry":{"type":"Point","coordinates":[1827082.5198835898,2187387.3717711563]},"properties":{"height":13.0,"crown_diameter":13.0},"id":"2800"},{"type":"Feature","geometry":{"type":"Point","coordinates":[1826559.3409722801,2188044.4145721733]},"properties":{"height":12.0,"crown_diameter":12.0},"id":"2801"},{"type":"Feature","geometry":{"type":"Point","coordinates":[1826817.9943762934,2187503.487336369]},"properties":{"height":13.0,"crown_diameter":13.0},"id":"2805"},{"type":"Feature","geometry":{"type":"Point","coordinates":[1827046.762631656,2186764.7488813857]},"properties":{"height":12.0,"crown_diameter":12.0},"id":"2806"},{"type":"Feature","geometry":{"type":"Point","coordinates":[1826241.4735477036,2187397.373268391]},"properties":{"height":12.0,"crown_diameter":12.0},"id":"2807"},{"type":"Feature","geometry":{"type":"Point","coordinates":[1826165.5191936463,2187429.931634216]},"properties":{"height":12.0,"crown_diameter":12.0},"id":"2808"},{"type":"Feature","geometry":{"type":"Point","coordinates":[1826257.585846728,2186949.678930322]},"properties":{"height":13.0,"crown_diameter":12.48},"id":"2809"},{"type":"Feature","geometry":{"type":"Point","coordinates":[1826660.7327736062,2188048.711759922]},"properties":{"height":12.0,"crown_diameter":12.0},"id":"2812"},{"type":"Feature","geometry":{"type":"Point","coordinates":[1827109.798384135,2187111.496577184]},"properties":{"height":12.0,"crown_diameter":12.0},"id":"2813"},{"type":"Feature","geometry":{"type":"Point","coordinates":[1826681.4977536642,2188054.5465674475]},"properties":{"height":13.0,"crown_diameter":13.0},"id":"2814"},{"type":"Feature","geometry":{"type":"Point","coordinates":[1826129.3849196017,2186777.347933367]},"properties":{"height":13.0,"crown_diameter":12.48},"id":"2817"},{"type":"Feature","geometry":{"type":"Point","coordinates":[1826276.5927187407,2186571.819395436]},"properties":{"height":13.0,"crown_diameter":13.0},"id":"2820"},{"type":"Feature","geometry":{"type":"Point","coordinates":[1826856.8131734924,2188148.2625661744]},"properties":{"height":13.0,"crown_diameter":13.0},"id":"2821"},{"type":"Feature","geometry":{"type":"Point","coordinates":[1826850.7905158966,2188134.6902217274]},"properties":{"height":13.0,"crown_diameter":13.0},"id":"2823"},{"type":"Feature","geometry":{"type":"Point","coordinates":[1826298.4279811769,2187191.1407078053]},"properties":{"height":13.0,"crown_diameter":13.0},"id":"2824"},{"type":"Feature","geometry":{"type":"Point","coordinates":[1826639.7310516723,2187891.4000357785]},"properties":{"height":13.0,"crown_diameter":13.0},"id":"2825"},{"type":"Feature","geometry":{"type":"Point","coordinates":[1826556.0409174436,2187593.1048976015]},"properties":{"height":14.0,"crown_diameter":11.8},"id":"2835"},{"type":"Feature","geometry":{"type":"Point","coordinates":[1826799.8539705917,2188033.8731730077]},"properties":{"height":13.0,"crown_diameter":12.48},"id":"2838"},{"type":"Feature","geometry":{"type":"Point","coordinates":[1826839.6866638085,2186723.3630129583]},"properties":{"height":12.0,"crown_diameter":12.0},"id":"2841"},{"type":"Feature","geometry":{"type":"Point","coordinates":[1826810.445641114,2187382.989926439]},"properties":{"height":13.0,"crown_diameter":11.78},"id":"2845"},{"type":"Feature","geometry":{"type":"Point","coordinates":[1827179.4165049673,2187184.0170193994]},"properties":{"height":13.0,"crown_diameter":12.82},"id":"2848"},{"type":"Feature","geometry":{"type":"Point","coordinates":[1826192.3598480714,2187390.461008856]},"properties":{"height":12.0,"crown_diameter":12.0},"id":"2852"},{"type":"Feature","geometry":{"type":"Point","coordinates":[1826647.490020345,2186708.864770446]},"properties":{"height":12.0,"crown_diameter":12.0},"id":"2853"},{"type":"Feature","geometry":{"type":"Point","coordinates":[1826516.5871816943,2187678.203802871]},"properties":{"height":12.0,"crown_diameter":11.82},"id":"2854"},{"type":"Feature","geometry":{"type":"Point","coordinates":[1826789.210462575,2187160.172409578]},"properties":{"height":12.0,"crown_diameter":12.0},"id":"2855"},{"type":"Feature","geometry":{"type":"Point","coordinates":[1826722.8751459513,2186811.7224854007]},"properties":{"height":13.0,"crown_diameter":13.0},"id":"2856"},{"type":"Feature","geometry":{"type":"Point","coordinates":[1826741.2471627106,2188078.9281568094]},"properties":{"height":12.0,"crown_diameter":12.0},"id":"2859"},{"type":"Feature","geometry":{"type":"Point","coordinates":[1826620.286841636,2186777.234360339]},"properties":{"height":12.0,"crown_diameter":11.82},"id":"2862"},{"type":"Feature","geometry":{"type":"Point","coordinates":[1826636.9361269437,2187297.1783384886]},"properties":{"height":13.0,"crown_diameter":13.0},"id":"2863"},{"type":"Feature","geometry":{"type":"Point","coordinates":[1827061.8732085165,2186900.1301752287]},"properties":{"height":12.0,"crown_diameter":10.24},"id":"2864"},{"type":"Feature","geometry":{"type":"Point","coordinates":[1826775.0444102662,2188080.3611977054]},"properties":{"height":13.0,"crown_diameter":12.82},"id":"2880"},{"type":"Feature","geometry":{"type":"Point","coordinates":[1826441.8761569662,2187384.8275996335]},"properties":{"height":12.0,"crown_diameter":12.0},"id":"2881"},{"type":"Feature","geometry":{"type":"Point","coordinates":[1826127.5243381148,2186914.325514383]},"properties":{"height":12.0,"crown_diameter":12.0},"id":"2895"},{"type":"Feature","geometry":{"type":"Point","coordinates":[1826724.4432610734,2187520.67145687]},"properties":{"height":12.0,"crown_diameter":12.0},"id":"2896"},{"type":"Feature","geometry":{"type":"Point","coordinates":[1826687.9339091917,2186826.8492644667]},"properties":{"height":12.0,"crown_diameter":12.0},"id":"2899"},{"type":"Feature","geometry":{"type":"Point","coordinates":[1826804.8662685992,2187156.3882459304]},"properties":{"height":12.0,"crown_diameter":12.0},"id":"2906"},{"type":"Feature","geometry":{"type":"Point","coordinates":[1826606.443243568,2186659.9166348893]},"properties":{"height":12.0,"crown_diameter":12.0},"id":"2907"},{"type":"Feature","geometry":{"type":"Point","coordinates":[1826396.4254377687,2186990.844750806]},"properties":{"height":12.0,"crown_diameter":12.0},"id":"2910"},{"type":"Feature","geometry":{"type":"Point","coordinates":[1827158.761403759,2187060.418471351]},"properties":{"height":13.0,"crown_diameter":11.78},"id":"2914"},{"type":"Feature","geometry":{"type":"Point","coordinates":[1826954.473231359,2187163.6481310255]},"properties":{"height":12.0,"crown_diameter":12.0},"id":"2915"},{"type":"Feature","geometry":{"type":"Point","coordinates":[1827087.5000780749,2187534.3737108344]},"properties":{"height":12.0,"crown_diameter":12.0},"id":"2919"},{"type":"Feature","geometry":{"type":"Point","coordinates":[1826512.8792064337,2186634.103338588]},"properties":{"height":13.0,"crown_diameter":13.0},"id":"2922"},{"type":"Feature","geometry":{"type":"Point","coordinates":[1826058.2954753065,2186965.3014522716]},"properties":{"height":12.0,"crown_diameter":12.0},"id":"2923"},{"type":"Feature","geometry":{"type":"Point","coordinates":[1826216.9133021617,2187000.84639279]},"properties":{"height":12.0,"crown_diameter":11.64},"id":"2928"},{"type":"Feature","geometry":{"type":"Point","coordinates":[1826455.9195358134,2187415.2488102987]},"properties":{"height":13.0,"crown_diameter":11.78},"id":"2933"},{"type":"Feature","geometry":{"type":"Point","coordinates":[1826651.6449984647,2187926.9260938247]},"properties":{"height":12.0,"crown_diameter":12.0},"id":"2934"},{"type":"Feature","geometry":{"type":"Point","coordinates":[1827019.4296504364,2187013.513205836]},"properties":{"height":13.0,"crown_diameter":13.0},"id":"2935"},{"type":"Feature","geometry":{"type":"Point","coordinates":[1827197.4467442215,2187091.9849227006]},"properties":{"height":13.0,"crown_diameter":13.0},"id":"2945"},{"type":"Feature","geometry":{"type":"Point","coordinates":[1826347.4810751344,2186682.0255495477]},"properties":{"height":12.0,"crown_diameter":12.0},"id":"2948"},{"type":"Feature","geometry":{"type":"Point","coordinates":[1826438.1400322681,2187658.7600073703]},"properties":{"height":11.0,"crown_diameter":11.0},"id":"2950"},{"type":"Feature","geometry":{"type":"Point","coordinates":[1826725.0685908475,2187838.6299947347]},"properties":{"height":12.0,"crown_diameter":11.82},"id":"2957"},{"type":"Feature","geometry":{"type":"Point","coordinates":[1826709.8446363765,2188098.6234959243]},"properties":{"height":11.0,"crown_diameter":11.0},"id":"2958"},{"type":"Feature","geometry":{"type":"Point","coordinates":[1826323.4978544817,2187616.7569269952]},"properties":{"height":12.0,"crown_diameter":12.0},"id":"2960"},{"type":"Feature","geometry":{"type":"Point","coordinates":[1826296.6091918491,2187566.481292608]},"properties":{"height":11.0,"crown_diameter":11.0},"id":"2965"},{"type":"Feature","geometry":{"type":"Point","coordinates":[1826386.1841006237,2187714.736283489]},"properties":{"height":11.0,"crown_diameter":11.0},"id":"2968"},{"type":"Feature","geometry":{"type":"Point","coordinates":[1826568.9134070175,2186826.813020505]},"properties":{"height":11.0,"crown_diameter":11.0},"id":"2969"},{"type":"Feature","geometry":{"type":"Point","coordinates":[1826708.7263303017,2186899.0633892827]},"properties":{"height":13.0,"crown_diameter":13.0},"id":"2970"},{"type":"Feature","geometry":{"type":"Point","coordinates":[1826803.5051055239,2188135.6816917476]},"properties":{"height":11.0,"crown_diameter":11.0},"id":"2974"},{"type":"Feature","geometry":{"type":"Point","coordinates":[1826325.5339617177,2187134.905086809]},"properties":{"height":11.0,"crown_diameter":11.0},"id":"2975"},{"type":"Feature","geometry":{"type":"Point","coordinates":[1826949.8385645784,2187801.005860966]},"properties":{"height":11.0,"crown_diameter":11.0},"id":"2976"},{"type":"Feature","geometry":{"type":"Point","coordinates":[1826469.467263063,2187866.179930798]},"properties":{"height":12.0,"crown_diameter":12.0},"id":"2978"},{"type":"Feature","geometry":{"type":"Point","coordinates":[1826282.2006250902,2187670.5749394954]},"properties":{"height":11.0,"crown_diameter":11.0},"id":"2980"},{"type":"Feature","geometry":{"type":"Point","coordinates":[1826981.5317687257,2188002.9086490334]},"properties":{"height":11.0,"crown_diameter":11.0},"id":"2983"},{"type":"Feature","geometry":{"type":"Point","coordinates":[1827030.1239685891,2186929.096702187]},"properties":{"height":12.0,"crown_diameter":12.0},"id":"2985"},{"type":"Feature","geometry":{"type":"Point","coordinates":[1826322.1416322351,2187548.2018957776]},"properties":{"height":11.0,"crown_diameter":11.0},"id":"2987"},{"type":"Feature","geometry":{"type":"Point","coordinates":[1827065.1193464918,2187562.743354882]},"properties":{"height":11.0,"crown_diameter":11.0},"id":"2990"},{"type":"Feature","geometry":{"type":"Point","coordinates":[1826497.8510275988,2187636.3939320757]},"properties":{"height":11.0,"crown_diameter":11.0},"id":"2993"},{"type":"Feature","geometry":{"type":"Point","coordinates":[1826163.1126014395,2186919.915586996]},"properties":{"height":11.0,"crown_diameter":11.0},"id":"2996"},{"type":"Feature","geometry":{"type":"Point","coordinates":[1826159.6549770464,2186922.8391975584]},"properties":{"height":11.0,"crown_diameter":11.0},"id":"3000"},{"type":"Feature","geometry":{"type":"Point","coordinates":[1826468.7289158455,2186707.8239472997]},"properties":{"height":12.0,"crown_diameter":12.0},"id":"3010"},{"type":"Feature","geometry":{"type":"Point","coordinates":[1826523.3416546804,2187805.984566576]},"properties":{"height":12.0,"crown_diameter":12.0},"id":"3014"},{"type":"Feature","geometry":{"type":"Point","coordinates":[1826698.68202477,2187880.073801906]},"properties":{"height":12.0,"crown_diameter":12.0},"id":"3015"},{"type":"Feature","geometry":{"type":"Point","coordinates":[1826279.2209447403,2187698.8480537566]},"properties":{"height":11.0,"crown_diameter":11.0},"id":"3016"},{"type":"Feature","geometry":{"type":"Point","coordinates":[1826996.957327933,2187933.6413535275]},"properties":{"height":11.0,"crown_diameter":11.0},"id":"3018"},{"type":"Feature","geometry":{"type":"Point","coordinates":[1826853.5507524363,2187720.328077682]},"properties":{"height":11.0,"crown_diameter":11.0},"id":"3019"},{"type":"Feature","geometry":{"type":"Point","coordinates":[1826311.8405887547,2187181.2179849152]},"properties":{"height":12.0,"crown_diameter":11.64},"id":"3022"},{"type":"Feature","geometry":{"type":"Point","coordinates":[1827184.314371888,2186893.502118299]},"properties":{"height":11.0,"crown_diameter":11.0},"id":"3023"},{"type":"Feature","geometry":{"type":"Point","coordinates":[1826282.0685510875,2187678.956201458]},"properties":{"height":11.0,"crown_diameter":11.0},"id":"3024"},{"type":"Feature","geometry":{"type":"Point","coordinates":[1826229.0516786529,2186569.953844502]},"properties":{"height":12.0,"crown_diameter":12.0},"id":"3025"},{"type":"Feature","geometry":{"type":"Point","coordinates":[1826687.680295196,2187848.501517797]},"properties":{"height":12.0,"crown_diameter":11.36},"id":"3030"},{"type":"Feature","geometry":{"type":"Point","coordinates":[1826471.6488887325,2186652.422073637]},"properties":{"height":12.0,"crown_diameter":12.0},"id":"3038"},{"type":"Feature","geometry":{"type":"Point","coordinates":[1826128.1758029503,2186575.140231971]},"properties":{"height":12.0,"crown_diameter":11.82},"id":"3039"},{"type":"Feature","geometry":{"type":"Point","coordinates":[1826253.8150362691,2187028.247041636]},"properties":{"height":12.0,"crown_diameter":12.0},"id":"3041"},{"type":"Feature","geometry":{"type":"Point","coordinates":[1826028.0126072112,2186522.5359816756]},"properties":{"height":11.0,"crown_diameter":11.0},"id":"3044"},{"type":"Feature","geometry":{"type":"Point","coordinates":[1826645.6874231696,2186958.9757436407]},"properties":{"height":12.0,"crown_diameter":10.24},"id":"3046"},{"type":"Feature","geometry":{"type":"Point","coordinates":[1826135.1058756579,2187461.081397513]},"properties":{"height":11.0,"crown_diameter":11.0},"id":"3048"},{"type":"Feature","geometry":{"type":"Point","coordinates":[1826683.3697824506,2187276.351997516]},"properties":{"height":11.0,"crown_diameter":11.0},"id":"3050"},{"type":"Feature","geometry":{"type":"Point","coordinates":[1827054.8214198796,2186828.351741646]},"properties":{"height":11.0,"crown_diameter":11.0},"id":"3051"},{"type":"Feature","geometry":{"type":"Point","coordinates":[1827018.458968485,2187647.076920881]},"properties":{"height":11.0,"crown_diameter":11.0},"id":"3052"},{"type":"Feature","geometry":{"type":"Point","coordinates":[1827007.3221085696,2187494.8856484946]},"properties":{"height":11.0,"crown_diameter":11.0},"id":"3054"},{"type":"Feature","geometry":{"type":"Point","coordinates":[1827031.7789887292,2186984.6430641077]},"properties":{"height":11.0,"crown_diameter":11.0},"id":"3058"},{"type":"Feature","geometry":{"type":"Point","coordinates":[1826706.8234865004,2187118.296883206]},"properties":{"height":11.0,"crown_diameter":11.0},"id":"3060"},{"type":"Feature","geometry":{"type":"Point","coordinates":[1826360.3116013783,2186721.510854245]},"properties":{"height":11.0,"crown_diameter":11.0},"id":"3061"},{"type":"Feature","geometry":{"type":"Point","coordinates":[1826759.0143661615,2186807.161738473]},"properties":{"height":11.0,"crown_diameter":11.0},"id":"3070"},{"type":"Feature","geometry":{"type":"Point","coordinates":[1826668.5471929486,2187511.220864476]},"properties":{"height":11.0,"crown_diameter":11.0},"id":"3071"},{"type":"Feature","geometry":{"type":"Point","coordinates":[1826734.829058008,2187406.2765862723]},"properties":{"height":11.0,"crown_diameter":10.58},"id":"3072"},{"type":"Feature","geometry":{"type":"Point","coordinates":[1826028.1441893338,2186514.1534559918]},"properties":{"height":11.0,"crown_diameter":11.0},"id":"3074"},{"type":"Feature","geometry":{"type":"Point","coordinates":[1826271.6857372553,2187112.854287153]},"properties":{"height":11.0,"crown_diameter":11.0},"id":"3075"},{"type":"Feature","geometry":{"type":"Point","coordinates":[1826769.0922416304,2187538.685506052]},"properties":{"height":12.0,"crown_diameter":12.0},"id":"3076"},{"type":"Feature","geometry":{"type":"Point","coordinates":[1826755.8692236135,2187930.9574211286]},"properties":{"height":11.0,"crown_diameter":11.0},"id":"3081"},{"type":"Feature","geometry":{"type":"Point","coordinates":[1826402.8663908413,2186662.371487727]},"properties":{"height":11.0,"crown_diameter":11.0},"id":"3082"},{"type":"Feature","geometry":{"type":"Point","coordinates":[1826134.8797408056,2186930.0824238393]},"properties":{"height":11.0,"crown_diameter":11.0},"id":"3083"},{"type":"Feature","geometry":{"type":"Point","coordinates":[1827014.426022098,2186843.125171362]},"properties":{"height":11.0,"crown_diameter":11.0},"id":"3084"},{"type":"Feature","geometry":{"type":"Point","coordinates":[1826857.6610404977,2187417.5013301303]},"properties":{"height":11.0,"crown_diameter":11.0},"id":"3085"},{"type":"Feature","geometry":{"type":"Point","coordinates":[1827029.7822906133,2186938.364535291]},"properties":{"height":11.0,"crown_diameter":11.0},"id":"3086"},{"type":"Feature","geometry":{"type":"Point","coordinates":[1826657.2159378617,2186679.374421236]},"properties":{"height":11.0,"crown_diameter":11.0},"id":"3087"},{"type":"Feature","geometry":{"type":"Point","coordinates":[1826202.949520412,2186872.28941789]},"properties":{"height":11.0,"crown_diameter":11.0},"id":"3088"},{"type":"Feature","geometry":{"type":"Point","coordinates":[1826793.7584609652,2187649.1984542096]},"properties":{"height":11.0,"crown_diameter":11.0},"id":"3096"},{"type":"Feature","geometry":{"type":"Point","coordinates":[1827072.4138706434,2186757.7141645383]},"properties":{"height":11.0,"crown_diameter":11.0},"id":"3097"},{"type":"Feature","geometry":{"type":"Point","coordinates":[1826732.9783664744,2187973.2255002544]},"properties":{"height":12.0,"crown_diameter":12.0},"id":"3100"},{"type":"Feature","geometry":{"type":"Point","coordinates":[1826361.3122726951,2186670.3308584667]},"properties":{"height":12.0,"crown_diameter":12.0},"id":"3106"},{"type":"Feature","geometry":{"type":"Point","coordinates":[1826474.282434484,2187740.1956841815]},"properties":{"height":12.0,"crown_diameter":11.82},"id":"3107"},{"type":"Feature","geometry":{"type":"Point","coordinates":[1826285.0053147818,2186966.429845608]},"properties":{"height":11.0,"crown_diameter":11.0},"id":"3108"},{"type":"Feature","geometry":{"type":"Point","coordinates":[1826144.3241342665,2186682.7155196196]},"properties":{"height":11.0,"crown_diameter":10.48},"id":"3116"},{"type":"Feature","geometry":{"type":"Point","coordinates":[1826298.6596745318,2187553.8788398528]},"properties":{"height":10.0,"crown_diameter":10.0},"id":"3121"},{"type":"Feature","geometry":{"type":"Point","coordinates":[1827065.2124172826,2186756.9495510026]},"properties":{"height":11.0,"crown_diameter":11.0},"id":"3125"},{"type":"Feature","geometry":{"type":"Point","coordinates":[1826698.7185324992,2186730.3001250364]},"properties":{"height":13.0,"crown_diameter":10.1},"id":"3127"},{"type":"Feature","geometry":{"type":"Point","coordinates":[1827000.814197784,2187948.5724771367]},"properties":{"height":10.0,"crown_diameter":10.0},"id":"3128"},{"type":"Feature","geometry":{"type":"Point","coordinates":[1826971.366503542,2186767.523624762]},"properties":{"height":11.0,"crown_diameter":11.0},"id":"3132"},{"type":"Feature","geometry":{"type":"Point","coordinates":[1826290.291469888,2187311.6755630197]},"properties":{"height":10.0,"crown_diameter":10.0},"id":"3133"},{"type":"Feature","geometry":{"type":"Point","coordinates":[1826644.0828638696,2187912.0557723707]},"properties":{"height":11.0,"crown_diameter":11.0},"id":"3137"},{"type":"Feature","geometry":{"type":"Point","coordinates":[1827085.4894341908,2186843.0681072646]},"properties":{"height":11.0,"crown_diameter":11.0},"id":"3139"},{"type":"Feature","geometry":{"type":"Point","coordinates":[1826148.964434889,2186709.985131293]},"properties":{"height":11.0,"crown_diameter":10.48},"id":"3140"},{"type":"Feature","geometry":{"type":"Point","coordinates":[1826152.4316888019,2186644.430197616]},"properties":{"height":10.0,"crown_diameter":10.0},"id":"3149"},{"type":"Feature","geometry":{"type":"Point","coordinates":[1826222.5561189284,2186722.669555516]},"properties":{"height":11.0,"crown_diameter":11.0},"id":"3151"},{"type":"Feature","geometry":{"type":"Point","coordinates":[1826472.3046566998,2187717.2958120117]},"properties":{"height":11.0,"crown_diameter":11.0},"id":"3152"},{"type":"Feature","geometry":{"type":"Point","coordinates":[1826305.3028561582,2187670.416919375]},"properties":{"height":10.0,"crown_diameter":10.0},"id":"3158"},{"type":"Feature","geometry":{"type":"Point","coordinates":[1826241.2049421947,2187222.510611111]},"properties":{"height":10.0,"crown_diameter":10.0},"id":"3160"},{"type":"Feature","geometry":{"type":"Point","coordinates":[1826514.24792179,2186640.03536049]},"properties":{"height":12.0,"crown_diameter":11.64},"id":"3165"},{"type":"Feature","geometry":{"type":"Point","coordinates":[1826750.4404965225,2188039.9711963693]},"properties":{"height":10.0,"crown_diameter":10.0},"id":"3166"},{"type":"Feature","geometry":{"type":"Point","coordinates":[1826428.8657679318,2187838.840880486]},"properties":{"height":11.0,"crown_diameter":8.72},"id":"3167"},{"type":"Feature","geometry":{"type":"Point","coordinates":[1826886.4877307236,2187529.933295018]},"properties":{"height":10.0,"crown_diameter":10.0},"id":"3168"},{"type":"Feature","geometry":{"type":"Point","coordinates":[1826656.3812655471,2186917.562138691]},"properties":{"height":11.0,"crown_diameter":11.0},"id":"3170"},{"type":"Feature","geometry":{"type":"Point","coordinates":[1826897.5154999266,2187264.2532250197]},"properties":{"height":10.0,"crown_diameter":10.0},"id":"3171"},{"type":"Feature","geometry":{"type":"Point","coordinates":[1826552.611607982,2187983.0066705076]},"properties":{"height":11.0,"crown_diameter":11.0},"id":"3172"},{"type":"Feature","geometry":{"type":"Point","coordinates":[1826966.809383061,2186833.7581103374]},"properties":{"height":10.0,"crown_diameter":10.0},"id":"3174"},{"type":"Feature","geometry":{"type":"Point","coordinates":[1826633.9422090673,2187986.3082852783]},"properties":{"height":11.0,"crown_diameter":10.48},"id":"3175"},{"type":"Feature","geometry":{"type":"Point","coordinates":[1827116.2822589655,2187385.057445968]},"properties":{"height":12.0,"crown_diameter":12.0},"id":"3176"},{"type":"Feature","geometry":{"type":"Point","coordinates":[1826824.6502055672,2186916.1332981167]},"properties":{"height":11.0,"crown_diameter":11.0},"id":"3178"},{"type":"Feature","geometry":{"type":"Point","coordinates":[1826840.8825081396,2187375.2159087616]},"properties":{"height":11.0,"crown_diameter":11.0},"id":"3182"},{"type":"Feature","geometry":{"type":"Point","coordinates":[1826869.5140318293,2186976.2660027854]},"properties":{"height":11.0,"crown_diameter":11.0},"id":"3183"},{"type":"Feature","geometry":{"type":"Point","coordinates":[1827005.8817557706,2187653.4561335556]},"properties":{"height":10.0,"crown_diameter":10.0},"id":"3185"},{"type":"Feature","geometry":{"type":"Point","coordinates":[1826959.2845036855,2186822.6338302563]},"properties":{"height":11.0,"crown_diameter":11.0},"id":"3186"},{"type":"Feature","geometry":{"type":"Point","coordinates":[1826288.407285459,2187616.890875207]},"properties":{"height":10.0,"crown_diameter":10.0},"id":"3187"},{"type":"Feature","geometry":{"type":"Point","coordinates":[1826765.5027260592,2187229.3621809697]},"properties":{"height":10.0,"crown_diameter":10.0},"id":"3189"},{"type":"Feature","geometry":{"type":"Point","coordinates":[1826634.3647564054,2187749.9263694813]},"properties":{"height":10.0,"crown_diameter":10.0},"id":"3197"},{"type":"Feature","geometry":{"type":"Point","coordinates":[1827045.498058593,2187004.707812593]},"properties":{"height":11.0,"crown_diameter":11.0},"id":"3198"},{"type":"Feature","geometry":{"type":"Point","coordinates":[1826636.9187289192,2186847.5319616827]},"properties":{"height":11.0,"crown_diameter":10.88},"id":"3201"},{"type":"Feature","geometry":{"type":"Point","coordinates":[1826888.7405107478,2186937.800522769]},"properties":{"height":11.0,"crown_diameter":11.0},"id":"3203"},{"type":"Feature","geometry":{"type":"Point","coordinates":[1826496.9453416248,2187953.047297687]},"properties":{"height":11.0,"crown_diameter":11.0},"id":"3205"},{"type":"Feature","geometry":{"type":"Point","coordinates":[1826850.0041319984,2187414.759643624]},"properties":{"height":10.0,"crown_diameter":10.0},"id":"3207"},{"type":"Feature","geometry":{"type":"Point","coordinates":[1826995.4558386484,2187893.093791838]},"properties":{"height":11.0,"crown_diameter":11.0},"id":"3210"},{"type":"Feature","geometry":{"type":"Point","coordinates":[1826860.643705603,2186704.9365053615]},"properties":{"height":10.0,"crown_diameter":10.0},"id":"3216"},{"type":"Feature","geometry":{"type":"Point","coordinates":[1826651.1704273615,2187346.3410635605]},"properties":{"height":11.0,"crown_diameter":9.86},"id":"3222"},{"type":"Feature","geometry":{"type":"Point","coordinates":[1826175.880231637,2186783.6409010263]},"properties":{"height":12.0,"crown_diameter":9.6},"id":"3227"},{"type":"Feature","geometry":{"type":"Point","coordinates":[1826965.3473809725,2187332.6095127827]},"properties":{"height":10.0,"crown_diameter":10.0},"id":"3230"},{"type":"Feature","geometry":{"type":"Point","coordinates":[1826975.8850011318,2187768.8287686035]},"properties":{"height":10.0,"crown_diameter":10.0},"id":"3233"},{"type":"Feature","geometry":{"type":"Point","coordinates":[1826370.96549545,2186676.3474005503]},"properties":{"height":10.0,"crown_diameter":10.0},"id":"3234"},{"type":"Feature","geometry":{"type":"Point","coordinates":[1827035.6724326161,2187667.9651842723]},"properties":{"height":10.0,"crown_diameter":10.0},"id":"3249"},{"type":"Feature","geometry":{"type":"Point","coordinates":[1826478.7078185603,2187299.1061459607]},"properties":{"height":10.0,"crown_diameter":10.0},"id":"3250"},{"type":"Feature","geometry":{"type":"Point","coordinates":[1826484.0403908584,2187436.8395717987]},"properties":{"height":11.0,"crown_diameter":10.48},"id":"3253"},{"type":"Feature","geometry":{"type":"Point","coordinates":[1826278.3482357576,2187061.14323794]},"properties":{"height":11.0,"crown_diameter":10.58},"id":"3257"},{"type":"Feature","geometry":{"type":"Point","coordinates":[1827089.5523999964,2187564.770892839]},"properties":{"height":10.0,"crown_diameter":10.0},"id":"3259"},{"type":"Feature","geometry":{"type":"Point","coordinates":[1826701.6589713942,2187167.5576156364]},"properties":{"height":10.0,"crown_diameter":10.0},"id":"3264"},{"type":"Feature","geometry":{"type":"Point","coordinates":[1826565.9501292305,2186835.4622230968]},"properties":{"height":10.0,"crown_diameter":10.0},"id":"3266"},{"type":"Feature","geometry":{"type":"Point","coordinates":[1826435.6768145326,2187141.258909528]},"properties":{"height":11.0,"crown_diameter":11.0},"id":"3268"},{"type":"Feature","geometry":{"type":"Point","coordinates":[1827062.3109327205,2186921.7350553074]},"properties":{"height":11.0,"crown_diameter":11.0},"id":"3269"},{"type":"Feature","geometry":{"type":"Point","coordinates":[1826688.0777744702,2187502.742790878]},"properties":{"height":11.0,"crown_diameter":11.0},"id":"3272"},{"type":"Feature","geometry":{"type":"Point","coordinates":[1827031.093677479,2187667.819286717]},"properties":{"height":10.0,"crown_diameter":10.0},"id":"3275"},{"type":"Feature","geometry":{"type":"Point","coordinates":[1826353.5499067877,2186742.3517616806]},"properties":{"height":10.0,"crown_diameter":10.0},"id":"3287"},{"type":"Feature","geometry":{"type":"Point","coordinates":[1827102.501534708,2187079.8598699463]},"properties":{"height":9.0,"crown_diameter":9.0},"id":"3291"},{"type":"Feature","geometry":{"type":"Point","coordinates":[1827042.7721471777,2186758.1979606757]},"properties":{"height":10.0,"crown_diameter":10.0},"id":"3300"},{"type":"Feature","geometry":{"type":"Point","coordinates":[1826907.3843514342,2188105.985672555]},"properties":{"height":10.0,"crown_diameter":10.0},"id":"3301"},{"type":"Feature","geometry":{"type":"Point","coordinates":[1826593.6191942962,2187324.3487801063]},"properties":{"height":9.0,"crown_diameter":9.0},"id":"3306"},{"type":"Feature","geometry":{"type":"Point","coordinates":[1826750.5749292676,2188074.586583006]},"properties":{"height":9.0,"crown_diameter":9.0},"id":"3308"},{"type":"Feature","geometry":{"type":"Point","coordinates":[1826415.691636123,2186658.853099257]},"properties":{"height":10.0,"crown_diameter":10.0},"id":"3311"},{"type":"Feature","geometry":{"type":"Point","coordinates":[1827078.387924175,2187002.18652903]},"properties":{"height":10.0,"crown_diameter":8.38},"id":"3312"},{"type":"Feature","geometry":{"type":"Point","coordinates":[1826400.508586035,2187325.5255995304]},"properties":{"height":10.0,"crown_diameter":10.0},"id":"3323"},{"type":"Feature","geometry":{"type":"Point","coordinates":[1826467.166293122,2187406.685224355]},"properties":{"height":12.0,"crown_diameter":10.9},"id":"3325"},{"type":"Feature","geometry":{"type":"Point","coordinates":[1826948.0481243234,2187089.2160306163]},"properties":{"height":9.0,"crown_diameter":9.0},"id":"3327"},{"type":"Feature","geometry":{"type":"Point","coordinates":[1826675.8988158153,2187804.593807904]},"properties":{"height":11.0,"crown_diameter":10.88},"id":"3328"},{"type":"Feature","geometry":{"type":"Point","coordinates":[1827096.1587093011,2187227.9347155173]},"properties":{"height":10.0,"crown_diameter":10.0},"id":"3332"},{"type":"Feature","geometry":{"type":"Point","coordinates":[1826490.4390459175,2186635.353342429]},"properties":{"height":10.0,"crown_diameter":10.0},"id":"3334"},{"type":"Feature","geometry":{"type":"Point","coordinates":[1826580.7074571084,2187191.367660552]},"properties":{"height":9.0,"crown_diameter":9.0},"id":"3337"},{"type":"Feature","geometry":{"type":"Point","coordinates":[1825971.3973217015,2186676.517612405]},"properties":{"height":9.0,"crown_diameter":9.0},"id":"3340"},{"type":"Feature","geometry":{"type":"Point","coordinates":[1826634.1638679146,2187879.8045570613]},"properties":{"height":11.0,"crown_diameter":10.48},"id":"3341"},{"type":"Feature","geometry":{"type":"Point","coordinates":[1826285.6411792883,2187687.27675087]},"properties":{"height":9.0,"crown_diameter":9.0},"id":"3352"},{"type":"Feature","geometry":{"type":"Point","coordinates":[1826905.1095635872,2187603.5003071628]},"properties":{"height":9.0,"crown_diameter":9.0},"id":"3355"},{"type":"Feature","geometry":{"type":"Point","coordinates":[1827134.3630403122,2186976.1334056044]},"properties":{"height":9.0,"crown_diameter":9.0},"id":"3360"},{"type":"Feature","geometry":{"type":"Point","coordinates":[1826509.389595575,2187485.819026914]},"properties":{"height":9.0,"crown_diameter":9.0},"id":"3362"},{"type":"Feature","geometry":{"type":"Point","coordinates":[1826836.139934266,2186824.42532769]},"properties":{"height":9.0,"crown_diameter":9.0},"id":"3364"},{"type":"Feature","geometry":{"type":"Point","coordinates":[1825952.2686286282,2186597.220468786]},"properties":{"height":9.0,"crown_diameter":9.0},"id":"3366"},{"type":"Feature","geometry":{"type":"Point","coordinates":[1826126.9384938648,2186560.825801212]},"properties":{"height":10.0,"crown_diameter":9.04},"id":"3370"},{"type":"Feature","geometry":{"type":"Point","coordinates":[1826688.6397561657,2187109.332317687]},"properties":{"height":9.0,"crown_diameter":9.0},"id":"3374"},{"type":"Feature","geometry":{"type":"Point","coordinates":[1826672.8170073135,2188079.604031721]},"properties":{"height":9.0,"crown_diameter":9.0},"id":"3375"},{"type":"Feature","geometry":{"type":"Point","coordinates":[1826805.2181983353,2187725.7473623683]},"properties":{"height":10.0,"crown_diameter":10.0},"id":"3376"},{"type":"Feature","geometry":{"type":"Point","coordinates":[1826654.9982299737,2187208.8963492857]},"properties":{"height":9.0,"crown_diameter":9.0},"id":"3381"},{"type":"Feature","geometry":{"type":"Point","coordinates":[1826673.2910529422,2188061.9568352974]},"properties":{"height":9.0,"crown_diameter":9.0},"id":"3382"},{"type":"Feature","geometry":{"type":"Point","coordinates":[1826708.981876139,2187586.194754207]},"properties":{"height":10.0,"crown_diameter":10.0},"id":"3383"},{"type":"Feature","geometry":{"type":"Point","coordinates":[1826488.7052660405,2187338.8556114472]},"properties":{"height":9.0,"crown_diameter":9.0},"id":"3385"},{"type":"Feature","geometry":{"type":"Point","coordinates":[1826674.0186949412,2186979.6826944677]},"properties":{"height":10.0,"crown_diameter":10.0},"id":"3387"},{"type":"Feature","geometry":{"type":"Point","coordinates":[1826591.1254524752,2188062.196202461]},"properties":{"height":9.0,"crown_diameter":9.0},"id":"3396"},{"type":"Feature","geometry":{"type":"Point","coordinates":[1826095.643180967,2187311.5617719037]},"properties":{"height":9.0,"crown_diameter":9.0},"id":"3397"},{"type":"Feature","geometry":{"type":"Point","coordinates":[1826289.6105640454,2186587.0431204904]},"properties":{"height":9.0,"crown_diameter":9.0},"id":"3398"},{"type":"Feature","geometry":{"type":"Point","coordinates":[1826069.201630686,2186966.0042941277]},"properties":{"height":9.0,"crown_diameter":9.0},"id":"3401"},{"type":"Feature","geometry":{"type":"Point","coordinates":[1826363.4835584217,2186711.975933271]},"properties":{"height":9.0,"crown_diameter":9.0},"id":"3403"},{"type":"Feature","geometry":{"type":"Point","coordinates":[1826861.807225732,2188060.6452576853]},"properties":{"height":9.0,"crown_diameter":9.0},"id":"3406"},{"type":"Feature","geometry":{"type":"Point","coordinates":[1826641.6546498635,2187973.1730711]},"properties":{"height":9.0,"crown_diameter":9.0},"id":"3410"},{"type":"Feature","geometry":{"type":"Point","coordinates":[1826470.8287778276,2187359.8765837234]},"properties":{"height":9.0,"crown_diameter":9.0},"id":"3413"},{"type":"Feature","geometry":{"type":"Point","coordinates":[1826655.9455543908,2187173.5977084786]},"properties":{"height":9.0,"crown_diameter":9.0},"id":"3414"},{"type":"Feature","geometry":{"type":"Point","coordinates":[1826380.514237394,2187629.2738278504]},"properties":{"height":9.0,"crown_diameter":9.0},"id":"3417"},{"type":"Feature","geometry":{"type":"Point","coordinates":[1826936.926269316,2188117.6314672274]},"properties":{"height":9.0,"crown_diameter":9.0},"id":"3420"},{"type":"Feature","geometry":{"type":"Point","coordinates":[1826924.8232255476,2186949.119712305]},"properties":{"height":9.0,"crown_diameter":9.0},"id":"3421"},{"type":"Feature","geometry":{"type":"Point","coordinates":[1827141.9668794128,2187166.7648712]},"properties":{"height":9.0,"crown_diameter":9.0},"id":"3422"},{"type":"Feature","geometry":{"type":"Point","coordinates":[1826675.275746873,2186782.7295905086]},"properties":{"height":9.0,"crown_diameter":9.0},"id":"3423"},{"type":"Feature","geometry":{"type":"Point","coordinates":[1826848.091376028,2188083.5797952535]},"properties":{"height":9.0,"crown_diameter":9.0},"id":"3424"},{"type":"Feature","geometry":{"type":"Point","coordinates":[1826545.7656553902,2187398.121840921]},"properties":{"height":9.0,"crown_diameter":9.0},"id":"3427"},{"type":"Feature","geometry":{"type":"Point","coordinates":[1827070.3072263882,2186829.2017022516]},"properties":{"height":9.0,"crown_diameter":9.0},"id":"3431"},{"type":"Feature","geometry":{"type":"Point","coordinates":[1826946.5596335523,2186943.031000803]},"properties":{"height":9.0,"crown_diameter":9.0},"id":"3435"},{"type":"Feature","geometry":{"type":"Point","coordinates":[1827058.4806387657,2187188.1935161483]},"properties":{"height":9.0,"crown_diameter":9.0},"id":"3437"},{"type":"Feature","geometry":{"type":"Point","coordinates":[1827169.2280209018,2186910.5084826206]},"properties":{"height":9.0,"crown_diameter":9.0},"id":"3438"},{"type":"Feature","geometry":{"type":"Point","coordinates":[1826808.7806750792,2187968.6811851882]},"properties":{"height":9.0,"crown_diameter":9.0},"id":"3440"},{"type":"Feature","geometry":{"type":"Point","coordinates":[1826943.6815995856,2187174.1888124123]},"properties":{"height":9.0,"crown_diameter":9.0},"id":"3441"},{"type":"Feature","geometry":{"type":"Point","coordinates":[1826114.259469878,2186896.239909843]},"properties":{"height":9.0,"crown_diameter":9.0},"id":"3442"},{"type":"Feature","geometry":{"type":"Point","coordinates":[1826756.7244338053,2187223.5516171763]},"properties":{"height":9.0,"crown_diameter":9.0},"id":"3445"},{"type":"Feature","geometry":{"type":"Point","coordinates":[1826834.384860933,2187379.291277653]},"properties":{"height":9.0,"crown_diameter":9.0},"id":"3446"},{"type":"Feature","geometry":{"type":"Point","coordinates":[1826107.4985076713,2186917.0803192225]},"properties":{"height":9.0,"crown_diameter":9.0},"id":"3449"},{"type":"Feature","geometry":{"type":"Point","coordinates":[1826301.5896399713,2186649.6987919337]},"properties":{"height":11.0,"crown_diameter":9.86},"id":"3451"},{"type":"Feature","geometry":{"type":"Point","coordinates":[1826508.1181665403,2187979.9855385753]},"properties":{"height":9.0,"crown_diameter":9.0},"id":"3453"},{"type":"Feature","geometry":{"type":"Point","coordinates":[1826969.5641535607,2186825.994481934]},"properties":{"height":8.0,"crown_diameter":8.0},"id":"3458"},{"type":"Feature","geometry":{"type":"Point","coordinates":[1826618.8609185836,2187213.4568200214]},"properties":{"height":9.0,"crown_diameter":9.0},"id":"3460"},{"type":"Feature","geometry":{"type":"Point","coordinates":[1826664.8180450639,2187167.2780178124]},"properties":{"height":9.0,"crown_diameter":9.0},"id":"3464"},{"type":"Feature","geometry":{"type":"Point","coordinates":[1827062.0321281403,2187130.137962579]},"properties":{"height":8.0,"crown_diameter":8.0},"id":"3472"},{"type":"Feature","geometry":{"type":"Point","coordinates":[1826857.3135044565,2187747.3887576666]},"properties":{"height":8.0,"crown_diameter":8.0},"id":"3475"},{"type":"Feature","geometry":{"type":"Point","coordinates":[1827076.143110302,2186910.041786255]},"properties":{"height":9.0,"crown_diameter":9.0},"id":"3476"},{"type":"Feature","geometry":{"type":"Point","coordinates":[1826958.6957804484,2186829.038893683]},"properties":{"height":8.0,"crown_diameter":8.0},"id":"3477"},{"type":"Feature","geometry":{"type":"Point","coordinates":[1826505.483301794,2187807.3791129063]},"properties":{"height":10.0,"crown_diameter":9.44},"id":"3478"},{"type":"Feature","geometry":{"type":"Point","coordinates":[1826217.3502725018,2186725.1808978813]},"properties":{"height":9.0,"crown_diameter":9.0},"id":"3482"},{"type":"Feature","geometry":{"type":"Point","coordinates":[1826493.205708153,2187992.3565510325]},"properties":{"height":8.0,"crown_diameter":8.0},"id":"3486"},{"type":"Feature","geometry":{"type":"Point","coordinates":[1827147.1728968446,2187164.254264591]},"properties":{"height":8.0,"crown_diameter":8.0},"id":"3490"},{"type":"Feature","geometry":{"type":"Point","coordinates":[1826158.4724039796,2187444.1598329414]},"properties":{"height":8.0,"crown_diameter":8.0},"id":"3494"},{"type":"Feature","geometry":{"type":"Point","coordinates":[1826648.6011332679,2187286.843801932]},"properties":{"height":8.0,"crown_diameter":8.0},"id":"3496"},{"type":"Feature","geometry":{"type":"Point","coordinates":[1826459.462760612,2187314.195788097]},"properties":{"height":8.0,"crown_diameter":8.0},"id":"3497"},{"type":"Feature","geometry":{"type":"Point","coordinates":[1826317.1230954507,2187186.203267805]},"properties":{"height":8.0,"crown_diameter":8.0},"id":"3500"},{"type":"Feature","geometry":{"type":"Point","coordinates":[1826428.6722063045,2187202.2368524373]},"properties":{"height":9.0,"crown_diameter":9.0},"id":"3501"},{"type":"Feature","geometry":{"type":"Point","coordinates":[1826934.058269451,2188157.146430142]},"properties":{"height":9.0,"crown_diameter":9.0},"id":"3506"},{"type":"Feature","geometry":{"type":"Point","coordinates":[1826277.6645901399,2187376.9338063532]},"properties":{"height":9.0,"crown_diameter":9.0},"id":"3507"},{"type":"Feature","geometry":{"type":"Point","coordinates":[1827028.8152008017,2186993.2920275293]},"properties":{"height":8.0,"crown_diameter":8.0},"id":"3508"},{"type":"Feature","geometry":{"type":"Point","coordinates":[1826980.8982820506,2187661.581140084]},"properties":{"height":8.0,"crown_diameter":8.0},"id":"3511"},{"type":"Feature","geometry":{"type":"Point","coordinates":[1826372.6864764895,2187439.5451313523]},"properties":{"height":8.0,"crown_diameter":8.0},"id":"3515"},{"type":"Feature","geometry":{"type":"Point","coordinates":[1826362.212637265,2186885.5535506266]},"properties":{"height":9.0,"crown_diameter":9.0},"id":"3517"},{"type":"Feature","geometry":{"type":"Point","coordinates":[1826923.7112096353,2186754.408381527]},"properties":{"height":9.0,"crown_diameter":9.0},"id":"3521"},{"type":"Feature","geometry":{"type":"Point","coordinates":[1826614.1627345607,2186924.4279256966]},"properties":{"height":9.0,"crown_diameter":9.0},"id":"3532"},{"type":"Feature","geometry":{"type":"Point","coordinates":[1826855.3874499209,2188115.211918054]},"properties":{"height":8.0,"crown_diameter":8.0},"id":"3533"},{"type":"Feature","geometry":{"type":"Point","coordinates":[1826927.9968839753,2188096.830037318]},"properties":{"height":8.0,"crown_diameter":8.0},"id":"3534"},{"type":"Feature","geometry":{"type":"Point","coordinates":[1826920.1759014598,2187606.1211667014]},"properties":{"height":8.0,"crown_diameter":8.0},"id":"3537"},{"type":"Feature","geometry":{"type":"Point","coordinates":[1826842.222284753,2187592.39842499]},"properties":{"height":8.0,"crown_diameter":8.0},"id":"3539"},{"type":"Feature","geometry":{"type":"Point","coordinates":[1826419.522135642,2187096.3169569196]},"properties":{"height":8.0,"crown_diameter":8.0},"id":"3543"},{"type":"Feature","geometry":{"type":"Point","coordinates":[1826738.0466235462,2187208.8615652947]},"properties":{"height":8.0,"crown_diameter":8.0},"id":"3550"},{"type":"Feature","geometry":{"type":"Point","coordinates":[1826232.3471564169,2186763.30687341]},"properties":{"height":9.0,"crown_diameter":8.48},"id":"3552"},{"type":"Feature","geometry":{"type":"Point","coordinates":[1826596.4984316835,2187456.830141744]},"properties":{"height":9.0,"crown_diameter":9.0},"id":"3555"},{"type":"Feature","geometry":{"type":"Point","coordinates":[1826846.017642873,2187986.816105547]},"properties":{"height":9.0,"crown_diameter":9.0},"id":"3558"},{"type":"Feature","geometry":{"type":"Point","coordinates":[1826467.3746615278,2187832.036885789]},"properties":{"height":8.0,"crown_diameter":8.0},"id":"3562"},{"type":"Feature","geometry":{"type":"Point","coordinates":[1826297.8819217123,2187924.7738107126]},"properties":{"height":8.0,"crown_diameter":8.0},"id":"3563"},{"type":"Feature","geometry":{"type":"Point","coordinates":[1826474.5083831137,2187293.441512263]},"properties":{"height":8.0,"crown_diameter":8.0},"id":"3568"},{"type":"Feature","geometry":{"type":"Point","coordinates":[1826209.1491099384,2186775.5964434748]},"properties":{"height":9.0,"crown_diameter":9.0},"id":"3569"},{"type":"Feature","geometry":{"type":"Point","coordinates":[1827048.782366474,2186920.4120795825]},"properties":{"height":8.0,"crown_diameter":8.0},"id":"3572"},{"type":"Feature","geometry":{"type":"Point","coordinates":[1826932.446759041,2187526.757875243]},"properties":{"height":9.0,"crown_diameter":9.0},"id":"3576"},{"type":"Feature","geometry":{"type":"Point","coordinates":[1826879.1042588581,2187725.4238386387]},"properties":{"height":8.0,"crown_diameter":8.0},"id":"3585"},{"type":"Feature","geometry":{"type":"Point","coordinates":[1826575.577877901,2187948.2340259138]},"properties":{"height":8.0,"crown_diameter":8.0},"id":"3586"},{"type":"Feature","geometry":{"type":"Point","coordinates":[1826926.4997896836,2187520.680562722]},"properties":{"height":9.0,"crown_diameter":9.0},"id":"3587"},{"type":"Feature","geometry":{"type":"Point","coordinates":[1826701.1999771518,2188084.4325527363]},"properties":{"height":8.0,"crown_diameter":8.0},"id":"3588"},{"type":"Feature","geometry":{"type":"Point","coordinates":[1826765.362359698,2186831.095860182]},"properties":{"height":8.0,"crown_diameter":8.0},"id":"3595"},{"type":"Feature","geometry":{"type":"Point","coordinates":[1825933.1239739964,2186537.550468393]},"properties":{"height":8.0,"crown_diameter":8.0},"id":"3602"},{"type":"Feature","geometry":{"type":"Point","coordinates":[1826732.4514411052,2186810.2426290154]},"properties":{"height":8.0,"crown_diameter":8.0},"id":"3610"},{"type":"Feature","geometry":{"type":"Point","coordinates":[1826732.1075485304,2187331.787051403]},"properties":{"height":8.0,"crown_diameter":8.0},"id":"3616"},{"type":"Feature","geometry":{"type":"Point","coordinates":[1826398.5729502984,2186668.837399901]},"properties":{"height":8.0,"crown_diameter":8.0},"id":"3618"},{"type":"Feature","geometry":{"type":"Point","coordinates":[1826827.1711641436,2187976.7601064965]},"properties":{"height":8.0,"crown_diameter":8.0},"id":"3621"},{"type":"Feature","geometry":{"type":"Point","coordinates":[1826351.3289605605,2186759.589614918]},"properties":{"height":9.0,"crown_diameter":9.0},"id":"3622"},{"type":"Feature","geometry":{"type":"Point","coordinates":[1826087.0512046537,2187281.4926208304]},"properties":{"height":8.0,"crown_diameter":8.0},"id":"3625"},{"type":"Feature","geometry":{"type":"Point","coordinates":[1826270.7128660702,2186933.1446699053]},"properties":{"height":9.0,"crown_diameter":9.0},"id":"3629"},{"type":"Feature","geometry":{"type":"Point","coordinates":[1826247.9144325254,2187898.0303279487]},"properties":{"height":8.0,"crown_diameter":8.0},"id":"3630"},{"type":"Feature","geometry":{"type":"Point","coordinates":[1826960.0102828236,2187386.502636471]},"properties":{"height":7.0,"crown_diameter":7.0},"id":"3632"},{"type":"Feature","geometry":{"type":"Point","coordinates":[1826450.797935927,2187937.48530634]},"properties":{"height":9.0,"crown_diameter":9.0},"id":"3633"},{"type":"Feature","geometry":{"type":"Point","coordinates":[1826967.0403062885,2187391.900853308]},"properties":{"height":7.0,"crown_diameter":7.0},"id":"3634"},{"type":"Feature","geometry":{"type":"Point","coordinates":[1826790.3304885023,2187483.8724946543]},"properties":{"height":8.0,"crown_diameter":8.0},"id":"3635"},{"type":"Feature","geometry":{"type":"Point","coordinates":[1826344.2754889973,2186879.452491887]},"properties":{"height":8.0,"crown_diameter":8.0},"id":"3636"},{"type":"Feature","geometry":{"type":"Point","coordinates":[1826886.9118934295,2187700.158864031]},"properties":{"height":7.0,"crown_diameter":7.0},"id":"3637"},{"type":"Feature","geometry":{"type":"Point","coordinates":[1826969.1569978723,2187664.4186384967]},"properties":{"height":8.0,"crown_diameter":8.0},"id":"3643"},{"type":"Feature","geometry":{"type":"Point","coordinates":[1826826.5163848354,2187741.0556028276]},"properties":{"height":8.0,"crown_diameter":8.0},"id":"3644"},{"type":"Feature","geometry":{"type":"Point","coordinates":[1826350.574579205,2186962.2668631263]},"properties":{"height":7.0,"crown_diameter":7.0},"id":"3645"},{"type":"Feature","geometry":{"type":"Point","coordinates":[1826520.6290223005,2187860.4922707574]},"properties":{"height":8.0,"crown_diameter":8.0},"id":"3646"},{"type":"Feature","geometry":{"type":"Point","coordinates":[1826385.5376969592,2186821.8794554975]},"properties":{"height":8.0,"crown_diameter":8.0},"id":"3648"},{"type":"Feature","geometry":{"type":"Point","coordinates":[1826654.7713360682,2187784.6527971113]},"properties":{"height":9.0,"crown_diameter":9.0},"id":"3650"},{"type":"Feature","geometry":{"type":"Point","coordinates":[1826926.0846820897,2187608.4503907845]},"properties":{"height":7.0,"crown_diameter":7.0},"id":"3652"},{"type":"Feature","geometry":{"type":"Point","coordinates":[1826750.209626402,2186969.6154205655]},"properties":{"height":8.0,"crown_diameter":8.0},"id":"3653"},{"type":"Feature","geometry":{"type":"Point","coordinates":[1826921.2512868529,2187390.4427319043]},"properties":{"height":8.0,"crown_diameter":8.0},"id":"3657"},{"type":"Feature","geometry":{"type":"Point","coordinates":[1826567.1119887459,2188058.3991535865]},"properties":{"height":8.0,"crown_diameter":8.0},"id":"3659"},{"type":"Feature","geometry":{"type":"Point","coordinates":[1826945.0928176239,2187977.4836310395]},"properties":{"height":7.0,"crown_diameter":7.0},"id":"3660"},{"type":"Feature","geometry":{"type":"Point","coordinates":[1826397.3828877972,2187808.0452529103]},"properties":{"height":8.0,"crown_diameter":8.0},"id":"3661"},{"type":"Feature","geometry":{"type":"Point","coordinates":[1826951.2483340958,2187982.675273285]},"properties":{"height":8.0,"crown_diameter":8.0},"id":"3663"},{"type":"Feature","geometry":{"type":"Point","coordinates":[1826847.9471737226,2187747.9825706873]},"properties":{"height":7.0,"crown_diameter":7.0},"id":"3667"},{"type":"Feature","geometry":{"type":"Point","coordinates":[1826039.295643729,2187088.884725447]},"properties":{"height":8.0,"crown_diameter":8.0},"id":"3670"},{"type":"Feature","geometry":{"type":"Point","coordinates":[1826299.3441401455,2187918.5759991803]},"properties":{"height":7.0,"crown_diameter":7.0},"id":"3673"},{"type":"Feature","geometry":{"type":"Point","coordinates":[1826705.0732748061,2188036.7426870945]},"properties":{"height":8.0,"crown_diameter":8.0},"id":"3677"},{"type":"Feature","geometry":{"type":"Point","coordinates":[1827153.1007006043,2187146.956782602]},"properties":{"height":8.0,"crown_diameter":8.0},"id":"3681"},{"type":"Feature","geometry":{"type":"Point","coordinates":[1826250.063166456,2187916.2962390888]},"properties":{"height":7.0,"crown_diameter":7.0},"id":"3690"},{"type":"Feature","geometry":{"type":"Point","coordinates":[1826135.6344751252,2187024.6742462358]},"properties":{"height":8.0,"crown_diameter":8.0},"id":"3694"},{"type":"Feature","geometry":{"type":"Point","coordinates":[1826742.1173416178,2187993.141509361]},"properties":{"height":8.0,"crown_diameter":8.0},"id":"3696"},{"type":"Feature","geometry":{"type":"Point","coordinates":[1826808.6430500268,2187848.070463012]},"properties":{"height":8.0,"crown_diameter":7.58},"id":"3699"},{"type":"Feature","geometry":{"type":"Point","coordinates":[1826877.1275873801,2187702.5235251035]},"properties":{"height":7.0,"crown_diameter":7.0},"id":"3706"},{"type":"Feature","geometry":{"type":"Point","coordinates":[1827037.8067328364,2187127.225224826]},"properties":{"height":7.0,"crown_diameter":7.0},"id":"3709"},{"type":"Feature","geometry":{"type":"Point","coordinates":[1826251.2341917134,2186628.472260223]},"properties":{"height":7.0,"crown_diameter":7.0},"id":"3715"},{"type":"Feature","geometry":{"type":"Point","coordinates":[1826407.528459473,2187053.2912994507]},"properties":{"height":8.0,"crown_diameter":8.0},"id":"3725"},{"type":"Feature","geometry":{"type":"Point","coordinates":[1826600.0074974964,2186925.7622950063]},"properties":{"height":8.0,"crown_diameter":8.0},"id":"3726"},{"type":"Feature","geometry":{"type":"Point","coordinates":[1826400.5930712372,2187802.259725383]},"properties":{"height":8.0,"crown_diameter":8.0},"id":"3729"},{"type":"Feature","geometry":{"type":"Point","coordinates":[1826423.9444564765,2187421.726212254]},"properties":{"height":7.0,"crown_diameter":7.0},"id":"3731"},{"type":"Feature","geometry":{"type":"Point","coordinates":[1826670.9380162824,2187766.9690290536]},"properties":{"height":7.0,"crown_diameter":7.0},"id":"3735"},{"type":"Feature","geometry":{"type":"Point","coordinates":[1826883.6037409904,2186818.7978985086]},"properties":{"height":7.0,"crown_diameter":7.0},"id":"3736"},{"type":"Feature","geometry":{"type":"Point","coordinates":[1826892.5660145686,2188106.2271649316]},"properties":{"height":7.0,"crown_diameter":7.0},"id":"3740"},{"type":"Feature","geometry":{"type":"Point","coordinates":[1826819.1134142568,2187463.5564077403]},"properties":{"height":8.0,"crown_diameter":8.0},"id":"3745"},{"type":"Feature","geometry":{"type":"Point","coordinates":[1826075.7309816477,2186562.770534735]},"properties":{"height":7.0,"crown_diameter":7.0},"id":"3746"},{"type":"Feature","geometry":{"type":"Point","coordinates":[1826523.091407267,2186715.9747358733]},"properties":{"height":7.0,"crown_diameter":7.0},"id":"3753"},{"type":"Feature","geometry":{"type":"Point","coordinates":[1826408.280917942,2187531.13490106]},"properties":{"height":8.0,"crown_diameter":8.0},"id":"3755"},{"type":"Feature","geometry":{"type":"Point","coordinates":[1826918.504215168,2187613.2047140854]},"properties":{"height":7.0,"crown_diameter":7.0},"id":"3760"},{"type":"Feature","geometry":{"type":"Point","coordinates":[1826731.3194483377,2187190.447855512]},"properties":{"height":7.0,"crown_diameter":7.0},"id":"3761"},{"type":"Feature","geometry":{"type":"Point","coordinates":[1826405.6914292716,2187108.010702255]},"properties":{"height":8.0,"crown_diameter":8.0},"id":"3763"},{"type":"Feature","geometry":{"type":"Point","coordinates":[1826249.1124423111,2187908.5944828237]},"properties":{"height":7.0,"crown_diameter":7.0},"id":"3767"},{"type":"Feature","geometry":{"type":"Point","coordinates":[1826882.7906775007,2187744.9886303656]},"properties":{"height":8.0,"crown_diameter":8.0},"id":"3768"},{"type":"Feature","geometry":{"type":"Point","coordinates":[1826404.3475823863,2187934.9377901247]},"properties":{"height":8.0,"crown_diameter":7.58},"id":"3781"},{"type":"Feature","geometry":{"type":"Point","coordinates":[1826340.5774361673,2187262.778989211]},"properties":{"height":8.0,"crown_diameter":8.0},"id":"3784"},{"type":"Feature","geometry":{"type":"Point","coordinates":[1826731.2544364259,2188082.178120846]},"properties":{"height":7.0,"crown_diameter":7.0},"id":"3787"},{"type":"Feature","geometry":{"type":"Point","coordinates":[1827025.2771595446,2187524.3621248747]},"properties":{"height":7.0,"crown_diameter":7.0},"id":"3789"},{"type":"Feature","geometry":{"type":"Point","coordinates":[1826685.9818621012,2188066.8210072885]},"properties":{"height":7.0,"crown_diameter":7.0},"id":"3791"},{"type":"Feature","geometry":{"type":"Point","coordinates":[1826410.0411834596,2187660.5429868703]},"properties":{"height":7.0,"crown_diameter":7.0},"id":"3792"},{"type":"Feature","geometry":{"type":"Point","coordinates":[1826714.694738542,2186928.5165631664]},"properties":{"height":6.0,"crown_diameter":6.0},"id":"3795"},{"type":"Feature","geometry":{"type":"Point","coordinates":[1826294.3094597303,2187916.4534952207]},"properties":{"height":6.0,"crown_diameter":6.0},"id":"3796"},{"type":"Feature","geometry":{"type":"Point","coordinates":[1826883.3596322162,2187715.211187694]},"properties":{"height":6.0,"crown_diameter":6.0},"id":"3797"},{"type":"Feature","geometry":{"type":"Point","coordinates":[1826682.678156029,2187443.5134863704]},"properties":{"height":8.0,"crown_diameter":8.0},"id":"3798"},{"type":"Feature","geometry":{"type":"Point","coordinates":[1826570.228033898,2188064.742533015]},"properties":{"height":7.0,"crown_diameter":7.0},"id":"3799"},{"type":"Feature","geometry":{"type":"Point","coordinates":[1826577.2640476683,2187878.5293143997]},"properties":{"height":7.0,"crown_diameter":7.0},"id":"3800"},{"type":"Feature","geometry":{"type":"Point","coordinates":[1826388.556988122,2186648.7125878157]},"properties":{"height":7.0,"crown_diameter":7.0},"id":"3801"},{"type":"Feature","geometry":{"type":"Point","coordinates":[1826858.5950490544,2186760.544780032]},"properties":{"height":7.0,"crown_diameter":7.0},"id":"3804"},{"type":"Feature","geometry":{"type":"Point","coordinates":[1826506.1307479488,2186783.9560215897]},"properties":{"height":7.0,"crown_diameter":7.0},"id":"3805"},{"type":"Feature","geometry":{"type":"Point","coordinates":[1826732.2699536518,2187198.1505204737]},"properties":{"height":7.0,"crown_diameter":7.0},"id":"3808"},{"type":"Feature","geometry":{"type":"Point","coordinates":[1826932.5843681572,2186748.08844369]},"properties":{"height":7.0,"crown_diameter":7.0},"id":"3810"},{"type":"Feature","geometry":{"type":"Point","coordinates":[1826378.7770526104,2186694.0824169754]},"properties":{"height":7.0,"crown_diameter":7.0},"id":"3812"},{"type":"Feature","geometry":{"type":"Point","coordinates":[1826679.9793043612,2187157.768186136]},"properties":{"height":8.0,"crown_diameter":8.0},"id":"3813"},{"type":"Feature","geometry":{"type":"Point","coordinates":[1826095.1742143903,2186715.059342369]},"properties":{"height":7.0,"crown_diameter":7.0},"id":"3815"},{"type":"Feature","geometry":{"type":"Point","coordinates":[1826447.120159989,2187194.4370170236]},"properties":{"height":7.0,"crown_diameter":7.0},"id":"3817"},{"type":"Feature","geometry":{"type":"Point","coordinates":[1826528.199248047,2187492.1265331567]},"properties":{"height":6.0,"crown_diameter":6.0},"id":"3821"},{"type":"Feature","geometry":{"type":"Point","coordinates":[1826542.710037048,2187931.131494429]},"properties":{"height":6.0,"crown_diameter":6.0},"id":"3822"},{"type":"Feature","geometry":{"type":"Point","coordinates":[1826408.3377327437,2187941.487365347]},"properties":{"height":7.0,"crown_diameter":7.0},"id":"3830"},{"type":"Feature","geometry":{"type":"Point","coordinates":[1826384.9494361647,2186828.284442251]},"properties":{"height":7.0,"crown_diameter":7.0},"id":"3833"},{"type":"Feature","geometry":{"type":"Point","coordinates":[1826459.7025123795,2186699.150613574]},"properties":{"height":7.0,"crown_diameter":7.0},"id":"3834"},{"type":"Feature","geometry":{"type":"Point","coordinates":[1826755.5624260528,2187494.3633533805]},"properties":{"height":8.0,"crown_diameter":8.0},"id":"3837"},{"type":"Feature","geometry":{"type":"Point","coordinates":[1827100.3931557976,2187108.34204579]},"properties":{"height":6.0,"crown_diameter":6.0},"id":"3844"},{"type":"Feature","geometry":{"type":"Point","coordinates":[1826694.3517516062,2186772.2729019276]},"properties":{"height":6.0,"crown_diameter":6.0},"id":"3845"},{"type":"Feature","geometry":{"type":"Point","coordinates":[1827099.9303028025,2186848.3458392285]},"properties":{"height":7.0,"crown_diameter":7.0},"id":"3846"},{"type":"Feature","geometry":{"type":"Point","coordinates":[1826949.5343458827,2187192.396601852]},"properties":{"height":6.0,"crown_diameter":6.0},"id":"3850"},{"type":"Feature","geometry":{"type":"Point","coordinates":[1826038.5688765969,2186700.773538559]},"properties":{"height":6.0,"crown_diameter":6.0},"id":"3851"},{"type":"Feature","geometry":{"type":"Point","coordinates":[1826837.2889978648,2187750.140999923]},"properties":{"height":6.0,"crown_diameter":6.0},"id":"3852"},{"type":"Feature","geometry":{"type":"Point","coordinates":[1826218.6882345,2186919.002948487]},"properties":{"height":8.0,"crown_diameter":8.0},"id":"3854"},{"type":"Feature","geometry":{"type":"Point","coordinates":[1826757.27453187,2187534.0272935987]},"properties":{"height":6.0,"crown_diameter":6.0},"id":"3856"},{"type":"Feature","geometry":{"type":"Point","coordinates":[1826702.0121060086,2187330.294296244]},"properties":{"height":6.0,"crown_diameter":6.0},"id":"3865"},{"type":"Feature","geometry":{"type":"Point","coordinates":[1826921.626102443,2186849.271721298]},"properties":{"height":7.0,"crown_diameter":7.0},"id":"3868"},{"type":"Feature","geometry":{"type":"Point","coordinates":[1827124.6963793468,2187204.755787392]},"properties":{"height":7.0,"crown_diameter":7.0},"id":"3872"},{"type":"Feature","geometry":{"type":"Point","coordinates":[1826583.3344688527,2187747.232360751]},"properties":{"height":6.0,"crown_diameter":6.0},"id":"3874"},{"type":"Feature","geometry":{"type":"Point","coordinates":[1826815.7307578474,2186789.694325822]},"properties":{"height":6.0,"crown_diameter":6.0},"id":"3875"},{"type":"Feature","geometry":{"type":"Point","coordinates":[1826501.9723766276,2187399.941103614]},"properties":{"height":7.0,"crown_diameter":7.0},"id":"3882"},{"type":"Feature","geometry":{"type":"Point","coordinates":[1826244.6071738328,2186938.20415986]},"properties":{"height":6.0,"crown_diameter":6.0},"id":"3885"},{"type":"Feature","geometry":{"type":"Point","coordinates":[1826453.0785029943,2187947.3703068504]},"properties":{"height":7.0,"crown_diameter":7.0},"id":"3888"},{"type":"Feature","geometry":{"type":"Point","coordinates":[1826621.0036036381,2186719.443028511]},"properties":{"height":7.0,"crown_diameter":7.0},"id":"3892"},{"type":"Feature","geometry":{"type":"Point","coordinates":[1827083.199988829,2187196.831866759]},"properties":{"height":6.0,"crown_diameter":6.0},"id":"3899"},{"type":"Feature","geometry":{"type":"Point","coordinates":[1826855.8619088698,2188097.5647146525]},"properties":{"height":7.0,"crown_diameter":7.0},"id":"3900"},{"type":"Feature","geometry":{"type":"Point","coordinates":[1826238.8244542787,2187330.38116474]},"properties":{"height":7.0,"crown_diameter":7.0},"id":"3902"},{"type":"Feature","geometry":{"type":"Point","coordinates":[1826371.3613945446,2186651.2000631634]},"properties":{"height":7.0,"crown_diameter":7.0},"id":"3903"},{"type":"Feature","geometry":{"type":"Point","coordinates":[1826727.694623439,2187925.2433396974]},"properties":{"height":6.0,"crown_diameter":6.0},"id":"3910"},{"type":"Feature","geometry":{"type":"Point","coordinates":[1827011.5838708265,2187785.6668481883]},"properties":{"height":6.0,"crown_diameter":6.0},"id":"3912"},{"type":"Feature","geometry":{"type":"Point","coordinates":[1826834.5039578825,2187112.9021399384]},"properties":{"height":6.0,"crown_diameter":6.0},"id":"3914"},{"type":"Feature","geometry":{"type":"Point","coordinates":[1826936.5378326494,2187736.173974339]},"properties":{"height":6.0,"crown_diameter":6.0},"id":"3915"},{"type":"Feature","geometry":{"type":"Point","coordinates":[1826395.8685983017,2186617.7177643795]},"properties":{"height":6.0,"crown_diameter":6.0},"id":"3916"},{"type":"Feature","geometry":{"type":"Point","coordinates":[1827078.246938837,2187503.21168666]},"properties":{"height":7.0,"crown_diameter":7.0},"id":"3917"},{"type":"Feature","geometry":{"type":"Point","coordinates":[1826728.417632311,2187269.2205692274]},"properties":{"height":6.0,"crown_diameter":6.0},"id":"3919"},{"type":"Feature","geometry":{"type":"Point","coordinates":[1826489.9089738955,2187861.6561246803]},"properties":{"height":6.0,"crown_diameter":6.0},"id":"3924"},{"type":"Feature","geometry":{"type":"Point","coordinates":[1826362.0709280567,2186659.2917294996]},"properties":{"height":6.0,"crown_diameter":6.0},"id":"3926"},{"type":"Feature","geometry":{"type":"Point","coordinates":[1826835.7429364568,2187576.848036303]},"properties":{"height":6.0,"crown_diameter":6.0},"id":"3932"},{"type":"Feature","geometry":{"type":"Point","coordinates":[1826699.4039541173,2186989.4116135463]},"properties":{"height":6.0,"crown_diameter":6.0},"id":"3937"},{"type":"Feature","geometry":{"type":"Point","coordinates":[1826803.3679192003,2188015.0737401866]},"properties":{"height":6.0,"crown_diameter":6.0},"id":"3940"},{"type":"Feature","geometry":{"type":"Point","coordinates":[1826540.4902436968,2187713.7549431906]},"properties":{"height":7.0,"crown_diameter":7.0},"id":"3943"},{"type":"Feature","geometry":{"type":"Point","coordinates":[1826908.955033429,2187853.0493914615]},"properties":{"height":6.0,"crown_diameter":6.0},"id":"3945"},{"type":"Feature","geometry":{"type":"Point","coordinates":[1827089.8483025262,2187121.7454764964]},"properties":{"height":6.0,"crown_diameter":6.0},"id":"3947"},{"type":"Feature","geometry":{"type":"Point","coordinates":[1826814.1918063236,2187879.2909883074]},"properties":{"height":6.0,"crown_diameter":6.0},"id":"3948"},{"type":"Feature","geometry":{"type":"Point","coordinates":[1826679.6807494757,2186744.5053307926]},"properties":{"height":6.0,"crown_diameter":6.0},"id":"3951"},{"type":"Feature","geometry":{"type":"Point","coordinates":[1827048.4937078585,2187492.450398256]},"properties":{"height":6.0,"crown_diameter":6.0},"id":"3953"},{"type":"Feature","geometry":{"type":"Point","coordinates":[1826400.8940498112,2187022.7474055295]},"properties":{"height":7.0,"crown_diameter":7.0},"id":"3955"},{"type":"Feature","geometry":{"type":"Point","coordinates":[1826428.74861075,2187592.9827245628]},"properties":{"height":8.0,"crown_diameter":7.58},"id":"3956"},{"type":"Feature","geometry":{"type":"Point","coordinates":[1826485.3372969753,2187712.893037628]},"properties":{"height":6.0,"crown_diameter":6.0},"id":"3960"},{"type":"Feature","geometry":{"type":"Point","coordinates":[1827122.3383906374,2187101.368498725]},"properties":{"height":6.0,"crown_diameter":6.0},"id":"3965"},{"type":"Feature","geometry":{"type":"Point","coordinates":[1826923.856834858,2187004.0469501466]},"properties":{"height":6.0,"crown_diameter":6.0},"id":"3967"},{"type":"Feature","geometry":{"type":"Point","coordinates":[1826110.0492527462,2186698.936605393]},"properties":{"height":6.0,"crown_diameter":6.0},"id":"3968"},{"type":"Feature","geometry":{"type":"Point","coordinates":[1826321.0007474197,2186735.6083514285]},"properties":{"height":7.0,"crown_diameter":7.0},"id":"3975"},{"type":"Feature","geometry":{"type":"Point","coordinates":[1827100.963465716,2187121.5642430866]},"properties":{"height":6.0,"crown_diameter":6.0},"id":"3976"},{"type":"Feature","geometry":{"type":"Point","coordinates":[1826490.454809926,2188043.1150570204]},"properties":{"height":6.0,"crown_diameter":6.0},"id":"3977"},{"type":"Feature","geometry":{"type":"Point","coordinates":[1826710.457418959,2186684.4573440216]},"properties":{"height":6.0,"crown_diameter":6.0},"id":"3979"},{"type":"Feature","geometry":{"type":"Point","coordinates":[1825932.3813759142,2186528.961841517]},"properties":{"height":6.0,"crown_diameter":6.0},"id":"3982"},{"type":"Feature","geometry":{"type":"Point","coordinates":[1826655.112746969,2187775.3861405123]},"properties":{"height":6.0,"crown_diameter":6.0},"id":"3984"},{"type":"Feature","geometry":{"type":"Point","coordinates":[1826712.199188773,2188073.007878654]},"properties":{"height":6.0,"crown_diameter":6.0},"id":"3985"},{"type":"Feature","geometry":{"type":"Point","coordinates":[1827072.2052337232,2187509.2639860366]},"properties":{"height":6.0,"crown_diameter":6.0},"id":"3986"},{"type":"Feature","geometry":{"type":"Point","coordinates":[1827082.7690301766,2187519.2354394523]},"properties":{"height":6.0,"crown_diameter":6.0},"id":"3987"},{"type":"Feature","geometry":{"type":"Point","coordinates":[1826918.0736142513,2187270.974261524]},"properties":{"height":6.0,"crown_diameter":6.0},"id":"3990"},{"type":"Feature","geometry":{"type":"Point","coordinates":[1826380.726324248,2186947.8793332586]},"properties":{"height":6.0,"crown_diameter":6.0},"id":"3992"},{"type":"Feature","geometry":{"type":"Point","coordinates":[1826918.3517330645,2187598.2125960765]},"properties":{"height":6.0,"crown_diameter":6.0},"id":"3993"},{"type":"Feature","geometry":{"type":"Point","coordinates":[1826909.7896819105,2187270.888955157]},"properties":{"height":6.0,"crown_diameter":6.0},"id":"3996"},{"type":"Feature","geometry":{"type":"Point","coordinates":[1827192.1077588948,2187102.877693274]},"properties":{"height":6.0,"crown_diameter":6.0},"id":"4002"},{"type":"Feature","geometry":{"type":"Point","coordinates":[1826332.8802488635,2186767.390362559]},"properties":{"height":6.0,"crown_diameter":6.0},"id":"4003"},{"type":"Feature","geometry":{"type":"Point","coordinates":[1826939.490972049,2186933.8842017935]},"properties":{"height":6.0,"crown_diameter":6.0},"id":"4004"},{"type":"Feature","geometry":{"type":"Point","coordinates":[1826728.0180882392,2187935.6014572377]},"properties":{"height":6.0,"crown_diameter":6.0},"id":"4006"},{"type":"Feature","geometry":{"type":"Point","coordinates":[1826532.0189969188,2187503.3100243]},"properties":{"height":6.0,"crown_diameter":6.0},"id":"4007"},{"type":"Feature","geometry":{"type":"Point","coordinates":[1826899.9566141642,2188125.7306275987]},"properties":{"height":6.0,"crown_diameter":6.0},"id":"4011"},{"type":"Feature","geometry":{"type":"Point","coordinates":[1826065.2085607792,2186705.187104815]},"properties":{"height":6.0,"crown_diameter":6.0},"id":"4013"},{"type":"Feature","geometry":{"type":"Point","coordinates":[1826913.877630903,2187929.9237182843]},"properties":{"height":6.0,"crown_diameter":6.0},"id":"4014"},{"type":"Feature","geometry":{"type":"Point","coordinates":[1826545.2874092348,2187842.008201408]},"properties":{"height":6.0,"crown_diameter":6.0},"id":"4015"},{"type":"Feature","geometry":{"type":"Point","coordinates":[1826521.6951490631,2187644.824061379]},"properties":{"height":6.0,"crown_diameter":6.0},"id":"4018"},{"type":"Feature","geometry":{"type":"Point","coordinates":[1826768.864560771,2186917.9273973065]},"properties":{"height":6.0,"crown_diameter":6.0},"id":"4019"},{"type":"Feature","geometry":{"type":"Point","coordinates":[1826071.0902583443,2186535.5005027256]},"properties":{"height":6.0,"crown_diameter":6.0},"id":"4020"},{"type":"Feature","geometry":{"type":"Point","coordinates":[1826879.5117496222,2188001.263765731]},"properties":{"height":6.0,"crown_diameter":6.0},"id":"4021"},{"type":"Feature","geometry":{"type":"Point","coordinates":[1827178.4471286377,2187152.9389525987]},"properties":{"height":6.0,"crown_diameter":6.0},"id":"4024"},{"type":"Feature","geometry":{"type":"Point","coordinates":[1826743.7421628952,2187446.705373551]},"properties":{"height":6.0,"crown_diameter":6.0},"id":"4026"},{"type":"Feature","geometry":{"type":"Point","coordinates":[1826343.933419759,2187037.3537308606]},"properties":{"height":6.0,"crown_diameter":6.0},"id":"4032"},{"type":"Feature","geometry":{"type":"Point","coordinates":[1826137.402167279,2186645.5593546107]},"properties":{"height":6.0,"crown_diameter":6.0},"id":"4034"},{"type":"Feature","geometry":{"type":"Point","coordinates":[1826126.441011214,2186660.735732072]},"properties":{"height":6.0,"crown_diameter":6.0},"id":"4037"},{"type":"Feature","geometry":{"type":"Point","coordinates":[1826944.4861920536,2188046.5090152454]},"properties":{"height":6.0,"crown_diameter":6.0},"id":"4038"},{"type":"Feature","geometry":{"type":"Point","coordinates":[1826335.4737967653,2186998.9009830733]},"properties":{"height":6.0,"crown_diameter":6.0},"id":"4039"},{"type":"Feature","geometry":{"type":"Point","coordinates":[1826078.8689374328,2186698.1260388563]},"properties":{"height":6.0,"crown_diameter":6.0},"id":"4043"},{"type":"Feature","geometry":{"type":"Point","coordinates":[1826668.332503023,2187426.1069841837]},"properties":{"height":6.0,"crown_diameter":6.0},"id":"4046"},{"type":"Feature","geometry":{"type":"Point","coordinates":[1826009.6899511118,2186944.4892809517]},"properties":{"height":6.0,"crown_diameter":6.0},"id":"4047"},{"type":"Feature","geometry":{"type":"Point","coordinates":[1826698.450355571,2186704.060936609]},"properties":{"height":6.0,"crown_diameter":6.0},"id":"4048"},{"type":"Feature","geometry":{"type":"Point","coordinates":[1826815.3480517082,2187393.4945750325]},"properties":{"height":6.0,"crown_diameter":6.0},"id":"4049"},{"type":"Feature","geometry":{"type":"Point","coordinates":[1827014.7482193953,2187389.1381401955]},"properties":{"height":6.0,"crown_diameter":6.0},"id":"4050"},{"type":"Feature","geometry":{"type":"Point","coordinates":[1826284.9722798658,2187005.6835514456]},"properties":{"height":6.0,"crown_diameter":6.0},"id":"4052"},{"type":"Feature","geometry":{"type":"Point","coordinates":[1826806.9284184035,2186717.503133011]},"properties":{"height":6.0,"crown_diameter":6.0},"id":"4053"},{"type":"Feature","geometry":{"type":"Point","coordinates":[1826920.9653685587,2186934.1867475887]},"properties":{"height":6.0,"crown_diameter":6.0},"id":"4057"},{"type":"Feature","geometry":{"type":"Point","coordinates":[1826738.828646411,2187948.434355624]},"properties":{"height":6.0,"crown_diameter":6.0},"id":"4060"},{"type":"Feature","geometry":{"type":"Point","coordinates":[1826835.2177186366,2187739.3700921796]},"properties":{"height":6.0,"crown_diameter":6.0},"id":"4061"},{"type":"Feature","geometry":{"type":"Point","coordinates":[1826470.9224214968,2188008.5964799193]},"properties":{"height":6.0,"crown_diameter":6.0},"id":"4067"},{"type":"Feature","geometry":{"type":"Point","coordinates":[1826583.4254737613,2187969.7143966584]},"properties":{"height":6.0,"crown_diameter":6.0},"id":"4068"},{"type":"Feature","geometry":{"type":"Point","coordinates":[1827119.862536154,2186857.724152053]},"properties":{"height":6.0,"crown_diameter":6.0},"id":"4069"},{"type":"Feature","geometry":{"type":"Point","coordinates":[1826150.8763934008,2186662.7599599333]},"properties":{"height":6.0,"crown_diameter":6.0},"id":"4071"},{"type":"Feature","geometry":{"type":"Point","coordinates":[1826323.5568819132,2186666.0987389255]},"properties":{"height":6.0,"crown_diameter":6.0},"id":"4072"},{"type":"Feature","geometry":{"type":"Point","coordinates":[1826617.612401455,2187817.0120928064]},"properties":{"height":6.0,"crown_diameter":6.0},"id":"4078"},{"type":"Feature","geometry":{"type":"Point","coordinates":[1826127.8485636911,2186670.4160041837]},"properties":{"height":6.0,"crown_diameter":6.0},"id":"4080"},{"type":"Feature","geometry":{"type":"Point","coordinates":[1826630.9986155038,2187697.7220658553]},"properties":{"height":6.0,"crown_diameter":6.0},"id":"4087"},{"type":"Feature","geometry":{"type":"Point","coordinates":[1826379.658111607,2187077.564500993]},"properties":{"height":6.0,"crown_diameter":6.0},"id":"4089"},{"type":"Feature","geometry":{"type":"Point","coordinates":[1826315.8606579176,2186659.6090650065]},"properties":{"height":6.0,"crown_diameter":6.0},"id":"4092"},{"type":"Feature","geometry":{"type":"Point","coordinates":[1826184.3571942034,2186802.467103113]},"properties":{"height":6.0,"crown_diameter":6.0},"id":"4093"},{"type":"Feature","geometry":{"type":"Point","coordinates":[1826586.397415489,2187300.210217672]},"properties":{"height":6.0,"crown_diameter":6.0},"id":"4096"},{"type":"Feature","geometry":{"type":"Point","coordinates":[1826441.2368122647,2187876.3436423736]},"properties":{"height":6.0,"crown_diameter":6.0},"id":"4099"},{"type":"Feature","geometry":{"type":"Point","coordinates":[1826665.9738972012,2186661.808733643]},"properties":{"height":6.0,"crown_diameter":6.0},"id":"4101"},{"type":"Feature","geometry":{"type":"Point","coordinates":[1826105.4720167627,2187355.9437473924]},"properties":{"height":6.0,"crown_diameter":6.0},"id":"4105"},{"type":"Feature","geometry":{"type":"Point","coordinates":[1826102.9818664927,2187346.9436735604]},"properties":{"height":6.0,"crown_diameter":6.0},"id":"4107"},{"type":"Feature","geometry":{"type":"Point","coordinates":[1826625.561706421,2186696.2123107957]},"properties":{"height":6.0,"crown_diameter":6.0},"id":"4111"},{"type":"Feature","geometry":{"type":"Point","coordinates":[1827135.3344771618,2187093.2177157286]},"properties":{"height":6.0,"crown_diameter":6.0},"id":"4114"},{"type":"Feature","geometry":{"type":"Point","coordinates":[1826409.806489611,2187211.807697074]},"properties":{"height":6.0,"crown_diameter":6.0},"id":"4116"},{"type":"Feature","geometry":{"type":"Point","coordinates":[1827071.2294435569,2187177.180014208]},"properties":{"height":6.0,"crown_diameter":6.0},"id":"4118"},{"type":"Feature","geometry":{"type":"Point","coordinates":[1826102.1225226102,2186924.2254306856]},"properties":{"height":6.0,"crown_diameter":6.0},"id":"4126"},{"type":"Feature","geometry":{"type":"Point","coordinates":[1826677.4590696495,2186996.3863795726]},"properties":{"height":6.0,"crown_diameter":6.0},"id":"4127"},{"type":"Feature","geometry":{"type":"Point","coordinates":[1826701.9826997498,2187177.9167872276]},"properties":{"height":6.0,"crown_diameter":6.0},"id":"4128"},{"type":"Feature","geometry":{"type":"Point","coordinates":[1826714.8243062762,2187432.4035215243]},"properties":{"height":6.0,"crown_diameter":6.0},"id":"4129"},{"type":"Feature","geometry":{"type":"Point","coordinates":[1826127.5404342082,2186894.6985421716]},"properties":{"height":6.0,"crown_diameter":6.0},"id":"4130"},{"type":"Feature","geometry":{"type":"Point","coordinates":[1826738.4613507066,2186886.4478912083]},"properties":{"height":6.0,"crown_diameter":6.0},"id":"4131"},{"type":"Feature","geometry":{"type":"Point","coordinates":[1826868.9044902578,2187322.937083246]},"properties":{"height":6.0,"crown_diameter":6.0},"id":"4132"},{"type":"Feature","geometry":{"type":"Point","coordinates":[1827106.2504211278,2187384.5593601204]},"properties":{"height":6.0,"crown_diameter":6.0},"id":"4133"},{"type":"Feature","geometry":{"type":"Point","coordinates":[1826758.42191063,2188096.0669031753]},"properties":{"height":6.0,"crown_diameter":6.0},"id":"4135"},{"type":"Feature","geometry":{"type":"Point","coordinates":[1826103.4064418313,2186625.3881308427]},"properties":{"height":6.0,"crown_diameter":6.0},"id":"4137"},{"type":"Feature","geometry":{"type":"Point","coordinates":[1826405.0874336048,2186645.1333840936]},"properties":{"height":6.0,"crown_diameter":6.0},"id":"4141"},{"type":"Feature","geometry":{"type":"Point","coordinates":[1826889.8822060835,2187370.8877463657]},"properties":{"height":6.0,"crown_diameter":6.0},"id":"4142"},{"type":"Feature","geometry":{"type":"Point","coordinates":[1826586.2740070515,2186968.3282480375]},"properties":{"height":6.0,"crown_diameter":6.0},"id":"4144"},{"type":"Feature","geometry":{"type":"Point","coordinates":[1826257.6473928643,2187954.5380474767]},"properties":{"height":6.0,"crown_diameter":6.0},"id":"4149"},{"type":"Feature","geometry":{"type":"Point","coordinates":[1826253.7508514745,2187935.8598648994]},"properties":{"height":6.0,"crown_diameter":6.0},"id":"4151"},{"type":"Feature","geometry":{"type":"Point","coordinates":[1826956.2762237827,2187683.8127572397]},"properties":{"height":6.0,"crown_diameter":6.0},"id":"4152"},{"type":"Feature","geometry":{"type":"Point","coordinates":[1826809.9166600432,2187866.1307303]},"properties":{"height":6.0,"crown_diameter":6.0},"id":"4154"},{"type":"Feature","geometry":{"type":"Point","coordinates":[1826908.5108318618,2187616.4548380706]},"properties":{"height":6.0,"crown_diameter":6.0},"id":"4155"},{"type":"Feature","geometry":{"type":"Point","coordinates":[1826153.8187327269,2187033.637483623]},"properties":{"height":6.0,"crown_diameter":6.0},"id":"4156"},{"type":"Feature","geometry":{"type":"Point","coordinates":[1826919.5039522604,2188054.633439513]},"properties":{"height":6.0,"crown_diameter":6.0},"id":"4157"},{"type":"Feature","geometry":{"type":"Point","coordinates":[1826649.443243851,2186665.3874261803]},"properties":{"height":6.0,"crown_diameter":6.0},"id":"4158"},{"type":"Feature","geometry":{"type":"Point","coordinates":[1826722.4088115105,2186680.733188253]},"properties":{"height":6.0,"crown_diameter":6.0},"id":"4159"},{"type":"Feature","geometry":{"type":"Point","coordinates":[1826868.2097573106,2188068.699183879]},"properties":{"height":6.0,"crown_diameter":6.0},"id":"4160"},{"type":"Feature","geometry":{"type":"Point","coordinates":[1826468.2126492315,2186678.7219955777]},"properties":{"height":6.0,"crown_diameter":6.0},"id":"4161"},{"type":"Feature","geometry":{"type":"Point","coordinates":[1826872.3322629423,2188066.868022988]},"properties":{"height":6.0,"crown_diameter":6.0},"id":"4164"},{"type":"Feature","geometry":{"type":"Point","coordinates":[1826688.8901063409,2187155.1967299706]},"properties":{"height":6.0,"crown_diameter":6.0},"id":"4165"},{"type":"Feature","geometry":{"type":"Point","coordinates":[1825932.0564753993,2186518.6020461395]},"properties":{"height":6.0,"crown_diameter":6.0},"id":"4166"},{"type":"Feature","geometry":{"type":"Point","coordinates":[1826374.797303856,2186624.9000809737]},"properties":{"height":6.0,"crown_diameter":6.0},"id":"4167"},{"type":"Feature","geometry":{"type":"Point","coordinates":[1826452.8242027098,2187049.020625316]},"properties":{"height":6.0,"crown_diameter":6.0},"id":"4173"},{"type":"Feature","geometry":{"type":"Point","coordinates":[1826809.5289049104,2187293.034264937]},"properties":{"height":6.0,"crown_diameter":6.0},"id":"4174"},{"type":"Feature","geometry":{"type":"Point","coordinates":[1826956.405404735,2187546.4336265335]},"properties":{"height":6.0,"crown_diameter":6.0},"id":"4179"},{"type":"Feature","geometry":{"type":"Point","coordinates":[1826850.2190187003,2186815.5944451536]},"properties":{"height":6.0,"crown_diameter":6.0},"id":"4184"},{"type":"Feature","geometry":{"type":"Point","coordinates":[1826901.9018058812,2187695.283741471]},"properties":{"height":6.0,"crown_diameter":6.0},"id":"4186"},{"type":"Feature","geometry":{"type":"Point","coordinates":[1826675.0273266004,2187847.3851637393]},"properties":{"height":6.0,"crown_diameter":6.0},"id":"4187"},{"type":"Feature","geometry":{"type":"Point","coordinates":[1826340.4555159784,2186719.6313468665]},"properties":{"height":6.0,"crown_diameter":6.0},"id":"4191"},{"type":"Feature","geometry":{"type":"Point","coordinates":[1826814.586038205,2186720.244864545]},"properties":{"height":6.0,"crown_diameter":6.0},"id":"4195"},{"type":"Feature","geometry":{"type":"Point","coordinates":[1826693.2601768814,2187156.227870638]},"properties":{"height":6.0,"crown_diameter":6.0},"id":"4205"},{"type":"Feature","geometry":{"type":"Point","coordinates":[1826816.1270234,2187812.447623974]},"properties":{"height":6.0,"crown_diameter":6.0},"id":"4208"},{"type":"Feature","geometry":{"type":"Point","coordinates":[1826894.7666770758,2187979.626861391]},"properties":{"height":6.0,"crown_diameter":6.0},"id":"4211"},{"type":"Feature","geometry":{"type":"Point","coordinates":[1826642.1861894222,2186680.5026520328]},"properties":{"height":6.0,"crown_diameter":6.0},"id":"4218"},{"type":"Feature","geometry":{"type":"Point","coordinates":[1826439.251017309,2186809.3106065993]},"properties":{"height":6.0,"crown_diameter":6.0},"id":"4221"},{"type":"Feature","geometry":{"type":"Point","coordinates":[1826632.3669089254,2187703.6533155683]},"properties":{"height":6.0,"crown_diameter":6.0},"id":"4224"},{"type":"Feature","geometry":{"type":"Point","coordinates":[1826711.5361781842,2188114.912326391]},"properties":{"height":6.0,"crown_diameter":6.0},"id":"4225"},{"type":"Feature","geometry":{"type":"Point","coordinates":[1826515.3574326977,2187089.0133956294]},"properties":{"height":6.0,"crown_diameter":6.0},"id":"4227"},{"type":"Feature","geometry":{"type":"Point","coordinates":[1826743.1714098428,2187433.4839341636]},"properties":{"height":6.0,"crown_diameter":6.0},"id":"4229"},{"type":"Feature","geometry":{"type":"Point","coordinates":[1827154.7315033122,2186964.113249353]},"properties":{"height":6.0,"crown_diameter":6.0},"id":"4238"},{"type":"Feature","geometry":{"type":"Point","coordinates":[1826778.541648451,2188124.182249352]},"properties":{"height":6.0,"crown_diameter":6.0},"id":"4239"},{"type":"Feature","geometry":{"type":"Point","coordinates":[1826294.5318323267,2186875.1965324823]},"properties":{"height":6.0,"crown_diameter":6.0},"id":"4241"},{"type":"Feature","geometry":{"type":"Point","coordinates":[1826971.4349226488,2187588.306025283]},"properties":{"height":6.0,"crown_diameter":6.0},"id":"4243"},{"type":"Feature","geometry":{"type":"Point","coordinates":[1826995.0550843598,2187789.243738521]},"properties":{"height":6.0,"crown_diameter":6.0},"id":"4246"},{"type":"Feature","geometry":{"type":"Point","coordinates":[1826104.65146315,2186936.9742593025]},"properties":{"height":6.0,"crown_diameter":6.0},"id":"4247"},{"type":"Feature","geometry":{"type":"Point","coordinates":[1826097.5452832323,2187326.966384551]},"properties":{"height":6.0,"crown_diameter":6.0},"id":"4249"},{"type":"Feature","geometry":{"type":"Point","coordinates":[1826308.6976989633,2186662.593580323]},"properties":{"height":6.0,"crown_diameter":6.0},"id":"4253"},{"type":"Feature","geometry":{"type":"Point","coordinates":[1826418.6621821744,2187416.740963824]},"properties":{"height":6.0,"crown_diameter":6.0},"id":"4254"},{"type":"Feature","geometry":{"type":"Point","coordinates":[1826543.4154518137,2187466.7394151436]},"properties":{"height":6.0,"crown_diameter":6.0},"id":"4255"},{"type":"Feature","geometry":{"type":"Point","coordinates":[1826879.9667172288,2187424.634718034]},"properties":{"height":6.0,"crown_diameter":6.0},"id":"4256"},{"type":"Feature","geometry":{"type":"Point","coordinates":[1826973.7716572157,2187582.314158319]},"properties":{"height":6.0,"crown_diameter":6.0},"id":"4257"},{"type":"Feature","geometry":{"type":"Point","coordinates":[1826256.2789208682,2187948.6071238844]},"properties":{"height":6.0,"crown_diameter":6.0},"id":"4258"},{"type":"Feature","geometry":{"type":"Point","coordinates":[1826256.3690325287,2186661.467954253]},"properties":{"height":6.0,"crown_diameter":6.0},"id":"4261"},{"type":"Feature","geometry":{"type":"Point","coordinates":[1826665.6438787961,2187034.730514397]},"properties":{"height":6.0,"crown_diameter":6.0},"id":"4268"},{"type":"Feature","geometry":{"type":"Point","coordinates":[1827167.9770552572,2187087.8340944652]},"properties":{"height":6.0,"crown_diameter":6.0},"id":"4271"},{"type":"Feature","geometry":{"type":"Point","coordinates":[1826473.0115019672,2187999.7425633124]},"properties":{"height":6.0,"crown_diameter":6.0},"id":"4273"},{"type":"Feature","geometry":{"type":"Point","coordinates":[1826127.8551861201,2186967.68681572]},"properties":{"height":6.0,"crown_diameter":6.0},"id":"4275"},{"type":"Feature","geometry":{"type":"Point","coordinates":[1826506.5658603967,2187145.83124748]},"properties":{"height":6.0,"crown_diameter":6.0},"id":"4277"},{"type":"Feature","geometry":{"type":"Point","coordinates":[1826903.6386644824,2187973.308305626]},"properties":{"height":6.0,"crown_diameter":6.0},"id":"4278"},{"type":"Feature","geometry":{"type":"Point","coordinates":[1826771.9338216586,2186791.5131766936]},"properties":{"height":6.0,"crown_diameter":6.0},"id":"4279"},{"type":"Feature","geometry":{"type":"Point","coordinates":[1826078.2917979541,2186536.2641932545]},"properties":{"height":6.0,"crown_diameter":6.0},"id":"4280"},{"type":"Feature","geometry":{"type":"Point","coordinates":[1826827.887221053,2187383.3666477003]},"properties":{"height":6.0,"crown_diameter":6.0},"id":"4289"},{"type":"Feature","geometry":{"type":"Point","coordinates":[1826248.3178766826,2186981.1454210347]},"properties":{"height":6.0,"crown_diameter":6.0},"id":"4290"},{"type":"Feature","geometry":{"type":"Point","coordinates":[1826342.9249419419,2187534.4104551747]},"properties":{"height":6.0,"crown_diameter":6.0},"id":"4296"},{"type":"Feature","geometry":{"type":"Point","coordinates":[1827034.629858328,2187007.751994628]},"properties":{"height":6.0,"crown_diameter":6.0},"id":"4298"},{"type":"Feature","geometry":{"type":"Point","coordinates":[1826719.0657587165,2186694.902155355]},"properties":{"height":6.0,"crown_diameter":6.0},"id":"4300"},{"type":"Feature","geometry":{"type":"Point","coordinates":[1826689.1176780902,2187732.9351094803]},"properties":{"height":6.0,"crown_diameter":6.0},"id":"4303"},{"type":"Feature","geometry":{"type":"Point","coordinates":[1826279.679655121,2187552.205347832]},"properties":{"height":6.0,"crown_diameter":6.0},"id":"4305"},{"type":"Feature","geometry":{"type":"Point","coordinates":[1826680.6216462555,2188011.34396569]},"properties":{"height":6.0,"crown_diameter":6.0},"id":"4306"},{"type":"Feature","geometry":{"type":"Point","coordinates":[1826904.6627348159,2187902.5115060797]},"properties":{"height":6.0,"crown_diameter":6.0},"id":"4310"},{"type":"Feature","geometry":{"type":"Point","coordinates":[1826651.9992149426,2187812.040247776]},"properties":{"height":6.0,"crown_diameter":6.0},"id":"4312"},{"type":"Feature","geometry":{"type":"Point","coordinates":[1826821.8456758761,2187389.419204485]},"properties":{"height":6.0,"crown_diameter":6.0},"id":"4313"},{"type":"Feature","geometry":{"type":"Point","coordinates":[1826455.0804226678,2188036.637691438]},"properties":{"height":6.0,"crown_diameter":6.0},"id":"4314"},{"type":"Feature","geometry":{"type":"Point","coordinates":[1827062.7644776332,2187631.3603743217]},"properties":{"height":6.0,"crown_diameter":6.0},"id":"4315"},{"type":"Feature","geometry":{"type":"Point","coordinates":[1826910.0724597864,2186827.848321785]},"properties":{"height":6.0,"crown_diameter":6.0},"id":"4316"},{"type":"Feature","geometry":{"type":"Point","coordinates":[1826267.9300324733,2188000.893718507]},"properties":{"height":6.0,"crown_diameter":6.0},"id":"4318"},{"type":"Feature","geometry":{"type":"Point","coordinates":[1826948.4856529748,2187646.4535347978]},"properties":{"height":6.0,"crown_diameter":6.0},"id":"4319"},{"type":"Feature","geometry":{"type":"Point","coordinates":[1826722.9431833702,2187886.7336600223]},"properties":{"height":6.0,"crown_diameter":6.0},"id":"4320"},{"type":"Feature","geometry":{"type":"Point","coordinates":[1826130.156182067,2186852.31461963]},"properties":{"height":6.0,"crown_diameter":6.0},"id":"4322"},{"type":"Feature","geometry":{"type":"Point","coordinates":[1826708.1309479757,2188015.9662672887]},"properties":{"height":6.0,"crown_diameter":6.0},"id":"4325"},{"type":"Feature","geometry":{"type":"Point","coordinates":[1826585.7297587767,2187768.36140584]},"properties":{"height":6.0,"crown_diameter":6.0},"id":"4326"},{"type":"Feature","geometry":{"type":"Point","coordinates":[1826848.968660501,2187634.1848827736]},"properties":{"height":6.0,"crown_diameter":6.0},"id":"4328"},{"type":"Feature","geometry":{"type":"Point","coordinates":[1827170.4100566327,2187155.716202663]},"properties":{"height":6.0,"crown_diameter":6.0},"id":"4330"},{"type":"Feature","geometry":{"type":"Point","coordinates":[1826745.000637163,2186929.123527916]},"properties":{"height":6.0,"crown_diameter":6.0},"id":"4332"},{"type":"Feature","geometry":{"type":"Point","coordinates":[1826815.1735725102,2186991.488207652]},"properties":{"height":6.0,"crown_diameter":6.0},"id":"4335"},{"type":"Feature","geometry":{"type":"Point","coordinates":[1826748.0608425569,2187228.985671375]},"properties":{"height":6.0,"crown_diameter":6.0},"id":"4337"},{"type":"Feature","geometry":{"type":"Point","coordinates":[1827119.5249939954,2187039.0053904844]},"properties":{"height":6.0,"crown_diameter":6.0},"id":"4338"},{"type":"Feature","geometry":{"type":"Point","coordinates":[1826919.9413543309,2188076.234823916]},"properties":{"height":6.0,"crown_diameter":6.0},"id":"4339"},{"type":"Feature","geometry":{"type":"Point","coordinates":[1826936.5793270378,2186840.6472577606]},"properties":{"height":6.0,"crown_diameter":6.0},"id":"4341"},{"type":"Feature","geometry":{"type":"Point","coordinates":[1826391.0275371051,2186974.614456565]},"properties":{"height":6.0,"crown_diameter":6.0},"id":"4343"},{"type":"Feature","geometry":{"type":"Point","coordinates":[1826296.6370607505,2186995.348112147]},"properties":{"height":6.0,"crown_diameter":6.0},"id":"4345"},{"type":"Feature","geometry":{"type":"Point","coordinates":[1827118.7900708397,2187374.4317653067]},"properties":{"height":6.0,"crown_diameter":6.0},"id":"4346"},{"type":"Feature","geometry":{"type":"Point","coordinates":[1826446.7961139053,2187184.0779637257]},"properties":{"height":6.0,"crown_diameter":6.0},"id":"4348"},{"type":"Feature","geometry":{"type":"Point","coordinates":[1826089.541406539,2187290.492760401]},"properties":{"height":6.0,"crown_diameter":6.0},"id":"4352"},{"type":"Feature","geometry":{"type":"Point","coordinates":[1826892.0121467703,2187987.389171005]},"properties":{"height":6.0,"crown_diameter":6.0},"id":"4355"},{"type":"Feature","geometry":{"type":"Point","coordinates":[1826359.6902379172,2187256.0707563763]},"properties":{"height":6.0,"crown_diameter":6.0},"id":"4357"},{"type":"Feature","geometry":{"type":"Point","coordinates":[1826322.3674074179,2187527.691047809]},"properties":{"height":6.0,"crown_diameter":6.0},"id":"4363"},{"type":"Feature","geometry":{"type":"Point","coordinates":[1826762.3119657482,2187985.7560827406]},"properties":{"height":6.0,"crown_diameter":6.0},"id":"4365"},{"type":"Feature","geometry":{"type":"Point","coordinates":[1826415.4806159346,2187723.5177817587]},"properties":{"height":6.0,"crown_diameter":6.0},"id":"4369"},{"type":"Feature","geometry":{"type":"Point","coordinates":[1827100.3414849848,2187382.229964536]},"properties":{"height":6.0,"crown_diameter":6.0},"id":"4371"},{"type":"Feature","geometry":{"type":"Point","coordinates":[1826834.8245381361,2187893.5073896036]},"properties":{"height":6.0,"crown_diameter":6.0},"id":"4372"},{"type":"Feature","geometry":{"type":"Point","coordinates":[1826655.3006120387,2188071.731772261]},"properties":{"height":6.0,"crown_diameter":6.0},"id":"4373"},{"type":"Feature","geometry":{"type":"Point","coordinates":[1826096.8247279506,2186578.9637313047]},"properties":{"height":6.0,"crown_diameter":6.0},"id":"4377"},{"type":"Feature","geometry":{"type":"Point","coordinates":[1826541.9940902297,2187285.0596856577]},"properties":{"height":6.0,"crown_diameter":6.0},"id":"4380"},{"type":"Feature","geometry":{"type":"Point","coordinates":[1826274.3354622005,2187031.2181491815]},"properties":{"height":6.0,"crown_diameter":6.0},"id":"4381"},{"type":"Feature","geometry":{"type":"Point","coordinates":[1826661.6009176613,2187087.060761199]},"properties":{"height":6.0,"crown_diameter":6.0},"id":"4383"},{"type":"Feature","geometry":{"type":"Point","coordinates":[1826305.7735124093,2186823.62911503]},"properties":{"height":6.0,"crown_diameter":6.0},"id":"4384"},{"type":"Feature","geometry":{"type":"Point","coordinates":[1826124.5385441103,2186645.329738071]},"properties":{"height":6.0,"crown_diameter":6.0},"id":"4385"},{"type":"Feature","geometry":{"type":"Point","coordinates":[1826593.2479574326,2187693.4880158724]},"properties":{"height":6.0,"crown_diameter":6.0},"id":"4386"},{"type":"Feature","geometry":{"type":"Point","coordinates":[1827165.3908504061,2186961.9547077087]},"properties":{"height":6.0,"crown_diameter":6.0},"id":"4387"},{"type":"Feature","geometry":{"type":"Point","coordinates":[1826127.9098600608,2186951.808251417]},"properties":{"height":6.0,"crown_diameter":6.0},"id":"4388"},{"type":"Feature","geometry":{"type":"Point","coordinates":[1826785.756044621,2187569.725742678]},"properties":{"height":6.0,"crown_diameter":6.0},"id":"4395"},{"type":"Feature","geometry":{"type":"Point","coordinates":[1826030.8811288772,2186631.6531377705]},"properties":{"height":6.0,"crown_diameter":6.0},"id":"4400"},{"type":"Feature","geometry":{"type":"Point","coordinates":[1826624.8499875662,2187266.2831591717]},"properties":{"height":6.0,"crown_diameter":6.0},"id":"4402"},{"type":"Feature","geometry":{"type":"Point","coordinates":[1826721.877398822,2187504.1750958473]},"properties":{"height":6.0,"crown_diameter":6.0},"id":"4404"},{"type":"Feature","geometry":{"type":"Point","coordinates":[1826266.3245453232,2186654.4679426355]},"properties":{"height":6.0,"crown_diameter":6.0},"id":"4406"},{"type":"Feature","geometry":{"type":"Point","coordinates":[1826541.6153169686,2187525.203938242]},"properties":{"height":6.0,"crown_diameter":6.0},"id":"4408"},{"type":"Feature","geometry":{"type":"Point","coordinates":[1826691.039959297,2186704.1822248176]},"properties":{"height":6.0,"crown_diameter":6.0},"id":"4410"},{"type":"Feature","geometry":{"type":"Point","coordinates":[1826872.770875023,2188131.4655243554]},"properties":{"height":6.0,"crown_diameter":6.0},"id":"4416"},{"type":"Feature","geometry":{"type":"Point","coordinates":[1826092.9967897693,2186524.77501391]},"properties":{"height":6.0,"crown_diameter":6.0},"id":"4417"},{"type":"Feature","geometry":{"type":"Point","coordinates":[1826982.4166250725,2187596.50634583]},"properties":{"height":6.0,"crown_diameter":6.0},"id":"4419"},{"type":"Feature","geometry":{"type":"Point","coordinates":[1826794.7902449698,2187386.7738487576]},"properties":{"height":6.0,"crown_diameter":6.0},"id":"4423"},{"type":"Feature","geometry":{"type":"Point","coordinates":[1826753.3177427955,2187445.225864651]},"properties":{"height":6.0,"crown_diameter":6.0},"id":"4427"},{"type":"Feature","geometry":{"type":"Point","coordinates":[1826242.8949858653,2186644.2671152293]},"properties":{"height":6.0,"crown_diameter":6.0},"id":"4428"},{"type":"Feature","geometry":{"type":"Point","coordinates":[1826779.401473709,2187780.4126151334]},"properties":{"height":6.0,"crown_diameter":6.0},"id":"4431"},{"type":"Feature","geometry":{"type":"Point","coordinates":[1826339.5311685808,2186926.94346517]},"properties":{"height":6.0,"crown_diameter":6.0},"id":"4438"},{"type":"Feature","geometry":{"type":"Point","coordinates":[1826125.0334530487,2186651.055448282]},"properties":{"height":6.0,"crown_diameter":6.0},"id":"4440"},{"type":"Feature","geometry":{"type":"Point","coordinates":[1826869.424192165,2188016.6424778034]},"properties":{"height":6.0,"crown_diameter":6.0},"id":"4443"},{"type":"Feature","geometry":{"type":"Point","coordinates":[1826881.6993086552,2188109.2706903624]},"properties":{"height":6.0,"crown_diameter":6.0},"id":"4446"},{"type":"Feature","geometry":{"type":"Point","coordinates":[1826954.3275901272,2188071.264657646]},"properties":{"height":6.0,"crown_diameter":6.0},"id":"4448"},{"type":"Feature","geometry":{"type":"Point","coordinates":[1826805.9517074104,2187562.339710143]},"properties":{"height":6.0,"crown_diameter":6.0},"id":"4450"},{"type":"Feature","geometry":{"type":"Point","coordinates":[1826867.5804778682,2187985.3620168385]},"properties":{"height":6.0,"crown_diameter":6.0},"id":"4451"},{"type":"Feature","geometry":{"type":"Point","coordinates":[1826829.2908176149,2187756.666113825]},"properties":{"height":6.0,"crown_diameter":6.0},"id":"4452"},{"type":"Feature","geometry":{"type":"Point","coordinates":[1826389.4212367064,2187051.8239361336]},"properties":{"height":6.0,"crown_diameter":6.0},"id":"4456"},{"type":"Feature","geometry":{"type":"Point","coordinates":[1826170.092594449,2186835.5600503655]},"properties":{"height":6.0,"crown_diameter":6.0},"id":"4458"},{"type":"Feature","geometry":{"type":"Point","coordinates":[1826246.2209130558,2186649.7258246476]},"properties":{"height":6.0,"crown_diameter":6.0},"id":"4459"},{"type":"Feature","geometry":{"type":"Point","coordinates":[1826426.5650414191,2188040.1909538885]},"properties":{"height":6.0,"crown_diameter":6.0},"id":"4460"},{"type":"Feature","geometry":{"type":"Point","coordinates":[1826955.2776137325,2188078.96650436]},"properties":{"height":6.0,"crown_diameter":6.0},"id":"4463"},{"type":"Feature","geometry":{"type":"Point","coordinates":[1826432.9134931727,2187637.8976388476]},"properties":{"height":6.0,"crown_diameter":6.0},"id":"4464"},{"type":"Feature","geometry":{"type":"Point","coordinates":[1826735.8529172053,2188105.6958277053]},"properties":{"height":6.0,"crown_diameter":6.0},"id":"4465"},{"type":"Feature","geometry":{"type":"Point","coordinates":[1826047.0565303809,2186551.33331998]},"properties":{"height":6.0,"crown_diameter":6.0},"id":"4467"},{"type":"Feature","geometry":{"type":"Point","coordinates":[1826263.7862894717,2187979.353275415]},"properties":{"height":6.0,"crown_diameter":6.0},"id":"4491"},{"type":"Feature","geometry":{"type":"Point","coordinates":[1826946.0265077658,2188133.79972127]},"properties":{"height":6.0,"crown_diameter":6.0},"id":"4492"},{"type":"Feature","geometry":{"type":"Point","coordinates":[1826876.1326452103,2188097.6752633518]},"properties":{"height":6.0,"crown_diameter":6.0},"id":"4493"},{"type":"Feature","geometry":{"type":"Point","coordinates":[1826885.251545654,2188094.219221903]},"properties":{"height":6.0,"crown_diameter":6.0},"id":"4495"},{"type":"Feature","geometry":{"type":"Point","coordinates":[1826590.6284886734,2188013.475221382]},"properties":{"height":6.0,"crown_diameter":6.0},"id":"4496"},{"type":"Feature","geometry":{"type":"Point","coordinates":[1826766.1328027379,2188039.9356517834]},"properties":{"height":6.0,"crown_diameter":6.0},"id":"4497"},{"type":"Feature","geometry":{"type":"Point","coordinates":[1826944.2966461235,2188070.7665966656]},"properties":{"height":6.0,"crown_diameter":6.0},"id":"4498"},{"type":"Feature","geometry":{"type":"Point","coordinates":[1826753.9161711948,2188017.423991044]},"properties":{"height":6.0,"crown_diameter":6.0},"id":"4499"},{"type":"Feature","geometry":{"type":"Point","coordinates":[1826897.48421151,2188011.1136314203]},"properties":{"height":6.0,"crown_diameter":6.0},"id":"4500"},{"type":"Feature","geometry":{"type":"Point","coordinates":[1826865.3963052728,2188006.3448217893]},"properties":{"height":6.0,"crown_diameter":6.0},"id":"4501"},{"type":"Feature","geometry":{"type":"Point","coordinates":[1826910.3840133166,2188015.0928058564]},"properties":{"height":6.0,"crown_diameter":6.0},"id":"4502"},{"type":"Feature","geometry":{"type":"Point","coordinates":[1826904.5321613527,2187996.8869572636]},"properties":{"height":6.0,"crown_diameter":6.0},"id":"4503"},{"type":"Feature","geometry":{"type":"Point","coordinates":[1826455.1048124053,2187868.3993507624]},"properties":{"height":6.0,"crown_diameter":6.0},"id":"4504"},{"type":"Feature","geometry":{"type":"Point","coordinates":[1826713.9185562613,2187878.061029435]},"properties":{"height":6.0,"crown_diameter":6.0},"id":"4505"},{"type":"Feature","geometry":{"type":"Point","coordinates":[1826603.2880083004,2187822.979182349]},"properties":{"height":6.0,"crown_diameter":6.0},"id":"4506"},{"type":"Feature","geometry":{"type":"Point","coordinates":[1826980.466169838,2187897.9685313473]},"properties":{"height":6.0,"crown_diameter":6.0},"id":"4507"},{"type":"Feature","geometry":{"type":"Point","coordinates":[1826716.2528380365,2187829.0719035203]},"properties":{"height":6.0,"crown_diameter":6.0},"id":"4508"},{"type":"Feature","geometry":{"type":"Point","coordinates":[1826269.4274195842,2187615.2173832525]},"properties":{"height":6.0,"crown_diameter":6.0},"id":"4512"},{"type":"Feature","geometry":{"type":"Point","coordinates":[1826660.863248129,2187676.7271080213]},"properties":{"height":6.0,"crown_diameter":6.0},"id":"4518"},{"type":"Feature","geometry":{"type":"Point","coordinates":[1826619.6902225767,2187636.1654688763]},"properties":{"height":6.0,"crown_diameter":6.0},"id":"4523"},{"type":"Feature","geometry":{"type":"Point","coordinates":[1826174.7427366078,2187500.3429202144]},"properties":{"height":6.0,"crown_diameter":6.0},"id":"4524"},{"type":"Feature","geometry":{"type":"Point","coordinates":[1826605.7007059478,2187546.868216454]},"properties":{"height":6.0,"crown_diameter":6.0},"id":"4528"},{"type":"Feature","geometry":{"type":"Point","coordinates":[1826655.325718377,2187539.8827044754]},"properties":{"height":6.0,"crown_diameter":6.0},"id":"4529"},{"type":"Feature","geometry":{"type":"Point","coordinates":[1826949.5673567054,2187602.7752066604]},"properties":{"height":6.0,"crown_diameter":6.0},"id":"4531"},{"type":"Feature","geometry":{"type":"Point","coordinates":[1826111.480343185,2187389.142201753]},"properties":{"height":6.0,"crown_diameter":6.0},"id":"4533"},{"type":"Feature","geometry":{"type":"Point","coordinates":[1827026.6655899708,2187596.667096095]},"properties":{"height":6.0,"crown_diameter":6.0},"id":"4534"},{"type":"Feature","geometry":{"type":"Point","coordinates":[1826353.8551602073,2187409.8642170466]},"properties":{"height":6.0,"crown_diameter":6.0},"id":"4537"},{"type":"Feature","geometry":{"type":"Point","coordinates":[1826718.5087270355,2187408.9689198956]},"properties":{"height":6.0,"crown_diameter":6.0},"id":"4544"},{"type":"Feature","geometry":{"type":"Point","coordinates":[1827008.8415138412,2187472.809558575]},"properties":{"height":6.0,"crown_diameter":6.0},"id":"4547"},{"type":"Feature","geometry":{"type":"Point","coordinates":[1826465.9176822347,2187263.3715290613]},"properties":{"height":6.0,"crown_diameter":6.0},"id":"4550"},{"type":"Feature","geometry":{"type":"Point","coordinates":[1826879.9830350848,2187362.008175604]},"properties":{"height":6.0,"crown_diameter":6.0},"id":"4551"},{"type":"Feature","geometry":{"type":"Point","coordinates":[1826413.6649915455,2187226.7396447156]},"properties":{"height":6.0,"crown_diameter":6.0},"id":"4553"},{"type":"Feature","geometry":{"type":"Point","coordinates":[1827026.8686671809,2187337.780580682]},"properties":{"height":6.0,"crown_diameter":6.0},"id":"4556"},{"type":"Feature","geometry":{"type":"Point","coordinates":[1826035.8926790196,2187075.9300415562]},"properties":{"height":6.0,"crown_diameter":6.0},"id":"4557"},{"type":"Feature","geometry":{"type":"Point","coordinates":[1826412.4792844914,2187153.5470702127]},"properties":{"height":6.0,"crown_diameter":6.0},"id":"4558"},{"type":"Feature","geometry":{"type":"Point","coordinates":[1826402.7452423258,2187097.0329558924]},"properties":{"height":6.0,"crown_diameter":6.0},"id":"4560"},{"type":"Feature","geometry":{"type":"Point","coordinates":[1826468.8423459805,2187059.3432582687]},"properties":{"height":6.0,"crown_diameter":6.0},"id":"4562"},{"type":"Feature","geometry":{"type":"Point","coordinates":[1826037.032569855,2186953.7427437436]},"properties":{"height":6.0,"crown_diameter":6.0},"id":"4563"},{"type":"Feature","geometry":{"type":"Point","coordinates":[1826405.1705357681,2187035.908676758]},"properties":{"height":6.0,"crown_diameter":6.0},"id":"4564"},{"type":"Feature","geometry":{"type":"Point","coordinates":[1826123.880311193,2186941.509845609]},"properties":{"height":6.0,"crown_diameter":6.0},"id":"4565"},{"type":"Feature","geometry":{"type":"Point","coordinates":[1826662.1269177177,2187010.5303252186]},"properties":{"height":6.0,"crown_diameter":6.0},"id":"4569"},{"type":"Feature","geometry":{"type":"Point","coordinates":[1827143.105881668,2187107.2046791343]},"properties":{"height":6.0,"crown_diameter":6.0},"id":"4571"},{"type":"Feature","geometry":{"type":"Point","coordinates":[1827152.4349807745,2187102.8626365624]},"properties":{"height":6.0,"crown_diameter":6.0},"id":"4573"},{"type":"Feature","geometry":{"type":"Point","coordinates":[1826052.3975244681,2186794.71200963]},"properties":{"height":6.0,"crown_diameter":6.0},"id":"4576"},{"type":"Feature","geometry":{"type":"Point","coordinates":[1826040.2151862825,2186775.9469333584]},"properties":{"height":6.0,"crown_diameter":6.0},"id":"4578"},{"type":"Feature","geometry":{"type":"Point","coordinates":[1826623.4149459382,2186912.5885051703]},"properties":{"height":6.0,"crown_diameter":6.0},"id":"4579"},{"type":"Feature","geometry":{"type":"Point","coordinates":[1826359.6404015135,2186826.0532285557]},"properties":{"height":6.0,"crown_diameter":6.0},"id":"4581"},{"type":"Feature","geometry":{"type":"Point","coordinates":[1826944.5081488623,2186955.634646546]},"properties":{"height":6.0,"crown_diameter":6.0},"id":"4582"},{"type":"Feature","geometry":{"type":"Point","coordinates":[1826366.0559757266,2186771.477180992]},"properties":{"height":6.0,"crown_diameter":6.0},"id":"4584"},{"type":"Feature","geometry":{"type":"Point","coordinates":[1826036.418791514,2186682.5048595825]},"properties":{"height":6.0,"crown_diameter":6.0},"id":"4585"},{"type":"Feature","geometry":{"type":"Point","coordinates":[1827190.300528031,2186946.3320771824]},"properties":{"height":6.0,"crown_diameter":6.0},"id":"4586"},{"type":"Feature","geometry":{"type":"Point","coordinates":[1826076.696191553,2186656.4813431683]},"properties":{"height":6.0,"crown_diameter":6.0},"id":"4592"},{"type":"Feature","geometry":{"type":"Point","coordinates":[1826055.8501298418,2186643.1511765313]},"properties":{"height":6.0,"crown_diameter":6.0},"id":"4593"},{"type":"Feature","geometry":{"type":"Point","coordinates":[1827158.8723476399,2186899.6507342663]},"properties":{"height":6.0,"crown_diameter":6.0},"id":"4594"},{"type":"Feature","geometry":{"type":"Point","coordinates":[1826167.4612210349,2186643.301066812]},"properties":{"height":6.0,"crown_diameter":6.0},"id":"4595"},{"type":"Feature","geometry":{"type":"Point","coordinates":[1826625.8895922166,2186749.5760745853]},"properties":{"height":6.0,"crown_diameter":6.0},"id":"4596"},{"type":"Feature","geometry":{"type":"Point","coordinates":[1826624.5209890327,2186743.644096642]},"properties":{"height":6.0,"crown_diameter":6.0},"id":"4598"},{"type":"Feature","geometry":{"type":"Point","coordinates":[1826904.2371210568,2186790.01200404]},"properties":{"height":6.0,"crown_diameter":6.0},"id":"4599"},{"type":"Feature","geometry":{"type":"Point","coordinates":[1826549.6714083697,2186693.2652917644]},"properties":{"height":6.0,"crown_diameter":6.0},"id":"4600"},{"type":"Feature","geometry":{"type":"Point","coordinates":[1826191.3954721692,2186596.5956769297]},"properties":{"height":6.0,"crown_diameter":6.0},"id":"4602"},{"type":"Feature","geometry":{"type":"Point","coordinates":[1826673.2730682848,2186693.4463156727]},"properties":{"height":6.0,"crown_diameter":6.0},"id":"4603"},{"type":"Feature","geometry":{"type":"Point","coordinates":[1826540.145986486,2186635.8617922347]},"properties":{"height":6.0,"crown_diameter":6.0},"id":"4604"},{"type":"Feature","geometry":{"type":"Point","coordinates":[1826374.1871373707,2187820.3318892927]},"properties":{"height":28.0,"crown_diameter":27.6},"id":"4658"},{"type":"Feature","geometry":{"type":"Point","coordinates":[1826348.7231603938,2187568.4940094324]},"properties":{"height":28.0,"crown_diameter":28.0},"id":"4659"},{"type":"Feature","geometry":{"type":"Point","coordinates":[1827227.7495901245,2186834.57335756]},"properties":{"height":28.0,"crown_diameter":27.6},"id":"4660"},{"type":"Feature","geometry":{"type":"Point","coordinates":[1827255.6811477914,2186837.4261840377]},"properties":{"height":28.0,"crown_diameter":25.14},"id":"4662"},{"type":"Feature","geometry":{"type":"Point","coordinates":[1826215.6979208384,2187604.4114381475]},"properties":{"height":27.0,"crown_diameter":27.0},"id":"4663"},{"type":"Feature","geometry":{"type":"Point","coordinates":[1826115.1489354956,2187131.080615373]},"properties":{"height":28.0,"crown_diameter":17.58},"id":"4664"},{"type":"Feature","geometry":{"type":"Point","coordinates":[1826117.6777248015,2187143.829110178]},"properties":{"height":28.0,"crown_diameter":20.74},"id":"4665"},{"type":"Feature","geometry":{"type":"Point","coordinates":[1826377.598126307,2187536.047546994]},"properties":{"height":27.0,"crown_diameter":27.0},"id":"4666"},{"type":"Feature","geometry":{"type":"Point","coordinates":[1826180.221705222,2187121.191383616]},"properties":{"height":27.0,"crown_diameter":27.0},"id":"4668"},{"type":"Feature","geometry":{"type":"Point","coordinates":[1826081.332131728,2187149.277478312]},"properties":{"height":27.0,"crown_diameter":15.9},"id":"4669"},{"type":"Feature","geometry":{"type":"Point","coordinates":[1827256.175235603,2186843.1520238137]},"properties":{"height":28.0,"crown_diameter":20.12},"id":"4672"},{"type":"Feature","geometry":{"type":"Point","coordinates":[1826210.926987153,2187585.526277564]},"properties":{"height":26.0,"crown_diameter":23.84},"id":"4673"},{"type":"Feature","geometry":{"type":"Point","coordinates":[1826194.0026436506,2187614.248859566]},"properties":{"height":26.0,"crown_diameter":23.4},"id":"4674"},{"type":"Feature","geometry":{"type":"Point","coordinates":[1826216.0387911873,2187595.1446643914]},"properties":{"height":26.0,"crown_diameter":21.34},"id":"4675"},{"type":"Feature","geometry":{"type":"Point","coordinates":[1826321.3799253998,2187899.473031437]},"properties":{"height":26.0,"crown_diameter":26.0},"id":"4678"},{"type":"Feature","geometry":{"type":"Point","coordinates":[1826216.939617857,2187661.7219627895]},"properties":{"height":26.0,"crown_diameter":25.18},"id":"4679"},{"type":"Feature","geometry":{"type":"Point","coordinates":[1826371.0061558536,2187935.4834119584]},"properties":{"height":26.0,"crown_diameter":18.0},"id":"4680"},{"type":"Feature","geometry":{"type":"Point","coordinates":[1827257.6189960018,2186813.576857761]},"properties":{"height":26.0,"crown_diameter":21.22},"id":"4682"},{"type":"Feature","geometry":{"type":"Point","coordinates":[1827236.4525865498,2186875.8918503863]},"properties":{"height":26.0,"crown_diameter":23.84},"id":"4686"},{"type":"Feature","geometry":{"type":"Point","coordinates":[1826103.0345381326,2187182.4395391964]},"properties":{"height":26.0,"crown_diameter":26.0},"id":"4688"},{"type":"Feature","geometry":{"type":"Point","coordinates":[1826225.6958937747,2187644.1586884325]},"properties":{"height":26.0,"crown_diameter":20.74},"id":"4689"},{"type":"Feature","geometry":{"type":"Point","coordinates":[1827217.7544132557,2186794.8194733365]},"properties":{"height":26.0,"crown_diameter":15.76},"id":"4690"},{"type":"Feature","geometry":{"type":"Point","coordinates":[1826097.7743040517,2187200.828756128]},"properties":{"height":25.0,"crown_diameter":21.34},"id":"4694"},{"type":"Feature","geometry":{"type":"Point","coordinates":[1827230.1633173213,2186879.0818035384]},"properties":{"height":25.0,"crown_diameter":25.0},"id":"4698"},{"type":"Feature","geometry":{"type":"Point","coordinates":[1826100.2807157363,2187190.2028316194]},"properties":{"height":25.0,"crown_diameter":25.0},"id":"4700"},{"type":"Feature","geometry":{"type":"Point","coordinates":[1826378.949619587,2187561.604225819]},"properties":{"height":28.0,"crown_diameter":22.5},"id":"4705"},{"type":"Feature","geometry":{"type":"Point","coordinates":[1826131.3273255562,2187199.395694137]},"properties":{"height":25.0,"crown_diameter":17.58},"id":"4706"},{"type":"Feature","geometry":{"type":"Point","coordinates":[1826121.05413741,2187239.0366143845]},"properties":{"height":25.0,"crown_diameter":24.54},"id":"4707"},{"type":"Feature","geometry":{"type":"Point","coordinates":[1826999.1211476023,2187095.6597945113]},"properties":{"height":25.0,"crown_diameter":25.0},"id":"4711"},{"type":"Feature","geometry":{"type":"Point","coordinates":[1826215.307018454,2187672.5533438646]},"properties":{"height":25.0,"crown_diameter":18.0},"id":"4712"},{"type":"Feature","geometry":{"type":"Point","coordinates":[1826204.1924900252,2186929.60561679]},"properties":{"height":25.0,"crown_diameter":22.46},"id":"4714"},{"type":"Feature","geometry":{"type":"Point","coordinates":[1826230.9947928793,2187629.518597868]},"properties":{"height":24.0,"crown_diameter":24.0},"id":"4717"},{"type":"Feature","geometry":{"type":"Point","coordinates":[1827216.026358886,2186860.787419243]},"properties":{"height":25.0,"crown_diameter":13.12},"id":"4718"},{"type":"Feature","geometry":{"type":"Point","coordinates":[1827200.901081598,2186831.0413719453]},"properties":{"height":24.0,"crown_diameter":21.12},"id":"4721"},{"type":"Feature","geometry":{"type":"Point","coordinates":[1826201.263481139,2187642.1337322374]},"properties":{"height":25.0,"crown_diameter":23.6},"id":"4728"},{"type":"Feature","geometry":{"type":"Point","coordinates":[1826126.4624851278,2187192.639579038]},"properties":{"height":25.0,"crown_diameter":9.28},"id":"4730"},{"type":"Feature","geometry":{"type":"Point","coordinates":[1826187.8464503027,2187609.0577226467]},"properties":{"height":24.0,"crown_diameter":13.12},"id":"4735"},{"type":"Feature","geometry":{"type":"Point","coordinates":[1826361.047854268,2187899.4850969054]},"properties":{"height":24.0,"crown_diameter":23.66},"id":"4737"},{"type":"Feature","geometry":{"type":"Point","coordinates":[1827073.3779142273,2187238.4500825796]},"properties":{"height":24.0,"crown_diameter":24.0},"id":"4741"},{"type":"Feature","geometry":{"type":"Point","coordinates":[1826068.9031280177,2187127.650446694]},"properties":{"height":23.0,"crown_diameter":12.72},"id":"4742"},{"type":"Feature","geometry":{"type":"Point","coordinates":[1827216.102474663,2186868.2843095916]},"properties":{"height":23.0,"crown_diameter":19.36},"id":"4743"},{"type":"Feature","geometry":{"type":"Point","coordinates":[1826564.2197392457,2187988.549837635]},"properties":{"height":23.0,"crown_diameter":23.0},"id":"4747"},{"type":"Feature","geometry":{"type":"Point","coordinates":[1826108.2114995043,2187113.553110158]},"properties":{"height":25.0,"crown_diameter":24.14},"id":"4748"},{"type":"Feature","geometry":{"type":"Point","coordinates":[1827132.2926784314,2187008.36437507]},"properties":{"height":23.0,"crown_diameter":23.0},"id":"4749"},{"type":"Feature","geometry":{"type":"Point","coordinates":[1826175.8529477634,2187566.035538019]},"properties":{"height":24.0,"crown_diameter":24.0},"id":"4750"},{"type":"Feature","geometry":{"type":"Point","coordinates":[1826361.2354946896,2187491.9934662078]},"properties":{"height":23.0,"crown_diameter":23.0},"id":"4751"},{"type":"Feature","geometry":{"type":"Point","coordinates":[1826136.9668616927,2187175.4873332055]},"properties":{"height":23.0,"crown_diameter":17.58},"id":"4756"},{"type":"Feature","geometry":{"type":"Point","coordinates":[1826336.7949386474,2187978.8193210694]},"properties":{"height":23.0,"crown_diameter":22.68},"id":"4758"},{"type":"Feature","geometry":{"type":"Point","coordinates":[1826185.7908520128,2187578.6618300267]},"properties":{"height":24.0,"crown_diameter":11.26},"id":"4761"},{"type":"Feature","geometry":{"type":"Point","coordinates":[1826283.3480612626,2187740.014160484]},"properties":{"height":23.0,"crown_diameter":20.46},"id":"4763"},{"type":"Feature","geometry":{"type":"Point","coordinates":[1826355.5738448866,2187492.5272360216]},"properties":{"height":23.0,"crown_diameter":23.0},"id":"4767"},{"type":"Feature","geometry":{"type":"Point","coordinates":[1826071.4159056784,2187160.0251923567]},"properties":{"height":23.0,"crown_diameter":21.46},"id":"4770"},{"type":"Feature","geometry":{"type":"Point","coordinates":[1826168.0861120732,2187595.0490467185]},"properties":{"height":24.0,"crown_diameter":17.58},"id":"4771"},{"type":"Feature","geometry":{"type":"Point","coordinates":[1826363.6827392613,2187837.4822348105]},"properties":{"height":24.0,"crown_diameter":17.14},"id":"4772"},{"type":"Feature","geometry":{"type":"Point","coordinates":[1826102.7162295412,2187215.0810987717]},"properties":{"height":25.0,"crown_diameter":20.74},"id":"4773"},{"type":"Feature","geometry":{"type":"Point","coordinates":[1826132.9760193375,2187168.937360314]},"properties":{"height":22.0,"crown_diameter":20.32},"id":"4775"},{"type":"Feature","geometry":{"type":"Point","coordinates":[1826330.430243929,2187974.513634581]},"properties":{"height":23.0,"crown_diameter":19.36},"id":"4776"},{"type":"Feature","geometry":{"type":"Point","coordinates":[1826226.300796315,2187618.1293564853]},"properties":{"height":22.0,"crown_diameter":22.0},"id":"4781"},{"type":"Feature","geometry":{"type":"Point","coordinates":[1826166.924766974,2187142.358910234]},"properties":{"height":23.0,"crown_diameter":21.28},"id":"4784"},{"type":"Feature","geometry":{"type":"Point","coordinates":[1826396.25984657,2187996.588108338]},"properties":{"height":23.0,"crown_diameter":22.9},"id":"4785"},{"type":"Feature","geometry":{"type":"Point","coordinates":[1826083.6906432805,2187166.6595664085]},"properties":{"height":23.0,"crown_diameter":20.2},"id":"4787"},{"type":"Feature","geometry":{"type":"Point","coordinates":[1826362.305836447,2187553.9385933173]},"properties":{"height":24.0,"crown_diameter":15.9},"id":"4796"},{"type":"Feature","geometry":{"type":"Point","coordinates":[1826388.1922484606,2187655.388107439]},"properties":{"height":22.0,"crown_diameter":22.0},"id":"4797"},{"type":"Feature","geometry":{"type":"Point","coordinates":[1827218.4020590258,2186901.547262126]},"properties":{"height":22.0,"crown_diameter":20.06},"id":"4798"},{"type":"Feature","geometry":{"type":"Point","coordinates":[1826372.2939155994,2187890.9221491865]},"properties":{"height":22.0,"crown_diameter":20.32},"id":"4802"},{"type":"Feature","geometry":{"type":"Point","coordinates":[1826368.6831539962,2187878.853926731]},"properties":{"height":23.0,"crown_diameter":20.46},"id":"4808"},{"type":"Feature","geometry":{"type":"Point","coordinates":[1826741.4916566892,2187632.1908157417]},"properties":{"height":22.0,"crown_diameter":22.0},"id":"4810"},{"type":"Feature","geometry":{"type":"Point","coordinates":[1826097.8352006434,2187227.951131813]},"properties":{"height":23.0,"crown_diameter":16.22},"id":"4815"},{"type":"Feature","geometry":{"type":"Point","coordinates":[1826156.6026665443,2186583.714861028]},"properties":{"height":22.0,"crown_diameter":22.0},"id":"4818"},{"type":"Feature","geometry":{"type":"Point","coordinates":[1826374.0761270532,2187852.0854631676]},"properties":{"height":22.0,"crown_diameter":20.96},"id":"4821"},{"type":"Feature","geometry":{"type":"Point","coordinates":[1826127.5676456573,2187215.3345553903]},"properties":{"height":23.0,"crown_diameter":15.9},"id":"4822"},{"type":"Feature","geometry":{"type":"Point","coordinates":[1827046.5885359724,2187262.0415491303]},"properties":{"height":22.0,"crown_diameter":15.9},"id":"4824"},{"type":"Feature","geometry":{"type":"Point","coordinates":[1826244.3654975335,2187275.60291929]},"properties":{"height":22.0,"crown_diameter":20.96},"id":"4831"},{"type":"Feature","geometry":{"type":"Point","coordinates":[1827179.7373562802,2187022.366369266]},"properties":{"height":22.0,"crown_diameter":18.56},"id":"4835"},{"type":"Feature","geometry":{"type":"Point","coordinates":[1827083.5374438572,2187015.5547462096]},"properties":{"height":22.0,"crown_diameter":22.0},"id":"4846"},{"type":"Feature","geometry":{"type":"Point","coordinates":[1826364.1720543117,2187991.8213366163]},"properties":{"height":22.0,"crown_diameter":22.0},"id":"4848"},{"type":"Feature","geometry":{"type":"Point","coordinates":[1827160.1093732945,2186999.97185891]},"properties":{"height":22.0,"crown_diameter":22.0},"id":"4851"},{"type":"Feature","geometry":{"type":"Point","coordinates":[1826365.3367710651,2187850.023544582]},"properties":{"height":21.0,"crown_diameter":21.0},"id":"4855"},{"type":"Feature","geometry":{"type":"Point","coordinates":[1826384.1917097718,2187946.071884362]},"properties":{"height":22.0,"crown_diameter":13.68},"id":"4857"},{"type":"Feature","geometry":{"type":"Point","coordinates":[1826371.497322963,2187514.9787366213]},"properties":{"height":22.0,"crown_diameter":15.9},"id":"4858"},{"type":"Feature","geometry":{"type":"Point","coordinates":[1826183.4049961749,2187643.5290888674]},"properties":{"height":22.0,"crown_diameter":20.06},"id":"4861"},{"type":"Feature","geometry":{"type":"Point","coordinates":[1827191.8179046111,2186795.2422997705]},"properties":{"height":22.0,"crown_diameter":22.0},"id":"4862"},{"type":"Feature","geometry":{"type":"Point","coordinates":[1826346.054722573,2187861.364093836]},"properties":{"height":22.0,"crown_diameter":20.06},"id":"4864"},{"type":"Feature","geometry":{"type":"Point","coordinates":[1826182.5503699516,2186923.5657898644]},"properties":{"height":21.0,"crown_diameter":21.0},"id":"4866"},{"type":"Feature","geometry":{"type":"Point","coordinates":[1827151.8826262446,2187027.010425395]},"properties":{"height":22.0,"crown_diameter":15.9},"id":"4871"},{"type":"Feature","geometry":{"type":"Point","coordinates":[1827048.4421034479,2186972.683163525]},"properties":{"height":22.0,"crown_diameter":21.62},"id":"4872"},{"type":"Feature","geometry":{"type":"Point","coordinates":[1826336.4755777137,2187819.8468227847]},"properties":{"height":22.0,"crown_diameter":22.0},"id":"4873"},{"type":"Feature","geometry":{"type":"Point","coordinates":[1826362.0672847852,2187637.07307434]},"properties":{"height":21.0,"crown_diameter":21.0},"id":"4874"},{"type":"Feature","geometry":{"type":"Point","coordinates":[1827155.1075821265,2186786.5784310256]},"properties":{"height":22.0,"crown_diameter":20.96},"id":"4879"},{"type":"Feature","geometry":{"type":"Point","coordinates":[1827205.9938436823,2186860.2893439997]},"properties":{"height":21.0,"crown_diameter":13.68},"id":"4881"},{"type":"Feature","geometry":{"type":"Point","coordinates":[1826430.4923366907,2187976.624594041]},"properties":{"height":22.0,"crown_diameter":22.0},"id":"4882"},{"type":"Feature","geometry":{"type":"Point","coordinates":[1826134.4886296024,2187252.487937365]},"properties":{"height":22.0,"crown_diameter":21.16},"id":"4885"},{"type":"Feature","geometry":{"type":"Point","coordinates":[1826078.003110473,2186995.189097997]},"properties":{"height":21.0,"crown_diameter":19.32},"id":"4889"},{"type":"Feature","geometry":{"type":"Point","coordinates":[1826287.3599109966,2187769.9364579436]},"properties":{"height":21.0,"crown_diameter":21.0},"id":"4900"},{"type":"Feature","geometry":{"type":"Point","coordinates":[1827166.9493562665,2186986.628619205]},"properties":{"height":21.0,"crown_diameter":21.0},"id":"4903"},{"type":"Feature","geometry":{"type":"Point","coordinates":[1826723.7652995745,2187625.203605124]},"properties":{"height":21.0,"crown_diameter":18.78},"id":"4918"},{"type":"Feature","geometry":{"type":"Point","coordinates":[1827090.7446497746,2187274.3323329417]},"properties":{"height":21.0,"crown_diameter":21.0},"id":"4921"},{"type":"Feature","geometry":{"type":"Point","coordinates":[1826261.7290091112,2187417.1075631077]},"properties":{"height":21.0,"crown_diameter":19.44},"id":"4922"},{"type":"Feature","geometry":{"type":"Point","coordinates":[1827095.8177432138,2187280.203679682]},"properties":{"height":21.0,"crown_diameter":18.92},"id":"4924"},{"type":"Feature","geometry":{"type":"Point","coordinates":[1826380.013752664,2187963.7798376554]},"properties":{"height":21.0,"crown_diameter":19.64},"id":"4926"},{"type":"Feature","geometry":{"type":"Point","coordinates":[1826170.345264212,2187581.561220565]},"properties":{"height":21.0,"crown_diameter":15.76},"id":"4928"},{"type":"Feature","geometry":{"type":"Point","coordinates":[1826167.761834549,2187584.690659977]},"properties":{"height":22.0,"crown_diameter":11.48},"id":"4929"},{"type":"Feature","geometry":{"type":"Point","coordinates":[1827203.427681468,2186800.786937829]},"properties":{"height":21.0,"crown_diameter":16.22},"id":"4932"},{"type":"Feature","geometry":{"type":"Point","coordinates":[1827065.1643889905,2187030.850297618]},"properties":{"height":21.0,"crown_diameter":19.88},"id":"4933"},{"type":"Feature","geometry":{"type":"Point","coordinates":[1826134.2634667158,2187272.999439063]},"properties":{"height":21.0,"crown_diameter":18.14},"id":"4935"},{"type":"Feature","geometry":{"type":"Point","coordinates":[1826080.8533933861,2187123.9258317878]},"properties":{"height":21.0,"crown_diameter":15.9},"id":"4938"},{"type":"Feature","geometry":{"type":"Point","coordinates":[1826069.2212309476,2187095.008530825]},"properties":{"height":21.0,"crown_diameter":13.5},"id":"4941"},{"type":"Feature","geometry":{"type":"Point","coordinates":[1826400.556503331,2188033.1196622364]},"properties":{"height":21.0,"crown_diameter":21.0},"id":"4942"},{"type":"Feature","geometry":{"type":"Point","coordinates":[1826461.7062928753,2187981.185426556]},"properties":{"height":21.0,"crown_diameter":19.32},"id":"4943"},{"type":"Feature","geometry":{"type":"Point","coordinates":[1826188.7751500623,2187147.513165071]},"properties":{"height":21.0,"crown_diameter":15.9},"id":"4945"},{"type":"Feature","geometry":{"type":"Point","coordinates":[1827154.4816382006,2186832.23928439]},"properties":{"height":21.0,"crown_diameter":18.78},"id":"4947"},{"type":"Feature","geometry":{"type":"Point","coordinates":[1826161.75397406,2186597.0827982966]},"properties":{"height":20.0,"crown_diameter":19.18},"id":"4948"},{"type":"Feature","geometry":{"type":"Point","coordinates":[1826313.0069312188,2187762.9013415817]},"properties":{"height":20.0,"crown_diameter":20.0},"id":"4950"},{"type":"Feature","geometry":{"type":"Point","coordinates":[1826148.5111875383,2187259.534705391]},"properties":{"height":20.0,"crown_diameter":18.88},"id":"4956"},{"type":"Feature","geometry":{"type":"Point","coordinates":[1826101.637084186,2187110.132805669]},"properties":{"height":20.0,"crown_diameter":18.08},"id":"4958"},{"type":"Feature","geometry":{"type":"Point","coordinates":[1826301.1296228515,2187731.123318014]},"properties":{"height":20.0,"crown_diameter":20.0},"id":"4959"},{"type":"Feature","geometry":{"type":"Point","coordinates":[1826974.045672384,2187952.5365538048]},"properties":{"height":20.0,"crown_diameter":20.0},"id":"4962"},{"type":"Feature","geometry":{"type":"Point","coordinates":[1826333.8367040956,2187838.8528831974]},"properties":{"height":21.0,"crown_diameter":19.64},"id":"4963"},{"type":"Feature","geometry":{"type":"Point","coordinates":[1826192.6610574524,2187674.6886524293]},"properties":{"height":20.0,"crown_diameter":19.84},"id":"4965"},{"type":"Feature","geometry":{"type":"Point","coordinates":[1826151.678039127,2187355.6262988457]},"properties":{"height":20.0,"crown_diameter":20.0},"id":"4967"},{"type":"Feature","geometry":{"type":"Point","coordinates":[1826314.9851113788,2187785.800918173]},"properties":{"height":20.0,"crown_diameter":18.94},"id":"4969"},{"type":"Feature","geometry":{"type":"Point","coordinates":[1826201.9718393146,2186946.842973412]},"properties":{"height":20.0,"crown_diameter":18.08},"id":"4972"},{"type":"Feature","geometry":{"type":"Point","coordinates":[1827151.2891400354,2186818.3977030055]},"properties":{"height":21.0,"crown_diameter":21.0},"id":"4973"},{"type":"Feature","geometry":{"type":"Point","coordinates":[1827147.298763101,2186811.846750598]},"properties":{"height":20.0,"crown_diameter":20.0},"id":"4974"},{"type":"Feature","geometry":{"type":"Point","coordinates":[1826139.5237761335,2187254.610417284]},"properties":{"height":20.0,"crown_diameter":18.5},"id":"4975"},{"type":"Feature","geometry":{"type":"Point","coordinates":[1826306.9615970503,2187725.9562560115]},"properties":{"height":20.0,"crown_diameter":20.0},"id":"4977"},{"type":"Feature","geometry":{"type":"Point","coordinates":[1826105.583168934,2187069.9335186384]},"properties":{"height":21.0,"crown_diameter":20.32},"id":"4981"},{"type":"Feature","geometry":{"type":"Point","coordinates":[1826777.825150465,2187091.1144137853]},"properties":{"height":20.0,"crown_diameter":20.0},"id":"4987"},{"type":"Feature","geometry":{"type":"Point","coordinates":[1826397.8964405295,2188028.753329407]},"properties":{"height":21.0,"crown_diameter":21.0},"id":"4988"},{"type":"Feature","geometry":{"type":"Point","coordinates":[1826325.3743025614,2187757.406774469]},"properties":{"height":20.0,"crown_diameter":15.9},"id":"4989"},{"type":"Feature","geometry":{"type":"Point","coordinates":[1827016.0978524466,2187414.6959546604]},"properties":{"height":20.0,"crown_diameter":20.0},"id":"4992"},{"type":"Feature","geometry":{"type":"Point","coordinates":[1826966.1308860062,2187473.9470573934]},"properties":{"height":20.0,"crown_diameter":20.0},"id":"4994"},{"type":"Feature","geometry":{"type":"Point","coordinates":[1826157.2897156284,2187265.344487884]},"properties":{"height":20.0,"crown_diameter":20.0},"id":"4998"},{"type":"Feature","geometry":{"type":"Point","coordinates":[1826101.9167553526,2187073.742580699]},"properties":{"height":20.0,"crown_diameter":18.08},"id":"5002"},{"type":"Feature","geometry":{"type":"Point","coordinates":[1826305.2824203542,2187838.6589971767]},"properties":{"height":20.0,"crown_diameter":20.0},"id":"5003"},{"type":"Feature","geometry":{"type":"Point","coordinates":[1827143.78295403,2186787.6452689557]},"properties":{"height":21.0,"crown_diameter":19.32},"id":"5004"},{"type":"Feature","geometry":{"type":"Point","coordinates":[1826860.478282855,2186795.5788251017]},"properties":{"height":20.0,"crown_diameter":20.0},"id":"5007"},{"type":"Feature","geometry":{"type":"Point","coordinates":[1827047.833522136,2186955.712349689]},"properties":{"height":20.0,"crown_diameter":20.0},"id":"5008"},{"type":"Feature","geometry":{"type":"Point","coordinates":[1827246.3521731712,2186884.7723863223]},"properties":{"height":20.0,"crown_diameter":20.0},"id":"5009"},{"type":"Feature","geometry":{"type":"Point","coordinates":[1827018.9056483842,2187262.0519649265]},"properties":{"height":20.0,"crown_diameter":16.22},"id":"5017"},{"type":"Feature","geometry":{"type":"Point","coordinates":[1826543.0955961512,2188011.605996175]},"properties":{"height":20.0,"crown_diameter":20.0},"id":"5018"},{"type":"Feature","geometry":{"type":"Point","coordinates":[1826838.7258946544,2187184.94391433]},"properties":{"height":19.0,"crown_diameter":19.0},"id":"5021"},{"type":"Feature","geometry":{"type":"Point","coordinates":[1826184.6861122618,2187555.967916218]},"properties":{"height":21.0,"crown_diameter":18.14},"id":"5029"},{"type":"Feature","geometry":{"type":"Point","coordinates":[1826174.566591586,2187610.598540013]},"properties":{"height":19.0,"crown_diameter":17.14},"id":"5040"},{"type":"Feature","geometry":{"type":"Point","coordinates":[1826144.2462138908,2187332.3740404015]},"properties":{"height":20.0,"crown_diameter":19.84},"id":"5044"},{"type":"Feature","geometry":{"type":"Point","coordinates":[1826328.804679244,2187496.4939704593]},"properties":{"height":19.0,"crown_diameter":19.0},"id":"5045"},{"type":"Feature","geometry":{"type":"Point","coordinates":[1826369.587577724,2187605.197226365]},"properties":{"height":19.0,"crown_diameter":19.0},"id":"5048"},{"type":"Feature","geometry":{"type":"Point","coordinates":[1826102.3208310136,2187240.2262885985]},"properties":{"height":20.0,"crown_diameter":18.36},"id":"5056"},{"type":"Feature","geometry":{"type":"Point","coordinates":[1826360.7457150663,2187720.885846939]},"properties":{"height":19.0,"crown_diameter":19.0},"id":"5060"},{"type":"Feature","geometry":{"type":"Point","coordinates":[1827188.6485856501,2187019.7953266455]},"properties":{"height":20.0,"crown_diameter":11.26},"id":"5068"},{"type":"Feature","geometry":{"type":"Point","coordinates":[1826391.3201580287,2186875.5935115246]},"properties":{"height":20.0,"crown_diameter":15.1},"id":"5069"},{"type":"Feature","geometry":{"type":"Point","coordinates":[1826453.3465970063,2187973.604836844]},"properties":{"height":20.0,"crown_diameter":15.1},"id":"5071"},{"type":"Feature","geometry":{"type":"Point","coordinates":[1826338.978022757,2187766.2244969727]},"properties":{"height":21.0,"crown_diameter":21.0},"id":"5072"},{"type":"Feature","geometry":{"type":"Point","coordinates":[1826158.1752312118,2187351.5504622385]},"properties":{"height":19.0,"crown_diameter":19.0},"id":"5076"},{"type":"Feature","geometry":{"type":"Point","coordinates":[1826144.574437413,2186579.9429492787]},"properties":{"height":19.0,"crown_diameter":18.54},"id":"5083"},{"type":"Feature","geometry":{"type":"Point","coordinates":[1826212.2122659457,2187689.5827279123]},"properties":{"height":20.0,"crown_diameter":20.0},"id":"5084"},{"type":"Feature","geometry":{"type":"Point","coordinates":[1826379.606123026,2187668.317907984]},"properties":{"height":19.0,"crown_diameter":17.92},"id":"5094"},{"type":"Feature","geometry":{"type":"Point","coordinates":[1826420.9004325273,2187379.878828003]},"properties":{"height":19.0,"crown_diameter":16.22},"id":"5095"},{"type":"Feature","geometry":{"type":"Point","coordinates":[1826478.993277965,2187966.5705644256]},"properties":{"height":19.0,"crown_diameter":19.0},"id":"5098"},{"type":"Feature","geometry":{"type":"Point","coordinates":[1826900.8328659006,2187097.705256869]},"properties":{"height":19.0,"crown_diameter":17.92},"id":"5099"},{"type":"Feature","geometry":{"type":"Point","coordinates":[1826640.9650676732,2186838.203461734]},"properties":{"height":20.0,"crown_diameter":20.0},"id":"5100"},{"type":"Feature","geometry":{"type":"Point","coordinates":[1826141.299840138,2187321.396795118]},"properties":{"height":19.0,"crown_diameter":16.22},"id":"5102"},{"type":"Feature","geometry":{"type":"Point","coordinates":[1826971.8992854278,2187977.267346344]},"properties":{"height":19.0,"crown_diameter":19.0},"id":"5104"},{"type":"Feature","geometry":{"type":"Point","coordinates":[1827011.830168448,2187745.5309810303]},"properties":{"height":19.0,"crown_diameter":17.92},"id":"5105"},{"type":"Feature","geometry":{"type":"Point","coordinates":[1827051.2561688134,2187035.0466631833]},"properties":{"height":19.0,"crown_diameter":18.94},"id":"5108"},{"type":"Feature","geometry":{"type":"Point","coordinates":[1826141.1294747926,2187326.030348576]},"properties":{"height":19.0,"crown_diameter":16.4},"id":"5114"},{"type":"Feature","geometry":{"type":"Point","coordinates":[1826394.4563963017,2188012.052151665]},"properties":{"height":20.0,"crown_diameter":17.54},"id":"5115"},{"type":"Feature","geometry":{"type":"Point","coordinates":[1826282.2053039938,2187713.572762855]},"properties":{"height":19.0,"crown_diameter":17.44},"id":"5116"},{"type":"Feature","geometry":{"type":"Point","coordinates":[1826351.3831795272,2187956.0901242546]},"properties":{"height":20.0,"crown_diameter":11.26},"id":"5118"},{"type":"Feature","geometry":{"type":"Point","coordinates":[1826752.6424865406,2187272.1324212253]},"properties":{"height":19.0,"crown_diameter":19.0},"id":"5123"},{"type":"Feature","geometry":{"type":"Point","coordinates":[1826218.5388220241,2187690.140517971]},"properties":{"height":19.0,"crown_diameter":19.0},"id":"5125"},{"type":"Feature","geometry":{"type":"Point","coordinates":[1826757.4125705145,2187291.018985607]},"properties":{"height":19.0,"crown_diameter":19.0},"id":"5126"},{"type":"Feature","geometry":{"type":"Point","coordinates":[1826295.3405836222,2187783.035695982]},"properties":{"height":19.0,"crown_diameter":14.7},"id":"5128"},{"type":"Feature","geometry":{"type":"Point","coordinates":[1826382.583752455,2188023.27105697]},"properties":{"height":19.0,"crown_diameter":16.48},"id":"5129"},{"type":"Feature","geometry":{"type":"Point","coordinates":[1826779.2039602255,2187269.052183411]},"properties":{"height":19.0,"crown_diameter":19.0},"id":"5131"},{"type":"Feature","geometry":{"type":"Point","coordinates":[1826508.7097781035,2188016.577922312]},"properties":{"height":22.0,"crown_diameter":17.58},"id":"5132"},{"type":"Feature","geometry":{"type":"Point","coordinates":[1826767.5747919572,2186684.84597095]},"properties":{"height":19.0,"crown_diameter":17.44},"id":"5137"},{"type":"Feature","geometry":{"type":"Point","coordinates":[1826392.3290853596,2188017.1582976193]},"properties":{"height":22.0,"crown_diameter":16.38},"id":"5138"},{"type":"Feature","geometry":{"type":"Point","coordinates":[1826099.6899751704,2187047.9783329535]},"properties":{"height":18.0,"crown_diameter":17.6},"id":"5143"},{"type":"Feature","geometry":{"type":"Point","coordinates":[1826789.1747963298,2187199.425712527]},"properties":{"height":18.0,"crown_diameter":17.02},"id":"5149"},{"type":"Feature","geometry":{"type":"Point","coordinates":[1826312.585210611,2187913.2877781726]},"properties":{"height":19.0,"crown_diameter":16.22},"id":"5151"},{"type":"Feature","geometry":{"type":"Point","coordinates":[1826148.0387658037,2186620.023215999]},"properties":{"height":19.0,"crown_diameter":15.18},"id":"5157"},{"type":"Feature","geometry":{"type":"Point","coordinates":[1826307.2120183613,2187580.1994091063]},"properties":{"height":18.0,"crown_diameter":17.54},"id":"5159"},{"type":"Feature","geometry":{"type":"Point","coordinates":[1826782.1648921848,2187217.40237458]},"properties":{"height":18.0,"crown_diameter":18.0},"id":"5161"},{"type":"Feature","geometry":{"type":"Point","coordinates":[1827048.4632257966,2187039.061710454]},"properties":{"height":19.0,"crown_diameter":16.22},"id":"5163"},{"type":"Feature","geometry":{"type":"Point","coordinates":[1826277.7130233936,2187466.680657247]},"properties":{"height":19.0,"crown_diameter":15.72},"id":"5164"},{"type":"Feature","geometry":{"type":"Point","coordinates":[1826201.4006114043,2187676.7503760564]},"properties":{"height":20.0,"crown_diameter":20.0},"id":"5167"},{"type":"Feature","geometry":{"type":"Point","coordinates":[1826303.2259563024,2187276.4017291884]},"properties":{"height":19.0,"crown_diameter":15.72},"id":"5168"},{"type":"Feature","geometry":{"type":"Point","coordinates":[1827118.0415523273,2186978.8253655243]},"properties":{"height":19.0,"crown_diameter":19.0},"id":"5172"},{"type":"Feature","geometry":{"type":"Point","coordinates":[1826797.5376660833,2187250.008577703]},"properties":{"height":18.0,"crown_diameter":18.0},"id":"5177"},{"type":"Feature","geometry":{"type":"Point","coordinates":[1827053.8512453937,2186797.272316619]},"properties":{"height":18.0,"crown_diameter":17.02},"id":"5179"},{"type":"Feature","geometry":{"type":"Point","coordinates":[1826393.3763844578,2187629.504223389]},"properties":{"height":19.0,"crown_diameter":19.0},"id":"5181"},{"type":"Feature","geometry":{"type":"Point","coordinates":[1826094.2530316976,2187028.0002851435]},"properties":{"height":18.0,"crown_diameter":16.02},"id":"5183"},{"type":"Feature","geometry":{"type":"Point","coordinates":[1826929.2049663342,2187208.164897037]},"properties":{"height":18.0,"crown_diameter":16.5},"id":"5186"},{"type":"Feature","geometry":{"type":"Point","coordinates":[1826326.7471291565,2187806.3352096407]},"properties":{"height":19.0,"crown_diameter":15.18},"id":"5191"},{"type":"Feature","geometry":{"type":"Point","coordinates":[1826198.0591843084,2187096.420955922]},"properties":{"height":18.0,"crown_diameter":17.02},"id":"5192"},{"type":"Feature","geometry":{"type":"Point","coordinates":[1826235.3177315528,2187243.556178663]},"properties":{"height":19.0,"crown_diameter":16.12},"id":"5193"},{"type":"Feature","geometry":{"type":"Point","coordinates":[1826322.8497027056,2187596.0400840617]},"properties":{"height":18.0,"crown_diameter":18.0},"id":"5196"},{"type":"Feature","geometry":{"type":"Point","coordinates":[1827027.8663866306,2187028.591923826]},"properties":{"height":21.0,"crown_diameter":20.32},"id":"5199"},{"type":"Feature","geometry":{"type":"Point","coordinates":[1826239.4249595494,2187750.2154066935]},"properties":{"height":18.0,"crown_diameter":16.1},"id":"5202"},{"type":"Feature","geometry":{"type":"Point","coordinates":[1827113.8781524368,2186890.901606254]},"properties":{"height":18.0,"crown_diameter":18.0},"id":"5205"},{"type":"Feature","geometry":{"type":"Point","coordinates":[1827029.272746673,2187038.2721618135]},"properties":{"height":19.0,"crown_diameter":19.0},"id":"5206"},{"type":"Feature","geometry":{"type":"Point","coordinates":[1826089.9760735908,2187014.8392942552]},"properties":{"height":18.0,"crown_diameter":14.52},"id":"5214"},{"type":"Feature","geometry":{"type":"Point","coordinates":[1826126.3204194983,2187263.6477498715]},"properties":{"height":18.0,"crown_diameter":17.54},"id":"5220"},{"type":"Feature","geometry":{"type":"Point","coordinates":[1826819.013739489,2187026.048070783]},"properties":{"height":18.0,"crown_diameter":16.5},"id":"5232"},{"type":"Feature","geometry":{"type":"Point","coordinates":[1827138.4450357526,2186841.5426898217]},"properties":{"height":19.0,"crown_diameter":16.12},"id":"5235"},{"type":"Feature","geometry":{"type":"Point","coordinates":[1826952.642740157,2187519.372096626]},"properties":{"height":18.0,"crown_diameter":16.5},"id":"5236"},{"type":"Feature","geometry":{"type":"Point","coordinates":[1827033.6564779119,2187555.3176857163]},"properties":{"height":18.0,"crown_diameter":16.5},"id":"5237"},{"type":"Feature","geometry":{"type":"Point","coordinates":[1826728.1442146131,2187156.9806191768]},"properties":{"height":18.0,"crown_diameter":18.0},"id":"5240"},{"type":"Feature","geometry":{"type":"Point","coordinates":[1826382.9910230318,2187700.896919697]},"properties":{"height":18.0,"crown_diameter":16.5},"id":"5241"},{"type":"Feature","geometry":{"type":"Point","coordinates":[1826360.0285454534,2187970.2807527343]},"properties":{"height":19.0,"crown_diameter":16.9},"id":"5242"},{"type":"Feature","geometry":{"type":"Point","coordinates":[1826141.6661623344,2186572.7131078998]},"properties":{"height":18.0,"crown_diameter":17.48},"id":"5251"},{"type":"Feature","geometry":{"type":"Point","coordinates":[1826730.5484318344,2187029.478948551]},"properties":{"height":18.0,"crown_diameter":18.0},"id":"5256"},{"type":"Feature","geometry":{"type":"Point","coordinates":[1826384.83687017,2187732.1779816393]},"properties":{"height":17.0,"crown_diameter":17.0},"id":"5259"},{"type":"Feature","geometry":{"type":"Point","coordinates":[1826149.6260199638,2186562.4376453613]},"properties":{"height":19.0,"crown_diameter":16.12},"id":"5261"},{"type":"Feature","geometry":{"type":"Point","coordinates":[1826402.1673136398,2187572.69034685]},"properties":{"height":18.0,"crown_diameter":13.02},"id":"5262"},{"type":"Feature","geometry":{"type":"Point","coordinates":[1826902.4945421163,2187817.8744293964]},"properties":{"height":17.0,"crown_diameter":16.28},"id":"5267"},{"type":"Feature","geometry":{"type":"Point","coordinates":[1826359.3345993191,2187668.2088587973]},"properties":{"height":17.0,"crown_diameter":14.6},"id":"5271"},{"type":"Feature","geometry":{"type":"Point","coordinates":[1826977.9644810483,2187372.9788030796]},"properties":{"height":18.0,"crown_diameter":15.38},"id":"5274"},{"type":"Feature","geometry":{"type":"Point","coordinates":[1826928.5381089626,2187164.0714543876]},"properties":{"height":17.0,"crown_diameter":16.28},"id":"5277"},{"type":"Feature","geometry":{"type":"Point","coordinates":[1827037.8288807895,2187236.6040197928]},"properties":{"height":19.0,"crown_diameter":14.46},"id":"5280"},{"type":"Feature","geometry":{"type":"Point","coordinates":[1826541.2387867672,2187339.0982847847]},"properties":{"height":18.0,"crown_diameter":18.0},"id":"5281"},{"type":"Feature","geometry":{"type":"Point","coordinates":[1826384.2868800487,2187742.330048755]},"properties":{"height":17.0,"crown_diameter":17.0},"id":"5282"},{"type":"Feature","geometry":{"type":"Point","coordinates":[1827034.7640100198,2187042.3725774838]},"properties":{"height":18.0,"crown_diameter":14.52},"id":"5287"},{"type":"Feature","geometry":{"type":"Point","coordinates":[1827124.7095378644,2186927.112617031]},"properties":{"height":17.0,"crown_diameter":17.0},"id":"5288"},{"type":"Feature","geometry":{"type":"Point","coordinates":[1826286.972596177,2187881.073821679]},"properties":{"height":17.0,"crown_diameter":16.56},"id":"5289"},{"type":"Feature","geometry":{"type":"Point","coordinates":[1826233.5978971997,2187798.3797416734]},"properties":{"height":17.0,"crown_diameter":17.0},"id":"5292"},{"type":"Feature","geometry":{"type":"Point","coordinates":[1826388.2972792622,2187197.385492686]},"properties":{"height":17.0,"crown_diameter":16.74},"id":"5297"},{"type":"Feature","geometry":{"type":"Point","coordinates":[1826153.1289228196,2186606.26645919]},"properties":{"height":18.0,"crown_diameter":14.52},"id":"5299"},{"type":"Feature","geometry":{"type":"Point","coordinates":[1827146.9657297947,2187294.1449762746]},"properties":{"height":18.0,"crown_diameter":14.86},"id":"5302"},{"type":"Feature","geometry":{"type":"Point","coordinates":[1827226.7812888757,2186889.501958283]},"properties":{"height":17.0,"crown_diameter":17.0},"id":"5303"},{"type":"Feature","geometry":{"type":"Point","coordinates":[1826904.7365482238,2187824.011936357]},"properties":{"height":17.0,"crown_diameter":17.0},"id":"5304"},{"type":"Feature","geometry":{"type":"Point","coordinates":[1826309.1300536883,2187235.7300920994]},"properties":{"height":17.0,"crown_diameter":17.0},"id":"5307"},{"type":"Feature","geometry":{"type":"Point","coordinates":[1826077.730080467,2187074.580978235]},"properties":{"height":17.0,"crown_diameter":15.36},"id":"5308"},{"type":"Feature","geometry":{"type":"Point","coordinates":[1826909.7438569872,2187095.133983305]},"properties":{"height":17.0,"crown_diameter":15.0},"id":"5309"},{"type":"Feature","geometry":{"type":"Point","coordinates":[1827015.1822413895,2187281.7389402925]},"properties":{"height":17.0,"crown_diameter":17.0},"id":"5312"},{"type":"Feature","geometry":{"type":"Point","coordinates":[1826160.5719281484,2187372.680205082]},"properties":{"height":17.0,"crown_diameter":15.36},"id":"5323"},{"type":"Feature","geometry":{"type":"Point","coordinates":[1826884.3653076116,2187214.4099262664]},"properties":{"height":17.0,"crown_diameter":17.0},"id":"5324"},{"type":"Feature","geometry":{"type":"Point","coordinates":[1826587.5117255133,2186791.002974275]},"properties":{"height":17.0,"crown_diameter":17.0},"id":"5326"},{"type":"Feature","geometry":{"type":"Point","coordinates":[1826369.2166763758,2187696.7124080868]},"properties":{"height":18.0,"crown_diameter":18.0},"id":"5329"},{"type":"Feature","geometry":{"type":"Point","coordinates":[1826250.6373422772,2187292.038604389]},"properties":{"height":18.0,"crown_diameter":13.02},"id":"5330"},{"type":"Feature","geometry":{"type":"Point","coordinates":[1826355.6554829958,2187734.6402912145]},"properties":{"height":17.0,"crown_diameter":13.18},"id":"5335"},{"type":"Feature","geometry":{"type":"Point","coordinates":[1827036.9224402336,2186825.997465303]},"properties":{"height":18.0,"crown_diameter":18.0},"id":"5340"},{"type":"Feature","geometry":{"type":"Point","coordinates":[1826327.7915892315,2187801.9081259193]},"properties":{"height":17.0,"crown_diameter":15.0},"id":"5346"},{"type":"Feature","geometry":{"type":"Point","coordinates":[1826218.4972307356,2187197.523815479]},"properties":{"height":18.0,"crown_diameter":16.02},"id":"5349"},{"type":"Feature","geometry":{"type":"Point","coordinates":[1826258.9105089507,2186908.860076718]},"properties":{"height":18.0,"crown_diameter":18.0},"id":"5351"},{"type":"Feature","geometry":{"type":"Point","coordinates":[1826219.004948632,2187778.1125204917]},"properties":{"height":18.0,"crown_diameter":13.02},"id":"5352"},{"type":"Feature","geometry":{"type":"Point","coordinates":[1827086.157111861,2186930.1672476567]},"properties":{"height":17.0,"crown_diameter":16.98},"id":"5353"},{"type":"Feature","geometry":{"type":"Point","coordinates":[1827036.5318167326,2187066.1605804707]},"properties":{"height":19.0,"crown_diameter":14.46},"id":"5355"},{"type":"Feature","geometry":{"type":"Point","coordinates":[1826223.6972469338,2187152.0119280587]},"properties":{"height":16.0,"crown_diameter":16.0},"id":"5364"},{"type":"Feature","geometry":{"type":"Point","coordinates":[1826084.012117083,2187028.3890682934]},"properties":{"height":17.0,"crown_diameter":16.56},"id":"5365"},{"type":"Feature","geometry":{"type":"Point","coordinates":[1826249.921210592,2187498.448460566]},"properties":{"height":18.0,"crown_diameter":15.38},"id":"5373"},{"type":"Feature","geometry":{"type":"Point","coordinates":[1826315.1297648933,2187714.797384068]},"properties":{"height":17.0,"crown_diameter":15.0},"id":"5377"},{"type":"Feature","geometry":{"type":"Point","coordinates":[1827108.1937533068,2186782.0508277635]},"properties":{"height":17.0,"crown_diameter":15.44},"id":"5378"},{"type":"Feature","geometry":{"type":"Point","coordinates":[1827002.8993553729,2187017.0908697867]},"properties":{"height":17.0,"crown_diameter":17.0},"id":"5380"},{"type":"Feature","geometry":{"type":"Point","coordinates":[1826317.4718965592,2187411.5630214238]},"properties":{"height":16.0,"crown_diameter":14.6},"id":"5382"},{"type":"Feature","geometry":{"type":"Point","coordinates":[1827045.43521398,2187513.2284564073]},"properties":{"height":16.0,"crown_diameter":16.0},"id":"5386"},{"type":"Feature","geometry":{"type":"Point","coordinates":[1826942.9513945652,2187466.6071719993]},"properties":{"height":17.0,"crown_diameter":15.6},"id":"5394"},{"type":"Feature","geometry":{"type":"Point","coordinates":[1826975.8110598375,2187182.7058742004]},"properties":{"height":16.0,"crown_diameter":16.0},"id":"5396"},{"type":"Feature","geometry":{"type":"Point","coordinates":[1826322.924700189,2187411.9146722145]},"properties":{"height":16.0,"crown_diameter":15.6},"id":"5399"},{"type":"Feature","geometry":{"type":"Point","coordinates":[1826683.5114054896,2186884.700490608]},"properties":{"height":16.0,"crown_diameter":16.0},"id":"5402"},{"type":"Feature","geometry":{"type":"Point","coordinates":[1826712.4804168458,2187993.625228739]},"properties":{"height":16.0,"crown_diameter":16.0},"id":"5407"},{"type":"Feature","geometry":{"type":"Point","coordinates":[1826860.5761575738,2187190.100065224]},"properties":{"height":18.0,"crown_diameter":18.0},"id":"5410"},{"type":"Feature","geometry":{"type":"Point","coordinates":[1826156.7713063033,2187087.616466322]},"properties":{"height":16.0,"crown_diameter":14.94},"id":"5416"},{"type":"Feature","geometry":{"type":"Point","coordinates":[1826124.0020544003,2187398.6390954414]},"properties":{"height":16.0,"crown_diameter":14.6},"id":"5421"},{"type":"Feature","geometry":{"type":"Point","coordinates":[1826195.8388285353,2187559.533594748]},"properties":{"height":22.0,"crown_diameter":17.14},"id":"5423"},{"type":"Feature","geometry":{"type":"Point","coordinates":[1826318.3139520704,2187642.640843984]},"properties":{"height":16.0,"crown_diameter":16.0},"id":"5433"},{"type":"Feature","geometry":{"type":"Point","coordinates":[1826222.6143791117,2187301.3188340445]},"properties":{"height":16.0,"crown_diameter":16.0},"id":"5440"},{"type":"Feature","geometry":{"type":"Point","coordinates":[1827201.5114088529,2186977.0235892385]},"properties":{"height":16.0,"crown_diameter":16.0},"id":"5444"},{"type":"Feature","geometry":{"type":"Point","coordinates":[1826985.0518185792,2186869.848029534]},"properties":{"height":16.0,"crown_diameter":16.0},"id":"5445"},{"type":"Feature","geometry":{"type":"Point","coordinates":[1826553.9386726092,2187942.193279455]},"properties":{"height":16.0,"crown_diameter":16.0},"id":"5452"},{"type":"Feature","geometry":{"type":"Point","coordinates":[1827072.7810212357,2186943.837791742]},"properties":{"height":16.0,"crown_diameter":16.0},"id":"5455"},{"type":"Feature","geometry":{"type":"Point","coordinates":[1826504.775344229,2187098.669129987]},"properties":{"height":19.0,"crown_diameter":19.0},"id":"5458"},{"type":"Feature","geometry":{"type":"Point","coordinates":[1827002.9606640865,2187923.8415701916]},"properties":{"height":16.0,"crown_diameter":16.0},"id":"5459"},{"type":"Feature","geometry":{"type":"Point","coordinates":[1826147.3359209578,2187420.9686204107]},"properties":{"height":16.0,"crown_diameter":16.0},"id":"5460"},{"type":"Feature","geometry":{"type":"Point","coordinates":[1826602.0632159035,2187980.655158736]},"properties":{"height":16.0,"crown_diameter":16.0},"id":"5468"},{"type":"Feature","geometry":{"type":"Point","coordinates":[1826863.5353069291,2187095.4475803664]},"properties":{"height":15.0,"crown_diameter":15.0},"id":"5474"},{"type":"Feature","geometry":{"type":"Point","coordinates":[1826376.7110529074,2187790.0821738197]},"properties":{"height":16.0,"crown_diameter":16.0},"id":"5478"},{"type":"Feature","geometry":{"type":"Point","coordinates":[1826905.9381158066,2186978.317347893]},"properties":{"height":16.0,"crown_diameter":16.0},"id":"5480"},{"type":"Feature","geometry":{"type":"Point","coordinates":[1826864.7328719662,2187106.0131612723]},"properties":{"height":16.0,"crown_diameter":16.0},"id":"5485"},{"type":"Feature","geometry":{"type":"Point","coordinates":[1827042.5210174578,2187204.992947071]},"properties":{"height":15.0,"crown_diameter":15.0},"id":"5488"},{"type":"Feature","geometry":{"type":"Point","coordinates":[1826982.2446537304,2187558.140377982]},"properties":{"height":15.0,"crown_diameter":15.0},"id":"5490"},{"type":"Feature","geometry":{"type":"Point","coordinates":[1826755.594968317,2187091.47778827]},"properties":{"height":15.0,"crown_diameter":15.0},"id":"5493"},{"type":"Feature","geometry":{"type":"Point","coordinates":[1826233.915308706,2187425.5020221714]},"properties":{"height":15.0,"crown_diameter":15.0},"id":"5495"},{"type":"Feature","geometry":{"type":"Point","coordinates":[1826928.5598864632,2187230.4480104884]},"properties":{"height":15.0,"crown_diameter":15.0},"id":"5502"},{"type":"Feature","geometry":{"type":"Point","coordinates":[1826265.242747113,2187249.6807556204]},"properties":{"height":16.0,"crown_diameter":13.5},"id":"5504"},{"type":"Feature","geometry":{"type":"Point","coordinates":[1826181.2808586885,2186948.505874378]},"properties":{"height":15.0,"crown_diameter":13.44},"id":"5505"},{"type":"Feature","geometry":{"type":"Point","coordinates":[1826734.2138978292,2187987.5375977503]},"properties":{"height":15.0,"crown_diameter":15.0},"id":"5511"},{"type":"Feature","geometry":{"type":"Point","coordinates":[1826389.9695606087,2187765.1691119517]},"properties":{"height":15.0,"crown_diameter":14.16},"id":"5516"},{"type":"Feature","geometry":{"type":"Point","coordinates":[1826287.2154015105,2187840.9393940703]},"properties":{"height":15.0,"crown_diameter":15.0},"id":"5520"},{"type":"Feature","geometry":{"type":"Point","coordinates":[1826821.543137677,2187852.0495075206]},"properties":{"height":16.0,"crown_diameter":16.0},"id":"5522"},{"type":"Feature","geometry":{"type":"Point","coordinates":[1826929.3003640058,2187774.6597542693]},"properties":{"height":16.0,"crown_diameter":16.0},"id":"5533"},{"type":"Feature","geometry":{"type":"Point","coordinates":[1826902.0143001268,2187170.899609191]},"properties":{"height":17.0,"crown_diameter":17.0},"id":"5541"},{"type":"Feature","geometry":{"type":"Point","coordinates":[1826235.345277442,2187161.303062002]},"properties":{"height":16.0,"crown_diameter":13.5},"id":"5543"},{"type":"Feature","geometry":{"type":"Point","coordinates":[1827050.3382982851,2186859.0789625226]},"properties":{"height":15.0,"crown_diameter":15.0},"id":"5545"},{"type":"Feature","geometry":{"type":"Point","coordinates":[1826170.3618002182,2187413.313967028]},"properties":{"height":15.0,"crown_diameter":13.12},"id":"5546"},{"type":"Feature","geometry":{"type":"Point","coordinates":[1826998.962010142,2186908.6549345506]},"properties":{"height":15.0,"crown_diameter":14.16},"id":"5553"},{"type":"Feature","geometry":{"type":"Point","coordinates":[1826296.4602796105,2187594.4879335677]},"properties":{"height":15.0,"crown_diameter":15.0},"id":"5554"},{"type":"Feature","geometry":{"type":"Point","coordinates":[1826877.0213345126,2187413.65707855]},"properties":{"height":15.0,"crown_diameter":15.0},"id":"5555"},{"type":"Feature","geometry":{"type":"Point","coordinates":[1827066.0358150764,2186945.050482208]},"properties":{"height":15.0,"crown_diameter":15.0},"id":"5558"},{"type":"Feature","geometry":{"type":"Point","coordinates":[1826211.1088260035,2187518.2690232694]},"properties":{"height":14.0,"crown_diameter":14.0},"id":"5566"},{"type":"Feature","geometry":{"type":"Point","coordinates":[1826215.285410904,2186906.0478336955]},"properties":{"height":15.0,"crown_diameter":15.0},"id":"5567"},{"type":"Feature","geometry":{"type":"Point","coordinates":[1826379.2808043458,2187274.7140285005]},"properties":{"height":14.0,"crown_diameter":14.0},"id":"5568"},{"type":"Feature","geometry":{"type":"Point","coordinates":[1826810.9868079107,2187200.833501814]},"properties":{"height":15.0,"crown_diameter":15.0},"id":"5572"},{"type":"Feature","geometry":{"type":"Point","coordinates":[1827059.5531857277,2186843.4913057904]},"properties":{"height":15.0,"crown_diameter":15.0},"id":"5577"},{"type":"Feature","geometry":{"type":"Point","coordinates":[1826833.4988594963,2187527.710946156]},"properties":{"height":14.0,"crown_diameter":14.0},"id":"5578"},{"type":"Feature","geometry":{"type":"Point","coordinates":[1826834.3665642291,2187035.2797983517]},"properties":{"height":14.0,"crown_diameter":14.0},"id":"5581"},{"type":"Feature","geometry":{"type":"Point","coordinates":[1826203.2695312733,2186988.2800667863]},"properties":{"height":16.0,"crown_diameter":16.0},"id":"5589"},{"type":"Feature","geometry":{"type":"Point","coordinates":[1826401.0571579717,2187123.743593473]},"properties":{"height":15.0,"crown_diameter":15.0},"id":"5592"},{"type":"Feature","geometry":{"type":"Point","coordinates":[1827035.3483686217,2186906.9584010616]},"properties":{"height":14.0,"crown_diameter":14.0},"id":"5595"},{"type":"Feature","geometry":{"type":"Point","coordinates":[1826208.5137289208,2186989.517106931]},"properties":{"height":15.0,"crown_diameter":15.0},"id":"5597"},{"type":"Feature","geometry":{"type":"Point","coordinates":[1827195.1274011782,2186992.344166084]},"properties":{"height":14.0,"crown_diameter":14.0},"id":"5600"},{"type":"Feature","geometry":{"type":"Point","coordinates":[1826784.2381984706,2186950.5347462776]},"properties":{"height":14.0,"crown_diameter":14.0},"id":"5601"},{"type":"Feature","geometry":{"type":"Point","coordinates":[1827102.146878302,2187409.765101141]},"properties":{"height":15.0,"crown_diameter":15.0},"id":"5602"},{"type":"Feature","geometry":{"type":"Point","coordinates":[1826400.9395804203,2186920.8642964954]},"properties":{"height":16.0,"crown_diameter":16.0},"id":"5607"},{"type":"Feature","geometry":{"type":"Point","coordinates":[1826961.6398333397,2187954.282180294]},"properties":{"height":16.0,"crown_diameter":16.0},"id":"5612"},{"type":"Feature","geometry":{"type":"Point","coordinates":[1827089.692589928,2186977.7439962537]},"properties":{"height":16.0,"crown_diameter":13.26},"id":"5616"},{"type":"Feature","geometry":{"type":"Point","coordinates":[1826950.7212018785,2187437.593129576]},"properties":{"height":14.0,"crown_diameter":14.0},"id":"5618"},{"type":"Feature","geometry":{"type":"Point","coordinates":[1826849.3858080213,2186862.140230394]},"properties":{"height":16.0,"crown_diameter":16.0},"id":"5619"},{"type":"Feature","geometry":{"type":"Point","coordinates":[1826649.4100989888,2188049.7786169415]},"properties":{"height":15.0,"crown_diameter":14.56},"id":"5620"},{"type":"Feature","geometry":{"type":"Point","coordinates":[1826927.476275915,2187766.7513513817]},"properties":{"height":14.0,"crown_diameter":14.0},"id":"5622"},{"type":"Feature","geometry":{"type":"Point","coordinates":[1826267.3888969163,2187565.196152168]},"properties":{"height":14.0,"crown_diameter":14.0},"id":"5624"},{"type":"Feature","geometry":{"type":"Point","coordinates":[1826222.9495219728,2187100.422811646]},"properties":{"height":14.0,"crown_diameter":14.0},"id":"5627"},{"type":"Feature","geometry":{"type":"Point","coordinates":[1826877.3929763134,2187685.760743334]},"properties":{"height":14.0,"crown_diameter":14.0},"id":"5631"},{"type":"Feature","geometry":{"type":"Point","coordinates":[1826594.488624051,2188071.401961152]},"properties":{"height":15.0,"crown_diameter":15.0},"id":"5632"},{"type":"Feature","geometry":{"type":"Point","coordinates":[1826269.8906105713,2187511.572039463]},"properties":{"height":15.0,"crown_diameter":13.34},"id":"5633"},{"type":"Feature","geometry":{"type":"Point","coordinates":[1827036.6387925725,2186862.38998742]},"properties":{"height":14.0,"crown_diameter":14.0},"id":"5634"},{"type":"Feature","geometry":{"type":"Point","coordinates":[1826892.2304006496,2187665.893621701]},"properties":{"height":15.0,"crown_diameter":15.0},"id":"5637"},{"type":"Feature","geometry":{"type":"Point","coordinates":[1826232.8989154962,2187050.4219313436]},"properties":{"height":14.0,"crown_diameter":13.02},"id":"5642"},{"type":"Feature","geometry":{"type":"Point","coordinates":[1826263.488529444,2187354.8945624493]},"properties":{"height":16.0,"crown_diameter":16.0},"id":"5644"},{"type":"Feature","geometry":{"type":"Point","coordinates":[1826797.9668289428,2187869.853710334]},"properties":{"height":14.0,"crown_diameter":14.0},"id":"5645"},{"type":"Feature","geometry":{"type":"Point","coordinates":[1826147.6681002863,2187071.4474939597]},"properties":{"height":14.0,"crown_diameter":14.0},"id":"5647"},{"type":"Feature","geometry":{"type":"Point","coordinates":[1826997.591934689,2186859.7193698986]},"properties":{"height":15.0,"crown_diameter":15.0},"id":"5648"},{"type":"Feature","geometry":{"type":"Point","coordinates":[1826817.2426469906,2186959.257412365]},"properties":{"height":15.0,"crown_diameter":14.56},"id":"5650"},{"type":"Feature","geometry":{"type":"Point","coordinates":[1826314.4218044633,2187666.9599814336]},"properties":{"height":14.0,"crown_diameter":14.0},"id":"5651"},{"type":"Feature","geometry":{"type":"Point","coordinates":[1826739.9802248804,2187142.012186191]},"properties":{"height":14.0,"crown_diameter":14.0},"id":"5653"},{"type":"Feature","geometry":{"type":"Point","coordinates":[1826826.5245071664,2187956.0438985582]},"properties":{"height":14.0,"crown_diameter":14.0},"id":"5656"},{"type":"Feature","geometry":{"type":"Point","coordinates":[1827084.941330629,2186939.2288211533]},"properties":{"height":14.0,"crown_diameter":14.0},"id":"5658"},{"type":"Feature","geometry":{"type":"Point","coordinates":[1827015.1474584527,2186828.3376974943]},"properties":{"height":15.0,"crown_diameter":15.0},"id":"5661"},{"type":"Feature","geometry":{"type":"Point","coordinates":[1826375.4152156408,2187748.6493242634]},"properties":{"height":15.0,"crown_diameter":13.34},"id":"5662"},{"type":"Feature","geometry":{"type":"Point","coordinates":[1826516.9339103545,2187989.5431884904]},"properties":{"height":13.0,"crown_diameter":13.0},"id":"5663"},{"type":"Feature","geometry":{"type":"Point","coordinates":[1826978.7279664974,2187490.941632979]},"properties":{"height":13.0,"crown_diameter":13.0},"id":"5664"},{"type":"Feature","geometry":{"type":"Point","coordinates":[1826849.799037312,2187501.6450729673]},"properties":{"height":13.0,"crown_diameter":13.0},"id":"5666"},{"type":"Feature","geometry":{"type":"Point","coordinates":[1826234.7571067761,2187167.707725303]},"properties":{"height":14.0,"crown_diameter":13.7},"id":"5674"},{"type":"Feature","geometry":{"type":"Point","coordinates":[1826619.0042095792,2186673.1635537543]},"properties":{"height":14.0,"crown_diameter":14.0},"id":"5675"},{"type":"Feature","geometry":{"type":"Point","coordinates":[1826522.8424355679,2187991.8720437232]},"properties":{"height":14.0,"crown_diameter":14.0},"id":"5676"},{"type":"Feature","geometry":{"type":"Point","coordinates":[1827030.2211155107,2187753.610523094]},"properties":{"height":16.0,"crown_diameter":13.5},"id":"5683"},{"type":"Feature","geometry":{"type":"Point","coordinates":[1826974.8886157481,2186920.7360335463]},"properties":{"height":14.0,"crown_diameter":14.0},"id":"5684"},{"type":"Feature","geometry":{"type":"Point","coordinates":[1826960.0116841223,2187429.503067205]},"properties":{"height":14.0,"crown_diameter":13.7},"id":"5690"},{"type":"Feature","geometry":{"type":"Point","coordinates":[1827164.07762165,2186854.136162006]},"properties":{"height":15.0,"crown_diameter":15.0},"id":"5691"},{"type":"Feature","geometry":{"type":"Point","coordinates":[1826514.8033733882,2187951.6528447964]},"properties":{"height":13.0,"crown_diameter":13.0},"id":"5692"},{"type":"Feature","geometry":{"type":"Point","coordinates":[1827042.374032304,2187405.005901183]},"properties":{"height":13.0,"crown_diameter":13.0},"id":"5693"},{"type":"Feature","geometry":{"type":"Point","coordinates":[1827013.8969633866,2187541.3065274935]},"properties":{"height":13.0,"crown_diameter":13.0},"id":"5694"},{"type":"Feature","geometry":{"type":"Point","coordinates":[1827027.7688078494,2186954.716578896]},"properties":{"height":13.0,"crown_diameter":13.0},"id":"5695"},{"type":"Feature","geometry":{"type":"Point","coordinates":[1826149.060714513,2186846.4908531574]},"properties":{"height":16.0,"crown_diameter":13.5},"id":"5700"},{"type":"Feature","geometry":{"type":"Point","coordinates":[1827052.2077188173,2187085.752179637]},"properties":{"height":18.0,"crown_diameter":13.02},"id":"5701"},{"type":"Feature","geometry":{"type":"Point","coordinates":[1826870.223869483,2187516.747517031]},"properties":{"height":13.0,"crown_diameter":13.0},"id":"5707"},{"type":"Feature","geometry":{"type":"Point","coordinates":[1826888.675035963,2187145.316310646]},"properties":{"height":13.0,"crown_diameter":13.0},"id":"5708"},{"type":"Feature","geometry":{"type":"Point","coordinates":[1826781.4453887555,2186954.5499035893]},"properties":{"height":13.0,"crown_diameter":13.0},"id":"5711"},{"type":"Feature","geometry":{"type":"Point","coordinates":[1826192.6126599824,2187436.3229145426]},"properties":{"height":13.0,"crown_diameter":13.0},"id":"5712"},{"type":"Feature","geometry":{"type":"Point","coordinates":[1826972.4773785418,2187497.879456478]},"properties":{"height":13.0,"crown_diameter":13.0},"id":"5719"},{"type":"Feature","geometry":{"type":"Point","coordinates":[1826527.7859166742,2188049.1196169155]},"properties":{"height":14.0,"crown_diameter":14.0},"id":"5728"},{"type":"Feature","geometry":{"type":"Point","coordinates":[1826940.4805039726,2187437.9807003317]},"properties":{"height":13.0,"crown_diameter":13.0},"id":"5737"},{"type":"Feature","geometry":{"type":"Point","coordinates":[1826134.194541316,2186545.710096815]},"properties":{"height":13.0,"crown_diameter":13.0},"id":"5738"},{"type":"Feature","geometry":{"type":"Point","coordinates":[1826819.7054592601,2187992.7576437797]},"properties":{"height":15.0,"crown_diameter":14.16},"id":"5742"},{"type":"Feature","geometry":{"type":"Point","coordinates":[1826449.227199685,2187783.82384286]},"properties":{"height":13.0,"crown_diameter":13.0},"id":"5745"},{"type":"Feature","geometry":{"type":"Point","coordinates":[1827020.814651417,2186956.814827457]},"properties":{"height":13.0,"crown_diameter":13.0},"id":"5749"},{"type":"Feature","geometry":{"type":"Point","coordinates":[1826377.677483974,2186714.389448326]},"properties":{"height":13.0,"crown_diameter":13.0},"id":"5751"},{"type":"Feature","geometry":{"type":"Point","coordinates":[1826241.8310162523,2187368.4804492737]},"properties":{"height":13.0,"crown_diameter":13.0},"id":"5759"},{"type":"Feature","geometry":{"type":"Point","coordinates":[1826831.2978667922,2188103.9185272106]},"properties":{"height":13.0,"crown_diameter":13.0},"id":"5760"},{"type":"Feature","geometry":{"type":"Point","coordinates":[1826623.0472092766,2187836.9888093383]},"properties":{"height":13.0,"crown_diameter":13.0},"id":"5762"},{"type":"Feature","geometry":{"type":"Point","coordinates":[1826419.0337378634,2187943.0763278585]},"properties":{"height":14.0,"crown_diameter":14.0},"id":"5764"},{"type":"Feature","geometry":{"type":"Point","coordinates":[1826439.9139493306,2187960.1538673006]},"properties":{"height":14.0,"crown_diameter":14.0},"id":"5769"},{"type":"Feature","geometry":{"type":"Point","coordinates":[1826573.2592060596,2187934.601136188]},"properties":{"height":13.0,"crown_diameter":13.0},"id":"5770"},{"type":"Feature","geometry":{"type":"Point","coordinates":[1826463.8365758157,2186974.9647153453]},"properties":{"height":13.0,"crown_diameter":13.0},"id":"5776"},{"type":"Feature","geometry":{"type":"Point","coordinates":[1826757.0835172702,2187515.287040324]},"properties":{"height":16.0,"crown_diameter":16.0},"id":"5779"},{"type":"Feature","geometry":{"type":"Point","coordinates":[1827020.6416747025,2187540.0940246345]},"properties":{"height":13.0,"crown_diameter":13.0},"id":"5781"},{"type":"Feature","geometry":{"type":"Point","coordinates":[1827000.9173091864,2186865.1783796763]},"properties":{"height":13.0,"crown_diameter":13.0},"id":"5782"},{"type":"Feature","geometry":{"type":"Point","coordinates":[1826354.3513958692,2186926.700378559]},"properties":{"height":14.0,"crown_diameter":13.7},"id":"5786"},{"type":"Feature","geometry":{"type":"Point","coordinates":[1826352.3856310658,2187713.305185162]},"properties":{"height":13.0,"crown_diameter":13.0},"id":"5788"},{"type":"Feature","geometry":{"type":"Point","coordinates":[1826318.1145099557,2186900.390648945]},"properties":{"height":13.0,"crown_diameter":13.0},"id":"5791"},{"type":"Feature","geometry":{"type":"Point","coordinates":[1826969.280808337,2186862.3869274007]},"properties":{"height":13.0,"crown_diameter":13.0},"id":"5795"},{"type":"Feature","geometry":{"type":"Point","coordinates":[1827064.8716085078,2187516.8809237313]},"properties":{"height":13.0,"crown_diameter":13.0},"id":"5797"},{"type":"Feature","geometry":{"type":"Point","coordinates":[1826834.1823092855,2188001.782388343]},"properties":{"height":13.0,"crown_diameter":13.0},"id":"5801"},{"type":"Feature","geometry":{"type":"Point","coordinates":[1826229.6529088279,2187689.9583300585]},"properties":{"height":13.0,"crown_diameter":13.0},"id":"5802"},{"type":"Feature","geometry":{"type":"Point","coordinates":[1826916.5290105562,2187140.671583885]},"properties":{"height":13.0,"crown_diameter":13.0},"id":"5804"},{"type":"Feature","geometry":{"type":"Point","coordinates":[1827051.175713056,2186898.540477074]},"properties":{"height":13.0,"crown_diameter":13.0},"id":"5810"},{"type":"Feature","geometry":{"type":"Point","coordinates":[1826988.3171346635,2186805.1786777563]},"properties":{"height":13.0,"crown_diameter":13.0},"id":"5811"},{"type":"Feature","geometry":{"type":"Point","coordinates":[1826758.4629135276,2187736.2127525457]},"properties":{"height":13.0,"crown_diameter":13.0},"id":"5815"},{"type":"Feature","geometry":{"type":"Point","coordinates":[1827149.81216486,2187059.2411814164]},"properties":{"height":13.0,"crown_diameter":12.56},"id":"5820"},{"type":"Feature","geometry":{"type":"Point","coordinates":[1826556.4748896447,2188083.929587578]},"properties":{"height":13.0,"crown_diameter":13.0},"id":"5825"},{"type":"Feature","geometry":{"type":"Point","coordinates":[1826930.1404751628,2187943.1090738135]},"properties":{"height":13.0,"crown_diameter":13.0},"id":"5827"},{"type":"Feature","geometry":{"type":"Point","coordinates":[1826938.2249205324,2187087.8327181395]},"properties":{"height":13.0,"crown_diameter":13.0},"id":"5843"},{"type":"Feature","geometry":{"type":"Point","coordinates":[1826813.7105897968,2187724.9472509595]},"properties":{"height":13.0,"crown_diameter":13.0},"id":"5845"},{"type":"Feature","geometry":{"type":"Point","coordinates":[1826537.2130626228,2187841.037713025]},"properties":{"height":14.0,"crown_diameter":14.0},"id":"5848"},{"type":"Feature","geometry":{"type":"Point","coordinates":[1826025.2454930232,2186909.831861886]},"properties":{"height":13.0,"crown_diameter":13.0},"id":"5850"},{"type":"Feature","geometry":{"type":"Point","coordinates":[1827053.6453226928,2186884.1656399793]},"properties":{"height":14.0,"crown_diameter":14.0},"id":"5852"},{"type":"Feature","geometry":{"type":"Point","coordinates":[1826694.8914390109,2186867.7540515903]},"properties":{"height":13.0,"crown_diameter":13.0},"id":"5854"},{"type":"Feature","geometry":{"type":"Point","coordinates":[1826641.518911127,2186871.0533261243]},"properties":{"height":13.0,"crown_diameter":13.0},"id":"5855"},{"type":"Feature","geometry":{"type":"Point","coordinates":[1826241.7977888882,2187407.7319456288]},"properties":{"height":13.0,"crown_diameter":12.56},"id":"5858"},{"type":"Feature","geometry":{"type":"Point","coordinates":[1827025.0655196884,2186817.590201803]},"properties":{"height":14.0,"crown_diameter":14.0},"id":"5859"},{"type":"Feature","geometry":{"type":"Point","coordinates":[1826509.2988827701,2187114.6930973874]},"properties":{"height":13.0,"crown_diameter":13.0},"id":"5860"},{"type":"Feature","geometry":{"type":"Point","coordinates":[1826495.8586731865,2186674.9607548807]},"properties":{"height":14.0,"crown_diameter":14.0},"id":"5861"},{"type":"Feature","geometry":{"type":"Point","coordinates":[1826226.524907173,2186705.844000672]},"properties":{"height":13.0,"crown_diameter":13.0},"id":"5863"},{"type":"Feature","geometry":{"type":"Point","coordinates":[1826272.7863880405,2187581.425094676]},"properties":{"height":13.0,"crown_diameter":13.0},"id":"5867"},{"type":"Feature","geometry":{"type":"Point","coordinates":[1827006.468506093,2186939.4066143087]},"properties":{"height":13.0,"crown_diameter":13.0},"id":"5870"},{"type":"Feature","geometry":{"type":"Point","coordinates":[1826226.8822898602,2187717.3459113264]},"properties":{"height":13.0,"crown_diameter":13.0},"id":"5872"},{"type":"Feature","geometry":{"type":"Point","coordinates":[1827184.182962391,2186987.891421964]},"properties":{"height":13.0,"crown_diameter":13.0},"id":"5877"},{"type":"Feature","geometry":{"type":"Point","coordinates":[1826347.7384865081,2187600.0424611173]},"properties":{"height":13.0,"crown_diameter":13.0},"id":"5880"},{"type":"Feature","geometry":{"type":"Point","coordinates":[1827041.2803972538,2187018.6698667104]},"properties":{"height":14.0,"crown_diameter":14.0},"id":"5883"},{"type":"Feature","geometry":{"type":"Point","coordinates":[1826208.7508366148,2187500.887635053]},"properties":{"height":13.0,"crown_diameter":13.0},"id":"5886"},{"type":"Feature","geometry":{"type":"Point","coordinates":[1826493.4353662333,2188014.84318914]},"properties":{"height":13.0,"crown_diameter":13.0},"id":"5889"},{"type":"Feature","geometry":{"type":"Point","coordinates":[1826539.595497426,2187690.1757043083]},"properties":{"height":13.0,"crown_diameter":13.0},"id":"5891"},{"type":"Feature","geometry":{"type":"Point","coordinates":[1826779.9883580904,2187046.753695676]},"properties":{"height":14.0,"crown_diameter":13.02},"id":"5894"},{"type":"Feature","geometry":{"type":"Point","coordinates":[1826782.2644932317,2188104.4976826776]},"properties":{"height":9.0,"crown_diameter":9.0},"id":"5895"},{"type":"Feature","geometry":{"type":"Point","coordinates":[1826154.2648127328,2187098.2425500625]},"properties":{"height":9.0,"crown_diameter":9.0},"id":"5896"},{"type":"Feature","geometry":{"type":"Point","coordinates":[1827073.8627073544,2186900.155090615]},"properties":{"height":15.0,"crown_diameter":15.0},"id":"5897"},{"type":"Feature","geometry":{"type":"Point","coordinates":[1827019.328668639,2186853.6306994916]},"properties":{"height":9.0,"crown_diameter":9.0},"id":"5900"},{"type":"Feature","geometry":{"type":"Point","coordinates":[1827057.99268754,2186775.8128738073]},"properties":{"height":9.0,"crown_diameter":9.0},"id":"5903"},{"type":"Feature","geometry":{"type":"Point","coordinates":[1826940.127428848,2187146.240466664]},"properties":{"height":9.0,"crown_diameter":9.0},"id":"5904"},{"type":"Feature","geometry":{"type":"Point","coordinates":[1827081.9720539053,2186775.86261555]},"properties":{"height":9.0,"crown_diameter":9.0},"id":"5905"},{"type":"Feature","geometry":{"type":"Point","coordinates":[1826865.4383352252,2187153.855110787]},"properties":{"height":9.0,"crown_diameter":9.0},"id":"5922"},{"type":"Feature","geometry":{"type":"Point","coordinates":[1826780.896206921,2187648.9674220905]},"properties":{"height":9.0,"crown_diameter":9.0},"id":"5923"},{"type":"Feature","geometry":{"type":"Point","coordinates":[1827036.812731731,2186943.763052617]},"properties":{"height":9.0,"crown_diameter":9.0},"id":"5926"},{"type":"Feature","geometry":{"type":"Point","coordinates":[1826502.4560199226,2187085.034773281]},"properties":{"height":13.0,"crown_diameter":13.0},"id":"5931"},{"type":"Feature","geometry":{"type":"Point","coordinates":[1826699.9254635207,2187104.5167760956]},"properties":{"height":9.0,"crown_diameter":9.0},"id":"5935"},{"type":"Feature","geometry":{"type":"Point","coordinates":[1827086.8944430489,2186809.744617582]},"properties":{"height":14.0,"crown_diameter":14.0},"id":"5945"},{"type":"Feature","geometry":{"type":"Point","coordinates":[1826652.6609272894,2188090.7372504575]},"properties":{"height":9.0,"crown_diameter":9.0},"id":"5947"},{"type":"Feature","geometry":{"type":"Point","coordinates":[1826532.2319893583,2188057.6461710976]},"properties":{"height":8.0,"crown_diameter":8.0},"id":"5948"},{"type":"Feature","geometry":{"type":"Point","coordinates":[1826630.0872968566,2187181.5183836417]},"properties":{"height":9.0,"crown_diameter":9.0},"id":"5955"},{"type":"Feature","geometry":{"type":"Point","coordinates":[1827039.131504332,2187751.039797579]},"properties":{"height":17.0,"crown_diameter":16.56},"id":"5959"},{"type":"Feature","geometry":{"type":"Point","coordinates":[1826537.9138736653,2188080.484519663]},"properties":{"height":8.0,"crown_diameter":8.0},"id":"5961"},{"type":"Feature","geometry":{"type":"Point","coordinates":[1826976.6160515866,2187390.4215657134]},"properties":{"height":8.0,"crown_diameter":8.0},"id":"5974"},{"type":"Feature","geometry":{"type":"Point","coordinates":[1826910.947530136,2187770.328420341]},"properties":{"height":9.0,"crown_diameter":9.0},"id":"5975"},{"type":"Feature","geometry":{"type":"Point","coordinates":[1826613.1501626195,2186654.9550007945]},"properties":{"height":9.0,"crown_diameter":9.0},"id":"5977"},{"type":"Feature","geometry":{"type":"Point","coordinates":[1826493.677100683,2186887.5883663264]},"properties":{"height":9.0,"crown_diameter":9.0},"id":"5979"},{"type":"Feature","geometry":{"type":"Point","coordinates":[1826545.473093094,2188052.3584450856]},"properties":{"height":9.0,"crown_diameter":9.0},"id":"5992"},{"type":"Feature","geometry":{"type":"Point","coordinates":[1826893.3266505469,2188138.1862724344]},"properties":{"height":8.0,"crown_diameter":8.0},"id":"5995"},{"type":"Feature","geometry":{"type":"Point","coordinates":[1826344.726928903,2186689.7893960103]},"properties":{"height":8.0,"crown_diameter":8.0},"id":"6005"},{"type":"Feature","geometry":{"type":"Point","coordinates":[1826322.9486018408,2187286.663080681]},"properties":{"height":9.0,"crown_diameter":9.0},"id":"6009"},{"type":"Feature","geometry":{"type":"Point","coordinates":[1826993.5647617357,2187428.073774396]},"properties":{"height":8.0,"crown_diameter":8.0},"id":"6012"},{"type":"Feature","geometry":{"type":"Point","coordinates":[1826969.4108552323,2187260.6541672247]},"properties":{"height":8.0,"crown_diameter":8.0},"id":"6017"},{"type":"Feature","geometry":{"type":"Point","coordinates":[1826866.2423115682,2187275.5692184498]},"properties":{"height":9.0,"crown_diameter":9.0},"id":"6023"},{"type":"Feature","geometry":{"type":"Point","coordinates":[1826728.2707262707,2187062.5948746754]},"properties":{"height":8.0,"crown_diameter":8.0},"id":"6025"},{"type":"Feature","geometry":{"type":"Point","coordinates":[1827036.852340543,2186990.514548153]},"properties":{"height":9.0,"crown_diameter":9.0},"id":"6031"},{"type":"Feature","geometry":{"type":"Point","coordinates":[1826961.2226736995,2187999.050067621]},"properties":{"height":9.0,"crown_diameter":9.0},"id":"6035"},{"type":"Feature","geometry":{"type":"Point","coordinates":[1826389.1723078317,2186708.6875684494]},"properties":{"height":8.0,"crown_diameter":8.0},"id":"6037"},{"type":"Feature","geometry":{"type":"Point","coordinates":[1826389.7823796505,2186725.6585407797]},"properties":{"height":9.0,"crown_diameter":9.0},"id":"6039"},{"type":"Feature","geometry":{"type":"Point","coordinates":[1826613.481079964,2187177.6001977366]},"properties":{"height":9.0,"crown_diameter":9.0},"id":"6040"},{"type":"Feature","geometry":{"type":"Point","coordinates":[1827072.8743019516,2186888.703583254]},"properties":{"height":8.0,"crown_diameter":8.0},"id":"6041"},{"type":"Feature","geometry":{"type":"Point","coordinates":[1826401.9590241138,2186701.420776173]},"properties":{"height":8.0,"crown_diameter":8.0},"id":"6045"},{"type":"Feature","geometry":{"type":"Point","coordinates":[1826216.9853537872,2187113.9723725514]},"properties":{"height":9.0,"crown_diameter":9.0},"id":"6046"},{"type":"Feature","geometry":{"type":"Point","coordinates":[1826301.8314309325,2187544.345082569]},"properties":{"height":8.0,"crown_diameter":8.0},"id":"6047"},{"type":"Feature","geometry":{"type":"Point","coordinates":[1826283.223696295,2187153.9020503527]},"properties":{"height":9.0,"crown_diameter":9.0},"id":"6048"},{"type":"Feature","geometry":{"type":"Point","coordinates":[1826416.1437271694,2187916.2231271327]},"properties":{"height":9.0,"crown_diameter":9.0},"id":"6049"},{"type":"Feature","geometry":{"type":"Point","coordinates":[1826683.3128765717,2186779.9516630117]},"properties":{"height":9.0,"crown_diameter":9.0},"id":"6053"},{"type":"Feature","geometry":{"type":"Point","coordinates":[1826742.2697998344,2187003.265272453]},"properties":{"height":13.0,"crown_diameter":13.0},"id":"6058"},{"type":"Feature","geometry":{"type":"Point","coordinates":[1826872.2638895402,2186882.496246675]},"properties":{"height":8.0,"crown_diameter":8.0},"id":"6069"},{"type":"Feature","geometry":{"type":"Point","coordinates":[1826065.280625537,2186564.045093104]},"properties":{"height":9.0,"crown_diameter":9.0},"id":"6070"},{"type":"Feature","geometry":{"type":"Point","coordinates":[1826909.9094674415,2188032.740237171]},"properties":{"height":9.0,"crown_diameter":9.0},"id":"6074"},{"type":"Feature","geometry":{"type":"Point","coordinates":[1826931.6397022405,2187276.0453066383]},"properties":{"height":9.0,"crown_diameter":9.0},"id":"6089"},{"type":"Feature","geometry":{"type":"Point","coordinates":[1826775.4571744183,2187542.9917597193]},"properties":{"height":9.0,"crown_diameter":9.0},"id":"6090"},{"type":"Feature","geometry":{"type":"Point","coordinates":[1827058.302205781,2186934.8117478476]},"properties":{"height":9.0,"crown_diameter":9.0},"id":"6092"},{"type":"Feature","geometry":{"type":"Point","coordinates":[1826962.4551389713,2186770.0950457216]},"properties":{"height":8.0,"crown_diameter":8.0},"id":"6098"},{"type":"Feature","geometry":{"type":"Point","coordinates":[1826782.90959671,2188082.2173402817]},"properties":{"height":8.0,"crown_diameter":8.0},"id":"6100"},{"type":"Feature","geometry":{"type":"Point","coordinates":[1826986.445377669,2187028.1652309345]},"properties":{"height":9.0,"crown_diameter":9.0},"id":"6101"},{"type":"Feature","geometry":{"type":"Point","coordinates":[1826069.0173648268,2186524.7283487744]},"properties":{"height":8.0,"crown_diameter":8.0},"id":"6103"},{"type":"Feature","geometry":{"type":"Point","coordinates":[1826669.0065206906,2187876.809933758]},"properties":{"height":8.0,"crown_diameter":8.0},"id":"6104"},{"type":"Feature","geometry":{"type":"Point","coordinates":[1826739.1034798084,2187740.0568978917]},"properties":{"height":7.0,"crown_diameter":7.0},"id":"6105"},{"type":"Feature","geometry":{"type":"Point","coordinates":[1826576.9544075888,2188083.154006849]},"properties":{"height":8.0,"crown_diameter":8.0},"id":"6107"},{"type":"Feature","geometry":{"type":"Point","coordinates":[1826869.4731024639,2187293.157929205]},"properties":{"height":9.0,"crown_diameter":9.0},"id":"6109"},{"type":"Feature","geometry":{"type":"Point","coordinates":[1826303.250312328,2186853.8828535704]},"properties":{"height":8.0,"crown_diameter":8.0},"id":"6111"},{"type":"Feature","geometry":{"type":"Point","coordinates":[1827135.2218276346,2187167.9774222774]},"properties":{"height":9.0,"crown_diameter":9.0},"id":"6115"},{"type":"Feature","geometry":{"type":"Point","coordinates":[1826774.9307600914,2187298.8918869016]},"properties":{"height":9.0,"crown_diameter":9.0},"id":"6120"},{"type":"Feature","geometry":{"type":"Point","coordinates":[1826742.7655470052,2187650.2515570805]},"properties":{"height":9.0,"crown_diameter":9.0},"id":"6124"},{"type":"Feature","geometry":{"type":"Point","coordinates":[1826552.3702085724,2188066.1367814327]},"properties":{"height":8.0,"crown_diameter":8.0},"id":"6125"},{"type":"Feature","geometry":{"type":"Point","coordinates":[1827114.882566825,2186796.717541243]},"properties":{"height":14.0,"crown_diameter":14.0},"id":"6126"},{"type":"Feature","geometry":{"type":"Point","coordinates":[1826920.771922701,2187279.0894201393]},"properties":{"height":9.0,"crown_diameter":9.0},"id":"6133"},{"type":"Feature","geometry":{"type":"Point","coordinates":[1827004.589398525,2186990.3794431305]},"properties":{"height":9.0,"crown_diameter":9.0},"id":"6135"},{"type":"Feature","geometry":{"type":"Point","coordinates":[1826748.8596958006,2187948.932131496]},"properties":{"height":8.0,"crown_diameter":8.0},"id":"6136"},{"type":"Feature","geometry":{"type":"Point","coordinates":[1826237.1272853669,2186570.923858434]},"properties":{"height":8.0,"crown_diameter":8.0},"id":"6138"},{"type":"Feature","geometry":{"type":"Point","coordinates":[1826704.3741643815,2188117.895606435]},"properties":{"height":7.0,"crown_diameter":7.0},"id":"6139"},{"type":"Feature","geometry":{"type":"Point","coordinates":[1826477.614049271,2188066.2562058857]},"properties":{"height":8.0,"crown_diameter":8.0},"id":"6143"},{"type":"Feature","geometry":{"type":"Point","coordinates":[1826711.9351856061,2187127.916268564]},"properties":{"height":7.0,"crown_diameter":7.0},"id":"6144"},{"type":"Feature","geometry":{"type":"Point","coordinates":[1826502.568431731,2187948.7659391095]},"properties":{"height":8.0,"crown_diameter":8.0},"id":"6147"},{"type":"Feature","geometry":{"type":"Point","coordinates":[1827001.1479748448,2186930.672268544]},"properties":{"height":8.0,"crown_diameter":8.0},"id":"6155"},{"type":"Feature","geometry":{"type":"Point","coordinates":[1826866.456870781,2187896.29897098]},"properties":{"height":7.0,"crown_diameter":7.0},"id":"6166"},{"type":"Feature","geometry":{"type":"Point","coordinates":[1827006.995708013,2186819.8699829355]},"properties":{"height":8.0,"crown_diameter":8.0},"id":"6167"},{"type":"Feature","geometry":{"type":"Point","coordinates":[1826587.4139837916,2187186.4064843454]},"properties":{"height":8.0,"crown_diameter":8.0},"id":"6170"},{"type":"Feature","geometry":{"type":"Point","coordinates":[1826899.4039559588,2188049.889625247]},"properties":{"height":7.0,"crown_diameter":7.0},"id":"6171"},{"type":"Feature","geometry":{"type":"Point","coordinates":[1826698.1961410048,2186849.8370518116]},"properties":{"height":6.0,"crown_diameter":6.0},"id":"6172"},{"type":"Feature","geometry":{"type":"Point","coordinates":[1826930.3224489398,2187125.230296363]},"properties":{"height":7.0,"crown_diameter":7.0},"id":"6179"},{"type":"Feature","geometry":{"type":"Point","coordinates":[1826916.5761922856,2187359.426283604]},"properties":{"height":7.0,"crown_diameter":7.0},"id":"6181"},{"type":"Feature","geometry":{"type":"Point","coordinates":[1827094.306158204,2186852.6277145697]},"properties":{"height":7.0,"crown_diameter":7.0},"id":"6184"},{"type":"Feature","geometry":{"type":"Point","coordinates":[1826868.166617082,2187892.963591473]},"properties":{"height":8.0,"crown_diameter":8.0},"id":"6192"},{"type":"Feature","geometry":{"type":"Point","coordinates":[1826850.0309075161,2188145.7272197925]},"properties":{"height":8.0,"crown_diameter":8.0},"id":"6193"},{"type":"Feature","geometry":{"type":"Point","coordinates":[1826144.7739159795,2186641.689131259]},"properties":{"height":6.0,"crown_diameter":6.0},"id":"6198"},{"type":"Feature","geometry":{"type":"Point","coordinates":[1826434.2724467139,2187749.4499207935]},"properties":{"height":7.0,"crown_diameter":7.0},"id":"6199"},{"type":"Feature","geometry":{"type":"Point","coordinates":[1826039.1824552983,2186972.0107656075]},"properties":{"height":7.0,"crown_diameter":7.0},"id":"6201"},{"type":"Feature","geometry":{"type":"Point","coordinates":[1826914.471210073,2188138.5031928457]},"properties":{"height":6.0,"crown_diameter":6.0},"id":"6202"},{"type":"Feature","geometry":{"type":"Point","coordinates":[1826365.536491687,2187379.9037528485]},"properties":{"height":8.0,"crown_diameter":8.0},"id":"6203"},{"type":"Feature","geometry":{"type":"Point","coordinates":[1826696.6936611105,2188005.7896937574]},"properties":{"height":6.0,"crown_diameter":6.0},"id":"6216"},{"type":"Feature","geometry":{"type":"Point","coordinates":[1826509.5485261774,2188056.0324882683]},"properties":{"height":6.0,"crown_diameter":6.0},"id":"6223"},{"type":"Feature","geometry":{"type":"Point","coordinates":[1826853.655574466,2188009.1822104165]},"properties":{"height":6.0,"crown_diameter":6.0},"id":"6224"},{"type":"Feature","geometry":{"type":"Point","coordinates":[1826355.1003111615,2186681.0183874387]},"properties":{"height":7.0,"crown_diameter":7.0},"id":"6225"},{"type":"Feature","geometry":{"type":"Point","coordinates":[1826721.8977808042,2187527.54885493]},"properties":{"height":7.0,"crown_diameter":7.0},"id":"6233"},{"type":"Feature","geometry":{"type":"Point","coordinates":[1826806.3892675918,2188033.546080672]},"properties":{"height":9.0,"crown_diameter":9.0},"id":"6235"},{"type":"Feature","geometry":{"type":"Point","coordinates":[1826846.495977297,2188098.1583951707]},"properties":{"height":6.0,"crown_diameter":6.0},"id":"6242"},{"type":"Feature","geometry":{"type":"Point","coordinates":[1827093.8894684261,2186897.402535321]},"properties":{"height":8.0,"crown_diameter":8.0},"id":"6261"},{"type":"Feature","geometry":{"type":"Point","coordinates":[1826868.576942353,2187226.575819643]},"properties":{"height":6.0,"crown_diameter":6.0},"id":"6262"},{"type":"Feature","geometry":{"type":"Point","coordinates":[1826790.685621051,2187048.343046221]},"properties":{"height":7.0,"crown_diameter":7.0},"id":"6279"},{"type":"Feature","geometry":{"type":"Point","coordinates":[1826528.747893171,2187951.2043859996]},"properties":{"height":6.0,"crown_diameter":6.0},"id":"6282"},{"type":"Feature","geometry":{"type":"Point","coordinates":[1826340.759806203,2187919.000359746]},"properties":{"height":6.0,"crown_diameter":6.0},"id":"6286"},{"type":"Feature","geometry":{"type":"Point","coordinates":[1826600.8656831554,2187970.0909334673]},"properties":{"height":7.0,"crown_diameter":7.0},"id":"6287"},{"type":"Feature","geometry":{"type":"Point","coordinates":[1826320.0713901753,2186602.642086996]},"properties":{"height":7.0,"crown_diameter":7.0},"id":"6293"},{"type":"Feature","geometry":{"type":"Point","coordinates":[1827074.9245883217,2186833.0959592443]},"properties":{"height":6.0,"crown_diameter":6.0},"id":"6294"},{"type":"Feature","geometry":{"type":"Point","coordinates":[1826516.6319149572,2186723.7992491075]},"properties":{"height":6.0,"crown_diameter":6.0},"id":"6296"},{"type":"Feature","geometry":{"type":"Point","coordinates":[1826431.6861559653,2187134.7087024758]},"properties":{"height":6.0,"crown_diameter":6.0},"id":"6302"},{"type":"Feature","geometry":{"type":"Point","coordinates":[1826893.8498981558,2186904.4171158304]},"properties":{"height":8.0,"crown_diameter":8.0},"id":"6303"},{"type":"Feature","geometry":{"type":"Point","coordinates":[1826097.5077654012,2186814.7000077204]},"properties":{"height":7.0,"crown_diameter":7.0},"id":"6304"},{"type":"Feature","geometry":{"type":"Point","coordinates":[1826981.7882304217,2186977.5199123686]},"properties":{"height":6.0,"crown_diameter":6.0},"id":"6312"},{"type":"Feature","geometry":{"type":"Point","coordinates":[1826500.290010031,2186894.7574250717]},"properties":{"height":7.0,"crown_diameter":7.0},"id":"6313"},{"type":"Feature","geometry":{"type":"Point","coordinates":[1826719.3598060766,2187065.1663505496]},"properties":{"height":6.0,"crown_diameter":6.0},"id":"6315"},{"type":"Feature","geometry":{"type":"Point","coordinates":[1826512.6695414535,2187870.7653433965]},"properties":{"height":7.0,"crown_diameter":7.0},"id":"6316"},{"type":"Feature","geometry":{"type":"Point","coordinates":[1826248.4269915388,2187395.2746386346]},"properties":{"height":7.0,"crown_diameter":7.0},"id":"6319"},{"type":"Feature","geometry":{"type":"Point","coordinates":[1826511.2045578158,2186789.8272100464]},"properties":{"height":6.0,"crown_diameter":6.0},"id":"6326"},{"type":"Feature","geometry":{"type":"Point","coordinates":[1826793.9684150284,2188140.908533612]},"properties":{"height":7.0,"crown_diameter":7.0},"id":"6329"},{"type":"Feature","geometry":{"type":"Point","coordinates":[1826955.0245789755,2187775.122401403]},"properties":{"height":6.0,"crown_diameter":6.0},"id":"6335"},{"type":"Feature","geometry":{"type":"Point","coordinates":[1826898.0925679558,2188028.0819273293]},"properties":{"height":6.0,"crown_diameter":6.0},"id":"6337"},{"type":"Feature","geometry":{"type":"Point","coordinates":[1826297.0962695242,2187337.584552683]},"properties":{"height":6.0,"crown_diameter":6.0},"id":"6339"},{"type":"Feature","geometry":{"type":"Point","coordinates":[1826554.5467868978,2187681.5520477626]},"properties":{"height":6.0,"crown_diameter":6.0},"id":"6343"},{"type":"Feature","geometry":{"type":"Point","coordinates":[1826913.5045868512,2187528.830966098]},"properties":{"height":6.0,"crown_diameter":6.0},"id":"6344"},{"type":"Feature","geometry":{"type":"Point","coordinates":[1826778.0639915687,2186964.9699765784]},"properties":{"height":8.0,"crown_diameter":8.0},"id":"6347"},{"type":"Feature","geometry":{"type":"Point","coordinates":[1826799.161958006,2186789.5241739037]},"properties":{"height":6.0,"crown_diameter":6.0},"id":"6355"},{"type":"Feature","geometry":{"type":"Point","coordinates":[1826855.8630809363,2188140.5608260524]},"properties":{"height":6.0,"crown_diameter":6.0},"id":"6358"},{"type":"Feature","geometry":{"type":"Point","coordinates":[1826709.8792373314,2186819.874242754]},"properties":{"height":6.0,"crown_diameter":6.0},"id":"6359"},{"type":"Feature","geometry":{"type":"Point","coordinates":[1827024.9509106383,2187385.0024876804]},"properties":{"height":6.0,"crown_diameter":6.0},"id":"6360"},{"type":"Feature","geometry":{"type":"Point","coordinates":[1826638.8164912846,2187289.2089921087]},"properties":{"height":6.0,"crown_diameter":6.0},"id":"6361"},{"type":"Feature","geometry":{"type":"Point","coordinates":[1826091.3533163846,2186703.8751049777]},"properties":{"height":6.0,"crown_diameter":6.0},"id":"6362"},{"type":"Feature","geometry":{"type":"Point","coordinates":[1826510.7441600414,2187128.1211982146]},"properties":{"height":6.0,"crown_diameter":6.0},"id":"6364"},{"type":"Feature","geometry":{"type":"Point","coordinates":[1827055.7746911314,2186922.0622308594]},"properties":{"height":7.0,"crown_diameter":7.0},"id":"6365"},{"type":"Feature","geometry":{"type":"Point","coordinates":[1826300.9765427413,2187375.8900773176]},"properties":{"height":7.0,"crown_diameter":7.0},"id":"6366"},{"type":"Feature","geometry":{"type":"Point","coordinates":[1827197.541606048,2187079.8544220147]},"properties":{"height":6.0,"crown_diameter":6.0},"id":"6368"},{"type":"Feature","geometry":{"type":"Point","coordinates":[1826593.0617650975,2188038.3512946265]},"properties":{"height":6.0,"crown_diameter":6.0},"id":"6375"},{"type":"Feature","geometry":{"type":"Point","coordinates":[1826899.795911713,2187274.1393509805]},"properties":{"height":6.0,"crown_diameter":6.0},"id":"6376"},{"type":"Feature","geometry":{"type":"Point","coordinates":[1826677.0866468104,2186853.269896487]},"properties":{"height":6.0,"crown_diameter":6.0},"id":"6379"},{"type":"Feature","geometry":{"type":"Point","coordinates":[1826720.156846831,2188019.738888388]},"properties":{"height":6.0,"crown_diameter":6.0},"id":"6381"},{"type":"Feature","geometry":{"type":"Point","coordinates":[1826990.8448247144,2186817.9283401915]},"properties":{"height":6.0,"crown_diameter":6.0},"id":"6382"},{"type":"Feature","geometry":{"type":"Point","coordinates":[1826795.1458347256,2188128.100789461]},"properties":{"height":6.0,"crown_diameter":6.0},"id":"6385"},{"type":"Feature","geometry":{"type":"Point","coordinates":[1826611.8409022111,2187102.4294007327]},"properties":{"height":6.0,"crown_diameter":6.0},"id":"6386"},{"type":"Feature","geometry":{"type":"Point","coordinates":[1826935.2054160791,2187647.9931380283]},"properties":{"height":6.0,"crown_diameter":6.0},"id":"6392"},{"type":"Feature","geometry":{"type":"Point","coordinates":[1826645.7526601488,2187306.736863321]},"properties":{"height":6.0,"crown_diameter":6.0},"id":"6397"},{"type":"Feature","geometry":{"type":"Point","coordinates":[1826849.971937021,2188075.6113463007]},"properties":{"height":6.0,"crown_diameter":6.0},"id":"6398"},{"type":"Feature","geometry":{"type":"Point","coordinates":[1826969.970988005,2187551.5046708533]},"properties":{"height":6.0,"crown_diameter":6.0},"id":"6401"},{"type":"Feature","geometry":{"type":"Point","coordinates":[1826700.6790910515,2186772.8309543715]},"properties":{"height":6.0,"crown_diameter":6.0},"id":"6406"},{"type":"Feature","geometry":{"type":"Point","coordinates":[1826759.5796922073,2187653.2845830796]},"properties":{"height":6.0,"crown_diameter":6.0},"id":"6416"},{"type":"Feature","geometry":{"type":"Point","coordinates":[1826715.7109182158,2188011.21214226]},"properties":{"height":7.0,"crown_diameter":7.0},"id":"6417"},{"type":"Feature","geometry":{"type":"Point","coordinates":[1827000.7065320455,2186823.0601236685]},"properties":{"height":7.0,"crown_diameter":7.0},"id":"6418"},{"type":"Feature","geometry":{"type":"Point","coordinates":[1826988.5031422777,2187938.1890700334]},"properties":{"height":6.0,"crown_diameter":6.0},"id":"6425"},{"type":"Feature","geometry":{"type":"Point","coordinates":[1826136.5219490563,2186856.6205529803]},"properties":{"height":6.0,"crown_diameter":6.0},"id":"6428"},{"type":"Feature","geometry":{"type":"Point","coordinates":[1826700.393660678,2187278.4993635737]},"properties":{"height":6.0,"crown_diameter":6.0},"id":"6429"},{"type":"Feature","geometry":{"type":"Point","coordinates":[1826575.2931319678,2187429.3925266652]},"properties":{"height":7.0,"crown_diameter":7.0},"id":"6433"},{"type":"Feature","geometry":{"type":"Point","coordinates":[1826489.5564271552,2187507.312505969]},"properties":{"height":6.0,"crown_diameter":6.0},"id":"6435"},{"type":"Feature","geometry":{"type":"Point","coordinates":[1826418.1377131313,2187493.2665640176]},"properties":{"height":6.0,"crown_diameter":6.0},"id":"6437"},{"type":"Feature","geometry":{"type":"Point","coordinates":[1826597.0134923595,2188041.1531561287]},"properties":{"height":6.0,"crown_diameter":6.0},"id":"6439"},{"type":"Feature","geometry":{"type":"Point","coordinates":[1826502.380266851,2187973.0235095047]},"properties":{"height":6.0,"crown_diameter":6.0},"id":"6442"},{"type":"Feature","geometry":{"type":"Point","coordinates":[1826725.0588061442,2188030.2426398974]},"properties":{"height":6.0,"crown_diameter":6.0},"id":"6447"},{"type":"Feature","geometry":{"type":"Point","coordinates":[1827055.3887862982,2186755.5661358293]},"properties":{"height":6.0,"crown_diameter":6.0},"id":"6449"},{"type":"Feature","geometry":{"type":"Point","coordinates":[1826953.945772649,2186833.527118628]},"properties":{"height":6.0,"crown_diameter":6.0},"id":"6452"},{"type":"Feature","geometry":{"type":"Point","coordinates":[1826875.7266179526,2186965.579174972]},"properties":{"height":6.0,"crown_diameter":6.0},"id":"6454"},{"type":"Feature","geometry":{"type":"Point","coordinates":[1827021.3881266813,2187849.6735335602]},"properties":{"height":6.0,"crown_diameter":6.0},"id":"6458"},{"type":"Feature","geometry":{"type":"Point","coordinates":[1826456.1074950213,2188051.8348831288]},"properties":{"height":6.0,"crown_diameter":6.0},"id":"6459"},{"type":"Feature","geometry":{"type":"Point","coordinates":[1826481.834653688,2187860.685689877]},"properties":{"height":6.0,"crown_diameter":6.0},"id":"6460"},{"type":"Feature","geometry":{"type":"Point","coordinates":[1826805.9206305025,2187323.9656014973]},"properties":{"height":6.0,"crown_diameter":6.0},"id":"6463"},{"type":"Feature","geometry":{"type":"Point","coordinates":[1826509.9877694617,2187373.7894012067]},"properties":{"height":7.0,"crown_diameter":7.0},"id":"6476"},{"type":"Feature","geometry":{"type":"Point","coordinates":[1826787.4138868307,2187304.6419083527]},"properties":{"height":6.0,"crown_diameter":6.0},"id":"6481"},{"type":"Feature","geometry":{"type":"Point","coordinates":[1826892.9390197438,2187842.72646411]},"properties":{"height":6.0,"crown_diameter":6.0},"id":"6483"},{"type":"Feature","geometry":{"type":"Point","coordinates":[1826247.3062820958,2186946.3192611835]},"properties":{"height":6.0,"crown_diameter":6.0},"id":"6488"},{"type":"Feature","geometry":{"type":"Point","coordinates":[1827157.7178216574,2187150.8509748317]},"properties":{"height":6.0,"crown_diameter":6.0},"id":"6489"},{"type":"Feature","geometry":{"type":"Point","coordinates":[1826064.5840102013,2186962.1107786945]},"properties":{"height":6.0,"crown_diameter":6.0},"id":"6490"},{"type":"Feature","geometry":{"type":"Point","coordinates":[1827023.7094544915,2187155.6822129027]},"properties":{"height":6.0,"crown_diameter":6.0},"id":"6492"},{"type":"Feature","geometry":{"type":"Point","coordinates":[1826829.722990056,2187242.646731299]},"properties":{"height":6.0,"crown_diameter":6.0},"id":"6493"},{"type":"Feature","geometry":{"type":"Point","coordinates":[1826633.4301614608,2187167.350414551]},"properties":{"height":6.0,"crown_diameter":6.0},"id":"6496"},{"type":"Feature","geometry":{"type":"Point","coordinates":[1826730.7780141775,2187051.9687147727]},"properties":{"height":6.0,"crown_diameter":6.0},"id":"6500"},{"type":"Feature","geometry":{"type":"Point","coordinates":[1827141.3172335273,2186974.0352552137]},"properties":{"height":6.0,"crown_diameter":6.0},"id":"6507"},{"type":"Feature","geometry":{"type":"Point","coordinates":[1826019.805400171,2186529.948700827]},"properties":{"height":6.0,"crown_diameter":6.0},"id":"6509"},{"type":"Feature","geometry":{"type":"Point","coordinates":[1826311.5214397677,2187213.85976143]},"properties":{"height":6.0,"crown_diameter":6.0},"id":"6510"},{"type":"Feature","geometry":{"type":"Point","coordinates":[1826704.8438633075,2186817.7513192487]},"properties":{"height":6.0,"crown_diameter":6.0},"id":"6514"},{"type":"Feature","geometry":{"type":"Point","coordinates":[1826958.5430574059,2186814.0451543415]},"properties":{"height":6.0,"crown_diameter":6.0},"id":"6515"},{"type":"Feature","geometry":{"type":"Point","coordinates":[1826252.6551511064,2187021.429893703]},"properties":{"height":6.0,"crown_diameter":6.0},"id":"6517"},{"type":"Feature","geometry":{"type":"Point","coordinates":[1826902.698099883,2187644.995192553]},"properties":{"height":6.0,"crown_diameter":6.0},"id":"6519"},{"type":"Feature","geometry":{"type":"Point","coordinates":[1826420.913858248,2187935.107729614]},"properties":{"height":6.0,"crown_diameter":6.0},"id":"6521"},{"type":"Feature","geometry":{"type":"Point","coordinates":[1826804.7971870091,2186957.2555551683]},"properties":{"height":6.0,"crown_diameter":6.0},"id":"6523"},{"type":"Feature","geometry":{"type":"Point","coordinates":[1827112.0405528173,2187117.634722567]},"properties":{"height":6.0,"crown_diameter":6.0},"id":"6527"},{"type":"Feature","geometry":{"type":"Point","coordinates":[1826625.083517363,2187097.140691907]},"properties":{"height":6.0,"crown_diameter":6.0},"id":"6530"},{"type":"Feature","geometry":{"type":"Point","coordinates":[1826794.131245023,2187921.2926365742]},"properties":{"height":6.0,"crown_diameter":6.0},"id":"6531"},{"type":"Feature","geometry":{"type":"Point","coordinates":[1826958.1433015473,2187910.45979447]},"properties":{"height":6.0,"crown_diameter":6.0},"id":"6534"},{"type":"Feature","geometry":{"type":"Point","coordinates":[1826811.2222173493,2186711.037398606]},"properties":{"height":6.0,"crown_diameter":6.0},"id":"6537"},{"type":"Feature","geometry":{"type":"Point","coordinates":[1826283.2184081462,2187110.900939694]},"properties":{"height":6.0,"crown_diameter":6.0},"id":"6544"},{"type":"Feature","geometry":{"type":"Point","coordinates":[1826797.3908138806,2187727.63915017]},"properties":{"height":6.0,"crown_diameter":6.0},"id":"6545"},{"type":"Feature","geometry":{"type":"Point","coordinates":[1826706.2887083224,2188027.6825691517]},"properties":{"height":6.0,"crown_diameter":6.0},"id":"6547"},{"type":"Feature","geometry":{"type":"Point","coordinates":[1826847.176743986,2187993.6326049664]},"properties":{"height":6.0,"crown_diameter":6.0},"id":"6548"},{"type":"Feature","geometry":{"type":"Point","coordinates":[1826592.334183381,2187177.2846675613]},"properties":{"height":6.0,"crown_diameter":6.0},"id":"6556"},{"type":"Feature","geometry":{"type":"Point","coordinates":[1826520.0194834368,2187374.2867475864]},"properties":{"height":6.0,"crown_diameter":6.0},"id":"6560"},{"type":"Feature","geometry":{"type":"Point","coordinates":[1826401.3573445245,2187450.9830345763]},"properties":{"height":6.0,"crown_diameter":6.0},"id":"6564"},{"type":"Feature","geometry":{"type":"Point","coordinates":[1827041.101981004,2186808.286566537]},"properties":{"height":6.0,"crown_diameter":6.0},"id":"6567"},{"type":"Feature","geometry":{"type":"Point","coordinates":[1826659.5803895558,2187252.0430332767]},"properties":{"height":6.0,"crown_diameter":6.0},"id":"6569"},{"type":"Feature","geometry":{"type":"Point","coordinates":[1826278.9529566017,2186886.478528996]},"properties":{"height":6.0,"crown_diameter":6.0},"id":"6570"},{"type":"Feature","geometry":{"type":"Point","coordinates":[1826527.0058850173,2186906.6692800745]},"properties":{"height":6.0,"crown_diameter":6.0},"id":"6572"},{"type":"Feature","geometry":{"type":"Point","coordinates":[1826766.6095402136,2187658.6824575695]},"properties":{"height":6.0,"crown_diameter":6.0},"id":"6573"},{"type":"Feature","geometry":{"type":"Point","coordinates":[1826917.840590164,2187655.1120650033]},"properties":{"height":6.0,"crown_diameter":6.0},"id":"6576"},{"type":"Feature","geometry":{"type":"Point","coordinates":[1826420.9360569404,2186660.090283271]},"properties":{"height":6.0,"crown_diameter":6.0},"id":"6577"},{"type":"Feature","geometry":{"type":"Point","coordinates":[1827089.2460752826,2187405.785524179]},"properties":{"height":6.0,"crown_diameter":6.0},"id":"6586"},{"type":"Feature","geometry":{"type":"Point","coordinates":[1826403.1938339975,2187204.638974708]},"properties":{"height":6.0,"crown_diameter":6.0},"id":"6593"},{"type":"Feature","geometry":{"type":"Point","coordinates":[1826513.6764697775,2186626.812593618]},"properties":{"height":6.0,"crown_diameter":6.0},"id":"6594"},{"type":"Feature","geometry":{"type":"Point","coordinates":[1826378.2717848828,2187623.136418349]},"properties":{"height":6.0,"crown_diameter":6.0},"id":"6598"},{"type":"Feature","geometry":{"type":"Point","coordinates":[1826427.163615557,2187928.170112654]},"properties":{"height":6.0,"crown_diameter":6.0},"id":"6599"},{"type":"Feature","geometry":{"type":"Point","coordinates":[1826589.899238971,2187899.2701462726]},"properties":{"height":6.0,"crown_diameter":6.0},"id":"6602"},{"type":"Feature","geometry":{"type":"Point","coordinates":[1826403.897337304,2187209.4788320055]},"properties":{"height":6.0,"crown_diameter":6.0},"id":"6608"},{"type":"Feature","geometry":{"type":"Point","coordinates":[1826828.0587023983,2187828.3495808505]},"properties":{"height":6.0,"crown_diameter":6.0},"id":"6612"},{"type":"Feature","geometry":{"type":"Point","coordinates":[1826577.9042933353,2187535.6358021507]},"properties":{"height":6.0,"crown_diameter":6.0},"id":"6613"},{"type":"Feature","geometry":{"type":"Point","coordinates":[1826372.8986181326,2187290.03415363]},"properties":{"height":6.0,"crown_diameter":6.0},"id":"6615"},{"type":"Feature","geometry":{"type":"Point","coordinates":[1826638.9896062512,2187882.8127047042]},"properties":{"height":6.0,"crown_diameter":6.0},"id":"6618"},{"type":"Feature","geometry":{"type":"Point","coordinates":[1826375.3648434337,2187084.029996572]},"properties":{"height":6.0,"crown_diameter":6.0},"id":"6619"},{"type":"Feature","geometry":{"type":"Point","coordinates":[1826382.4787734922,2187331.554356004]},"properties":{"height":6.0,"crown_diameter":6.0},"id":"6620"},{"type":"Feature","geometry":{"type":"Point","coordinates":[1826205.2451973157,2186713.9121212075]},"properties":{"height":6.0,"crown_diameter":6.0},"id":"6625"},{"type":"Feature","geometry":{"type":"Point","coordinates":[1826936.1821754682,2187315.443964751]},"properties":{"height":6.0,"crown_diameter":6.0},"id":"6630"},{"type":"Feature","geometry":{"type":"Point","coordinates":[1826202.128162794,2186707.567920263]},"properties":{"height":6.0,"crown_diameter":6.0},"id":"6634"},{"type":"Feature","geometry":{"type":"Point","coordinates":[1826802.8246047331,2187340.995932767]},"properties":{"height":6.0,"crown_diameter":6.0},"id":"6642"},{"type":"Feature","geometry":{"type":"Point","coordinates":[1827075.898592208,2186993.185472273]},"properties":{"height":6.0,"crown_diameter":6.0},"id":"6645"},{"type":"Feature","geometry":{"type":"Point","coordinates":[1826917.6799745767,2188046.7253271975]},"properties":{"height":6.0,"crown_diameter":6.0},"id":"6646"},{"type":"Feature","geometry":{"type":"Point","coordinates":[1826323.9713936094,2187258.8614242794]},"properties":{"height":6.0,"crown_diameter":6.0},"id":"6648"},{"type":"Feature","geometry":{"type":"Point","coordinates":[1826348.1577219577,2187258.023908786]},"properties":{"height":6.0,"crown_diameter":6.0},"id":"6654"},{"type":"Feature","geometry":{"type":"Point","coordinates":[1826795.7154071133,2186964.460890015]},"properties":{"height":6.0,"crown_diameter":6.0},"id":"6661"},{"type":"Feature","geometry":{"type":"Point","coordinates":[1827033.094925775,2187135.461472112]},"properties":{"height":6.0,"crown_diameter":6.0},"id":"6662"},{"type":"Feature","geometry":{"type":"Point","coordinates":[1826941.1790481012,2187313.8188017765]},"properties":{"height":6.0,"crown_diameter":6.0},"id":"6665"},{"type":"Feature","geometry":{"type":"Point","coordinates":[1826988.5195493058,2187789.5707453233]},"properties":{"height":6.0,"crown_diameter":6.0},"id":"6667"},{"type":"Feature","geometry":{"type":"Point","coordinates":[1826433.0721994196,2187930.4989044876]},"properties":{"height":6.0,"crown_diameter":6.0},"id":"6668"},{"type":"Feature","geometry":{"type":"Point","coordinates":[1827099.8196134001,2186966.111305477]},"properties":{"height":6.0,"crown_diameter":6.0},"id":"6669"},{"type":"Feature","geometry":{"type":"Point","coordinates":[1827039.2130399682,2187136.9053417514]},"properties":{"height":6.0,"crown_diameter":6.0},"id":"6670"},{"type":"Feature","geometry":{"type":"Point","coordinates":[1826104.3485319903,2186695.722355276]},"properties":{"height":6.0,"crown_diameter":6.0},"id":"6676"},{"type":"Feature","geometry":{"type":"Point","coordinates":[1826447.587745524,2187943.270702805]},"properties":{"height":6.0,"crown_diameter":6.0},"id":"6679"},{"type":"Feature","geometry":{"type":"Point","coordinates":[1826900.6832997552,2187618.3465896845]},"properties":{"height":6.0,"crown_diameter":6.0},"id":"6684"},{"type":"Feature","geometry":{"type":"Point","coordinates":[1827118.3153203628,2187392.0808568117]},"properties":{"height":6.0,"crown_diameter":6.0},"id":"6686"},{"type":"Feature","geometry":{"type":"Point","coordinates":[1826912.9686460134,2188054.96043778]},"properties":{"height":6.0,"crown_diameter":6.0},"id":"6687"},{"type":"Feature","geometry":{"type":"Point","coordinates":[1826961.0546979709,2186889.426062711]},"properties":{"height":6.0,"crown_diameter":6.0},"id":"6689"},{"type":"Feature","geometry":{"type":"Point","coordinates":[1826370.2233941471,2186667.758772459]},"properties":{"height":6.0,"crown_diameter":6.0},"id":"6691"},{"type":"Feature","geometry":{"type":"Point","coordinates":[1826726.5037206204,2186804.1650430993]},"properties":{"height":6.0,"crown_diameter":6.0},"id":"6694"},{"type":"Feature","geometry":{"type":"Point","coordinates":[1827114.8954729391,2187398.752075547]},"properties":{"height":6.0,"crown_diameter":6.0},"id":"6697"},{"type":"Feature","geometry":{"type":"Point","coordinates":[1826731.9747722086,2187660.791574789]},"properties":{"height":6.0,"crown_diameter":6.0},"id":"6702"},{"type":"Feature","geometry":{"type":"Point","coordinates":[1826951.4221264212,2186906.784735616]},"properties":{"height":6.0,"crown_diameter":6.0},"id":"6704"},{"type":"Feature","geometry":{"type":"Point","coordinates":[1826924.5443234143,2187564.1530993385]},"properties":{"height":6.0,"crown_diameter":6.0},"id":"6706"},{"type":"Feature","geometry":{"type":"Point","coordinates":[1826775.6347222724,2188116.953415773]},"properties":{"height":6.0,"crown_diameter":6.0},"id":"6707"},{"type":"Feature","geometry":{"type":"Point","coordinates":[1826581.0719995156,2187013.8416099017]},"properties":{"height":6.0,"crown_diameter":6.0},"id":"6709"},{"type":"Feature","geometry":{"type":"Point","coordinates":[1826292.579982639,2187067.3048708923]},"properties":{"height":6.0,"crown_diameter":6.0},"id":"6710"},{"type":"Feature","geometry":{"type":"Point","coordinates":[1826249.3927361812,2186640.1907939594]},"properties":{"height":6.0,"crown_diameter":6.0},"id":"6715"},{"type":"Feature","geometry":{"type":"Point","coordinates":[1826872.0090208433,2188056.510035904]},"properties":{"height":6.0,"crown_diameter":6.0},"id":"6719"},{"type":"Feature","geometry":{"type":"Point","coordinates":[1826296.8505909047,2186591.555484455]},"properties":{"height":6.0,"crown_diameter":6.0},"id":"6723"},{"type":"Feature","geometry":{"type":"Point","coordinates":[1826673.0776239375,2187976.8493389464]},"properties":{"height":6.0,"crown_diameter":6.0},"id":"6725"},{"type":"Feature","geometry":{"type":"Point","coordinates":[1826975.491083098,2188051.9572878317]},"properties":{"height":6.0,"crown_diameter":6.0},"id":"6728"},{"type":"Feature","geometry":{"type":"Point","coordinates":[1826081.014078137,2186567.755943734]},"properties":{"height":6.0,"crown_diameter":6.0},"id":"6729"},{"type":"Feature","geometry":{"type":"Point","coordinates":[1826906.973298051,2187658.155905071]},"properties":{"height":6.0,"crown_diameter":6.0},"id":"6731"},{"type":"Feature","geometry":{"type":"Point","coordinates":[1826368.3722972756,2187805.874148653]},"properties":{"height":25.0,"crown_diameter":25.0},"id":"6733"},{"type":"Feature","geometry":{"type":"Point","coordinates":[1826068.6781931422,2187148.1622573626]},"properties":{"height":25.0,"crown_diameter":23.86},"id":"6734"},{"type":"Feature","geometry":{"type":"Point","coordinates":[1826366.9776335503,2187925.186061878]},"properties":{"height":25.0,"crown_diameter":25.0},"id":"6735"},{"type":"Feature","geometry":{"type":"Point","coordinates":[1826367.4515015315,2187524.306338028]},"properties":{"height":25.0,"crown_diameter":23.86},"id":"6736"},{"type":"Feature","geometry":{"type":"Point","coordinates":[1826129.9139387994,2187146.7154074465]},"properties":{"height":24.0,"crown_diameter":20.26},"id":"6737"},{"type":"Feature","geometry":{"type":"Point","coordinates":[1826208.3986186886,2187572.7784486543]},"properties":{"height":25.0,"crown_diameter":14.4},"id":"6739"},{"type":"Feature","geometry":{"type":"Point","coordinates":[1827250.968480968,2186802.6584729874]},"properties":{"height":23.0,"crown_diameter":21.62},"id":"6740"},{"type":"Feature","geometry":{"type":"Point","coordinates":[1826086.6981395008,2187204.7594396234]},"properties":{"height":23.0,"crown_diameter":18.56},"id":"6741"},{"type":"Feature","geometry":{"type":"Point","coordinates":[1827246.0092579557,2186808.032138436]},"properties":{"height":22.0,"crown_diameter":18.14},"id":"6744"},{"type":"Feature","geometry":{"type":"Point","coordinates":[1826115.8364318693,2187155.5467684423]},"properties":{"height":25.0,"crown_diameter":17.58},"id":"6748"},{"type":"Feature","geometry":{"type":"Point","coordinates":[1826348.0304353195,2187309.4059489737]},"properties":{"height":21.0,"crown_diameter":18.48},"id":"6759"},{"type":"Feature","geometry":{"type":"Point","coordinates":[1826355.412255633,2187583.1583414176]},"properties":{"height":21.0,"crown_diameter":20.38},"id":"6760"},{"type":"Feature","geometry":{"type":"Point","coordinates":[1826380.9405080967,2187521.880314532]},"properties":{"height":21.0,"crown_diameter":19.94},"id":"6761"},{"type":"Feature","geometry":{"type":"Point","coordinates":[1826381.6638302025,2187933.3245293037]},"properties":{"height":21.0,"crown_diameter":13.68},"id":"6763"},{"type":"Feature","geometry":{"type":"Point","coordinates":[1826066.2039532845,2187119.5356356697]},"properties":{"height":21.0,"crown_diameter":20.48},"id":"6765"},{"type":"Feature","geometry":{"type":"Point","coordinates":[1826377.6736560417,2187926.7749664052]},"properties":{"height":20.0,"crown_diameter":17.86},"id":"6766"},{"type":"Feature","geometry":{"type":"Point","coordinates":[1826330.6308148399,2187887.6352600674]},"properties":{"height":20.0,"crown_diameter":20.0},"id":"6767"},{"type":"Feature","geometry":{"type":"Point","coordinates":[1827120.7974651777,2187014.0650088633]},"properties":{"height":20.0,"crown_diameter":19.9},"id":"6771"},{"type":"Feature","geometry":{"type":"Point","coordinates":[1827133.6794246293,2186994.6689934544]},"properties":{"height":20.0,"crown_diameter":20.0},"id":"6775"},{"type":"Feature","geometry":{"type":"Point","coordinates":[1826333.0301356264,2187568.53059065]},"properties":{"height":19.0,"crown_diameter":19.0},"id":"6778"},{"type":"Feature","geometry":{"type":"Point","coordinates":[1826262.0532186364,2187427.466220198]},"properties":{"height":20.0,"crown_diameter":20.0},"id":"6783"},{"type":"Feature","geometry":{"type":"Point","coordinates":[1826065.2046190375,2187170.7120280303]},"properties":{"height":19.0,"crown_diameter":17.66},"id":"6785"},{"type":"Feature","geometry":{"type":"Point","coordinates":[1827201.8893340135,2186842.4930302217]},"properties":{"height":19.0,"crown_diameter":13.28},"id":"6794"},{"type":"Feature","geometry":{"type":"Point","coordinates":[1827209.4706552904,2186837.73823611]},"properties":{"height":23.0,"crown_diameter":18.56},"id":"6796"},{"type":"Feature","geometry":{"type":"Point","coordinates":[1826306.275847087,2187893.1054767203]},"properties":{"height":18.0,"crown_diameter":18.0},"id":"6798"},{"type":"Feature","geometry":{"type":"Point","coordinates":[1826363.0588684995,2187308.2775928164]},"properties":{"height":19.0,"crown_diameter":19.0},"id":"6799"},{"type":"Feature","geometry":{"type":"Point","coordinates":[1826576.8724583054,2187989.666053313]},"properties":{"height":19.0,"crown_diameter":18.06},"id":"6807"},{"type":"Feature","geometry":{"type":"Point","coordinates":[1826146.1318464186,2187367.404415567]},"properties":{"height":17.0,"crown_diameter":15.36},"id":"6812"},{"type":"Feature","geometry":{"type":"Point","coordinates":[1826890.971493619,2187092.573714742]},"properties":{"height":17.0,"crown_diameter":17.0},"id":"6814"},{"type":"Feature","geometry":{"type":"Point","coordinates":[1826268.1877949224,2187409.2837987947]},"properties":{"height":19.0,"crown_diameter":17.44},"id":"6817"},{"type":"Feature","geometry":{"type":"Point","coordinates":[1826336.403079087,2187855.348190658]},"properties":{"height":18.0,"crown_diameter":15.38},"id":"6819"},{"type":"Feature","geometry":{"type":"Point","coordinates":[1826068.0066070086,2187104.069747314]},"properties":{"height":19.0,"crown_diameter":14.46},"id":"6820"},{"type":"Feature","geometry":{"type":"Point","coordinates":[1827162.4809119971,2186825.7133564567]},"properties":{"height":17.0,"crown_diameter":17.0},"id":"6821"},{"type":"Feature","geometry":{"type":"Point","coordinates":[1827060.761980486,2187241.0815115883]},"properties":{"height":18.0,"crown_diameter":15.76},"id":"6822"},{"type":"Feature","geometry":{"type":"Point","coordinates":[1827190.6400882264,2186808.05253244]},"properties":{"height":17.0,"crown_diameter":17.0},"id":"6834"},{"type":"Feature","geometry":{"type":"Point","coordinates":[1827078.6546667742,2187028.424985834]},"properties":{"height":17.0,"crown_diameter":13.18},"id":"6836"},{"type":"Feature","geometry":{"type":"Point","coordinates":[1827157.1874098044,2187270.38277091]},"properties":{"height":17.0,"crown_diameter":15.44},"id":"6843"},{"type":"Feature","geometry":{"type":"Point","coordinates":[1827238.277249948,2186926.8050773875]},"properties":{"height":16.0,"crown_diameter":16.0},"id":"6844"},{"type":"Feature","geometry":{"type":"Point","coordinates":[1827216.216645371,2186879.529630811]},"properties":{"height":16.0,"crown_diameter":14.6},"id":"6845"},{"type":"Feature","geometry":{"type":"Point","coordinates":[1827020.311920596,2187271.731900665]},"properties":{"height":18.0,"crown_diameter":18.0},"id":"6851"},{"type":"Feature","geometry":{"type":"Point","coordinates":[1826114.4250768377,2187251.494272026]},"properties":{"height":19.0,"crown_diameter":13.28},"id":"6852"},{"type":"Feature","geometry":{"type":"Point","coordinates":[1826162.5345546457,2187563.828446509]},"properties":{"height":16.0,"crown_diameter":13.5},"id":"6853"},{"type":"Feature","geometry":{"type":"Point","coordinates":[1827024.5369172306,2187558.773991935]},"properties":{"height":16.0,"crown_diameter":16.0},"id":"6854"},{"type":"Feature","geometry":{"type":"Point","coordinates":[1826175.673638742,2186933.1612748457]},"properties":{"height":16.0,"crown_diameter":16.0},"id":"6855"},{"type":"Feature","geometry":{"type":"Point","coordinates":[1826313.0327235572,2187829.271152792]},"properties":{"height":16.0,"crown_diameter":15.6},"id":"6857"},{"type":"Feature","geometry":{"type":"Point","coordinates":[1826194.3763666044,2187119.8564347383]},"properties":{"height":19.0,"crown_diameter":15.18},"id":"6858"},{"type":"Feature","geometry":{"type":"Point","coordinates":[1826364.8639706592,2187676.0564226895]},"properties":{"height":17.0,"crown_diameter":15.68},"id":"6861"},{"type":"Feature","geometry":{"type":"Point","coordinates":[1826350.5352896198,2187639.0259803836]},"properties":{"height":17.0,"crown_diameter":15.44},"id":"6864"},{"type":"Feature","geometry":{"type":"Point","coordinates":[1826575.7131380995,2187982.849647843]},"properties":{"height":16.0,"crown_diameter":16.0},"id":"6874"},{"type":"Feature","geometry":{"type":"Point","coordinates":[1826091.1775695207,2187174.034147575]},"properties":{"height":18.0,"crown_diameter":17.48},"id":"6876"},{"type":"Feature","geometry":{"type":"Point","coordinates":[1826993.7552756132,2187446.814398601]},"properties":{"height":15.0,"crown_diameter":15.0},"id":"6879"},{"type":"Feature","geometry":{"type":"Point","coordinates":[1826086.2228884436,2187073.7798851375]},"properties":{"height":16.0,"crown_diameter":13.26},"id":"6885"},{"type":"Feature","geometry":{"type":"Point","coordinates":[1826292.9230943047,2187738.5342873815]},"properties":{"height":20.0,"crown_diameter":20.0},"id":"6887"},{"type":"Feature","geometry":{"type":"Point","coordinates":[1826161.9955549473,2187362.7338455543]},"properties":{"height":16.0,"crown_diameter":16.0},"id":"6892"},{"type":"Feature","geometry":{"type":"Point","coordinates":[1827160.089936346,2186976.5960854557]},"properties":{"height":16.0,"crown_diameter":16.0},"id":"6898"},{"type":"Feature","geometry":{"type":"Point","coordinates":[1827048.5931797037,2186944.67347692]},"properties":{"height":16.0,"crown_diameter":15.6},"id":"6899"},{"type":"Feature","geometry":{"type":"Point","coordinates":[1827158.376278966,2186807.9170099227]},"properties":{"height":17.0,"crown_diameter":15.68},"id":"6900"},{"type":"Feature","geometry":{"type":"Point","coordinates":[1826929.5485570224,2187820.5203687344]},"properties":{"height":15.0,"crown_diameter":13.44},"id":"6902"},{"type":"Feature","geometry":{"type":"Point","coordinates":[1826824.8332423836,2186805.8649247237]},"properties":{"height":15.0,"crown_diameter":14.56},"id":"6911"},{"type":"Feature","geometry":{"type":"Point","coordinates":[1826391.5663782132,2187985.199227389]},"properties":{"height":14.0,"crown_diameter":14.0},"id":"6913"},{"type":"Feature","geometry":{"type":"Point","coordinates":[1826139.6393177658,2187265.8547418206]},"properties":{"height":17.0,"crown_diameter":15.68},"id":"6915"},{"type":"Feature","geometry":{"type":"Point","coordinates":[1826990.6980834375,2187510.592571609]},"properties":{"height":14.0,"crown_diameter":14.0},"id":"6921"},{"type":"Feature","geometry":{"type":"Point","coordinates":[1826530.7891901392,2187340.3718745466]},"properties":{"height":15.0,"crown_diameter":14.56},"id":"6922"},{"type":"Feature","geometry":{"type":"Point","coordinates":[1826157.120129195,2187418.6029671836]},"properties":{"height":13.0,"crown_diameter":13.0},"id":"6925"},{"type":"Feature","geometry":{"type":"Point","coordinates":[1826726.2725601683,2187614.5783070317]},"properties":{"height":14.0,"crown_diameter":14.0},"id":"6933"},{"type":"Feature","geometry":{"type":"Point","coordinates":[1827215.6293603831,2187014.945091055]},"properties":{"height":13.0,"crown_diameter":13.0},"id":"6935"},{"type":"Feature","geometry":{"type":"Point","coordinates":[1826452.604983993,2187965.0176686076]},"properties":{"height":15.0,"crown_diameter":15.0},"id":"6943"},{"type":"Feature","geometry":{"type":"Point","coordinates":[1826377.1418684702,2187725.6889177845]},"properties":{"height":16.0,"crown_diameter":16.0},"id":"6944"},{"type":"Feature","geometry":{"type":"Point","coordinates":[1826904.4674735165,2187219.153701331]},"properties":{"height":13.0,"crown_diameter":13.0},"id":"6947"},{"type":"Feature","geometry":{"type":"Point","coordinates":[1827172.5167422162,2186998.2259115097]},"properties":{"height":13.0,"crown_diameter":13.0},"id":"6948"},{"type":"Feature","geometry":{"type":"Point","coordinates":[1826472.7992394618,2187957.6315534483]},"properties":{"height":16.0,"crown_diameter":15.6},"id":"6951"},{"type":"Feature","geometry":{"type":"Point","coordinates":[1826751.0091764296,2187282.964479631]},"properties":{"height":14.0,"crown_diameter":14.0},"id":"6961"},{"type":"Feature","geometry":{"type":"Point","coordinates":[1826797.4969907815,2187203.259099589]},"properties":{"height":14.0,"crown_diameter":14.0},"id":"6968"},{"type":"Feature","geometry":{"type":"Point","coordinates":[1826379.866237646,2187608.556977508]},"properties":{"height":14.0,"crown_diameter":14.0},"id":"6969"},{"type":"Feature","geometry":{"type":"Point","coordinates":[1826719.0920718934,2188000.7936669993]},"properties":{"height":13.0,"crown_diameter":13.0},"id":"6982"},{"type":"Feature","geometry":{"type":"Point","coordinates":[1826769.2556390471,2187084.4182540425]},"properties":{"height":14.0,"crown_diameter":14.0},"id":"6983"},{"type":"Feature","geometry":{"type":"Point","coordinates":[1826354.1315604323,2187330.475276983]},"properties":{"height":18.0,"crown_diameter":18.0},"id":"7003"},{"type":"Feature","geometry":{"type":"Point","coordinates":[1826867.2367061975,2187416.0219335016]},"properties":{"height":9.0,"crown_diameter":9.0},"id":"7005"},{"type":"Feature","geometry":{"type":"Point","coordinates":[1826814.8368878048,2187857.0099355346]},"properties":{"height":14.0,"crown_diameter":14.0},"id":"7011"},{"type":"Feature","geometry":{"type":"Point","coordinates":[1826917.8190067788,2187096.104753773]},"properties":{"height":9.0,"crown_diameter":9.0},"id":"7012"},{"type":"Feature","geometry":{"type":"Point","coordinates":[1826809.9095098877,2187694.138578971]},"properties":{"height":9.0,"crown_diameter":9.0},"id":"7015"},{"type":"Feature","geometry":{"type":"Point","coordinates":[1827097.0658563818,2187016.877804859]},"properties":{"height":9.0,"crown_diameter":9.0},"id":"7017"},{"type":"Feature","geometry":{"type":"Point","coordinates":[1826373.0213401648,2186706.7472057007]},"properties":{"height":9.0,"crown_diameter":9.0},"id":"7026"},{"type":"Feature","geometry":{"type":"Point","coordinates":[1826936.1210498456,2187780.943163042]},"properties":{"height":9.0,"crown_diameter":9.0},"id":"7028"},{"type":"Feature","geometry":{"type":"Point","coordinates":[1826734.3922433625,2187748.292454813]},"properties":{"height":8.0,"crown_diameter":8.0},"id":"7032"},{"type":"Feature","geometry":{"type":"Point","coordinates":[1826439.9696295068,2187944.2772988793]},"properties":{"height":13.0,"crown_diameter":13.0},"id":"7034"},{"type":"Feature","geometry":{"type":"Point","coordinates":[1826545.940943155,2187948.7183886142]},"properties":{"height":9.0,"crown_diameter":9.0},"id":"7035"},{"type":"Feature","geometry":{"type":"Point","coordinates":[1827037.7828371676,2186974.8418417284]},"properties":{"height":9.0,"crown_diameter":9.0},"id":"7037"},{"type":"Feature","geometry":{"type":"Point","coordinates":[1827062.517030629,2186834.842153723]},"properties":{"height":8.0,"crown_diameter":8.0},"id":"7039"},{"type":"Feature","geometry":{"type":"Point","coordinates":[1826959.9644226234,2187167.7484388906]},"properties":{"height":9.0,"crown_diameter":9.0},"id":"7044"},{"type":"Feature","geometry":{"type":"Point","coordinates":[1826394.5474400017,2187190.447010749]},"properties":{"height":8.0,"crown_diameter":8.0},"id":"7047"},{"type":"Feature","geometry":{"type":"Point","coordinates":[1826228.4048628781,2186697.8739866866]},"properties":{"height":9.0,"crown_diameter":9.0},"id":"7048"},{"type":"Feature","geometry":{"type":"Point","coordinates":[1826862.5500304648,2186806.351072881]},"properties":{"height":9.0,"crown_diameter":9.0},"id":"7051"},{"type":"Feature","geometry":{"type":"Point","coordinates":[1826804.8711726484,2187242.3911266997]},"properties":{"height":9.0,"crown_diameter":9.0},"id":"7054"},{"type":"Feature","geometry":{"type":"Point","coordinates":[1826550.7371152935,2188076.967593527]},"properties":{"height":8.0,"crown_diameter":8.0},"id":"7057"},{"type":"Feature","geometry":{"type":"Point","coordinates":[1826882.4924646087,2187929.9943863517]},"properties":{"height":8.0,"crown_diameter":8.0},"id":"7066"},{"type":"Feature","geometry":{"type":"Point","coordinates":[1826842.6364496339,2187504.62863736]},"properties":{"height":8.0,"crown_diameter":8.0},"id":"7067"},{"type":"Feature","geometry":{"type":"Point","coordinates":[1826564.757909366,2188084.0147447907]},"properties":{"height":7.0,"crown_diameter":7.0},"id":"7070"},{"type":"Feature","geometry":{"type":"Point","coordinates":[1826137.8225735587,2186538.1522326665]},"properties":{"height":7.0,"crown_diameter":7.0},"id":"7071"},{"type":"Feature","geometry":{"type":"Point","coordinates":[1827012.4010762812,2187801.7503138063]},"properties":{"height":8.0,"crown_diameter":8.0},"id":"7074"},{"type":"Feature","geometry":{"type":"Point","coordinates":[1827045.9673773968,2187522.7018161477]},"properties":{"height":9.0,"crown_diameter":9.0},"id":"7081"},{"type":"Feature","geometry":{"type":"Point","coordinates":[1826365.2391092312,2187627.539438836]},"properties":{"height":18.0,"crown_diameter":18.0},"id":"7084"},{"type":"Feature","geometry":{"type":"Point","coordinates":[1827037.5891196127,2186870.093098341]},"properties":{"height":8.0,"crown_diameter":8.0},"id":"7085"},{"type":"Feature","geometry":{"type":"Point","coordinates":[1826966.0165488718,2187462.702740547]},"properties":{"height":9.0,"crown_diameter":9.0},"id":"7086"},{"type":"Feature","geometry":{"type":"Point","coordinates":[1826369.1612333069,2187712.58947801]},"properties":{"height":7.0,"crown_diameter":7.0},"id":"7087"},{"type":"Feature","geometry":{"type":"Point","coordinates":[1826508.971364045,2187956.8195923674]},"properties":{"height":8.0,"crown_diameter":8.0},"id":"7093"},{"type":"Feature","geometry":{"type":"Point","coordinates":[1826961.7734435855,2187988.89821078]},"properties":{"height":7.0,"crown_diameter":7.0},"id":"7097"},{"type":"Feature","geometry":{"type":"Point","coordinates":[1827027.348312064,2187535.1334483307]},"properties":{"height":8.0,"crown_diameter":8.0},"id":"7104"},{"type":"Feature","geometry":{"type":"Point","coordinates":[1827194.481076959,2186971.624919481]},"properties":{"height":8.0,"crown_diameter":8.0},"id":"7111"},{"type":"Feature","geometry":{"type":"Point","coordinates":[1826228.1113325744,2187199.7917440603]},"properties":{"height":8.0,"crown_diameter":8.0},"id":"7117"},{"type":"Feature","geometry":{"type":"Point","coordinates":[1826849.4453627684,2187252.909545054]},"properties":{"height":7.0,"crown_diameter":7.0},"id":"7121"},{"type":"Feature","geometry":{"type":"Point","coordinates":[1826748.6792969618,2187097.3244473864]},"properties":{"height":7.0,"crown_diameter":7.0},"id":"7122"},{"type":"Feature","geometry":{"type":"Point","coordinates":[1826960.2954949725,2187393.1134547764]},"properties":{"height":6.0,"crown_diameter":6.0},"id":"7127"},{"type":"Feature","geometry":{"type":"Point","coordinates":[1826732.7409052593,2187137.499578517]},"properties":{"height":7.0,"crown_diameter":7.0},"id":"7131"},{"type":"Feature","geometry":{"type":"Point","coordinates":[1826685.2351422848,2186818.7337814327]},"properties":{"height":7.0,"crown_diameter":7.0},"id":"7133"},{"type":"Feature","geometry":{"type":"Point","coordinates":[1827009.2351021701,2187275.661395412]},"properties":{"height":15.0,"crown_diameter":15.0},"id":"7136"},{"type":"Feature","geometry":{"type":"Point","coordinates":[1826998.7547580115,2186952.54375195]},"properties":{"height":6.0,"crown_diameter":6.0},"id":"7139"},{"type":"Feature","geometry":{"type":"Point","coordinates":[1826390.4216600792,2187724.148490883]},"properties":{"height":6.0,"crown_diameter":6.0},"id":"7141"},{"type":"Feature","geometry":{"type":"Point","coordinates":[1826813.2598216624,2187851.9641502523]},"properties":{"height":8.0,"crown_diameter":8.0},"id":"7142"},{"type":"Feature","geometry":{"type":"Point","coordinates":[1826385.885431886,2187770.7484810594]},"properties":{"height":17.0,"crown_diameter":17.0},"id":"7144"},{"type":"Feature","geometry":{"type":"Point","coordinates":[1826979.997659102,2187380.0021592197]},"properties":{"height":8.0,"crown_diameter":8.0},"id":"7146"},{"type":"Feature","geometry":{"type":"Point","coordinates":[1826480.1209532353,2188055.631592673]},"properties":{"height":6.0,"crown_diameter":6.0},"id":"7150"},{"type":"Feature","geometry":{"type":"Point","coordinates":[1826884.8434449674,2187282.763151965]},"properties":{"height":7.0,"crown_diameter":7.0},"id":"7155"},{"type":"Feature","geometry":{"type":"Point","coordinates":[1826843.1883630191,2186810.1960543357]},"properties":{"height":6.0,"crown_diameter":6.0},"id":"7156"},{"type":"Feature","geometry":{"type":"Point","coordinates":[1827053.0158644004,2187508.474141299]},"properties":{"height":6.0,"crown_diameter":6.0},"id":"7158"},{"type":"Feature","geometry":{"type":"Point","coordinates":[1826894.0545642304,2187673.8021107637]},"properties":{"height":8.0,"crown_diameter":8.0},"id":"7160"},{"type":"Feature","geometry":{"type":"Point","coordinates":[1826856.5033497054,2187946.294059686]},"properties":{"height":8.0,"crown_diameter":8.0},"id":"7161"},{"type":"Feature","geometry":{"type":"Point","coordinates":[1826940.4144677247,2187195.8532698983]},"properties":{"height":6.0,"crown_diameter":6.0},"id":"7164"},{"type":"Feature","geometry":{"type":"Point","coordinates":[1826705.4328412374,2188007.8519864404]},"properties":{"height":6.0,"crown_diameter":6.0},"id":"7168"},{"type":"Feature","geometry":{"type":"Point","coordinates":[1826606.2417524848,2187173.087733397]},"properties":{"height":6.0,"crown_diameter":6.0},"id":"7174"},{"type":"Feature","geometry":{"type":"Point","coordinates":[1826256.1172757722,2187358.764148061]},"properties":{"height":9.0,"crown_diameter":9.0},"id":"7176"},{"type":"Feature","geometry":{"type":"Point","coordinates":[1826704.8787408674,2186778.4960769718]},"properties":{"height":7.0,"crown_diameter":7.0},"id":"7178"},{"type":"Feature","geometry":{"type":"Point","coordinates":[1826835.8001335582,2188096.56883509]},"properties":{"height":6.0,"crown_diameter":6.0},"id":"7180"},{"type":"Feature","geometry":{"type":"Point","coordinates":[1827037.854573531,2187517.9827730902]},"properties":{"height":6.0,"crown_diameter":6.0},"id":"7182"},{"type":"Feature","geometry":{"type":"Point","coordinates":[1826739.6291336673,2187620.5343583585]},"properties":{"height":6.0,"crown_diameter":6.0},"id":"7183"},{"type":"Feature","geometry":{"type":"Point","coordinates":[1826618.6630547245,2186682.431607738]},"properties":{"height":6.0,"crown_diameter":6.0},"id":"7190"},{"type":"Feature","geometry":{"type":"Point","coordinates":[1826516.0927559272,2187672.478783394]},"properties":{"height":8.0,"crown_diameter":8.0},"id":"7191"},{"type":"Feature","geometry":{"type":"Point","coordinates":[1826841.1355408244,2187999.6845281706]},"properties":{"height":6.0,"crown_diameter":6.0},"id":"7192"},{"type":"Feature","geometry":{"type":"Point","coordinates":[1826935.9117621263,2187203.2039642455]},"properties":{"height":6.0,"crown_diameter":6.0},"id":"7194"},{"type":"Feature","geometry":{"type":"Point","coordinates":[1826786.0636022578,2187642.70886933]},"properties":{"height":6.0,"crown_diameter":6.0},"id":"7195"},{"type":"Feature","geometry":{"type":"Point","coordinates":[1826810.9536768533,2186962.4475897206]},"properties":{"height":6.0,"crown_diameter":6.0},"id":"7199"},{"type":"Feature","geometry":{"type":"Point","coordinates":[1826752.0375876038,2187661.786975201]},"properties":{"height":6.0,"crown_diameter":6.0},"id":"7205"},{"type":"Feature","geometry":{"type":"Point","coordinates":[1826557.6696292965,2188051.4976629163]},"properties":{"height":6.0,"crown_diameter":6.0},"id":"7206"},{"type":"Feature","geometry":{"type":"Point","coordinates":[1826064.4995532054,2186551.7079887027]},"properties":{"height":6.0,"crown_diameter":6.0},"id":"7208"},{"type":"Feature","geometry":{"type":"Point","coordinates":[1827044.903047038,2187503.755084769]},"properties":{"height":6.0,"crown_diameter":6.0},"id":"7212"},{"type":"Feature","geometry":{"type":"Point","coordinates":[1826626.8324775042,2186671.2710687197]},"properties":{"height":6.0,"crown_diameter":6.0},"id":"7213"},{"type":"Feature","geometry":{"type":"Point","coordinates":[1826688.2397841872,2188010.33761038]},"properties":{"height":6.0,"crown_diameter":6.0},"id":"7214"},{"type":"Feature","geometry":{"type":"Point","coordinates":[1826381.9708887034,2186707.923576111]},"properties":{"height":6.0,"crown_diameter":6.0},"id":"7217"},{"type":"Feature","geometry":{"type":"Point","coordinates":[1826580.0350513014,2187573.528363332]},"properties":{"height":6.0,"crown_diameter":6.0},"id":"7224"},{"type":"Feature","geometry":{"type":"Point","coordinates":[1826760.4468719873,2187524.4935443886]},"properties":{"height":6.0,"crown_diameter":6.0},"id":"7233"},{"type":"Feature","geometry":{"type":"Point","coordinates":[1826526.9326201389,2188072.285280652]},"properties":{"height":6.0,"crown_diameter":6.0},"id":"7236"},{"type":"Feature","geometry":{"type":"Point","coordinates":[1826773.6053934798,2186784.428794077]},"properties":{"height":6.0,"crown_diameter":6.0},"id":"7237"},{"type":"Feature","geometry":{"type":"Point","coordinates":[1826456.115836555,2187093.7326479093]},"properties":{"height":6.0,"crown_diameter":6.0},"id":"7242"},{"type":"Feature","geometry":{"type":"Point","coordinates":[1827073.313328253,2186953.3118882356]},"properties":{"height":6.0,"crown_diameter":6.0},"id":"7245"},{"type":"Feature","geometry":{"type":"Point","coordinates":[1826363.4231876296,2186684.851414007]},"properties":{"height":6.0,"crown_diameter":6.0},"id":"7247"},{"type":"Feature","geometry":{"type":"Point","coordinates":[1826881.5099132578,2188133.5280158236]},"properties":{"height":6.0,"crown_diameter":6.0},"id":"7249"},{"type":"Feature","geometry":{"type":"Point","coordinates":[1826362.7195507402,2186680.0112317437]},"properties":{"height":6.0,"crown_diameter":6.0},"id":"7250"},{"type":"Feature","geometry":{"type":"Point","coordinates":[1826981.818988775,2186809.254386046]},"properties":{"height":6.0,"crown_diameter":6.0},"id":"7256"},{"type":"Feature","geometry":{"type":"Point","coordinates":[1827060.8816319744,2187510.3305662693]},"properties":{"height":6.0,"crown_diameter":6.0},"id":"7265"},{"type":"Feature","geometry":{"type":"Point","coordinates":[1827002.9038901853,2187939.7184672635]},"properties":{"height":6.0,"crown_diameter":6.0},"id":"7272"},{"type":"Feature","geometry":{"type":"Point","coordinates":[1826760.9208915972,2187506.844956892]},"properties":{"height":6.0,"crown_diameter":6.0},"id":"7275"},{"type":"Feature","geometry":{"type":"Point","coordinates":[1826909.0483235908,2187262.3008122123]},"properties":{"height":6.0,"crown_diameter":6.0},"id":"7278"},{"type":"Feature","geometry":{"type":"Point","coordinates":[1827048.6832004816,2186803.5316183367]},"properties":{"height":6.0,"crown_diameter":6.0},"id":"7285"},{"type":"Feature","geometry":{"type":"Point","coordinates":[1827018.5673570556,2186821.6658763895]},"properties":{"height":6.0,"crown_diameter":6.0},"id":"7286"},{"type":"Feature","geometry":{"type":"Point","coordinates":[1826392.092708874,2187333.822488231]},"properties":{"height":6.0,"crown_diameter":6.0},"id":"7288"},{"type":"Feature","geometry":{"type":"Point","coordinates":[1826766.4567965781,2187643.6905086543]},"properties":{"height":6.0,"crown_diameter":6.0},"id":"7291"},{"type":"Feature","geometry":{"type":"Point","coordinates":[1827104.3833698248,2187114.8927385546]},"properties":{"height":6.0,"crown_diameter":6.0},"id":"7292"},{"type":"Feature","geometry":{"type":"Point","coordinates":[1826099.3875843727,2186806.7301223837]},"properties":{"height":6.0,"crown_diameter":6.0},"id":"7299"},{"type":"Feature","geometry":{"type":"Point","coordinates":[1826732.963406674,2186796.340744323]},"properties":{"height":6.0,"crown_diameter":6.0},"id":"7301"},{"type":"Feature","geometry":{"type":"Point","coordinates":[1826058.5691751568,2187140.1692115776]},"properties":{"height":22.0,"crown_diameter":19.1},"id":"7304"},{"type":"Feature","geometry":{"type":"Point","coordinates":[1826131.112411492,2187157.2805598197]},"properties":{"height":22.0,"crown_diameter":15.76},"id":"7305"},{"type":"Feature","geometry":{"type":"Point","coordinates":[1826381.6136078648,2187800.585897504]},"properties":{"height":17.0,"crown_diameter":17.0},"id":"7309"},{"type":"Feature","geometry":{"type":"Point","coordinates":[1826076.9137270225,2187207.1253077327]},"properties":{"height":18.0,"crown_diameter":15.76},"id":"7312"},{"type":"Feature","geometry":{"type":"Point","coordinates":[1826383.2292858136,2187809.379421935]},"properties":{"height":17.0,"crown_diameter":17.0},"id":"7314"},{"type":"Feature","geometry":{"type":"Point","coordinates":[1826883.8849271422,2187103.054075662]},"properties":{"height":15.0,"crown_diameter":13.12},"id":"7315"},{"type":"Feature","geometry":{"type":"Point","coordinates":[1826357.1816022387,2187798.560388098]},"properties":{"height":17.0,"crown_diameter":13.18},"id":"7318"},{"type":"Feature","geometry":{"type":"Point","coordinates":[1826353.0975119823,2187804.139737748]},"properties":{"height":17.0,"crown_diameter":13.18},"id":"7321"},{"type":"Feature","geometry":{"type":"Point","coordinates":[1827035.5034390565,2187801.594441302]},"properties":{"height":13.0,"crown_diameter":13.0},"id":"7327"},{"type":"Feature","geometry":{"type":"Point","coordinates":[1827024.6743017856,2187808.38596558]},"properties":{"height":13.0,"crown_diameter":13.0},"id":"7329"},{"type":"Feature","geometry":{"type":"Point","coordinates":[1826900.3004047137,2187088.2314084535]},"properties":{"height":13.0,"crown_diameter":13.0},"id":"7330"},{"type":"Feature","geometry":{"type":"Point","coordinates":[1827141.8875322745,2186987.2577127274]},"properties":{"height":13.0,"crown_diameter":13.0},"id":"7336"},{"type":"Feature","geometry":{"type":"Point","coordinates":[1826936.7109401303,2187817.53707328]},"properties":{"height":12.0,"crown_diameter":12.0},"id":"7337"},{"type":"Feature","geometry":{"type":"Point","coordinates":[1826359.0298609529,2187297.9794487185]},"properties":{"height":13.0,"crown_diameter":13.0},"id":"7339"},{"type":"Feature","geometry":{"type":"Point","coordinates":[1826070.2494985284,2187110.207408354]},"properties":{"height":14.0,"crown_diameter":14.0},"id":"7360"},{"type":"Feature","geometry":{"type":"Point","coordinates":[1826920.6960169075,2187850.2119571054]},"properties":{"height":7.0,"crown_diameter":7.0},"id":"7361"},{"type":"Feature","geometry":{"type":"Point","coordinates":[1827039.8083139674,2186766.8472121484]},"properties":{"height":6.0,"crown_diameter":6.0},"id":"7368"},{"type":"Feature","geometry":{"type":"Point","coordinates":[1827001.774590008,2187506.6632641517]},"properties":{"height":6.0,"crown_diameter":6.0},"id":"7372"},{"type":"Feature","geometry":{"type":"Point","coordinates":[1827009.695905861,2187449.6416720315]},"properties":{"height":6.0,"crown_diameter":6.0},"id":"7373"},{"type":"Feature","geometry":{"type":"Point","coordinates":[1826715.2346246506,2187622.255850661]},"properties":{"height":6.0,"crown_diameter":6.0},"id":"7377"},{"type":"Feature","geometry":{"type":"Point","coordinates":[1826711.0560433909,2188003.5707835993]},"properties":{"height":6.0,"crown_diameter":6.0},"id":"7379"},{"type":"Feature","geometry":{"type":"Point","coordinates":[1826583.9962655967,2187982.934798667]},"properties":{"height":8.0,"crown_diameter":8.0},"id":"7383"},{"type":"Feature","geometry":{"type":"Point","coordinates":[1826970.6835502347,2187986.327566969]},"properties":{"height":6.0,"crown_diameter":6.0},"id":"7386"},{"type":"Feature","geometry":{"type":"Point","coordinates":[1827153.268574652,2186970.31193239]},"properties":{"height":6.0,"crown_diameter":6.0},"id":"7390"},{"type":"Feature","geometry":{"type":"Point","coordinates":[1826369.6941140036,2187722.062333032]},"properties":{"height":6.0,"crown_diameter":6.0},"id":"7391"},{"type":"Feature","geometry":{"type":"Point","coordinates":[1826605.4826630095,2187184.1261398806]},"properties":{"height":6.0,"crown_diameter":6.0},"id":"7397"},{"type":"Feature","geometry":{"type":"Point","coordinates":[1826948.7382975454,2187242.6883413824]},"properties":{"height":12.0,"crown_diameter":12.0},"id":"7401"},{"type":"Feature","geometry":{"type":"Point","coordinates":[1827025.4153706946,2187816.973523684]},"properties":{"height":9.0,"crown_diameter":9.0},"id":"7402"},{"type":"Feature","geometry":{"type":"Point","coordinates":[1827037.175228392,2187794.5110833542]},"properties":{"height":7.0,"crown_diameter":7.0},"id":"7404"},{"type":"Feature","geometry":{"type":"Point","coordinates":[1826914.8636209671,2187855.378575134]},"properties":{"height":6.0,"crown_diameter":6.0},"id":"7408"},{"type":"Feature","geometry":{"type":"Point","coordinates":[1826343.7136325715,2188015.96942641]},"properties":{"height":21.0,"crown_diameter":12.12},"id":"7422"},{"type":"Feature","geometry":{"type":"Point","coordinates":[1826209.097595412,2187237.3709226022]},"properties":{"height":21.0,"crown_diameter":11.26},"id":"7423"},{"type":"Feature","geometry":{"type":"Point","coordinates":[1827235.8057245216,2186812.1680616764]},"properties":{"height":22.0,"crown_diameter":9.54},"id":"7426"},{"type":"Feature","geometry":{"type":"Point","coordinates":[1826372.6355653664,2187498.4219729947]},"properties":{"height":20.0,"crown_diameter":9.28},"id":"7428"},{"type":"Feature","geometry":{"type":"Point","coordinates":[1826082.5593647717,2187226.217386044]},"properties":{"height":21.0,"crown_diameter":10.06},"id":"7433"},{"type":"Feature","geometry":{"type":"Point","coordinates":[1826296.3555678795,2187860.8549425537]},"properties":{"height":19.0,"crown_diameter":13.74},"id":"7434"},{"type":"Feature","geometry":{"type":"Point","coordinates":[1826203.5829378664,2187655.7668762887]},"properties":{"height":20.0,"crown_diameter":9.28},"id":"7438"},{"type":"Feature","geometry":{"type":"Point","coordinates":[1826220.404687024,2187255.9291749974]},"properties":{"height":18.0,"crown_diameter":11.96},"id":"7442"},{"type":"Feature","geometry":{"type":"Point","coordinates":[1826142.3990425465,2187301.091591]},"properties":{"height":17.0,"crown_diameter":13.84},"id":"7444"},{"type":"Feature","geometry":{"type":"Point","coordinates":[1826941.3472481815,2187844.803772773]},"properties":{"height":19.0,"crown_diameter":11.5},"id":"7450"},{"type":"Feature","geometry":{"type":"Point","coordinates":[1826239.6073136458,2187682.9596048077]},"properties":{"height":18.0,"crown_diameter":12.86},"id":"7452"},{"type":"Feature","geometry":{"type":"Point","coordinates":[1826316.1960237925,2187925.3559014355]},"properties":{"height":18.0,"crown_diameter":13.9},"id":"7456"},{"type":"Feature","geometry":{"type":"Point","coordinates":[1826450.4843060842,2187821.50874538]},"properties":{"height":18.0,"crown_diameter":13.48},"id":"7460"},{"type":"Feature","geometry":{"type":"Point","coordinates":[1826018.2118003373,2186544.530244759]},"properties":{"height":17.0,"crown_diameter":14.06},"id":"7463"},{"type":"Feature","geometry":{"type":"Point","coordinates":[1827105.090646003,2187334.741287398]},"properties":{"height":20.0,"crown_diameter":9.28},"id":"7467"},{"type":"Feature","geometry":{"type":"Point","coordinates":[1826402.7172939365,2187562.5380368936]},"properties":{"height":17.0,"crown_diameter":13.84},"id":"7468"},{"type":"Feature","geometry":{"type":"Point","coordinates":[1827096.1409381235,2187290.562840224]},"properties":{"height":19.0,"crown_diameter":12.16},"id":"7472"},{"type":"Feature","geometry":{"type":"Point","coordinates":[1826256.8912763891,2187476.724395135]},"properties":{"height":18.0,"crown_diameter":13.48},"id":"7473"},{"type":"Feature","geometry":{"type":"Point","coordinates":[1826561.1523572612,2187602.723597164]},"properties":{"height":17.0,"crown_diameter":13.58},"id":"7474"},{"type":"Feature","geometry":{"type":"Point","coordinates":[1826236.824749529,2187772.9694850063]},"properties":{"height":17.0,"crown_diameter":11.32},"id":"7475"},{"type":"Feature","geometry":{"type":"Point","coordinates":[1826178.3813692315,2187578.783354743]},"properties":{"height":21.0,"crown_diameter":6.0},"id":"7478"},{"type":"Feature","geometry":{"type":"Point","coordinates":[1826089.0313497344,2187050.13812644]},"properties":{"height":17.0,"crown_diameter":14.06},"id":"7480"},{"type":"Feature","geometry":{"type":"Point","coordinates":[1826141.2671458516,2187360.648417142]},"properties":{"height":17.0,"crown_diameter":13.58},"id":"7481"},{"type":"Feature","geometry":{"type":"Point","coordinates":[1827094.0563559378,2186763.756526884]},"properties":{"height":17.0,"crown_diameter":13.58},"id":"7483"},{"type":"Feature","geometry":{"type":"Point","coordinates":[1826168.6326530774,2186990.39245907]},"properties":{"height":17.0,"crown_diameter":13.58},"id":"7488"},{"type":"Feature","geometry":{"type":"Point","coordinates":[1826190.7977986073,2187663.0325906025]},"properties":{"height":17.0,"crown_diameter":12.6},"id":"7489"},{"type":"Feature","geometry":{"type":"Point","coordinates":[1827029.290411262,2187769.281536947]},"properties":{"height":18.0,"crown_diameter":14.4},"id":"7496"},{"type":"Feature","geometry":{"type":"Point","coordinates":[1826205.9423628289,2187227.278987833]},"properties":{"height":18.0,"crown_diameter":11.96},"id":"7500"},{"type":"Feature","geometry":{"type":"Point","coordinates":[1826274.5245444574,2187495.840031816]},"properties":{"height":17.0,"crown_diameter":11.72},"id":"7504"},{"type":"Feature","geometry":{"type":"Point","coordinates":[1826264.83538908,2187337.451997663]},"properties":{"height":17.0,"crown_diameter":14.06},"id":"7507"},{"type":"Feature","geometry":{"type":"Point","coordinates":[1826090.9785357942,2187112.2925570994]},"properties":{"height":22.0,"crown_diameter":11.26},"id":"7509"},{"type":"Feature","geometry":{"type":"Point","coordinates":[1826304.0156824514,2187714.979447481]},"properties":{"height":17.0,"crown_diameter":14.18},"id":"7511"},{"type":"Feature","geometry":{"type":"Point","coordinates":[1826241.4921451078,2187717.988453796]},"properties":{"height":18.0,"crown_diameter":12.86},"id":"7521"},{"type":"Feature","geometry":{"type":"Point","coordinates":[1826230.9712146977,2187754.7639546273]},"properties":{"height":16.0,"crown_diameter":12.46},"id":"7522"},{"type":"Feature","geometry":{"type":"Point","coordinates":[1826223.5667785427,2187797.882640891]},"properties":{"height":17.0,"crown_diameter":11.72},"id":"7524"},{"type":"Feature","geometry":{"type":"Point","coordinates":[1827257.3724086913,2186853.7181496797]},"properties":{"height":20.0,"crown_diameter":11.48},"id":"7526"},{"type":"Feature","geometry":{"type":"Point","coordinates":[1826235.3912472674,2187696.9203244536]},"properties":{"height":16.0,"crown_diameter":14.12},"id":"7534"},{"type":"Feature","geometry":{"type":"Point","coordinates":[1827198.8297755618,2186820.2689561895]},"properties":{"height":18.0,"crown_diameter":14.16},"id":"7538"},{"type":"Feature","geometry":{"type":"Point","coordinates":[1826891.2950050544,2187102.9330622363]},"properties":{"height":16.0,"crown_diameter":9.94},"id":"7539"},{"type":"Feature","geometry":{"type":"Point","coordinates":[1826986.42169646,2187454.4314666754]},"properties":{"height":17.0,"crown_diameter":13.58},"id":"7543"},{"type":"Feature","geometry":{"type":"Point","coordinates":[1826338.1587645211,2187558.5237849075]},"properties":{"height":18.0,"crown_diameter":12.86},"id":"7545"},{"type":"Feature","geometry":{"type":"Point","coordinates":[1826298.0945245195,2187775.273101088]},"properties":{"height":16.0,"crown_diameter":12.3},"id":"7548"},{"type":"Feature","geometry":{"type":"Point","coordinates":[1826954.4274710028,2187480.53281812]},"properties":{"height":15.0,"crown_diameter":10.64},"id":"7550"},{"type":"Feature","geometry":{"type":"Point","coordinates":[1826323.5485863148,2187557.881129823]},"properties":{"height":18.0,"crown_diameter":11.54},"id":"7552"},{"type":"Feature","geometry":{"type":"Point","coordinates":[1826369.1950208857,2187481.7196686273]},"properties":{"height":16.0,"crown_diameter":12.88},"id":"7553"},{"type":"Feature","geometry":{"type":"Point","coordinates":[1826343.1636402155,2188026.1210843236]},"properties":{"height":18.0,"crown_diameter":11.96},"id":"7556"},{"type":"Feature","geometry":{"type":"Point","coordinates":[1826979.44144389,2187968.7655385383]},"properties":{"height":16.0,"crown_diameter":12.88},"id":"7557"},{"type":"Feature","geometry":{"type":"Point","coordinates":[1826165.7426303746,2187112.1673060213]},"properties":{"height":16.0,"crown_diameter":12.3},"id":"7558"},{"type":"Feature","geometry":{"type":"Point","coordinates":[1826190.116907092,2187532.946230537]},"properties":{"height":16.0,"crown_diameter":12.3},"id":"7559"},{"type":"Feature","geometry":{"type":"Point","coordinates":[1826305.8282707848,2187977.1213508]},"properties":{"height":17.0,"crown_diameter":12.6},"id":"7560"},{"type":"Feature","geometry":{"type":"Point","coordinates":[1826773.6997489005,2187734.199976732]},"properties":{"height":15.0,"crown_diameter":10.64},"id":"7565"},{"type":"Feature","geometry":{"type":"Point","coordinates":[1826229.811541317,2187747.9474640167]},"properties":{"height":15.0,"crown_diameter":11.2},"id":"7566"},{"type":"Feature","geometry":{"type":"Point","coordinates":[1826285.7746228573,2187870.509609749]},"properties":{"height":15.0,"crown_diameter":12.54},"id":"7567"},{"type":"Feature","geometry":{"type":"Point","coordinates":[1826337.1874256064,2187719.0666297283]},"properties":{"height":14.0,"crown_diameter":13.3},"id":"7573"},{"type":"Feature","geometry":{"type":"Point","coordinates":[1826887.3766727606,2187017.8743403647]},"properties":{"height":15.0,"crown_diameter":12.54},"id":"7583"},{"type":"Feature","geometry":{"type":"Point","coordinates":[1826313.7398078886,2187685.4933842844]},"properties":{"height":15.0,"crown_diameter":12.9},"id":"7591"},{"type":"Feature","geometry":{"type":"Point","coordinates":[1827027.785515154,2186892.0857205736]},"properties":{"height":14.0,"crown_diameter":12.72},"id":"7593"},{"type":"Feature","geometry":{"type":"Point","coordinates":[1826311.4860506544,2187401.738143908]},"properties":{"height":15.0,"crown_diameter":13.82},"id":"7594"},{"type":"Feature","geometry":{"type":"Point","coordinates":[1826435.1272926691,2187343.0406555096]},"properties":{"height":16.0,"crown_diameter":14.12},"id":"7595"},{"type":"Feature","geometry":{"type":"Point","coordinates":[1826168.619260397,2187604.5219773636]},"properties":{"height":18.0,"crown_diameter":14.16},"id":"7597"},{"type":"Feature","geometry":{"type":"Point","coordinates":[1826401.8474899079,2187605.330466118]},"properties":{"height":17.0,"crown_diameter":11.72},"id":"7600"},{"type":"Feature","geometry":{"type":"Point","coordinates":[1826250.8514886997,2187334.153130053]},"properties":{"height":15.0,"crown_diameter":12.9},"id":"7603"},{"type":"Feature","geometry":{"type":"Point","coordinates":[1826350.5482028807,2187768.0195329967]},"properties":{"height":15.0,"crown_diameter":13.72},"id":"7607"},{"type":"Feature","geometry":{"type":"Point","coordinates":[1826105.2201024066,2187055.826210739]},"properties":{"height":16.0,"crown_diameter":12.3},"id":"7610"},{"type":"Feature","geometry":{"type":"Point","coordinates":[1826222.377787445,2187384.4558145134]},"properties":{"height":14.0,"crown_diameter":13.38},"id":"7612"},{"type":"Feature","geometry":{"type":"Point","coordinates":[1826163.2159652715,2187396.6724647055]},"properties":{"height":14.0,"crown_diameter":12.92},"id":"7613"},{"type":"Feature","geometry":{"type":"Point","coordinates":[1826863.9576349014,2187179.6803432126]},"properties":{"height":15.0,"crown_diameter":10.44},"id":"7615"},{"type":"Feature","geometry":{"type":"Point","coordinates":[1826223.1640228857,2187142.538399492]},"properties":{"height":14.0,"crown_diameter":12.92},"id":"7624"},{"type":"Feature","geometry":{"type":"Point","coordinates":[1827062.809078231,2187056.4698296566]},"properties":{"height":15.0,"crown_diameter":12.0},"id":"7625"},{"type":"Feature","geometry":{"type":"Point","coordinates":[1826158.9289053136,2186894.623937872]},"properties":{"height":15.0,"crown_diameter":12.54},"id":"7628"},{"type":"Feature","geometry":{"type":"Point","coordinates":[1826929.7030194981,2187921.507290916]},"properties":{"height":14.0,"crown_diameter":12.72},"id":"7635"},{"type":"Feature","geometry":{"type":"Point","coordinates":[1826593.8420676175,2187260.8364706533]},"properties":{"height":14.0,"crown_diameter":12.72},"id":"7642"},{"type":"Feature","geometry":{"type":"Point","coordinates":[1826210.8896160005,2187284.5316413892]},"properties":{"height":16.0,"crown_diameter":12.3},"id":"7643"},{"type":"Feature","geometry":{"type":"Point","coordinates":[1826488.1860076531,2187075.1244968968]},"properties":{"height":14.0,"crown_diameter":12.72},"id":"7644"},{"type":"Feature","geometry":{"type":"Point","coordinates":[1826050.94668191,2186992.5464535537]},"properties":{"height":13.0,"crown_diameter":12.9},"id":"7645"},{"type":"Feature","geometry":{"type":"Point","coordinates":[1826284.3255043197,2187473.849049112]},"properties":{"height":16.0,"crown_diameter":12.3},"id":"7646"},{"type":"Feature","geometry":{"type":"Point","coordinates":[1826364.5229132348,2187685.3231314383]},"properties":{"height":17.0,"crown_diameter":12.6},"id":"7647"},{"type":"Feature","geometry":{"type":"Point","coordinates":[1827115.1331954757,2186928.591975828]},"properties":{"height":14.0,"crown_diameter":13.3},"id":"7649"},{"type":"Feature","geometry":{"type":"Point","coordinates":[1827063.4094000852,2186815.420649405]},"properties":{"height":13.0,"crown_diameter":12.9},"id":"7650"},{"type":"Feature","geometry":{"type":"Point","coordinates":[1826290.6897135675,2187818.3916945346]},"properties":{"height":14.0,"crown_diameter":12.72},"id":"7653"},{"type":"Feature","geometry":{"type":"Point","coordinates":[1826204.369633867,2187562.4807692203]},"properties":{"height":21.0,"crown_diameter":11.26},"id":"7655"},{"type":"Feature","geometry":{"type":"Point","coordinates":[1826431.993707581,2187356.3227817314]},"properties":{"height":16.0,"crown_diameter":12.3},"id":"7656"},{"type":"Feature","geometry":{"type":"Point","coordinates":[1826373.491770836,2187901.486374513]},"properties":{"height":14.0,"crown_diameter":11.8},"id":"7658"},{"type":"Feature","geometry":{"type":"Point","coordinates":[1827103.8468828145,2186933.4071918195]},"properties":{"height":13.0,"crown_diameter":12.3},"id":"7663"},{"type":"Feature","geometry":{"type":"Point","coordinates":[1826392.8133995677,2187702.2796227]},"properties":{"height":13.0,"crown_diameter":12.48},"id":"7667"},{"type":"Feature","geometry":{"type":"Point","coordinates":[1826998.0116596248,2186900.9518770427]},"properties":{"height":15.0,"crown_diameter":12.0},"id":"7668"},{"type":"Feature","geometry":{"type":"Point","coordinates":[1826235.3289724528,2187818.416711826]},"properties":{"height":13.0,"crown_diameter":12.82},"id":"7669"},{"type":"Feature","geometry":{"type":"Point","coordinates":[1826593.5957583792,2186831.7015190604]},"properties":{"height":14.0,"crown_diameter":12.18},"id":"7672"},{"type":"Feature","geometry":{"type":"Point","coordinates":[1826028.0129681653,2186988.071954419]},"properties":{"height":12.0,"crown_diameter":12.0},"id":"7673"},{"type":"Feature","geometry":{"type":"Point","coordinates":[1826932.4071920596,2187480.009959207]},"properties":{"height":12.0,"crown_diameter":12.0},"id":"7675"},{"type":"Feature","geometry":{"type":"Point","coordinates":[1826308.2826195087,2187642.143678298]},"properties":{"height":12.0,"crown_diameter":12.0},"id":"7676"},{"type":"Feature","geometry":{"type":"Point","coordinates":[1826320.7852671708,2187479.64622901]},"properties":{"height":15.0,"crown_diameter":12.54},"id":"7677"},{"type":"Feature","geometry":{"type":"Point","coordinates":[1826345.5405114093,2187300.4056779216]},"properties":{"height":15.0,"crown_diameter":12.0},"id":"7681"},{"type":"Feature","geometry":{"type":"Point","coordinates":[1827058.1284630678,2186853.4385264767]},"properties":{"height":17.0,"crown_diameter":8.48},"id":"7682"},{"type":"Feature","geometry":{"type":"Point","coordinates":[1827067.9082606083,2187343.727012687]},"properties":{"height":15.0,"crown_diameter":12.54},"id":"7683"},{"type":"Feature","geometry":{"type":"Point","coordinates":[1826955.9170515353,2187755.703472674]},"properties":{"height":12.0,"crown_diameter":12.0},"id":"7684"},{"type":"Feature","geometry":{"type":"Point","coordinates":[1826630.204325459,2188068.6136883856]},"properties":{"height":15.0,"crown_diameter":12.0},"id":"7685"},{"type":"Feature","geometry":{"type":"Point","coordinates":[1826020.9821069792,2186982.674497326]},"properties":{"height":12.0,"crown_diameter":12.0},"id":"7686"},{"type":"Feature","geometry":{"type":"Point","coordinates":[1826152.8604256834,2187534.439409908]},"properties":{"height":12.0,"crown_diameter":11.64},"id":"7687"},{"type":"Feature","geometry":{"type":"Point","coordinates":[1826328.5163432942,2187830.120080097]},"properties":{"height":13.0,"crown_diameter":12.3},"id":"7688"},{"type":"Feature","geometry":{"type":"Point","coordinates":[1826204.5626000895,2187432.5987403104]},"properties":{"height":13.0,"crown_diameter":12.3},"id":"7691"},{"type":"Feature","geometry":{"type":"Point","coordinates":[1826074.362471705,2187171.0026144334]},"properties":{"height":15.0,"crown_diameter":13.82},"id":"7692"},{"type":"Feature","geometry":{"type":"Point","coordinates":[1827262.7491862494,2186803.5691742157]},"properties":{"height":12.0,"crown_diameter":12.0},"id":"7693"},{"type":"Feature","geometry":{"type":"Point","coordinates":[1826266.660270614,2187345.360523029]},"properties":{"height":14.0,"crown_diameter":12.52},"id":"7696"},{"type":"Feature","geometry":{"type":"Point","coordinates":[1827022.8066208216,2186874.0834052954]},"properties":{"height":14.0,"crown_diameter":12.72},"id":"7698"},{"type":"Feature","geometry":{"type":"Point","coordinates":[1826593.9712593912,2186783.1785845915]},"properties":{"height":13.0,"crown_diameter":12.1},"id":"7703"},{"type":"Feature","geometry":{"type":"Point","coordinates":[1826358.8143618563,2187596.112449259]},"properties":{"height":12.0,"crown_diameter":12.0},"id":"7706"},{"type":"Feature","geometry":{"type":"Point","coordinates":[1826220.6848322884,2187368.1657564477]},"properties":{"height":12.0,"crown_diameter":11.82},"id":"7707"},{"type":"Feature","geometry":{"type":"Point","coordinates":[1826946.0614884004,2187965.5609521805]},"properties":{"height":12.0,"crown_diameter":12.0},"id":"7718"},{"type":"Feature","geometry":{"type":"Point","coordinates":[1826992.5085653013,2187753.1225152514]},"properties":{"height":13.0,"crown_diameter":12.3},"id":"7720"},{"type":"Feature","geometry":{"type":"Point","coordinates":[1827031.167268294,2186881.6655547875]},"properties":{"height":12.0,"crown_diameter":12.0},"id":"7726"},{"type":"Feature","geometry":{"type":"Point","coordinates":[1826072.026406529,2187176.994930674]},"properties":{"height":14.0,"crown_diameter":11.8},"id":"7730"},{"type":"Feature","geometry":{"type":"Point","coordinates":[1826814.8243251268,2187192.3910275265]},"properties":{"height":12.0,"crown_diameter":12.0},"id":"7731"},{"type":"Feature","geometry":{"type":"Point","coordinates":[1826354.9818393993,2187647.5528088133]},"properties":{"height":12.0,"crown_diameter":12.0},"id":"7740"},{"type":"Feature","geometry":{"type":"Point","coordinates":[1826962.2707887709,2187373.0142844]},"properties":{"height":13.0,"crown_diameter":12.3},"id":"7741"},{"type":"Feature","geometry":{"type":"Point","coordinates":[1826321.4857202878,2187633.107212869]},"properties":{"height":12.0,"crown_diameter":12.0},"id":"7749"},{"type":"Feature","geometry":{"type":"Point","coordinates":[1827055.6969783397,2186871.5618494595]},"properties":{"height":12.0,"crown_diameter":12.0},"id":"7753"},{"type":"Feature","geometry":{"type":"Point","coordinates":[1827078.8203885881,2186851.777699159]},"properties":{"height":12.0,"crown_diameter":12.0},"id":"7758"},{"type":"Feature","geometry":{"type":"Point","coordinates":[1826815.1430203316,2187116.7468318124]},"properties":{"height":12.0,"crown_diameter":12.0},"id":"7760"},{"type":"Feature","geometry":{"type":"Point","coordinates":[1826344.044582195,2187345.855999741]},"properties":{"height":14.0,"crown_diameter":12.52},"id":"7761"},{"type":"Feature","geometry":{"type":"Point","coordinates":[1826751.4958018437,2187480.31705267]},"properties":{"height":15.0,"crown_diameter":12.54},"id":"7764"},{"type":"Feature","geometry":{"type":"Point","coordinates":[1826740.8054963644,2187971.3337804996]},"properties":{"height":12.0,"crown_diameter":12.0},"id":"7769"},{"type":"Feature","geometry":{"type":"Point","coordinates":[1826166.060135663,2186676.6244909447]},"properties":{"height":14.0,"crown_diameter":12.92},"id":"7777"},{"type":"Feature","geometry":{"type":"Point","coordinates":[1826313.2193118052,2187273.150672819]},"properties":{"height":12.0,"crown_diameter":12.0},"id":"7778"},{"type":"Feature","geometry":{"type":"Point","coordinates":[1827166.0161231281,2186873.290921274]},"properties":{"height":12.0,"crown_diameter":12.0},"id":"7782"},{"type":"Feature","geometry":{"type":"Point","coordinates":[1826738.79434998,2188030.6799638136]},"properties":{"height":12.0,"crown_diameter":12.0},"id":"7784"},{"type":"Feature","geometry":{"type":"Point","coordinates":[1826757.92874657,2187042.483287612]},"properties":{"height":11.0,"crown_diameter":11.0},"id":"7788"},{"type":"Feature","geometry":{"type":"Point","coordinates":[1826769.011199879,2187124.557442789]},"properties":{"height":11.0,"crown_diameter":11.0},"id":"7799"},{"type":"Feature","geometry":{"type":"Point","coordinates":[1827037.1939628602,2187774.885896813]},"properties":{"height":12.0,"crown_diameter":12.0},"id":"7800"},{"type":"Feature","geometry":{"type":"Point","coordinates":[1826394.2797567446,2187739.079439236]},"properties":{"height":12.0,"crown_diameter":11.82},"id":"7802"},{"type":"Feature","geometry":{"type":"Point","coordinates":[1826132.4180902725,2186987.458896191]},"properties":{"height":12.0,"crown_diameter":12.0},"id":"7806"},{"type":"Feature","geometry":{"type":"Point","coordinates":[1826669.7940993253,2186672.9935039445]},"properties":{"height":12.0,"crown_diameter":12.0},"id":"7807"},{"type":"Feature","geometry":{"type":"Point","coordinates":[1827040.6259852436,2186782.932905543]},"properties":{"height":12.0,"crown_diameter":12.0},"id":"7809"},{"type":"Feature","geometry":{"type":"Point","coordinates":[1826991.7788843496,2186888.2628337513]},"properties":{"height":12.0,"crown_diameter":11.64},"id":"7810"},{"type":"Feature","geometry":{"type":"Point","coordinates":[1826798.8576956491,2187080.185527934]},"properties":{"height":12.0,"crown_diameter":12.0},"id":"7811"},{"type":"Feature","geometry":{"type":"Point","coordinates":[1826825.3658772844,2186815.3391055414]},"properties":{"height":11.0,"crown_diameter":11.0},"id":"7814"},{"type":"Feature","geometry":{"type":"Point","coordinates":[1826418.1497206765,2188048.48681941]},"properties":{"height":12.0,"crown_diameter":12.0},"id":"7815"},{"type":"Feature","geometry":{"type":"Point","coordinates":[1826805.207730066,2187147.1207488696]},"properties":{"height":11.0,"crown_diameter":11.0},"id":"7816"},{"type":"Feature","geometry":{"type":"Point","coordinates":[1827052.9870933727,2187098.0888843453]},"properties":{"height":12.0,"crown_diameter":11.82},"id":"7818"},{"type":"Feature","geometry":{"type":"Point","coordinates":[1826236.9610777525,2187318.7245477657]},"properties":{"height":12.0,"crown_diameter":11.64},"id":"7821"},{"type":"Feature","geometry":{"type":"Point","coordinates":[1827035.0066889396,2186916.226263757]},"properties":{"height":12.0,"crown_diameter":12.0},"id":"7822"},{"type":"Feature","geometry":{"type":"Point","coordinates":[1826846.888324415,2187044.7783297384]},"properties":{"height":11.0,"crown_diameter":11.0},"id":"7826"},{"type":"Feature","geometry":{"type":"Point","coordinates":[1826471.5711248594,2187176.8360579573]},"properties":{"height":12.0,"crown_diameter":12.0},"id":"7827"},{"type":"Feature","geometry":{"type":"Point","coordinates":[1826283.2973484378,2187798.888417011]},"properties":{"height":12.0,"crown_diameter":12.0},"id":"7828"},{"type":"Feature","geometry":{"type":"Point","coordinates":[1826321.527167505,2187488.2339064735]},"properties":{"height":11.0,"crown_diameter":11.0},"id":"7830"},{"type":"Feature","geometry":{"type":"Point","coordinates":[1826197.2609277994,2186955.0797078093]},"properties":{"height":15.0,"crown_diameter":13.82},"id":"7831"},{"type":"Feature","geometry":{"type":"Point","coordinates":[1826765.8493338255,2187306.096811789]},"properties":{"height":15.0,"crown_diameter":12.9},"id":"7835"},{"type":"Feature","geometry":{"type":"Point","coordinates":[1827071.4481646451,2186855.6470410414]},"properties":{"height":12.0,"crown_diameter":12.0},"id":"7836"},{"type":"Feature","geometry":{"type":"Point","coordinates":[1826600.1108158003,2186807.998069917]},"properties":{"height":12.0,"crown_diameter":12.0},"id":"7837"},{"type":"Feature","geometry":{"type":"Point","coordinates":[1826291.5114003906,2187345.614576084]},"properties":{"height":11.0,"crown_diameter":11.0},"id":"7838"},{"type":"Feature","geometry":{"type":"Point","coordinates":[1826873.5292571816,2187092.197007447]},"properties":{"height":11.0,"crown_diameter":11.0},"id":"7840"},{"type":"Feature","geometry":{"type":"Point","coordinates":[1827040.3240941667,2186838.95339561]},"properties":{"height":12.0,"crown_diameter":12.0},"id":"7844"},{"type":"Feature","geometry":{"type":"Point","coordinates":[1826194.9919627463,2187625.6988258627]},"properties":{"height":14.0,"crown_diameter":13.3},"id":"7848"},{"type":"Feature","geometry":{"type":"Point","coordinates":[1826727.3933024695,2187981.2545291325]},"properties":{"height":11.0,"crown_diameter":11.0},"id":"7851"},{"type":"Feature","geometry":{"type":"Point","coordinates":[1826489.19487284,2187962.4348348156]},"properties":{"height":12.0,"crown_diameter":12.0},"id":"7857"},{"type":"Feature","geometry":{"type":"Point","coordinates":[1826789.5616852718,2187002.27157295]},"properties":{"height":12.0,"crown_diameter":12.0},"id":"7859"},{"type":"Feature","geometry":{"type":"Point","coordinates":[1826359.560528195,2187647.6983242617]},"properties":{"height":12.0,"crown_diameter":12.0},"id":"7862"},{"type":"Feature","geometry":{"type":"Point","coordinates":[1826725.8545465316,2187018.0883964]},"properties":{"height":11.0,"crown_diameter":11.0},"id":"7871"},{"type":"Feature","geometry":{"type":"Point","coordinates":[1826896.7567714609,2187810.911912555]},"properties":{"height":11.0,"crown_diameter":11.0},"id":"7876"},{"type":"Feature","geometry":{"type":"Point","coordinates":[1826920.3912448303,2187820.228656383]},"properties":{"height":14.0,"crown_diameter":12.18},"id":"7878"},{"type":"Feature","geometry":{"type":"Point","coordinates":[1826900.879405795,2187809.08066556]},"properties":{"height":12.0,"crown_diameter":12.0},"id":"7879"},{"type":"Feature","geometry":{"type":"Point","coordinates":[1826516.2817885508,2186647.0591517612]},"properties":{"height":13.0,"crown_diameter":12.9},"id":"7880"},{"type":"Feature","geometry":{"type":"Point","coordinates":[1826829.949554013,2188121.359458774]},"properties":{"height":11.0,"crown_diameter":11.0},"id":"7881"},{"type":"Feature","geometry":{"type":"Point","coordinates":[1826346.2889714772,2187926.847682378]},"properties":{"height":14.0,"crown_diameter":12.92},"id":"7882"},{"type":"Feature","geometry":{"type":"Point","coordinates":[1826299.8333309526,2187689.690250161]},"properties":{"height":11.0,"crown_diameter":11.0},"id":"7886"},{"type":"Feature","geometry":{"type":"Point","coordinates":[1826629.3505031886,2187771.1765277474]},"properties":{"height":12.0,"crown_diameter":12.0},"id":"7890"},{"type":"Feature","geometry":{"type":"Point","coordinates":[1826178.5918250268,2186877.761545406]},"properties":{"height":15.0,"crown_diameter":12.0},"id":"7892"},{"type":"Feature","geometry":{"type":"Point","coordinates":[1826125.9045220104,2187011.1617402686]},"properties":{"height":11.0,"crown_diameter":11.0},"id":"7893"},{"type":"Feature","geometry":{"type":"Point","coordinates":[1826731.5402426578,2187083.9322156464]},"properties":{"height":11.0,"crown_diameter":11.0},"id":"7897"},{"type":"Feature","geometry":{"type":"Point","coordinates":[1826960.994298629,2187976.5630289963]},"properties":{"height":11.0,"crown_diameter":11.0},"id":"7911"},{"type":"Feature","geometry":{"type":"Point","coordinates":[1826875.1260946211,2187527.252050788]},"properties":{"height":11.0,"crown_diameter":11.0},"id":"7915"},{"type":"Feature","geometry":{"type":"Point","coordinates":[1826884.8957234207,2187180.882074037]},"properties":{"height":11.0,"crown_diameter":11.0},"id":"7921"},{"type":"Feature","geometry":{"type":"Point","coordinates":[1827102.2048683597,2187479.8879205696]},"properties":{"height":15.0,"crown_diameter":12.9},"id":"7922"},{"type":"Feature","geometry":{"type":"Point","coordinates":[1826797.7034285218,2187159.372065464]},"properties":{"height":11.0,"crown_diameter":11.0},"id":"7923"},{"type":"Feature","geometry":{"type":"Point","coordinates":[1826225.2415632182,2187047.6808347637]},"properties":{"height":11.0,"crown_diameter":11.0},"id":"7926"},{"type":"Feature","geometry":{"type":"Point","coordinates":[1826145.2848174833,2186627.7871505637]},"properties":{"height":11.0,"crown_diameter":11.0},"id":"7928"},{"type":"Feature","geometry":{"type":"Point","coordinates":[1826650.3978139001,2186716.0947868205]},"properties":{"height":11.0,"crown_diameter":11.0},"id":"7930"},{"type":"Feature","geometry":{"type":"Point","coordinates":[1826317.4953068173,2187626.5574619435]},"properties":{"height":11.0,"crown_diameter":11.0},"id":"7943"},{"type":"Feature","geometry":{"type":"Point","coordinates":[1826153.2335278138,2187337.298304645]},"properties":{"height":16.0,"crown_diameter":6.0},"id":"7949"},{"type":"Feature","geometry":{"type":"Point","coordinates":[1827170.5402791258,2186975.323083564]},"properties":{"height":11.0,"crown_diameter":11.0},"id":"7950"},{"type":"Feature","geometry":{"type":"Point","coordinates":[1826678.7143168598,2187268.7100085774]},"properties":{"height":11.0,"crown_diameter":11.0},"id":"7955"},{"type":"Feature","geometry":{"type":"Point","coordinates":[1826611.643264623,2188065.1684478684]},"properties":{"height":13.0,"crown_diameter":12.3},"id":"7957"},{"type":"Feature","geometry":{"type":"Point","coordinates":[1826295.6123212082,2187320.408860002]},"properties":{"height":11.0,"crown_diameter":11.0},"id":"7958"},{"type":"Feature","geometry":{"type":"Point","coordinates":[1826194.6002979896,2186950.712918976]},"properties":{"height":15.0,"crown_diameter":6.0},"id":"7959"},{"type":"Feature","geometry":{"type":"Point","coordinates":[1826937.288173166,2188174.7331805876]},"properties":{"height":11.0,"crown_diameter":11.0},"id":"7960"},{"type":"Feature","geometry":{"type":"Point","coordinates":[1826969.9859765668,2186910.2306325687]},"properties":{"height":11.0,"crown_diameter":11.0},"id":"7962"},{"type":"Feature","geometry":{"type":"Point","coordinates":[1827089.0852820184,2187003.776277199]},"properties":{"height":12.0,"crown_diameter":12.0},"id":"7965"},{"type":"Feature","geometry":{"type":"Point","coordinates":[1827041.965201177,2187043.137200055]},"properties":{"height":17.0,"crown_diameter":11.72},"id":"7967"},{"type":"Feature","geometry":{"type":"Point","coordinates":[1826241.6385958518,2187838.5991033833]},"properties":{"height":11.0,"crown_diameter":11.0},"id":"7970"},{"type":"Feature","geometry":{"type":"Point","coordinates":[1826926.9408717393,2187135.6500967713]},"properties":{"height":11.0,"crown_diameter":11.0},"id":"7973"},{"type":"Feature","geometry":{"type":"Point","coordinates":[1826960.707385996,2187219.3383745956]},"properties":{"height":11.0,"crown_diameter":11.0},"id":"7975"},{"type":"Feature","geometry":{"type":"Point","coordinates":[1826798.6292849975,2186780.0499698403]},"properties":{"height":11.0,"crown_diameter":11.0},"id":"7977"},{"type":"Feature","geometry":{"type":"Point","coordinates":[1826285.2157255919,2187794.667511498]},"properties":{"height":11.0,"crown_diameter":11.0},"id":"7978"},{"type":"Feature","geometry":{"type":"Point","coordinates":[1826843.0686276415,2187033.593935225]},"properties":{"height":13.0,"crown_diameter":12.48},"id":"7982"},{"type":"Feature","geometry":{"type":"Point","coordinates":[1826141.5410714608,2186624.099619457]},"properties":{"height":12.0,"crown_diameter":11.64},"id":"7985"},{"type":"Feature","geometry":{"type":"Point","coordinates":[1826879.8987939353,2187182.507319155]},"properties":{"height":11.0,"crown_diameter":11.0},"id":"7987"},{"type":"Feature","geometry":{"type":"Point","coordinates":[1826521.5970361424,2187848.569510934]},"properties":{"height":12.0,"crown_diameter":12.0},"id":"7995"},{"type":"Feature","geometry":{"type":"Point","coordinates":[1826857.291234308,2187231.3910313933]},"properties":{"height":11.0,"crown_diameter":11.0},"id":"7996"},{"type":"Feature","geometry":{"type":"Point","coordinates":[1826340.2628900532,2187338.4205369726]},"properties":{"height":12.0,"crown_diameter":12.0},"id":"7999"},{"type":"Feature","geometry":{"type":"Point","coordinates":[1826336.466879909,2187925.465008315]},"properties":{"height":15.0,"crown_diameter":12.14},"id":"8003"},{"type":"Feature","geometry":{"type":"Point","coordinates":[1826978.6918385236,2186994.551113993]},"properties":{"height":12.0,"crown_diameter":12.0},"id":"8006"},{"type":"Feature","geometry":{"type":"Point","coordinates":[1826065.0945951855,2186588.3069265494]},"properties":{"height":11.0,"crown_diameter":11.0},"id":"8007"},{"type":"Feature","geometry":{"type":"Point","coordinates":[1826977.112770714,2187482.14745702]},"properties":{"height":12.0,"crown_diameter":11.64},"id":"8008"},{"type":"Feature","geometry":{"type":"Point","coordinates":[1826968.9411328936,2186914.6582953697]},"properties":{"height":11.0,"crown_diameter":11.0},"id":"8009"},{"type":"Feature","geometry":{"type":"Point","coordinates":[1826676.3747044157,2187231.701236161]},"properties":{"height":11.0,"crown_diameter":11.0},"id":"8014"},{"type":"Feature","geometry":{"type":"Point","coordinates":[1826434.8108491127,2186695.1481134547]},"properties":{"height":11.0,"crown_diameter":11.0},"id":"8015"},{"type":"Feature","geometry":{"type":"Point","coordinates":[1826204.0751151782,2186769.7254893677]},"properties":{"height":12.0,"crown_diameter":12.0},"id":"8019"},{"type":"Feature","geometry":{"type":"Point","coordinates":[1827022.9754548487,2187405.101649949]},"properties":{"height":11.0,"crown_diameter":11.0},"id":"8020"},{"type":"Feature","geometry":{"type":"Point","coordinates":[1826669.0413382114,2187239.318783822]},"properties":{"height":12.0,"crown_diameter":12.0},"id":"8021"},{"type":"Feature","geometry":{"type":"Point","coordinates":[1827132.2885890189,2186836.3502936815]},"properties":{"height":16.0,"crown_diameter":12.3},"id":"8023"},{"type":"Feature","geometry":{"type":"Point","coordinates":[1826381.6845944063,2187190.216781541]},"properties":{"height":12.0,"crown_diameter":12.0},"id":"8027"},{"type":"Feature","geometry":{"type":"Point","coordinates":[1826193.0682232943,2187141.0476757917]},"properties":{"height":21.0,"crown_diameter":6.0},"id":"8031"},{"type":"Feature","geometry":{"type":"Point","coordinates":[1826943.261843218,2186726.3015542757]},"properties":{"height":11.0,"crown_diameter":11.0},"id":"8033"},{"type":"Feature","geometry":{"type":"Point","coordinates":[1826528.3713898843,2187999.7194696874]},"properties":{"height":12.0,"crown_diameter":12.0},"id":"8035"},{"type":"Feature","geometry":{"type":"Point","coordinates":[1826375.0351857876,2187370.927629029]},"properties":{"height":12.0,"crown_diameter":12.0},"id":"8036"},{"type":"Feature","geometry":{"type":"Point","coordinates":[1826955.389537704,2187961.219480667]},"properties":{"height":11.0,"crown_diameter":11.0},"id":"8038"},{"type":"Feature","geometry":{"type":"Point","coordinates":[1826750.5009683506,2187062.2314045457]},"properties":{"height":11.0,"crown_diameter":11.0},"id":"8041"},{"type":"Feature","geometry":{"type":"Point","coordinates":[1826722.6934778555,2186921.990410653]},"properties":{"height":11.0,"crown_diameter":11.0},"id":"8042"},{"type":"Feature","geometry":{"type":"Point","coordinates":[1826516.6730438664,2187345.4542312007]},"properties":{"height":12.0,"crown_diameter":12.0},"id":"8044"},{"type":"Feature","geometry":{"type":"Point","coordinates":[1827084.9684504068,2187263.621002265]},"properties":{"height":14.0,"crown_diameter":12.52},"id":"8047"},{"type":"Feature","geometry":{"type":"Point","coordinates":[1826439.2196117204,2186699.9275434045]},"properties":{"height":11.0,"crown_diameter":11.0},"id":"8048"},{"type":"Feature","geometry":{"type":"Point","coordinates":[1826200.6206017726,2187069.9165229625]},"properties":{"height":11.0,"crown_diameter":11.0},"id":"8051"},{"type":"Feature","geometry":{"type":"Point","coordinates":[1826465.9677268064,2188056.965464827]},"properties":{"height":11.0,"crown_diameter":11.0},"id":"8055"},{"type":"Feature","geometry":{"type":"Point","coordinates":[1826502.0214492485,2188001.9141677413]},"properties":{"height":11.0,"crown_diameter":11.0},"id":"8057"},{"type":"Feature","geometry":{"type":"Point","coordinates":[1826177.0810200018,2186942.8412230997]},"properties":{"height":11.0,"crown_diameter":11.0},"id":"8068"},{"type":"Feature","geometry":{"type":"Point","coordinates":[1827087.545006557,2186959.4750956213]},"properties":{"height":11.0,"crown_diameter":11.0},"id":"8071"},{"type":"Feature","geometry":{"type":"Point","coordinates":[1826343.3384774139,2187149.3879216705]},"properties":{"height":12.0,"crown_diameter":11.82},"id":"8075"},{"type":"Feature","geometry":{"type":"Point","coordinates":[1827121.5572345392,2187003.026206231]},"properties":{"height":11.0,"crown_diameter":11.0},"id":"8078"},{"type":"Feature","geometry":{"type":"Point","coordinates":[1826800.237795303,2187664.7486502677]},"properties":{"height":11.0,"crown_diameter":11.0},"id":"8080"},{"type":"Feature","geometry":{"type":"Point","coordinates":[1826965.1214923125,2186903.4736175593]},"properties":{"height":12.0,"crown_diameter":12.0},"id":"8088"},{"type":"Feature","geometry":{"type":"Point","coordinates":[1827067.7980016822,2187547.484419975]},"properties":{"height":11.0,"crown_diameter":11.0},"id":"8089"},{"type":"Feature","geometry":{"type":"Point","coordinates":[1826773.5573110564,2187206.958076024]},"properties":{"height":11.0,"crown_diameter":11.0},"id":"8091"},{"type":"Feature","geometry":{"type":"Point","coordinates":[1826855.480405779,2187117.852032165]},"properties":{"height":11.0,"crown_diameter":11.0},"id":"8093"},{"type":"Feature","geometry":{"type":"Point","coordinates":[1826316.8008929235,2187707.7139555747]},"properties":{"height":16.0,"crown_diameter":12.46},"id":"8096"},{"type":"Feature","geometry":{"type":"Point","coordinates":[1827082.700315564,2186976.093814338]},"properties":{"height":13.0,"crown_diameter":12.82},"id":"8099"},{"type":"Feature","geometry":{"type":"Point","coordinates":[1826624.6836576124,2186653.0018183775]},"properties":{"height":12.0,"crown_diameter":12.0},"id":"8100"},{"type":"Feature","geometry":{"type":"Point","coordinates":[1826878.8895047193,2186784.030731869]},"properties":{"height":11.0,"crown_diameter":11.0},"id":"8102"},{"type":"Feature","geometry":{"type":"Point","coordinates":[1826889.5322746052,2187657.7788748303]},"properties":{"height":11.0,"crown_diameter":11.0},"id":"8104"},{"type":"Feature","geometry":{"type":"Point","coordinates":[1826981.4793012068,2186861.526154276]},"properties":{"height":11.0,"crown_diameter":11.0},"id":"8105"},{"type":"Feature","geometry":{"type":"Point","coordinates":[1826656.088503524,2186824.9446112514]},"properties":{"height":11.0,"crown_diameter":11.0},"id":"8107"},{"type":"Feature","geometry":{"type":"Point","coordinates":[1826502.3069049926,2188008.5243227165]},"properties":{"height":11.0,"crown_diameter":11.0},"id":"8108"},{"type":"Feature","geometry":{"type":"Point","coordinates":[1826531.0784738662,2187389.9826959497]},"properties":{"height":11.0,"crown_diameter":11.0},"id":"8109"},{"type":"Feature","geometry":{"type":"Point","coordinates":[1827038.1182592048,2186793.559489056]},"properties":{"height":11.0,"crown_diameter":11.0},"id":"8112"},{"type":"Feature","geometry":{"type":"Point","coordinates":[1827052.9536202082,2187266.3481619298]},"properties":{"height":16.0,"crown_diameter":12.3},"id":"8117"},{"type":"Feature","geometry":{"type":"Point","coordinates":[1826412.0966101354,2187499.319229589]},"properties":{"height":12.0,"crown_diameter":12.0},"id":"8119"},{"type":"Feature","geometry":{"type":"Point","coordinates":[1826524.901201507,2187361.417070168]},"properties":{"height":11.0,"crown_diameter":11.0},"id":"8123"},{"type":"Feature","geometry":{"type":"Point","coordinates":[1826758.0845794317,2187100.478542314]},"properties":{"height":11.0,"crown_diameter":11.0},"id":"8127"},{"type":"Feature","geometry":{"type":"Point","coordinates":[1826178.0111002638,2186672.8996025855]},"properties":{"height":9.0,"crown_diameter":9.0},"id":"8134"},{"type":"Feature","geometry":{"type":"Point","coordinates":[1826151.991697767,2187428.61004174]},"properties":{"height":12.0,"crown_diameter":12.0},"id":"8136"},{"type":"Feature","geometry":{"type":"Point","coordinates":[1827052.104605161,2187547.5196408983]},"properties":{"height":11.0,"crown_diameter":11.0},"id":"8138"},{"type":"Feature","geometry":{"type":"Point","coordinates":[1826891.920628382,2187506.911465701]},"properties":{"height":12.0,"crown_diameter":12.0},"id":"8140"},{"type":"Feature","geometry":{"type":"Point","coordinates":[1827157.3137460942,2186874.976542155]},"properties":{"height":11.0,"crown_diameter":11.0},"id":"8142"},{"type":"Feature","geometry":{"type":"Point","coordinates":[1826414.7126985781,2187073.682085042]},"properties":{"height":9.0,"crown_diameter":9.0},"id":"8143"},{"type":"Feature","geometry":{"type":"Point","coordinates":[1826368.3796557875,2187317.0109608057]},"properties":{"height":14.0,"crown_diameter":13.38},"id":"8144"},{"type":"Feature","geometry":{"type":"Point","coordinates":[1826012.6684018928,2186916.2133299485]},"properties":{"height":9.0,"crown_diameter":9.0},"id":"8145"},{"type":"Feature","geometry":{"type":"Point","coordinates":[1826017.719621788,2186898.7088776166]},"properties":{"height":11.0,"crown_diameter":11.0},"id":"8152"},{"type":"Feature","geometry":{"type":"Point","coordinates":[1826571.0581286615,2187975.2083775466]},"properties":{"height":11.0,"crown_diameter":11.0},"id":"8155"},{"type":"Feature","geometry":{"type":"Point","coordinates":[1826871.8344977628,2187932.1526570497]},"properties":{"height":11.0,"crown_diameter":11.0},"id":"8156"},{"type":"Feature","geometry":{"type":"Point","coordinates":[1826566.0206268195,2187930.0890029087]},"properties":{"height":11.0,"crown_diameter":11.0},"id":"8160"},{"type":"Feature","geometry":{"type":"Point","coordinates":[1827050.473980484,2186936.7037140657]},"properties":{"height":11.0,"crown_diameter":11.0},"id":"8161"},{"type":"Feature","geometry":{"type":"Point","coordinates":[1826729.7899764893,2188045.3795526293]},"properties":{"height":9.0,"crown_diameter":9.0},"id":"8168"},{"type":"Feature","geometry":{"type":"Point","coordinates":[1826505.8908056458,2187676.614742342]},"properties":{"height":9.0,"crown_diameter":9.0},"id":"8169"},{"type":"Feature","geometry":{"type":"Point","coordinates":[1826881.2466316787,2186801.4143341556]},"properties":{"height":9.0,"crown_diameter":9.0},"id":"8174"},{"type":"Feature","geometry":{"type":"Point","coordinates":[1827169.2271575232,2186867.504715328]},"properties":{"height":11.0,"crown_diameter":11.0},"id":"8177"},{"type":"Feature","geometry":{"type":"Point","coordinates":[1827162.1576596033,2186815.353518662]},"properties":{"height":11.0,"crown_diameter":11.0},"id":"8179"},{"type":"Feature","geometry":{"type":"Point","coordinates":[1827208.5417320894,2186982.4222634695]},"properties":{"height":9.0,"crown_diameter":9.0},"id":"8181"},{"type":"Feature","geometry":{"type":"Point","coordinates":[1826813.5997052006,2187799.6997369686]},"properties":{"height":9.0,"crown_diameter":9.0},"id":"8187"},{"type":"Feature","geometry":{"type":"Point","coordinates":[1826819.5429807077,2187719.7804615134]},"properties":{"height":12.0,"crown_diameter":12.0},"id":"8190"},{"type":"Feature","geometry":{"type":"Point","coordinates":[1826478.036308281,2186680.104673604]},"properties":{"height":9.0,"crown_diameter":9.0},"id":"8192"},{"type":"Feature","geometry":{"type":"Point","coordinates":[1826162.9621178831,2186545.016655567]},"properties":{"height":12.0,"crown_diameter":12.0},"id":"8194"},{"type":"Feature","geometry":{"type":"Point","coordinates":[1827022.5261324618,2186996.4820431694]},"properties":{"height":12.0,"crown_diameter":12.0},"id":"8195"},{"type":"Feature","geometry":{"type":"Point","coordinates":[1826931.44542899,2187171.3012289642]},"properties":{"height":12.0,"crown_diameter":12.0},"id":"8196"},{"type":"Feature","geometry":{"type":"Point","coordinates":[1826316.3408884911,2187322.494672316]},"properties":{"height":11.0,"crown_diameter":11.0},"id":"8199"},{"type":"Feature","geometry":{"type":"Point","coordinates":[1827199.171625171,2186811.000928937]},"properties":{"height":15.0,"crown_diameter":12.14},"id":"8200"},{"type":"Feature","geometry":{"type":"Point","coordinates":[1826189.6536667394,2186639.1873360956]},"properties":{"height":8.0,"crown_diameter":8.0},"id":"8202"},{"type":"Feature","geometry":{"type":"Point","coordinates":[1827028.0939633648,2187801.715147014]},"properties":{"height":11.0,"crown_diameter":11.0},"id":"8204"},{"type":"Feature","geometry":{"type":"Point","coordinates":[1826146.9258903537,2187062.859401552]},"properties":{"height":8.0,"crown_diameter":8.0},"id":"8206"},{"type":"Feature","geometry":{"type":"Point","coordinates":[1826991.513573711,2186905.027505617]},"properties":{"height":8.0,"crown_diameter":8.0},"id":"8208"},{"type":"Feature","geometry":{"type":"Point","coordinates":[1826842.996341736,2187968.343613571]},"properties":{"height":8.0,"crown_diameter":8.0},"id":"8212"},{"type":"Feature","geometry":{"type":"Point","coordinates":[1826932.6210497678,2187115.489731379]},"properties":{"height":11.0,"crown_diameter":11.0},"id":"8218"},{"type":"Feature","geometry":{"type":"Point","coordinates":[1826492.268475003,2187452.8021863983]},"properties":{"height":9.0,"crown_diameter":9.0},"id":"8224"},{"type":"Feature","geometry":{"type":"Point","coordinates":[1826858.9897999067,2187013.0454204683]},"properties":{"height":17.0,"crown_diameter":13.84},"id":"8230"},{"type":"Feature","geometry":{"type":"Point","coordinates":[1826829.6060853265,2187188.400698585]},"properties":{"height":12.0,"crown_diameter":12.0},"id":"8231"},{"type":"Feature","geometry":{"type":"Point","coordinates":[1826136.2740165556,2186599.486421812]},"properties":{"height":7.0,"crown_diameter":7.0},"id":"8232"},{"type":"Feature","geometry":{"type":"Point","coordinates":[1827114.887199094,2186968.7324566627]},"properties":{"height":9.0,"crown_diameter":9.0},"id":"8233"},{"type":"Feature","geometry":{"type":"Point","coordinates":[1827052.258252993,2187648.510727619]},"properties":{"height":7.0,"crown_diameter":7.0},"id":"8240"},{"type":"Feature","geometry":{"type":"Point","coordinates":[1826865.323762557,2187142.610341623]},"properties":{"height":11.0,"crown_diameter":11.0},"id":"8241"},{"type":"Feature","geometry":{"type":"Point","coordinates":[1827073.840103943,2186790.7711453065]},"properties":{"height":8.0,"crown_diameter":8.0},"id":"8243"},{"type":"Feature","geometry":{"type":"Point","coordinates":[1827014.3226298674,2187132.9009015844]},"properties":{"height":11.0,"crown_diameter":11.0},"id":"8245"},{"type":"Feature","geometry":{"type":"Point","coordinates":[1826610.771036296,2187787.3562641796]},"properties":{"height":9.0,"crown_diameter":9.0},"id":"8250"},{"type":"Feature","geometry":{"type":"Point","coordinates":[1826313.164859355,2187820.8900556406]},"properties":{"height":8.0,"crown_diameter":8.0},"id":"8254"},{"type":"Feature","geometry":{"type":"Point","coordinates":[1827024.3687708855,2186984.763981733]},"properties":{"height":8.0,"crown_diameter":8.0},"id":"8256"},{"type":"Feature","geometry":{"type":"Point","coordinates":[1826984.7601389163,2187183.882984009]},"properties":{"height":7.0,"crown_diameter":7.0},"id":"8257"},{"type":"Feature","geometry":{"type":"Point","coordinates":[1826281.2720295985,2187197.3760386975]},"properties":{"height":8.0,"crown_diameter":8.0},"id":"8259"},{"type":"Feature","geometry":{"type":"Point","coordinates":[1826356.368599445,2186953.35084993]},"properties":{"height":8.0,"crown_diameter":8.0},"id":"8261"},{"type":"Feature","geometry":{"type":"Point","coordinates":[1827023.4733184786,2186918.1787287565]},"properties":{"height":12.0,"crown_diameter":12.0},"id":"8263"},{"type":"Feature","geometry":{"type":"Point","coordinates":[1826842.3497197223,2187947.62737018]},"properties":{"height":8.0,"crown_diameter":8.0},"id":"8264"},{"type":"Feature","geometry":{"type":"Point","coordinates":[1826988.0449209544,2187807.2187635377]},"properties":{"height":8.0,"crown_diameter":8.0},"id":"8265"},{"type":"Feature","geometry":{"type":"Point","coordinates":[1827143.4256956633,2186945.552521001]},"properties":{"height":7.0,"crown_diameter":7.0},"id":"8267"},{"type":"Feature","geometry":{"type":"Point","coordinates":[1826368.8020628947,2187358.240032148]},"properties":{"height":7.0,"crown_diameter":7.0},"id":"8277"},{"type":"Feature","geometry":{"type":"Point","coordinates":[1826525.7848237075,2187959.852156794]},"properties":{"height":7.0,"crown_diameter":7.0},"id":"8285"},{"type":"Feature","geometry":{"type":"Point","coordinates":[1826473.3201874567,2186645.3375565493]},"properties":{"height":6.0,"crown_diameter":6.0},"id":"8300"},{"type":"Feature","geometry":{"type":"Point","coordinates":[1826703.7412206563,2187991.5629281066]},"properties":{"height":7.0,"crown_diameter":7.0},"id":"8302"},{"type":"Feature","geometry":{"type":"Point","coordinates":[1826198.3173787834,2187631.1568812598]},"properties":{"height":8.0,"crown_diameter":8.0},"id":"8310"},{"type":"Feature","geometry":{"type":"Point","coordinates":[1827035.5159997486,2186816.3169527524]},"properties":{"height":7.0,"crown_diameter":7.0},"id":"8313"},{"type":"Feature","geometry":{"type":"Point","coordinates":[1826463.2371957323,2186703.7238562014]},"properties":{"height":6.0,"crown_diameter":6.0},"id":"8316"},{"type":"Feature","geometry":{"type":"Point","coordinates":[1826166.3836844277,2186941.2527153706]},"properties":{"height":6.0,"crown_diameter":6.0},"id":"8319"},{"type":"Feature","geometry":{"type":"Point","coordinates":[1826919.1063736288,2188122.7726620203]},"properties":{"height":7.0,"crown_diameter":7.0},"id":"8321"},{"type":"Feature","geometry":{"type":"Point","coordinates":[1826920.7966609797,2188096.065382765]},"properties":{"height":6.0,"crown_diameter":6.0},"id":"8323"},{"type":"Feature","geometry":{"type":"Point","coordinates":[1826886.6860255327,2187763.6679525133]},"properties":{"height":6.0,"crown_diameter":6.0},"id":"8325"},{"type":"Feature","geometry":{"type":"Point","coordinates":[1826804.069443009,2187976.916428869]},"properties":{"height":6.0,"crown_diameter":6.0},"id":"8326"},{"type":"Feature","geometry":{"type":"Point","coordinates":[1827173.7925012426,2187188.2985943425]},"properties":{"height":7.0,"crown_diameter":7.0},"id":"8327"},{"type":"Feature","geometry":{"type":"Point","coordinates":[1826699.7756108579,2188094.3779784194]},"properties":{"height":6.0,"crown_diameter":6.0},"id":"8329"},{"type":"Feature","geometry":{"type":"Point","coordinates":[1826677.2104489796,2187505.7870286433]},"properties":{"height":6.0,"crown_diameter":6.0},"id":"8330"},{"type":"Feature","geometry":{"type":"Point","coordinates":[1826725.037807846,2186767.360120058]},"properties":{"height":6.0,"crown_diameter":6.0},"id":"8332"},{"type":"Feature","geometry":{"type":"Point","coordinates":[1826583.0252894494,2187674.250759198]},"properties":{"height":6.0,"crown_diameter":6.0},"id":"8334"},{"type":"Feature","geometry":{"type":"Point","coordinates":[1826296.9098725754,2187893.6998508284]},"properties":{"height":6.0,"crown_diameter":6.0},"id":"8338"},{"type":"Feature","geometry":{"type":"Point","coordinates":[1826814.2879744498,2187910.159345987]},"properties":{"height":7.0,"crown_diameter":7.0},"id":"8339"},{"type":"Feature","geometry":{"type":"Point","coordinates":[1826580.753199412,2188070.964864637]},"properties":{"height":6.0,"crown_diameter":6.0},"id":"8342"},{"type":"Feature","geometry":{"type":"Point","coordinates":[1826679.5319142095,2187883.0325075258]},"properties":{"height":6.0,"crown_diameter":6.0},"id":"8343"},{"type":"Feature","geometry":{"type":"Point","coordinates":[1826580.2506146466,2187936.2508580564]},"properties":{"height":6.0,"crown_diameter":6.0},"id":"8344"},{"type":"Feature","geometry":{"type":"Point","coordinates":[1826356.8683493566,2187002.078484999]},"properties":{"height":6.0,"crown_diameter":6.0},"id":"8345"},{"type":"Feature","geometry":{"type":"Point","coordinates":[1826918.2623576196,2187782.3368509253]},"properties":{"height":6.0,"crown_diameter":6.0},"id":"8346"},{"type":"Feature","geometry":{"type":"Point","coordinates":[1826463.1916175731,2187572.1323321587]},"properties":{"height":6.0,"crown_diameter":6.0},"id":"8347"},{"type":"Feature","geometry":{"type":"Point","coordinates":[1826696.2356718138,2186807.3066686518]},"properties":{"height":12.0,"crown_diameter":12.0},"id":"8349"},{"type":"Feature","geometry":{"type":"Point","coordinates":[1826845.5876357863,2187237.9772334583]},"properties":{"height":6.0,"crown_diameter":6.0},"id":"8359"},{"type":"Feature","geometry":{"type":"Point","coordinates":[1826224.2524871284,2187184.859921139]},"properties":{"height":6.0,"crown_diameter":6.0},"id":"8361"},{"type":"Feature","geometry":{"type":"Point","coordinates":[1827090.7656733575,2187383.7091181837]},"properties":{"height":6.0,"crown_diameter":6.0},"id":"8362"},{"type":"Feature","geometry":{"type":"Point","coordinates":[1826935.024284944,2186901.9803267578]},"properties":{"height":6.0,"crown_diameter":6.0},"id":"8366"},{"type":"Feature","geometry":{"type":"Point","coordinates":[1826936.6531109698,2187211.7921849214]},"properties":{"height":7.0,"crown_diameter":7.0},"id":"8368"},{"type":"Feature","geometry":{"type":"Point","coordinates":[1826850.7683592096,2188025.325498084]},"properties":{"height":6.0,"crown_diameter":6.0},"id":"8371"},{"type":"Feature","geometry":{"type":"Point","coordinates":[1826694.8988712172,2187509.0261242897]},"properties":{"height":6.0,"crown_diameter":6.0},"id":"8372"},{"type":"Feature","geometry":{"type":"Point","coordinates":[1826699.8190865642,2187499.9047931423]},"properties":{"height":6.0,"crown_diameter":6.0},"id":"8373"},{"type":"Feature","geometry":{"type":"Point","coordinates":[1826392.416009019,2186663.645593094]},"properties":{"height":6.0,"crown_diameter":6.0},"id":"8378"},{"type":"Feature","geometry":{"type":"Point","coordinates":[1826272.6201306533,2187140.1833225214]},"properties":{"height":6.0,"crown_diameter":6.0},"id":"8383"},{"type":"Feature","geometry":{"type":"Point","coordinates":[1827063.450439086,2186905.176655975]},"properties":{"height":7.0,"crown_diameter":7.0},"id":"8387"},{"type":"Feature","geometry":{"type":"Point","coordinates":[1827149.8485892608,2186976.9835747103]},"properties":{"height":6.0,"crown_diameter":6.0},"id":"8390"},{"type":"Feature","geometry":{"type":"Point","coordinates":[1826409.2259117856,2187112.583705034]},"properties":{"height":6.0,"crown_diameter":6.0},"id":"8393"},{"type":"Feature","geometry":{"type":"Point","coordinates":[1826424.920295485,2186772.2759638513]},"properties":{"height":6.0,"crown_diameter":6.0},"id":"8397"},{"type":"Feature","geometry":{"type":"Point","coordinates":[1826805.2331349808,2188112.722293467]},"properties":{"height":6.0,"crown_diameter":6.0},"id":"8405"},{"type":"Feature","geometry":{"type":"Point","coordinates":[1826339.7337334973,2187031.6890235515]},"properties":{"height":6.0,"crown_diameter":6.0},"id":"8406"},{"type":"Feature","geometry":{"type":"Point","coordinates":[1826700.7963526386,2187061.721027183]},"properties":{"height":6.0,"crown_diameter":6.0},"id":"8410"},{"type":"Feature","geometry":{"type":"Point","coordinates":[1826616.5962782572,2187973.802872651]},"properties":{"height":6.0,"crown_diameter":6.0},"id":"8412"},{"type":"Feature","geometry":{"type":"Point","coordinates":[1826453.863561044,2187576.4746406362]},"properties":{"height":6.0,"crown_diameter":6.0},"id":"8414"},{"type":"Feature","geometry":{"type":"Point","coordinates":[1826673.205458106,2187882.4743299778]},"properties":{"height":6.0,"crown_diameter":6.0},"id":"8416"},{"type":"Feature","geometry":{"type":"Point","coordinates":[1826668.492230854,2186780.1942344527]},"properties":{"height":6.0,"crown_diameter":6.0},"id":"8423"},{"type":"Feature","geometry":{"type":"Point","coordinates":[1826690.1313700536,2187853.753488768]},"properties":{"height":6.0,"crown_diameter":6.0},"id":"8425"},{"type":"Feature","geometry":{"type":"Point","coordinates":[1826498.7213706516,2187593.6015629983]},"properties":{"height":6.0,"crown_diameter":6.0},"id":"8426"},{"type":"Feature","geometry":{"type":"Point","coordinates":[1826531.524545598,2187497.5848671123]},"properties":{"height":6.0,"crown_diameter":6.0},"id":"8428"},{"type":"Feature","geometry":{"type":"Point","coordinates":[1826975.2598492077,2187857.4811686813]},"properties":{"height":6.0,"crown_diameter":6.0},"id":"8429"},{"type":"Feature","geometry":{"type":"Point","coordinates":[1827033.4522565857,2187020.5618052795]},"properties":{"height":6.0,"crown_diameter":6.0},"id":"8435"},{"type":"Feature","geometry":{"type":"Point","coordinates":[1826538.8749482287,2187470.3418715503]},"properties":{"height":6.0,"crown_diameter":6.0},"id":"8436"},{"type":"Feature","geometry":{"type":"Point","coordinates":[1826510.5596320715,2187856.246950003]},"properties":{"height":6.0,"crown_diameter":6.0},"id":"8438"},{"type":"Feature","geometry":{"type":"Point","coordinates":[1826474.4213814607,2188052.4173940173]},"properties":{"height":6.0,"crown_diameter":6.0},"id":"8440"},{"type":"Feature","geometry":{"type":"Point","coordinates":[1826786.9780298416,2186727.7534712804]},"properties":{"height":6.0,"crown_diameter":6.0},"id":"8441"},{"type":"Feature","geometry":{"type":"Point","coordinates":[1826251.5117087027,2186994.9859585227]},"properties":{"height":6.0,"crown_diameter":6.0},"id":"8442"},{"type":"Feature","geometry":{"type":"Point","coordinates":[1826938.9218078442,2188163.902460034]},"properties":{"height":6.0,"crown_diameter":6.0},"id":"8444"},{"type":"Feature","geometry":{"type":"Point","coordinates":[1827028.572372139,2187119.4369886653]},"properties":{"height":6.0,"crown_diameter":6.0},"id":"8445"},{"type":"Feature","geometry":{"type":"Point","coordinates":[1826864.050317365,2188109.7788630896]},"properties":{"height":6.0,"crown_diameter":6.0},"id":"8447"},{"type":"Feature","geometry":{"type":"Point","coordinates":[1826942.9254221905,2187271.230230943]},"properties":{"height":6.0,"crown_diameter":6.0},"id":"8448"},{"type":"Feature","geometry":{"type":"Point","coordinates":[1827183.8241192189,2187145.79455953]},"properties":{"height":6.0,"crown_diameter":6.0},"id":"8453"},{"type":"Feature","geometry":{"type":"Point","coordinates":[1826777.7599281971,2187619.2501672246]},"properties":{"height":6.0,"crown_diameter":6.0},"id":"8455"},{"type":"Feature","geometry":{"type":"Point","coordinates":[1826594.5542915808,2187906.911499723]},"properties":{"height":6.0,"crown_diameter":6.0},"id":"8458"},{"type":"Feature","geometry":{"type":"Point","coordinates":[1826577.0698347443,2187816.792679903]},"properties":{"height":6.0,"crown_diameter":6.0},"id":"8459"},{"type":"Feature","geometry":{"type":"Point","coordinates":[1827034.0410575115,2187014.156902853]},"properties":{"height":6.0,"crown_diameter":6.0},"id":"8461"},{"type":"Feature","geometry":{"type":"Point","coordinates":[1826688.012843083,2188030.847334767]},"properties":{"height":6.0,"crown_diameter":6.0},"id":"8462"},{"type":"Feature","geometry":{"type":"Point","coordinates":[1826926.2949807618,2187650.5640332815]},"properties":{"height":6.0,"crown_diameter":6.0},"id":"8466"},{"type":"Feature","geometry":{"type":"Point","coordinates":[1826517.0372532837,2186784.6594210453]},"properties":{"height":6.0,"crown_diameter":6.0},"id":"8468"},{"type":"Feature","geometry":{"type":"Point","coordinates":[1826360.1192647957,2186702.7687760987]},"properties":{"height":6.0,"crown_diameter":6.0},"id":"8469"},{"type":"Feature","geometry":{"type":"Point","coordinates":[1827065.396531628,2187182.347151897]},"properties":{"height":6.0,"crown_diameter":6.0},"id":"8470"},{"type":"Feature","geometry":{"type":"Point","coordinates":[1826534.9104589166,2186720.6327854428]},"properties":{"height":6.0,"crown_diameter":6.0},"id":"8471"},{"type":"Feature","geometry":{"type":"Point","coordinates":[1826252.2646347836,2186940.9452901473]},"properties":{"height":6.0,"crown_diameter":6.0},"id":"8475"},{"type":"Feature","geometry":{"type":"Point","coordinates":[1826775.580242655,2187726.2311284975]},"properties":{"height":14.0,"crown_diameter":11.8},"id":"8484"},{"type":"Feature","geometry":{"type":"Point","coordinates":[1826291.4913518182,2187854.0992004615]},"properties":{"height":13.0,"crown_diameter":12.3},"id":"8491"},{"type":"Feature","geometry":{"type":"Point","coordinates":[1826941.6305228595,2186780.1386943334]},"properties":{"height":13.0,"crown_diameter":12.56},"id":"8499"},{"type":"Feature","geometry":{"type":"Point","coordinates":[1826948.583734853,2187763.320170928]},"properties":{"height":11.0,"crown_diameter":11.0},"id":"8500"},{"type":"Feature","geometry":{"type":"Point","coordinates":[1826979.1563645576,2187962.1552298097]},"properties":{"height":16.0,"crown_diameter":12.46},"id":"8506"},{"type":"Feature","geometry":{"type":"Point","coordinates":[1826266.2961454499,2187479.8778294134]},"properties":{"height":13.0,"crown_diameter":12.48},"id":"8508"},{"type":"Feature","geometry":{"type":"Point","coordinates":[1826938.2291570322,2187752.4637569757]},"properties":{"height":12.0,"crown_diameter":12.0},"id":"8510"},{"type":"Feature","geometry":{"type":"Point","coordinates":[1826351.0365225615,2187347.505514552]},"properties":{"height":12.0,"crown_diameter":11.64},"id":"8514"},{"type":"Feature","geometry":{"type":"Point","coordinates":[1827034.1127979248,2186892.6440507653]},"properties":{"height":13.0,"crown_diameter":12.1},"id":"8515"},{"type":"Feature","geometry":{"type":"Point","coordinates":[1827100.4302359875,2187069.087862365]},"properties":{"height":11.0,"crown_diameter":11.0},"id":"8517"},{"type":"Feature","geometry":{"type":"Point","coordinates":[1826778.1076645388,2187738.979110106]},"properties":{"height":11.0,"crown_diameter":11.0},"id":"8518"},{"type":"Feature","geometry":{"type":"Point","coordinates":[1826880.9054012485,2187174.331584602]},"properties":{"height":9.0,"crown_diameter":9.0},"id":"8520"},{"type":"Feature","geometry":{"type":"Point","coordinates":[1827063.3162860104,2186870.5553928954]},"properties":{"height":11.0,"crown_diameter":11.0},"id":"8521"},{"type":"Feature","geometry":{"type":"Point","coordinates":[1826284.805223511,2187350.5758039895]},"properties":{"height":9.0,"crown_diameter":9.0},"id":"8524"},{"type":"Feature","geometry":{"type":"Point","coordinates":[1826795.3259895795,2187118.6143113542]},"properties":{"height":15.0,"crown_diameter":13.82},"id":"8525"},{"type":"Feature","geometry":{"type":"Point","coordinates":[1827048.0745336732,2186786.5604158347]},"properties":{"height":9.0,"crown_diameter":9.0},"id":"8528"},{"type":"Feature","geometry":{"type":"Point","coordinates":[1826229.2821314766,2187143.981629073]},"properties":{"height":11.0,"crown_diameter":11.0},"id":"8532"},{"type":"Feature","geometry":{"type":"Point","coordinates":[1826928.3477770134,2187680.960542561]},"properties":{"height":9.0,"crown_diameter":9.0},"id":"8537"},{"type":"Feature","geometry":{"type":"Point","coordinates":[1827118.0970921002,2186919.9429368917]},"properties":{"height":9.0,"crown_diameter":9.0},"id":"8542"},{"type":"Feature","geometry":{"type":"Point","coordinates":[1826661.9344717169,2187226.424417523]},"properties":{"height":9.0,"crown_diameter":9.0},"id":"8545"},{"type":"Feature","geometry":{"type":"Point","coordinates":[1826918.9542095761,2186993.5417031655]},"properties":{"height":9.0,"crown_diameter":9.0},"id":"8549"},{"type":"Feature","geometry":{"type":"Point","coordinates":[1826860.3754937144,2187362.989809032]},"properties":{"height":8.0,"crown_diameter":8.0},"id":"8551"},{"type":"Feature","geometry":{"type":"Point","coordinates":[1826775.756159894,2187123.344589122]},"properties":{"height":8.0,"crown_diameter":8.0},"id":"8553"},{"type":"Feature","geometry":{"type":"Point","coordinates":[1826735.523795476,2187966.34855828]},"properties":{"height":9.0,"crown_diameter":9.0},"id":"8557"},{"type":"Feature","geometry":{"type":"Point","coordinates":[1826906.615267513,2187237.421816776]},"properties":{"height":9.0,"crown_diameter":9.0},"id":"8558"},{"type":"Feature","geometry":{"type":"Point","coordinates":[1827048.0776742178,2186872.568312453]},"properties":{"height":8.0,"crown_diameter":8.0},"id":"8563"},{"type":"Feature","geometry":{"type":"Point","coordinates":[1826449.5547170849,2187837.1793846064]},"properties":{"height":8.0,"crown_diameter":8.0},"id":"8572"},{"type":"Feature","geometry":{"type":"Point","coordinates":[1826983.3018326429,2186826.4317563656]},"properties":{"height":9.0,"crown_diameter":9.0},"id":"8576"},{"type":"Feature","geometry":{"type":"Point","coordinates":[1826956.1306309393,2187969.80683777]},"properties":{"height":8.0,"crown_diameter":8.0},"id":"8577"},{"type":"Feature","geometry":{"type":"Point","coordinates":[1826748.6707935971,2187973.1898882827]},"properties":{"height":8.0,"crown_diameter":8.0},"id":"8579"},{"type":"Feature","geometry":{"type":"Point","coordinates":[1826489.2714368098,2187969.93041804]},"properties":{"height":8.0,"crown_diameter":8.0},"id":"8584"},{"type":"Feature","geometry":{"type":"Point","coordinates":[1826668.6089694833,2187901.9532746742]},"properties":{"height":8.0,"crown_diameter":8.0},"id":"8585"},{"type":"Feature","geometry":{"type":"Point","coordinates":[1826504.3577497592,2187995.9226276674]},"properties":{"height":9.0,"crown_diameter":9.0},"id":"8587"},{"type":"Feature","geometry":{"type":"Point","coordinates":[1826917.4573534902,2187081.997091029]},"properties":{"height":8.0,"crown_diameter":8.0},"id":"8588"},{"type":"Feature","geometry":{"type":"Point","coordinates":[1827130.0372207945,2187322.867800283]},"properties":{"height":19.0,"crown_diameter":11.5},"id":"8589"},{"type":"Feature","geometry":{"type":"Point","coordinates":[1826856.6195389463,2187101.2941650185]},"properties":{"height":7.0,"crown_diameter":7.0},"id":"8590"},{"type":"Feature","geometry":{"type":"Point","coordinates":[1826141.8656745742,2186634.459344905]},"properties":{"height":8.0,"crown_diameter":8.0},"id":"8591"},{"type":"Feature","geometry":{"type":"Point","coordinates":[1826484.2166689353,2187091.949171945]},"properties":{"height":8.0,"crown_diameter":8.0},"id":"8593"},{"type":"Feature","geometry":{"type":"Point","coordinates":[1826226.583113265,2187135.8667401685]},"properties":{"height":8.0,"crown_diameter":8.0},"id":"8595"},{"type":"Feature","geometry":{"type":"Point","coordinates":[1827109.9651567026,2186934.851117356]},"properties":{"height":7.0,"crown_diameter":7.0},"id":"8599"},{"type":"Feature","geometry":{"type":"Point","coordinates":[1826978.625269802,2187245.067434172]},"properties":{"height":7.0,"crown_diameter":7.0},"id":"8605"},{"type":"Feature","geometry":{"type":"Point","coordinates":[1826976.3132382852,2186910.7889195825]},"properties":{"height":8.0,"crown_diameter":8.0},"id":"8607"},{"type":"Feature","geometry":{"type":"Point","coordinates":[1826662.8398815782,2186675.0921747293]},"properties":{"height":7.0,"crown_diameter":7.0},"id":"8610"},{"type":"Feature","geometry":{"type":"Point","coordinates":[1826730.07765766,2187090.130782373]},"properties":{"height":9.0,"crown_diameter":9.0},"id":"8611"},{"type":"Feature","geometry":{"type":"Point","coordinates":[1826388.064193403,2187706.7674238393]},"properties":{"height":11.0,"crown_diameter":11.0},"id":"8612"},{"type":"Feature","geometry":{"type":"Point","coordinates":[1826803.353894258,2187671.09246716]},"properties":{"height":7.0,"crown_diameter":7.0},"id":"8616"},{"type":"Feature","geometry":{"type":"Point","coordinates":[1826794.8672477184,2187073.6350212907]},"properties":{"height":7.0,"crown_diameter":7.0},"id":"8619"},{"type":"Feature","geometry":{"type":"Point","coordinates":[1827005.7784905143,2187321.585676117]},"properties":{"height":7.0,"crown_diameter":7.0},"id":"8624"},{"type":"Feature","geometry":{"type":"Point","coordinates":[1827028.9249415959,2186875.527266782]},"properties":{"height":12.0,"crown_diameter":12.0},"id":"8625"},{"type":"Feature","geometry":{"type":"Point","coordinates":[1827123.2291230916,2186995.942030784]},"properties":{"height":8.0,"crown_diameter":8.0},"id":"8629"},{"type":"Feature","geometry":{"type":"Point","coordinates":[1827114.3940885584,2187006.0098783183]},"properties":{"height":7.0,"crown_diameter":7.0},"id":"8631"},{"type":"Feature","geometry":{"type":"Point","coordinates":[1826198.9009457552,2187433.13263044]},"properties":{"height":12.0,"crown_diameter":12.0},"id":"8633"},{"type":"Feature","geometry":{"type":"Point","coordinates":[1826739.9535236063,2188037.496385369]},"properties":{"height":6.0,"crown_diameter":6.0},"id":"8635"},{"type":"Feature","geometry":{"type":"Point","coordinates":[1826842.4799788506,2187039.9987945417]},"properties":{"height":8.0,"crown_diameter":8.0},"id":"8643"},{"type":"Feature","geometry":{"type":"Point","coordinates":[1826058.10196908,2186586.6576700234]},"properties":{"height":6.0,"crown_diameter":6.0},"id":"8649"},{"type":"Feature","geometry":{"type":"Point","coordinates":[1826373.3639956987,2187378.0114028826]},"properties":{"height":8.0,"crown_diameter":8.0},"id":"8662"},{"type":"Feature","geometry":{"type":"Point","coordinates":[1826773.7880024984,2186951.808235711]},"properties":{"height":6.0,"crown_diameter":6.0},"id":"8667"},{"type":"Feature","geometry":{"type":"Point","coordinates":[1826857.8597405248,2187201.6115138405]},"properties":{"height":6.0,"crown_diameter":6.0},"id":"8668"},{"type":"Feature","geometry":{"type":"Point","coordinates":[1826526.4612961449,2187386.0890256288]},"properties":{"height":8.0,"crown_diameter":8.0},"id":"8672"},{"type":"Feature","geometry":{"type":"Point","coordinates":[1826311.1855504855,2187266.127536954]},"properties":{"height":6.0,"crown_diameter":6.0},"id":"8673"},{"type":"Feature","geometry":{"type":"Point","coordinates":[1826791.386226535,2187010.1806906164]},"properties":{"height":6.0,"crown_diameter":6.0},"id":"8676"},{"type":"Feature","geometry":{"type":"Point","coordinates":[1826858.088867389,2187224.100848671]},"properties":{"height":6.0,"crown_diameter":6.0},"id":"8683"},{"type":"Feature","geometry":{"type":"Point","coordinates":[1826747.3845005801,2187055.8871522644]},"properties":{"height":11.0,"crown_diameter":11.0},"id":"8685"},{"type":"Feature","geometry":{"type":"Point","coordinates":[1826825.2788498062,2187277.1202409593]},"properties":{"height":6.0,"crown_diameter":6.0},"id":"8687"},{"type":"Feature","geometry":{"type":"Point","coordinates":[1826393.691405402,2187745.4836077592]},"properties":{"height":6.0,"crown_diameter":6.0},"id":"8689"},{"type":"Feature","geometry":{"type":"Point","coordinates":[1826981.8528686827,2187176.653189404]},"properties":{"height":6.0,"crown_diameter":6.0},"id":"8698"},{"type":"Feature","geometry":{"type":"Point","coordinates":[1826719.7751244723,2187982.2608605884]},"properties":{"height":6.0,"crown_diameter":6.0},"id":"8701"},{"type":"Feature","geometry":{"type":"Point","coordinates":[1826836.2260051908,2187774.1932390016]},"properties":{"height":7.0,"crown_diameter":7.0},"id":"8702"},{"type":"Feature","geometry":{"type":"Point","coordinates":[1827035.082960302,2186923.723052113]},"properties":{"height":6.0,"crown_diameter":6.0},"id":"8703"},{"type":"Feature","geometry":{"type":"Point","coordinates":[1826958.1291508672,2186901.8235481563]},"properties":{"height":6.0,"crown_diameter":6.0},"id":"8706"},{"type":"Feature","geometry":{"type":"Point","coordinates":[1826448.4855234674,2187775.236458102]},"properties":{"height":6.0,"crown_diameter":6.0},"id":"8711"},{"type":"Feature","geometry":{"type":"Point","coordinates":[1827027.2574402206,2187762.2585052485]},"properties":{"height":6.0,"crown_diameter":6.0},"id":"8717"},{"type":"Feature","geometry":{"type":"Point","coordinates":[1826838.5797986013,2187298.9548056335]},"properties":{"height":6.0,"crown_diameter":6.0},"id":"8718"},{"type":"Feature","geometry":{"type":"Point","coordinates":[1827019.8593624285,2187398.7575012636]},"properties":{"height":6.0,"crown_diameter":6.0},"id":"8721"},{"type":"Feature","geometry":{"type":"Point","coordinates":[1826867.7500409267,2187937.7317243363]},"properties":{"height":6.0,"crown_diameter":6.0},"id":"8724"},{"type":"Feature","geometry":{"type":"Point","coordinates":[1826292.4917525873,2187122.4363572854]},"properties":{"height":6.0,"crown_diameter":6.0},"id":"8725"},{"type":"Feature","geometry":{"type":"Point","coordinates":[1826955.2344826001,2187195.6113984403]},"properties":{"height":6.0,"crown_diameter":6.0},"id":"8729"},{"type":"Feature","geometry":{"type":"Point","coordinates":[1826441.764945749,2186693.0492755524]},"properties":{"height":6.0,"crown_diameter":6.0},"id":"8734"},{"type":"Feature","geometry":{"type":"Point","coordinates":[1827083.003952735,2186963.0776385386]},"properties":{"height":7.0,"crown_diameter":7.0},"id":"8735"},{"type":"Feature","geometry":{"type":"Point","coordinates":[1826629.9664311253,2186657.9876220124]},"properties":{"height":6.0,"crown_diameter":6.0},"id":"8737"},{"type":"Feature","geometry":{"type":"Point","coordinates":[1826530.7718967574,2187359.9979064967]},"properties":{"height":6.0,"crown_diameter":6.0},"id":"8739"},{"type":"Feature","geometry":{"type":"Point","coordinates":[1826655.5000244174,2186831.3496317407]},"properties":{"height":6.0,"crown_diameter":6.0},"id":"8747"},{"type":"Feature","geometry":{"type":"Point","coordinates":[1827040.4980456212,2186920.3267307314]},"properties":{"height":6.0,"crown_diameter":6.0},"id":"8751"},{"type":"Feature","geometry":{"type":"Point","coordinates":[1826340.4570833948,2187932.0145435263]},"properties":{"height":6.0,"crown_diameter":6.0},"id":"8758"},{"type":"Feature","geometry":{"type":"Point","coordinates":[1826759.4443795604,2186977.403389084]},"properties":{"height":6.0,"crown_diameter":6.0},"id":"8760"},{"type":"Feature","geometry":{"type":"Point","coordinates":[1827039.2269204683,2187781.9089219333]},"properties":{"height":6.0,"crown_diameter":6.0},"id":"8763"},{"type":"Feature","geometry":{"type":"Point","coordinates":[1826821.2412703882,2187908.0614235513]},"properties":{"height":6.0,"crown_diameter":6.0},"id":"8766"},{"type":"Feature","geometry":{"type":"Point","coordinates":[1826495.939066138,2187961.222083531]},"properties":{"height":6.0,"crown_diameter":6.0},"id":"8767"},{"type":"Feature","geometry":{"type":"Point","coordinates":[1826517.512831419,2187854.14876383]},"properties":{"height":6.0,"crown_diameter":6.0},"id":"8768"},{"type":"Feature","geometry":{"type":"Point","coordinates":[1826726.2341009027,2187974.4380618543]},"properties":{"height":6.0,"crown_diameter":6.0},"id":"8769"},{"type":"Feature","geometry":{"type":"Point","coordinates":[1826893.0927350218,2186958.459112654]},"properties":{"height":6.0,"crown_diameter":6.0},"id":"8771"},{"type":"Feature","geometry":{"type":"Point","coordinates":[1826420.6948493316,2188041.60992666]},"properties":{"height":6.0,"crown_diameter":6.0},"id":"8774"},{"type":"Feature","geometry":{"type":"Point","coordinates":[1827044.7736626843,2186933.488775553]},"properties":{"height":6.0,"crown_diameter":6.0},"id":"8778"},{"type":"Feature","geometry":{"type":"Point","coordinates":[1826836.4411964563,2187945.298255811]},"properties":{"height":6.0,"crown_diameter":6.0},"id":"8782"},{"type":"Feature","geometry":{"type":"Point","coordinates":[1826531.9994613442,2187992.163353597]},"properties":{"height":6.0,"crown_diameter":6.0},"id":"8788"},{"type":"Feature","geometry":{"type":"Point","coordinates":[1826861.5869927474,2187267.9270802853]},"properties":{"height":6.0,"crown_diameter":6.0},"id":"8791"},{"type":"Feature","geometry":{"type":"Point","coordinates":[1826968.9135168106,2187168.925528951]},"properties":{"height":6.0,"crown_diameter":6.0},"id":"8793"},{"type":"Feature","geometry":{"type":"Point","coordinates":[1826840.096459867,2187233.877043939]},"properties":{"height":6.0,"crown_diameter":6.0},"id":"8794"},{"type":"Feature","geometry":{"type":"Point","coordinates":[1827052.1458052234,2186929.619472689]},"properties":{"height":6.0,"crown_diameter":6.0},"id":"8798"},{"type":"Feature","geometry":{"type":"Point","coordinates":[1826495.6951079138,2188001.3561147284]},"properties":{"height":6.0,"crown_diameter":6.0},"id":"8799"},{"type":"Feature","geometry":{"type":"Point","coordinates":[1826858.3698317783,2187144.7086206074]},"properties":{"height":6.0,"crown_diameter":6.0},"id":"8802"},{"type":"Feature","geometry":{"type":"Point","coordinates":[1826786.8972960042,2187596.168153439]},"properties":{"height":6.0,"crown_diameter":6.0},"id":"8803"},{"type":"Feature","geometry":{"type":"Point","coordinates":[1826294.036390633,2187847.222098081]},"properties":{"height":15.0,"crown_diameter":12.14},"id":"8807"},{"type":"Feature","geometry":{"type":"Point","coordinates":[1826999.546185136,2187308.8972678776]},"properties":{"height":12.0,"crown_diameter":12.0},"id":"8808"},{"type":"Feature","geometry":{"type":"Point","coordinates":[1826741.3178152302,2187957.434115376]},"properties":{"height":9.0,"crown_diameter":9.0},"id":"8811"},{"type":"Feature","geometry":{"type":"Point","coordinates":[1827055.0669792343,2186788.2105664616]},"properties":{"height":8.0,"crown_diameter":8.0},"id":"8814"},{"type":"Feature","geometry":{"type":"Point","coordinates":[1827046.61168709,2186792.7592551317]},"properties":{"height":7.0,"crown_diameter":7.0},"id":"8819"},{"type":"Feature","geometry":{"type":"Point","coordinates":[1826284.2554331152,2187360.7283808375]},"properties":{"height":6.0,"crown_diameter":6.0},"id":"8821"},{"type":"Feature","geometry":{"type":"Point","coordinates":[1826706.1170454114,2187070.454960386]},"properties":{"height":6.0,"crown_diameter":6.0},"id":"8825"},{"type":"Feature","geometry":{"type":"Point","coordinates":[1827125.9253638897,2186918.051022339]},"properties":{"height":6.0,"crown_diameter":6.0},"id":"8827"},{"type":"Feature","geometry":{"type":"Point","coordinates":[1826303.149081726,2187268.905484465]},"properties":{"height":6.0,"crown_diameter":6.0},"id":"8829"},{"type":"Feature","geometry":{"type":"Point","coordinates":[1827060.1053377218,2186876.3416177183]},"properties":{"height":6.0,"crown_diameter":6.0},"id":"8832"},{"type":"Feature","geometry":{"type":"Point","coordinates":[1826947.1209898011,2187769.518135458]},"properties":{"height":6.0,"crown_diameter":6.0},"id":"8836"},{"type":"Feature","geometry":{"type":"Point","coordinates":[1826731.0105391107,2187117.4603574793]},"properties":{"height":6.0,"crown_diameter":6.0},"id":"8840"},{"type":"Feature","geometry":{"type":"Point","coordinates":[1826999.9260139565,2187303.37811041]},"properties":{"height":7.0,"crown_diameter":7.0},"id":"8842"},{"type":"Feature","geometry":{"type":"Point","coordinates":[1827135.9649393794,2187305.5707203336]},"properties":{"height":18.0,"crown_diameter":11.32},"id":"8846"},{"type":"Feature","geometry":{"type":"Point","coordinates":[1827201.3384795177,2186852.646558961]},"properties":{"height":19.0,"crown_diameter":10.46},"id":"8850"},{"type":"Feature","geometry":{"type":"Point","coordinates":[1826374.4602789418,2187506.3303853925]},"properties":{"height":19.0,"crown_diameter":10.46},"id":"8851"},{"type":"Feature","geometry":{"type":"Point","coordinates":[1826552.1358757804,2186827.5288902493]},"properties":{"height":16.0,"crown_diameter":10.66},"id":"8852"},{"type":"Feature","geometry":{"type":"Point","coordinates":[1826049.7320873837,2187001.6077981647]},"properties":{"height":18.0,"crown_diameter":11.08},"id":"8856"},{"type":"Feature","geometry":{"type":"Point","coordinates":[1826364.6037032085,2187544.1986497776]},"properties":{"height":20.0,"crown_diameter":8.12},"id":"8858"},{"type":"Feature","geometry":{"type":"Point","coordinates":[1826536.8676331316,2186911.800396872]},"properties":{"height":19.0,"crown_diameter":10.46},"id":"8861"},{"type":"Feature","geometry":{"type":"Point","coordinates":[1826239.9482267986,2187673.6929251743]},"properties":{"height":18.0,"crown_diameter":11.08},"id":"8862"},{"type":"Feature","geometry":{"type":"Point","coordinates":[1826076.2163190523,2187245.285815153]},"properties":{"height":18.0,"crown_diameter":10.3},"id":"8865"},{"type":"Feature","geometry":{"type":"Point","coordinates":[1826344.016385384,2188002.9553914247]},"properties":{"height":18.0,"crown_diameter":10.3},"id":"8866"},{"type":"Feature","geometry":{"type":"Point","coordinates":[1826475.6124508432,2187976.9891101653]},"properties":{"height":17.0,"crown_diameter":11.1},"id":"8870"},{"type":"Feature","geometry":{"type":"Point","coordinates":[1827147.147438487,2186839.857032945]},"properties":{"height":17.0,"crown_diameter":11.32},"id":"8872"},{"type":"Feature","geometry":{"type":"Point","coordinates":[1826051.9562054756,2187133.0007978408]},"properties":{"height":18.0,"crown_diameter":11.32},"id":"8874"},{"type":"Feature","geometry":{"type":"Point","coordinates":[1826766.7837528347,2187055.7905315603]},"properties":{"height":14.0,"crown_diameter":8.72},"id":"8879"},{"type":"Feature","geometry":{"type":"Point","coordinates":[1827130.2541410902,2186786.3221900202]},"properties":{"height":14.0,"crown_diameter":10.38},"id":"8880"},{"type":"Feature","geometry":{"type":"Point","coordinates":[1826116.7063969688,2187261.379947689]},"properties":{"height":16.0,"crown_diameter":11.08},"id":"8888"},{"type":"Feature","geometry":{"type":"Point","coordinates":[1826643.4049267739,2188016.5820612907]},"properties":{"height":18.0,"crown_diameter":10.3},"id":"8893"},{"type":"Feature","geometry":{"type":"Point","coordinates":[1826249.7290099321,2187479.7084346884]},"properties":{"height":15.0,"crown_diameter":10.44},"id":"8897"},{"type":"Feature","geometry":{"type":"Point","coordinates":[1826764.9563549573,2187004.8790714997]},"properties":{"height":16.0,"crown_diameter":10.66},"id":"8901"},{"type":"Feature","geometry":{"type":"Point","coordinates":[1826171.7854426026,2187403.3676631134]},"properties":{"height":13.0,"crown_diameter":11.78},"id":"8907"},{"type":"Feature","geometry":{"type":"Point","coordinates":[1826879.8945530064,2187096.503527339]},"properties":{"height":14.0,"crown_diameter":8.72},"id":"8910"},{"type":"Feature","geometry":{"type":"Point","coordinates":[1826135.6929547028,2187306.0529564144]},"properties":{"height":14.0,"crown_diameter":11.66},"id":"8911"},{"type":"Feature","geometry":{"type":"Point","coordinates":[1826397.6440202638,2187556.6674289033]},"properties":{"height":15.0,"crown_diameter":10.44},"id":"8913"},{"type":"Feature","geometry":{"type":"Point","coordinates":[1827194.937733462,2187016.605435805]},"properties":{"height":16.0,"crown_diameter":10.88},"id":"8915"},{"type":"Feature","geometry":{"type":"Point","coordinates":[1826761.9453232458,2187158.4127816353]},"properties":{"height":13.0,"crown_diameter":10.6},"id":"8916"},{"type":"Feature","geometry":{"type":"Point","coordinates":[1826311.77096602,2187940.2015205934]},"properties":{"height":16.0,"crown_diameter":10.88},"id":"8919"},{"type":"Feature","geometry":{"type":"Point","coordinates":[1827017.4495714533,2186904.6041484904]},"properties":{"height":14.0,"crown_diameter":8.72},"id":"8922"},{"type":"Feature","geometry":{"type":"Point","coordinates":[1826943.1236429946,2187504.9735694095]},"properties":{"height":12.0,"crown_diameter":6.52},"id":"8923"},{"type":"Feature","geometry":{"type":"Point","coordinates":[1826181.9813202198,2187653.4750572997]},"properties":{"height":18.0,"crown_diameter":10.3},"id":"8928"},{"type":"Feature","geometry":{"type":"Point","coordinates":[1826423.033761689,2187844.007775484]},"properties":{"height":13.0,"crown_diameter":11.3},"id":"8930"},{"type":"Feature","geometry":{"type":"Point","coordinates":[1826903.3119446074,2187833.957757722]},"properties":{"height":13.0,"crown_diameter":11.78},"id":"8934"},{"type":"Feature","geometry":{"type":"Point","coordinates":[1826319.2654093504,2187841.957963163]},"properties":{"height":14.0,"crown_diameter":10.38},"id":"8935"},{"type":"Feature","geometry":{"type":"Point","coordinates":[1826445.7877001953,2188001.731234271]},"properties":{"height":14.0,"crown_diameter":10.92},"id":"8937"},{"type":"Feature","geometry":{"type":"Point","coordinates":[1826288.219959451,2187641.1493844865]},"properties":{"height":13.0,"crown_diameter":11.78},"id":"8938"},{"type":"Feature","geometry":{"type":"Point","coordinates":[1826317.0613807705,2187839.568580969]},"properties":{"height":14.0,"crown_diameter":10.56},"id":"8940"},{"type":"Feature","geometry":{"type":"Point","coordinates":[1826337.5828329765,2187502.3038581586]},"properties":{"height":17.0,"crown_diameter":11.1},"id":"8943"},{"type":"Feature","geometry":{"type":"Point","coordinates":[1826403.5471191271,2187132.744100333]},"properties":{"height":13.0,"crown_diameter":11.42},"id":"8944"},{"type":"Feature","geometry":{"type":"Point","coordinates":[1826075.721603824,2186985.3031056756]},"properties":{"height":14.0,"crown_diameter":10.38},"id":"8945"},{"type":"Feature","geometry":{"type":"Point","coordinates":[1826149.5133669456,2186954.0996556072]},"properties":{"height":14.0,"crown_diameter":11.66},"id":"8947"},{"type":"Feature","geometry":{"type":"Point","coordinates":[1826328.2548051935,2187506.6463539]},"properties":{"height":14.0,"crown_diameter":10.92},"id":"8949"},{"type":"Feature","geometry":{"type":"Point","coordinates":[1827095.6399472763,2186983.8218051298]},"properties":{"height":14.0,"crown_diameter":10.38},"id":"8950"},{"type":"Feature","geometry":{"type":"Point","coordinates":[1826098.4841463794,2187248.6688403785]},"properties":{"height":16.0,"crown_diameter":11.48},"id":"8957"},{"type":"Feature","geometry":{"type":"Point","coordinates":[1826110.9044026842,2187078.666890981]},"properties":{"height":14.0,"crown_diameter":10.38},"id":"8968"},{"type":"Feature","geometry":{"type":"Point","coordinates":[1827160.1287961733,2187023.347557812]},"properties":{"height":17.0,"crown_diameter":10.88},"id":"8969"},{"type":"Feature","geometry":{"type":"Point","coordinates":[1826139.233283564,2187353.6254408606]},"properties":{"height":13.0,"crown_diameter":11.3},"id":"8972"},{"type":"Feature","geometry":{"type":"Point","coordinates":[1826271.9794751492,2187502.7174947276]},"properties":{"height":16.0,"crown_diameter":10.66},"id":"8976"},{"type":"Feature","geometry":{"type":"Point","coordinates":[1826260.5484638906,2187238.2909488585]},"properties":{"height":12.0,"crown_diameter":11.36},"id":"8977"},{"type":"Feature","geometry":{"type":"Point","coordinates":[1827086.273839224,2187027.418609842]},"properties":{"height":13.0,"crown_diameter":11.42},"id":"8979"},{"type":"Feature","geometry":{"type":"Point","coordinates":[1826346.2893110244,2187735.2346707373]},"properties":{"height":13.0,"crown_diameter":6.66},"id":"8980"},{"type":"Feature","geometry":{"type":"Point","coordinates":[1826357.6196260082,2188011.7729620216]},"properties":{"height":15.0,"crown_diameter":10.64},"id":"8982"},{"type":"Feature","geometry":{"type":"Point","coordinates":[1826835.3795333386,2188012.346682541]},"properties":{"height":12.0,"crown_diameter":9.78},"id":"8984"},{"type":"Feature","geometry":{"type":"Point","coordinates":[1826885.0442777453,2187109.871378299]},"properties":{"height":13.0,"crown_diameter":10.6},"id":"8987"},{"type":"Feature","geometry":{"type":"Point","coordinates":[1827061.2306156638,2187008.4206551774]},"properties":{"height":13.0,"crown_diameter":11.3},"id":"8988"},{"type":"Feature","geometry":{"type":"Point","coordinates":[1826316.3479444268,2187557.1170881144]},"properties":{"height":14.0,"crown_diameter":10.92},"id":"8989"},{"type":"Feature","geometry":{"type":"Point","coordinates":[1826890.6903140894,2187171.966590618]},"properties":{"height":12.0,"crown_diameter":9.78},"id":"8990"},{"type":"Feature","geometry":{"type":"Point","coordinates":[1827138.6529221493,2186797.653012708]},"properties":{"height":14.0,"crown_diameter":8.72},"id":"8995"},{"type":"Feature","geometry":{"type":"Point","coordinates":[1826227.3552179828,2187699.6980642816]},"properties":{"height":12.0,"crown_diameter":11.02},"id":"8996"},{"type":"Feature","geometry":{"type":"Point","coordinates":[1826597.9881942929,2186664.4658335107]},"properties":{"height":11.0,"crown_diameter":10.48},"id":"8997"},{"type":"Feature","geometry":{"type":"Point","coordinates":[1826148.7387671617,2186984.765073984]},"properties":{"height":12.0,"crown_diameter":10.9},"id":"8999"},{"type":"Feature","geometry":{"type":"Point","coordinates":[1826578.9281109937,2187507.834902369]},"properties":{"height":13.0,"crown_diameter":11.42},"id":"9003"},{"type":"Feature","geometry":{"type":"Point","coordinates":[1826983.582724872,2187947.309697999]},"properties":{"height":13.0,"crown_diameter":11.3},"id":"9006"},{"type":"Feature","geometry":{"type":"Point","coordinates":[1826171.5259036983,2187165.8787527434]},"properties":{"height":13.0,"crown_diameter":11.78},"id":"9008"},{"type":"Feature","geometry":{"type":"Point","coordinates":[1826763.0346939424,2186966.0978087215]},"properties":{"height":14.0,"crown_diameter":10.56},"id":"9011"},{"type":"Feature","geometry":{"type":"Point","coordinates":[1826224.3540292128,2187704.598289698]},"properties":{"height":15.0,"crown_diameter":11.2},"id":"9013"},{"type":"Feature","geometry":{"type":"Point","coordinates":[1826995.1077126777,2186979.7283137525]},"properties":{"height":13.0,"crown_diameter":10.6},"id":"9019"},{"type":"Feature","geometry":{"type":"Point","coordinates":[1826236.0876699917,2187807.379374337]},"properties":{"height":13.0,"crown_diameter":11.3},"id":"9020"},{"type":"Feature","geometry":{"type":"Point","coordinates":[1827037.6406664383,2187303.865635631]},"properties":{"height":13.0,"crown_diameter":11.3},"id":"9024"},{"type":"Feature","geometry":{"type":"Point","coordinates":[1826242.9417732668,2187285.5494132815]},"properties":{"height":15.0,"crown_diameter":10.64},"id":"9026"},{"type":"Feature","geometry":{"type":"Point","coordinates":[1826368.7810150452,2187909.721837711]},"properties":{"height":12.0,"crown_diameter":10.9},"id":"9027"},{"type":"Feature","geometry":{"type":"Point","coordinates":[1827041.8083490082,2186899.134398126]},"properties":{"height":13.0,"crown_diameter":9.28},"id":"9032"},{"type":"Feature","geometry":{"type":"Point","coordinates":[1826938.0152626857,2187581.3536717393]},"properties":{"height":10.0,"crown_diameter":10.0},"id":"9038"},{"type":"Feature","geometry":{"type":"Point","coordinates":[1826770.0968581012,2187166.879884131]},"properties":{"height":10.0,"crown_diameter":10.0},"id":"9046"},{"type":"Feature","geometry":{"type":"Point","coordinates":[1827209.4731036515,2187009.7527127406]},"properties":{"height":11.0,"crown_diameter":10.88},"id":"9058"},{"type":"Feature","geometry":{"type":"Point","coordinates":[1826861.5804150167,2187545.554979389]},"properties":{"height":10.0,"crown_diameter":10.0},"id":"9062"},{"type":"Feature","geometry":{"type":"Point","coordinates":[1827136.9429139337,2186800.9889242277]},"properties":{"height":10.0,"crown_diameter":6.0},"id":"9063"},{"type":"Feature","geometry":{"type":"Point","coordinates":[1826066.0300837148,2186975.5388816064]},"properties":{"height":11.0,"crown_diameter":10.88},"id":"9064"},{"type":"Feature","geometry":{"type":"Point","coordinates":[1826574.5006366945,2188034.9061459126]},"properties":{"height":11.0,"crown_diameter":10.48},"id":"9065"},{"type":"Feature","geometry":{"type":"Point","coordinates":[1827119.3671655008,2186808.9943151404]},"properties":{"height":13.0,"crown_diameter":10.6},"id":"9066"},{"type":"Feature","geometry":{"type":"Point","coordinates":[1826409.677480461,2187838.052384556]},"properties":{"height":10.0,"crown_diameter":10.0},"id":"9068"},{"type":"Feature","geometry":{"type":"Point","coordinates":[1826197.7067965805,2187019.685558751]},"properties":{"height":12.0,"crown_diameter":10.9},"id":"9073"},{"type":"Feature","geometry":{"type":"Point","coordinates":[1826751.8574972178,2186896.1526151286]},"properties":{"height":11.0,"crown_diameter":9.86},"id":"9074"},{"type":"Feature","geometry":{"type":"Point","coordinates":[1826850.6698007856,2187052.2144090952]},"properties":{"height":10.0,"crown_diameter":10.0},"id":"9076"},{"type":"Feature","geometry":{"type":"Point","coordinates":[1826887.5197674732,2187224.502358256]},"properties":{"height":10.0,"crown_diameter":10.0},"id":"9081"},{"type":"Feature","geometry":{"type":"Point","coordinates":[1827042.6066489748,2187642.493750208]},"properties":{"height":10.0,"crown_diameter":10.0},"id":"9083"},{"type":"Feature","geometry":{"type":"Point","coordinates":[1826349.1408483551,2187949.952978756]},"properties":{"height":15.0,"crown_diameter":10.64},"id":"9087"},{"type":"Feature","geometry":{"type":"Point","coordinates":[1826078.793513632,2187199.155873712]},"properties":{"height":13.0,"crown_diameter":10.6},"id":"9092"},{"type":"Feature","geometry":{"type":"Point","coordinates":[1826240.8806438877,2187212.1516740574]},"properties":{"height":10.0,"crown_diameter":10.0},"id":"9095"},{"type":"Feature","geometry":{"type":"Point","coordinates":[1826566.5236381323,2187787.197485432]},"properties":{"height":10.0,"crown_diameter":10.0},"id":"9097"},{"type":"Feature","geometry":{"type":"Point","coordinates":[1827008.5933503034,2187426.9466498895]},"properties":{"height":10.0,"crown_diameter":10.0},"id":"9103"},{"type":"Feature","geometry":{"type":"Point","coordinates":[1826140.9649092567,2187373.663522363]},"properties":{"height":11.0,"crown_diameter":10.48},"id":"9105"},{"type":"Feature","geometry":{"type":"Point","coordinates":[1827006.0693139294,2187543.198223621]},"properties":{"height":11.0,"crown_diameter":10.48},"id":"9115"},{"type":"Feature","geometry":{"type":"Point","coordinates":[1826753.0866469392,2187743.356647483]},"properties":{"height":10.0,"crown_diameter":10.0},"id":"9116"},{"type":"Feature","geometry":{"type":"Point","coordinates":[1826599.8463485474,2186824.7627272066]},"properties":{"height":10.0,"crown_diameter":10.0},"id":"9117"},{"type":"Feature","geometry":{"type":"Point","coordinates":[1826470.9164515461,2186729.841353651]},"properties":{"height":10.0,"crown_diameter":10.0},"id":"9123"},{"type":"Feature","geometry":{"type":"Point","coordinates":[1826476.7128879852,2187104.200760258]},"properties":{"height":10.0,"crown_diameter":10.0},"id":"9128"},{"type":"Feature","geometry":{"type":"Point","coordinates":[1827006.3512440594,2187420.8087900016]},"properties":{"height":10.0,"crown_diameter":10.0},"id":"9129"},{"type":"Feature","geometry":{"type":"Point","coordinates":[1826521.4358933524,2187982.1932673836]},"properties":{"height":10.0,"crown_diameter":10.0},"id":"9131"},{"type":"Feature","geometry":{"type":"Point","coordinates":[1826479.7527711203,2187103.048359317]},"properties":{"height":10.0,"crown_diameter":10.0},"id":"9133"},{"type":"Feature","geometry":{"type":"Point","coordinates":[1827008.555253153,2187423.19851686]},"properties":{"height":10.0,"crown_diameter":10.0},"id":"9135"},{"type":"Feature","geometry":{"type":"Point","coordinates":[1826212.670157122,2187097.063208761]},"properties":{"height":10.0,"crown_diameter":10.0},"id":"9136"},{"type":"Feature","geometry":{"type":"Point","coordinates":[1826378.1046966724,2187862.382912389]},"properties":{"height":14.0,"crown_diameter":10.92},"id":"9137"},{"type":"Feature","geometry":{"type":"Point","coordinates":[1827114.3071355233,2187448.1571803973]},"properties":{"height":10.0,"crown_diameter":10.0},"id":"9139"},{"type":"Feature","geometry":{"type":"Point","coordinates":[1826356.7165459543,2187518.9694963587]},"properties":{"height":12.0,"crown_diameter":11.02},"id":"9141"},{"type":"Feature","geometry":{"type":"Point","coordinates":[1826293.646334169,2187575.129573413]},"properties":{"height":10.0,"crown_diameter":10.0},"id":"9142"},{"type":"Feature","geometry":{"type":"Point","coordinates":[1826827.9030712806,2187320.7398574017]},"properties":{"height":12.0,"crown_diameter":11.02},"id":"9143"},{"type":"Feature","geometry":{"type":"Point","coordinates":[1827061.587977679,2186893.5188913858]},"properties":{"height":13.0,"crown_diameter":10.6},"id":"9147"},{"type":"Feature","geometry":{"type":"Point","coordinates":[1826621.2537940918,2188024.4406492054]},"properties":{"height":10.0,"crown_diameter":10.0},"id":"9148"},{"type":"Feature","geometry":{"type":"Point","coordinates":[1826875.2023905215,2187534.7481752215]},"properties":{"height":10.0,"crown_diameter":10.0},"id":"9154"},{"type":"Feature","geometry":{"type":"Point","coordinates":[1826503.1126841148,2187000.1226101387]},"properties":{"height":14.0,"crown_diameter":10.92},"id":"9157"},{"type":"Feature","geometry":{"type":"Point","coordinates":[1826779.988162725,2187731.010267243]},"properties":{"height":10.0,"crown_diameter":10.0},"id":"9164"},{"type":"Feature","geometry":{"type":"Point","coordinates":[1826152.3543052913,2186891.2035313887]},"properties":{"height":11.0,"crown_diameter":10.48},"id":"9168"},{"type":"Feature","geometry":{"type":"Point","coordinates":[1826360.3524621592,2187980.638669814]},"properties":{"height":11.0,"crown_diameter":10.48},"id":"9170"},{"type":"Feature","geometry":{"type":"Point","coordinates":[1826347.5713846376,2187456.053839431]},"properties":{"height":10.0,"crown_diameter":10.0},"id":"9172"},{"type":"Feature","geometry":{"type":"Point","coordinates":[1827075.8155226589,2186770.6702376027]},"properties":{"height":10.0,"crown_diameter":10.0},"id":"9173"},{"type":"Feature","geometry":{"type":"Point","coordinates":[1826323.8012912988,2187795.358499885]},"properties":{"height":11.0,"crown_diameter":10.48},"id":"9179"},{"type":"Feature","geometry":{"type":"Point","coordinates":[1826049.1214511774,2186984.6376707945]},"properties":{"height":10.0,"crown_diameter":10.0},"id":"9180"},{"type":"Feature","geometry":{"type":"Point","coordinates":[1827020.6770415425,2186836.1866183216]},"properties":{"height":10.0,"crown_diameter":10.0},"id":"9187"},{"type":"Feature","geometry":{"type":"Point","coordinates":[1826289.858634923,2187864.930298082]},"properties":{"height":13.0,"crown_diameter":11.42},"id":"9189"},{"type":"Feature","geometry":{"type":"Point","coordinates":[1826125.255501142,2186990.4433443993]},"properties":{"height":10.0,"crown_diameter":10.0},"id":"9192"},{"type":"Feature","geometry":{"type":"Point","coordinates":[1827149.2949789353,2186858.1262742174]},"properties":{"height":10.0,"crown_diameter":10.0},"id":"9198"},{"type":"Feature","geometry":{"type":"Point","coordinates":[1826116.778702678,2186971.6176708215]},"properties":{"height":10.0,"crown_diameter":10.0},"id":"9203"},{"type":"Feature","geometry":{"type":"Point","coordinates":[1826833.1082834206,2187724.851213529]},"properties":{"height":10.0,"crown_diameter":10.0},"id":"9215"},{"type":"Feature","geometry":{"type":"Point","coordinates":[1827154.9015314567,2186916.4758746573]},"properties":{"height":10.0,"crown_diameter":10.0},"id":"9216"},{"type":"Feature","geometry":{"type":"Point","coordinates":[1826213.773026815,2187714.253286423]},"properties":{"height":14.0,"crown_diameter":10.38},"id":"9217"},{"type":"Feature","geometry":{"type":"Point","coordinates":[1827039.6254968578,2186963.1237420524]},"properties":{"height":12.0,"crown_diameter":10.9},"id":"9220"},{"type":"Feature","geometry":{"type":"Point","coordinates":[1826199.164822707,2187416.3695743266]},"properties":{"height":11.0,"crown_diameter":9.42},"id":"9224"},{"type":"Feature","geometry":{"type":"Point","coordinates":[1827090.888724903,2186945.3066502293]},"properties":{"height":10.0,"crown_diameter":10.0},"id":"9227"},{"type":"Feature","geometry":{"type":"Point","coordinates":[1826750.8063164733,2187733.471207795]},"properties":{"height":10.0,"crown_diameter":10.0},"id":"9228"},{"type":"Feature","geometry":{"type":"Point","coordinates":[1826304.7221974116,2187571.199473304]},"properties":{"height":10.0,"crown_diameter":10.0},"id":"9230"},{"type":"Feature","geometry":{"type":"Point","coordinates":[1827072.0988334622,2187005.3765061884]},"properties":{"height":12.0,"crown_diameter":10.24},"id":"9236"},{"type":"Feature","geometry":{"type":"Point","coordinates":[1827218.2498434966,2186886.5535405427]},"properties":{"height":12.0,"crown_diameter":10.9},"id":"9237"},{"type":"Feature","geometry":{"type":"Point","coordinates":[1826621.5614815834,2187776.816354832]},"properties":{"height":9.0,"crown_diameter":9.0},"id":"9241"},{"type":"Feature","geometry":{"type":"Point","coordinates":[1826907.7908014425,2187181.6108665736]},"properties":{"height":10.0,"crown_diameter":10.0},"id":"9243"},{"type":"Feature","geometry":{"type":"Point","coordinates":[1827028.2700954068,2187175.4548810334]},"properties":{"height":10.0,"crown_diameter":10.0},"id":"9244"},{"type":"Feature","geometry":{"type":"Point","coordinates":[1826585.9765774873,2186832.7084103283]},"properties":{"height":11.0,"crown_diameter":10.48},"id":"9245"},{"type":"Feature","geometry":{"type":"Point","coordinates":[1827091.5104308869,2186770.6346652345]},"properties":{"height":10.0,"crown_diameter":10.0},"id":"9246"},{"type":"Feature","geometry":{"type":"Point","coordinates":[1826251.2586881763,2187246.38188728]},"properties":{"height":11.0,"crown_diameter":10.48},"id":"9248"},{"type":"Feature","geometry":{"type":"Point","coordinates":[1826898.1301893163,2187003.5849915748]},"properties":{"height":11.0,"crown_diameter":10.48},"id":"9249"},{"type":"Feature","geometry":{"type":"Point","coordinates":[1826794.028788134,2187034.174797151]},"properties":{"height":10.0,"crown_diameter":10.0},"id":"9252"},{"type":"Feature","geometry":{"type":"Point","coordinates":[1826823.5427829279,2187984.3161819866]},"properties":{"height":10.0,"crown_diameter":10.0},"id":"9256"},{"type":"Feature","geometry":{"type":"Point","coordinates":[1826998.0228010097,2187201.969912089]},"properties":{"height":14.0,"crown_diameter":10.38},"id":"9261"},{"type":"Feature","geometry":{"type":"Point","coordinates":[1826929.0073342822,2187510.055096907]},"properties":{"height":10.0,"crown_diameter":10.0},"id":"9264"},{"type":"Feature","geometry":{"type":"Point","coordinates":[1826002.1690938224,2186510.8317950037]},"properties":{"height":10.0,"crown_diameter":10.0},"id":"9265"},{"type":"Feature","geometry":{"type":"Point","coordinates":[1827236.187254917,2186935.6603873875]},"properties":{"height":12.0,"crown_diameter":10.9},"id":"9267"},{"type":"Feature","geometry":{"type":"Point","coordinates":[1826219.4537284053,2187248.226755211]},"properties":{"height":11.0,"crown_diameter":9.42},"id":"9270"},{"type":"Feature","geometry":{"type":"Point","coordinates":[1827038.519583275,2186854.4201304065]},"properties":{"height":9.0,"crown_diameter":6.0},"id":"9271"},{"type":"Feature","geometry":{"type":"Point","coordinates":[1826328.2131699321,2187651.519327398]},"properties":{"height":10.0,"crown_diameter":10.0},"id":"9272"},{"type":"Feature","geometry":{"type":"Point","coordinates":[1826844.645599452,2186717.98909729]},"properties":{"height":10.0,"crown_diameter":10.0},"id":"9275"},{"type":"Feature","geometry":{"type":"Point","coordinates":[1826812.2875732922,2186729.985980273]},"properties":{"height":10.0,"crown_diameter":10.0},"id":"9276"},{"type":"Feature","geometry":{"type":"Point","coordinates":[1826878.7797028932,2187222.439860078]},"properties":{"height":10.0,"crown_diameter":10.0},"id":"9277"},{"type":"Feature","geometry":{"type":"Point","coordinates":[1826014.0284366405,2186984.773514624]},"properties":{"height":10.0,"crown_diameter":10.0},"id":"9279"},{"type":"Feature","geometry":{"type":"Point","coordinates":[1826362.958270491,2187617.654082421]},"properties":{"height":11.0,"crown_diameter":8.04},"id":"9280"},{"type":"Feature","geometry":{"type":"Point","coordinates":[1827217.3013352808,2187007.8609254193]},"properties":{"height":10.0,"crown_diameter":10.0},"id":"9281"},{"type":"Feature","geometry":{"type":"Point","coordinates":[1826221.9712500032,2187174.974083735]},"properties":{"height":10.0,"crown_diameter":10.0},"id":"9282"},{"type":"Feature","geometry":{"type":"Point","coordinates":[1826876.8757254444,2187570.664035567]},"properties":{"height":10.0,"crown_diameter":10.0},"id":"9288"},{"type":"Feature","geometry":{"type":"Point","coordinates":[1826391.7905622297,2187538.461192774]},"properties":{"height":9.0,"crown_diameter":9.0},"id":"9293"},{"type":"Feature","geometry":{"type":"Point","coordinates":[1826974.6497739193,2187754.516104555]},"properties":{"height":11.0,"crown_diameter":9.86},"id":"9294"},{"type":"Feature","geometry":{"type":"Point","coordinates":[1826402.0361169276,2188007.297782151]},"properties":{"height":10.0,"crown_diameter":10.0},"id":"9296"},{"type":"Feature","geometry":{"type":"Point","coordinates":[1825980.6863115598,2186774.059211631]},"properties":{"height":10.0,"crown_diameter":10.0},"id":"9297"},{"type":"Feature","geometry":{"type":"Point","coordinates":[1826318.6973590706,2186702.3458705037]},"properties":{"height":10.0,"crown_diameter":10.0},"id":"9303"},{"type":"Feature","geometry":{"type":"Point","coordinates":[1826983.4635213197,2187678.0773780877]},"properties":{"height":9.0,"crown_diameter":9.0},"id":"9310"},{"type":"Feature","geometry":{"type":"Point","coordinates":[1826075.04042212,2187003.8381257686]},"properties":{"height":13.0,"crown_diameter":6.0},"id":"9312"},{"type":"Feature","geometry":{"type":"Point","coordinates":[1827078.4786695975,2186861.045643443]},"properties":{"height":10.0,"crown_diameter":9.04},"id":"9313"},{"type":"Feature","geometry":{"type":"Point","coordinates":[1826338.3396336194,2187299.6416493]},"properties":{"height":9.0,"crown_diameter":8.98},"id":"9315"},{"type":"Feature","geometry":{"type":"Point","coordinates":[1826197.5872598002,2187411.323726014]},"properties":{"height":9.0,"crown_diameter":8.6},"id":"9316"},{"type":"Feature","geometry":{"type":"Point","coordinates":[1826719.0967255686,2186847.28979518]},"properties":{"height":9.0,"crown_diameter":9.0},"id":"9317"},{"type":"Feature","geometry":{"type":"Point","coordinates":[1826150.2739314446,2187091.6925059785]},"properties":{"height":12.0,"crown_diameter":10.9},"id":"9319"},{"type":"Feature","geometry":{"type":"Point","coordinates":[1826242.9780470233,2186694.7677325946]},"properties":{"height":10.0,"crown_diameter":10.0},"id":"9320"},{"type":"Feature","geometry":{"type":"Point","coordinates":[1826863.5616572583,2186884.182157643]},"properties":{"height":10.0,"crown_diameter":10.0},"id":"9321"},{"type":"Feature","geometry":{"type":"Point","coordinates":[1826438.1725173711,2187811.126216432]},"properties":{"height":10.0,"crown_diameter":10.0},"id":"9322"},{"type":"Feature","geometry":{"type":"Point","coordinates":[1827101.1312302272,2186987.9222947117]},"properties":{"height":11.0,"crown_diameter":10.48},"id":"9326"},{"type":"Feature","geometry":{"type":"Point","coordinates":[1827208.97722596,2186875.016434312]},"properties":{"height":9.0,"crown_diameter":9.0},"id":"9328"},{"type":"Feature","geometry":{"type":"Point","coordinates":[1826988.224544954,2186860.3133658054]},"properties":{"height":10.0,"crown_diameter":9.04},"id":"9330"},{"type":"Feature","geometry":{"type":"Point","coordinates":[1826416.0359313816,2187373.1226168163]},"properties":{"height":10.0,"crown_diameter":10.0},"id":"9331"},{"type":"Feature","geometry":{"type":"Point","coordinates":[1826818.4581216667,2186950.1959030284]},"properties":{"height":14.0,"crown_diameter":10.92},"id":"9336"},{"type":"Feature","geometry":{"type":"Point","coordinates":[1826323.515648235,2187788.7481986573]},"properties":{"height":11.0,"crown_diameter":7.48},"id":"9341"},{"type":"Feature","geometry":{"type":"Point","coordinates":[1826943.8733297659,2187814.5537814684]},"properties":{"height":9.0,"crown_diameter":8.0},"id":"9342"},{"type":"Feature","geometry":{"type":"Point","coordinates":[1826941.32833351,2187242.809267614]},"properties":{"height":10.0,"crown_diameter":10.0},"id":"9345"},{"type":"Feature","geometry":{"type":"Point","coordinates":[1826628.3979662028,2188041.081512998]},"properties":{"height":11.0,"crown_diameter":10.88},"id":"9346"},{"type":"Feature","geometry":{"type":"Point","coordinates":[1826577.8244865264,2186824.241242036]},"properties":{"height":10.0,"crown_diameter":10.0},"id":"9348"},{"type":"Feature","geometry":{"type":"Point","coordinates":[1827020.5858131207,2186934.3245515665]},"properties":{"height":9.0,"crown_diameter":9.0},"id":"9349"},{"type":"Feature","geometry":{"type":"Point","coordinates":[1826475.2115042359,2186915.0158076202]},"properties":{"height":10.0,"crown_diameter":10.0},"id":"9354"},{"type":"Feature","geometry":{"type":"Point","coordinates":[1826136.0511234906,2187425.784511242]},"properties":{"height":12.0,"crown_diameter":6.52},"id":"9356"},{"type":"Feature","geometry":{"type":"Point","coordinates":[1827033.524008008,2186899.0490617463]},"properties":{"height":11.0,"crown_diameter":9.58},"id":"9360"},{"type":"Feature","geometry":{"type":"Point","coordinates":[1826035.8792645298,2186989.927337904]},"properties":{"height":10.0,"crown_diameter":10.0},"id":"9362"},{"type":"Feature","geometry":{"type":"Point","coordinates":[1826729.331989054,2188000.4060389637]},"properties":{"height":10.0,"crown_diameter":10.0},"id":"9368"},{"type":"Feature","geometry":{"type":"Point","coordinates":[1826387.7084876169,2187970.2687528585]},"properties":{"height":10.0,"crown_diameter":10.0},"id":"9369"},{"type":"Feature","geometry":{"type":"Point","coordinates":[1826562.7161747047,2187948.0032220357]},"properties":{"height":10.0,"crown_diameter":10.0},"id":"9371"},{"type":"Feature","geometry":{"type":"Point","coordinates":[1826128.709310844,2186584.6144494475]},"properties":{"height":10.0,"crown_diameter":10.0},"id":"9373"},{"type":"Feature","geometry":{"type":"Point","coordinates":[1826829.0150407858,2188008.0405538897]},"properties":{"height":10.0,"crown_diameter":10.0},"id":"9375"},{"type":"Feature","geometry":{"type":"Point","coordinates":[1826360.519746909,2187741.3961767014]},"properties":{"height":11.0,"crown_diameter":10.58},"id":"9378"},{"type":"Feature","geometry":{"type":"Point","coordinates":[1826667.3326202135,2187840.895841234]},"properties":{"height":10.0,"crown_diameter":10.0},"id":"9380"},{"type":"Feature","geometry":{"type":"Point","coordinates":[1826304.104818164,2187659.8524027523]},"properties":{"height":10.0,"crown_diameter":10.0},"id":"9387"},{"type":"Feature","geometry":{"type":"Point","coordinates":[1827059.3808246753,2186805.121300992]},"properties":{"height":11.0,"crown_diameter":8.04},"id":"9391"},{"type":"Feature","geometry":{"type":"Point","coordinates":[1826564.2686552154,2187609.067322099]},"properties":{"height":14.0,"crown_diameter":10.38},"id":"9394"},{"type":"Feature","geometry":{"type":"Point","coordinates":[1826611.3081635137,2186666.6735461727]},"properties":{"height":10.0,"crown_diameter":10.0},"id":"9396"},{"type":"Feature","geometry":{"type":"Point","coordinates":[1826887.9487527194,2187480.7353401314]},"properties":{"height":11.0,"crown_diameter":10.48},"id":"9399"},{"type":"Feature","geometry":{"type":"Point","coordinates":[1826882.9951010167,2187615.10701608]},"properties":{"height":10.0,"crown_diameter":10.0},"id":"9400"},{"type":"Feature","geometry":{"type":"Point","coordinates":[1826906.745997808,2187186.038355241]},"properties":{"height":9.0,"crown_diameter":9.0},"id":"9406"},{"type":"Feature","geometry":{"type":"Point","coordinates":[1826948.0369006617,2187945.4633950507]},"properties":{"height":10.0,"crown_diameter":10.0},"id":"9407"},{"type":"Feature","geometry":{"type":"Point","coordinates":[1826831.2128303684,2187838.441189378]},"properties":{"height":12.0,"crown_diameter":9.0},"id":"9409"},{"type":"Feature","geometry":{"type":"Point","coordinates":[1826165.1509960927,2187521.448415648]},"properties":{"height":8.0,"crown_diameter":8.0},"id":"9412"},{"type":"Feature","geometry":{"type":"Point","coordinates":[1826980.923927685,2187235.327035748]},"properties":{"height":9.0,"crown_diameter":9.0},"id":"9413"},{"type":"Feature","geometry":{"type":"Point","coordinates":[1826966.1039732208,2187235.5688408394]},"properties":{"height":9.0,"crown_diameter":9.0},"id":"9418"},{"type":"Feature","geometry":{"type":"Point","coordinates":[1826167.3347882351,2186948.9554292588]},"properties":{"height":9.0,"crown_diameter":9.0},"id":"9421"},{"type":"Feature","geometry":{"type":"Point","coordinates":[1826744.2297704252,2187045.794604408]},"properties":{"height":9.0,"crown_diameter":8.98},"id":"9424"},{"type":"Feature","geometry":{"type":"Point","coordinates":[1826854.4842730942,2187790.6536071487]},"properties":{"height":10.0,"crown_diameter":10.0},"id":"9425"},{"type":"Feature","geometry":{"type":"Point","coordinates":[1826958.186057422,2187378.593822624]},"properties":{"height":9.0,"crown_diameter":8.98},"id":"9426"},{"type":"Feature","geometry":{"type":"Point","coordinates":[1826279.064883957,2187492.237476456]},"properties":{"height":15.0,"crown_diameter":10.44},"id":"9427"},{"type":"Feature","geometry":{"type":"Point","coordinates":[1826281.4579345072,2186578.576107311]},"properties":{"height":8.0,"crown_diameter":8.0},"id":"9430"},{"type":"Feature","geometry":{"type":"Point","coordinates":[1826242.9855427924,2187821.157720371]},"properties":{"height":9.0,"crown_diameter":9.0},"id":"9432"},{"type":"Feature","geometry":{"type":"Point","coordinates":[1826381.6966943375,2187127.589239344]},"properties":{"height":10.0,"crown_diameter":10.0},"id":"9435"},{"type":"Feature","geometry":{"type":"Point","coordinates":[1826526.374862605,2186866.322991928]},"properties":{"height":10.0,"crown_diameter":10.0},"id":"9436"},{"type":"Feature","geometry":{"type":"Point","coordinates":[1826935.6424453657,2186727.308173376]},"properties":{"height":9.0,"crown_diameter":9.0},"id":"9440"},{"type":"Feature","geometry":{"type":"Point","coordinates":[1827126.097297776,2186956.4205199964]},"properties":{"height":8.0,"crown_diameter":8.0},"id":"9441"},{"type":"Feature","geometry":{"type":"Point","coordinates":[1827153.7106847307,2187292.932482676]},"properties":{"height":13.0,"crown_diameter":8.5},"id":"9444"},{"type":"Feature","geometry":{"type":"Point","coordinates":[1826945.4503328118,2187819.599636905]},"properties":{"height":10.0,"crown_diameter":6.18},"id":"9445"},{"type":"Feature","geometry":{"type":"Point","coordinates":[1826215.4629909403,2187241.676780596]},"properties":{"height":9.0,"crown_diameter":9.0},"id":"9446"},{"type":"Feature","geometry":{"type":"Point","coordinates":[1826842.4214792713,2187826.130754741]},"properties":{"height":10.0,"crown_diameter":10.0},"id":"9449"},{"type":"Feature","geometry":{"type":"Point","coordinates":[1827103.2082760488,2187256.7080647256]},"properties":{"height":10.0,"crown_diameter":10.0},"id":"9452"},{"type":"Feature","geometry":{"type":"Point","coordinates":[1827200.2954909883,2186986.0851195767]},"properties":{"height":11.0,"crown_diameter":6.36},"id":"9455"},{"type":"Feature","geometry":{"type":"Point","coordinates":[1826728.3970133867,2186968.2079132563]},"properties":{"height":11.0,"crown_diameter":10.88},"id":"9458"},{"type":"Feature","geometry":{"type":"Point","coordinates":[1827105.35560787,2187274.976257993]},"properties":{"height":8.0,"crown_diameter":7.58},"id":"9460"},{"type":"Feature","geometry":{"type":"Point","coordinates":[1826895.974532002,2187219.953915078]},"properties":{"height":8.0,"crown_diameter":7.58},"id":"9462"},{"type":"Feature","geometry":{"type":"Point","coordinates":[1826649.6004167814,2186723.385459513]},"properties":{"height":8.0,"crown_diameter":8.0},"id":"9463"},{"type":"Feature","geometry":{"type":"Point","coordinates":[1826267.3200231737,2186708.9231148656]},"properties":{"height":9.0,"crown_diameter":9.0},"id":"9465"},{"type":"Feature","geometry":{"type":"Point","coordinates":[1826872.8685201814,2187177.109085074]},"properties":{"height":7.0,"crown_diameter":7.0},"id":"9466"},{"type":"Feature","geometry":{"type":"Point","coordinates":[1826634.6594416655,2187095.6608720575]},"properties":{"height":10.0,"crown_diameter":10.0},"id":"9472"},{"type":"Feature","geometry":{"type":"Point","coordinates":[1826817.808135981,2187207.117154671]},"properties":{"height":8.0,"crown_diameter":7.06},"id":"9479"},{"type":"Feature","geometry":{"type":"Point","coordinates":[1827073.9346909607,2186778.640191849]},"properties":{"height":8.0,"crown_diameter":7.58},"id":"9481"},{"type":"Feature","geometry":{"type":"Point","coordinates":[1826226.8635212856,2187248.1051829318]},"properties":{"height":12.0,"crown_diameter":9.78},"id":"9482"},{"type":"Feature","geometry":{"type":"Point","coordinates":[1827069.3427024006,2186970.13689345]},"properties":{"height":11.0,"crown_diameter":6.0},"id":"9484"},{"type":"Feature","geometry":{"type":"Point","coordinates":[1826160.0018077102,2186956.57366663]},"properties":{"height":8.0,"crown_diameter":8.0},"id":"9501"},{"type":"Feature","geometry":{"type":"Point","coordinates":[1826730.808201867,2186692.0635803794]},"properties":{"height":9.0,"crown_diameter":9.0},"id":"9502"},{"type":"Feature","geometry":{"type":"Point","coordinates":[1826142.5309465807,2186889.8212298304]},"properties":{"height":7.0,"crown_diameter":7.0},"id":"9503"},{"type":"Feature","geometry":{"type":"Point","coordinates":[1826299.5159964808,2187233.4620629074]},"properties":{"height":8.0,"crown_diameter":8.0},"id":"9504"},{"type":"Feature","geometry":{"type":"Point","coordinates":[1827089.5318662918,2187455.396815516]},"properties":{"height":8.0,"crown_diameter":8.0},"id":"9512"},{"type":"Feature","geometry":{"type":"Point","coordinates":[1826859.650049092,2186928.131474483]},"properties":{"height":10.0,"crown_diameter":9.18},"id":"9514"},{"type":"Feature","geometry":{"type":"Point","coordinates":[1827121.228375361,2186777.6480157343]},"properties":{"height":10.0,"crown_diameter":10.0},"id":"9520"},{"type":"Feature","geometry":{"type":"Point","coordinates":[1827065.2196231317,2186971.968387193]},"properties":{"height":10.0,"crown_diameter":10.0},"id":"9527"},{"type":"Feature","geometry":{"type":"Point","coordinates":[1826283.4339881218,2187833.504413376]},"properties":{"height":10.0,"crown_diameter":10.0},"id":"9530"},{"type":"Feature","geometry":{"type":"Point","coordinates":[1826994.7505372583,2187759.260114148]},"properties":{"height":10.0,"crown_diameter":7.74},"id":"9531"},{"type":"Feature","geometry":{"type":"Point","coordinates":[1826299.4231377398,2187585.8396777026]},"properties":{"height":8.0,"crown_diameter":8.0},"id":"9533"},{"type":"Feature","geometry":{"type":"Point","coordinates":[1826593.7418493219,2187976.822191924]},"properties":{"height":10.0,"crown_diameter":10.0},"id":"9535"},{"type":"Feature","geometry":{"type":"Point","coordinates":[1827025.6725113578,2186791.5573046077]},"properties":{"height":9.0,"crown_diameter":8.74},"id":"9536"},{"type":"Feature","geometry":{"type":"Point","coordinates":[1826983.3264533973,2187514.461476984]},"properties":{"height":9.0,"crown_diameter":8.48},"id":"9538"},{"type":"Feature","geometry":{"type":"Point","coordinates":[1826319.2306085033,2186711.819996157]},"properties":{"height":8.0,"crown_diameter":8.0},"id":"9542"},{"type":"Feature","geometry":{"type":"Point","coordinates":[1826878.4700379793,2187106.450366404]},"properties":{"height":14.0,"crown_diameter":6.78},"id":"9543"},{"type":"Feature","geometry":{"type":"Point","coordinates":[1826991.1846614375,2187258.314258846]},"properties":{"height":9.0,"crown_diameter":6.0},"id":"9545"},{"type":"Feature","geometry":{"type":"Point","coordinates":[1826671.3453708421,2187913.8154841107]},"properties":{"height":9.0,"crown_diameter":9.0},"id":"9549"},{"type":"Feature","geometry":{"type":"Point","coordinates":[1826595.8950446693,2188081.080658892]},"properties":{"height":8.0,"crown_diameter":8.0},"id":"9554"},{"type":"Feature","geometry":{"type":"Point","coordinates":[1826331.6268349506,2186624.064825361]},"properties":{"height":7.0,"crown_diameter":7.0},"id":"9555"},{"type":"Feature","geometry":{"type":"Point","coordinates":[1826758.4315152604,2187177.2145032035]},"properties":{"height":8.0,"crown_diameter":8.0},"id":"9559"},{"type":"Feature","geometry":{"type":"Point","coordinates":[1827032.8755968662,2186835.325906606]},"properties":{"height":8.0,"crown_diameter":7.58},"id":"9561"},{"type":"Feature","geometry":{"type":"Point","coordinates":[1826992.7274305273,2186852.962293888]},"properties":{"height":10.0,"crown_diameter":10.0},"id":"9562"},{"type":"Feature","geometry":{"type":"Point","coordinates":[1826089.3880334105,2187021.244068802]},"properties":{"height":13.0,"crown_diameter":6.12},"id":"9567"},{"type":"Feature","geometry":{"type":"Point","coordinates":[1826974.4124935782,2186895.382817876]},"properties":{"height":8.0,"crown_diameter":8.0},"id":"9571"},{"type":"Feature","geometry":{"type":"Point","coordinates":[1826707.977944797,2186804.468149245]},"properties":{"height":12.0,"crown_diameter":8.0},"id":"9572"},{"type":"Feature","geometry":{"type":"Point","coordinates":[1826279.2278845413,2186955.718965926]},"properties":{"height":8.0,"crown_diameter":8.0},"id":"9575"},{"type":"Feature","geometry":{"type":"Point","coordinates":[1826947.5192764185,2187165.746329926]},"properties":{"height":9.0,"crown_diameter":9.0},"id":"9576"},{"type":"Feature","geometry":{"type":"Point","coordinates":[1826747.1343610196,2187010.0220307703]},"properties":{"height":8.0,"crown_diameter":8.0},"id":"9577"},{"type":"Feature","geometry":{"type":"Point","coordinates":[1826471.455584697,2186973.957769384]},"properties":{"height":8.0,"crown_diameter":8.0},"id":"9582"},{"type":"Feature","geometry":{"type":"Point","coordinates":[1826799.0785521679,2187657.931873918]},"properties":{"height":7.0,"crown_diameter":6.0},"id":"9583"},{"type":"Feature","geometry":{"type":"Point","coordinates":[1826800.712504321,2187283.475500131]},"properties":{"height":10.0,"crown_diameter":10.0},"id":"9587"},{"type":"Feature","geometry":{"type":"Point","coordinates":[1826453.8094675743,2187826.9668240487]},"properties":{"height":11.0,"crown_diameter":10.88},"id":"9591"},{"type":"Feature","geometry":{"type":"Point","coordinates":[1826997.576669636,2187543.9982110034]},"properties":{"height":8.0,"crown_diameter":8.0},"id":"9593"},{"type":"Feature","geometry":{"type":"Point","coordinates":[1826741.4630946866,2186881.5471456824]},"properties":{"height":8.0,"crown_diameter":8.0},"id":"9595"},{"type":"Feature","geometry":{"type":"Point","coordinates":[1827025.2793979691,2186945.7154976223]},"properties":{"height":8.0,"crown_diameter":7.06},"id":"9596"},{"type":"Feature","geometry":{"type":"Point","coordinates":[1826571.876689462,2186818.163807116]},"properties":{"height":7.0,"crown_diameter":7.0},"id":"9598"},{"type":"Feature","geometry":{"type":"Point","coordinates":[1826836.2077569438,2187793.818300702]},"properties":{"height":8.0,"crown_diameter":8.0},"id":"9603"},{"type":"Feature","geometry":{"type":"Point","coordinates":[1827056.3662702027,2187001.6636415236]},"properties":{"height":8.0,"crown_diameter":8.0},"id":"9606"},{"type":"Feature","geometry":{"type":"Point","coordinates":[1826357.5397619281,2187769.6690537133]},"properties":{"height":9.0,"crown_diameter":9.0},"id":"9608"},{"type":"Feature","geometry":{"type":"Point","coordinates":[1827127.3707644916,2186974.4831833546]},"properties":{"height":9.0,"crown_diameter":9.0},"id":"9615"},{"type":"Feature","geometry":{"type":"Point","coordinates":[1826969.0576919743,2187504.550596457]},"properties":{"height":9.0,"crown_diameter":6.0},"id":"9619"},{"type":"Feature","geometry":{"type":"Point","coordinates":[1826703.4370370472,2186808.070956531]},"properties":{"height":11.0,"crown_diameter":9.42},"id":"9622"},{"type":"Feature","geometry":{"type":"Point","coordinates":[1826433.6915810301,2187841.848898234]},"properties":{"height":8.0,"crown_diameter":7.58},"id":"9623"},{"type":"Feature","geometry":{"type":"Point","coordinates":[1826537.7725720063,2187959.876696307]},"properties":{"height":7.0,"crown_diameter":7.0},"id":"9625"},{"type":"Feature","geometry":{"type":"Point","coordinates":[1826675.544282419,2187919.479858342]},"properties":{"height":6.0,"crown_diameter":6.0},"id":"9627"},{"type":"Feature","geometry":{"type":"Point","coordinates":[1826336.8437457744,2187345.0919666598]},"properties":{"height":7.0,"crown_diameter":7.0},"id":"9629"},{"type":"Feature","geometry":{"type":"Point","coordinates":[1827185.98778143,2186972.4249360645]},"properties":{"height":8.0,"crown_diameter":8.0},"id":"9635"},{"type":"Feature","geometry":{"type":"Point","coordinates":[1826468.4374690496,2187190.11850407]},"properties":{"height":7.0,"crown_diameter":7.0},"id":"9637"},{"type":"Feature","geometry":{"type":"Point","coordinates":[1826133.3976346133,2186553.0008722385]},"properties":{"height":7.0,"crown_diameter":7.0},"id":"9638"},{"type":"Feature","geometry":{"type":"Point","coordinates":[1826846.2612561355,2186726.784087332]},"properties":{"height":7.0,"crown_diameter":7.0},"id":"9645"},{"type":"Feature","geometry":{"type":"Point","coordinates":[1826741.6135091227,2187131.1799135804]},"properties":{"height":7.0,"crown_diameter":7.0},"id":"9646"},{"type":"Feature","geometry":{"type":"Point","coordinates":[1826831.4656268596,2187520.6877913433]},"properties":{"height":11.0,"crown_diameter":9.86},"id":"9648"},{"type":"Feature","geometry":{"type":"Point","coordinates":[1826782.339165967,2188068.997017133]},"properties":{"height":8.0,"crown_diameter":8.0},"id":"9650"},{"type":"Feature","geometry":{"type":"Point","coordinates":[1826595.834424978,2186794.8362366217]},"properties":{"height":7.0,"crown_diameter":7.0},"id":"9653"},{"type":"Feature","geometry":{"type":"Point","coordinates":[1826347.0027819166,2187294.207307479]},"properties":{"height":7.0,"crown_diameter":7.0},"id":"9657"},{"type":"Feature","geometry":{"type":"Point","coordinates":[1826954.7013528233,2187764.7639738144]},"properties":{"height":8.0,"crown_diameter":7.58},"id":"9660"},{"type":"Feature","geometry":{"type":"Point","coordinates":[1826790.5475439162,2188104.5830731364]},"properties":{"height":10.0,"crown_diameter":10.0},"id":"9666"},{"type":"Feature","geometry":{"type":"Point","coordinates":[1826954.3102968824,2187383.287884793]},"properties":{"height":6.0,"crown_diameter":6.0},"id":"9667"},{"type":"Feature","geometry":{"type":"Point","coordinates":[1827039.621978889,2187541.7692616982]},"properties":{"height":11.0,"crown_diameter":10.58},"id":"9673"},{"type":"Feature","geometry":{"type":"Point","coordinates":[1826517.3486044214,2187944.77586164]},"properties":{"height":7.0,"crown_diameter":7.0},"id":"9678"},{"type":"Feature","geometry":{"type":"Point","coordinates":[1827122.0541131515,2187137.7597476398]},"properties":{"height":7.0,"crown_diameter":7.0},"id":"9679"},{"type":"Feature","geometry":{"type":"Point","coordinates":[1826854.732868944,2187836.5140087213]},"properties":{"height":7.0,"crown_diameter":7.0},"id":"9680"},{"type":"Feature","geometry":{"type":"Point","coordinates":[1827053.6056830408,2186837.4134405483]},"properties":{"height":10.0,"crown_diameter":10.0},"id":"9682"},{"type":"Feature","geometry":{"type":"Point","coordinates":[1827086.750617107,2187095.7740339763]},"properties":{"height":8.0,"crown_diameter":8.0},"id":"9683"},{"type":"Feature","geometry":{"type":"Point","coordinates":[1826791.8840425494,2186781.262937089]},"properties":{"height":7.0,"crown_diameter":6.64},"id":"9685"},{"type":"Feature","geometry":{"type":"Point","coordinates":[1826862.097957865,2187660.6520236395]},"properties":{"height":6.0,"crown_diameter":6.0},"id":"9687"},{"type":"Feature","geometry":{"type":"Point","coordinates":[1827110.0674465126,2187266.7402109606]},"properties":{"height":6.0,"crown_diameter":6.0},"id":"9706"},{"type":"Feature","geometry":{"type":"Point","coordinates":[1826139.2687498587,2186551.5811375175]},"properties":{"height":8.0,"crown_diameter":7.06},"id":"9708"},{"type":"Feature","geometry":{"type":"Point","coordinates":[1826908.2210725008,2188145.4403068554]},"properties":{"height":8.0,"crown_diameter":8.0},"id":"9712"},{"type":"Feature","geometry":{"type":"Point","coordinates":[1827044.2962391565,2186865.1319345934]},"properties":{"height":7.0,"crown_diameter":7.0},"id":"9716"},{"type":"Feature","geometry":{"type":"Point","coordinates":[1826976.8917576098,2187760.6536939885]},"properties":{"height":10.0,"crown_diameter":10.0},"id":"9717"},{"type":"Feature","geometry":{"type":"Point","coordinates":[1827070.2781409195,2187126.4750945033]},"properties":{"height":6.0,"crown_diameter":6.0},"id":"9722"},{"type":"Feature","geometry":{"type":"Point","coordinates":[1826849.9452782215,2187837.2536054193]},"properties":{"height":6.0,"crown_diameter":6.0},"id":"9723"},{"type":"Feature","geometry":{"type":"Point","coordinates":[1826286.0374127738,2187662.132961946]},"properties":{"height":6.0,"crown_diameter":6.0},"id":"9725"},{"type":"Feature","geometry":{"type":"Point","coordinates":[1826939.898481746,2187123.750831629]},"properties":{"height":6.0,"crown_diameter":6.0},"id":"9728"},{"type":"Feature","geometry":{"type":"Point","coordinates":[1827140.233264286,2186931.711151267]},"properties":{"height":7.0,"crown_diameter":7.0},"id":"9731"},{"type":"Feature","geometry":{"type":"Point","coordinates":[1826508.139230888,2187107.8759345487]},"properties":{"height":10.0,"crown_diameter":10.0},"id":"9734"},{"type":"Feature","geometry":{"type":"Point","coordinates":[1826423.1141443772,2187894.5004193727]},"properties":{"height":7.0,"crown_diameter":7.0},"id":"9735"},{"type":"Feature","geometry":{"type":"Point","coordinates":[1826752.7169481001,2186958.989117452]},"properties":{"height":6.0,"crown_diameter":6.0},"id":"9737"},{"type":"Feature","geometry":{"type":"Point","coordinates":[1827051.288613747,2186866.782081814]},"properties":{"height":10.0,"crown_diameter":10.0},"id":"9738"},{"type":"Feature","geometry":{"type":"Point","coordinates":[1826396.969714785,2187277.9524228694]},"properties":{"height":6.0,"crown_diameter":6.0},"id":"9741"},{"type":"Feature","geometry":{"type":"Point","coordinates":[1826923.822643262,2187086.303654912]},"properties":{"height":6.0,"crown_diameter":6.0},"id":"9745"},{"type":"Feature","geometry":{"type":"Point","coordinates":[1827012.1887111256,2186965.99729087]},"properties":{"height":10.0,"crown_diameter":9.04},"id":"9748"},{"type":"Feature","geometry":{"type":"Point","coordinates":[1826891.566859688,2187707.800636625]},"properties":{"height":6.0,"crown_diameter":6.0},"id":"9751"},{"type":"Feature","geometry":{"type":"Point","coordinates":[1826289.576246913,2187369.4616221422]},"properties":{"height":6.0,"crown_diameter":6.0},"id":"9753"},{"type":"Feature","geometry":{"type":"Point","coordinates":[1826857.2954183393,2187317.393176885]},"properties":{"height":7.0,"crown_diameter":7.0},"id":"9766"},{"type":"Feature","geometry":{"type":"Point","coordinates":[1826624.2447694626,2187847.5532322857]},"properties":{"height":6.0,"crown_diameter":6.0},"id":"9768"},{"type":"Feature","geometry":{"type":"Point","coordinates":[1826975.4373069413,2186867.5791609916]},"properties":{"height":6.0,"crown_diameter":6.0},"id":"9771"},{"type":"Feature","geometry":{"type":"Point","coordinates":[1827065.4653768537,2186931.827986881]},"properties":{"height":6.0,"crown_diameter":6.0},"id":"9775"},{"type":"Feature","geometry":{"type":"Point","coordinates":[1826869.4040522168,2187051.026266502]},"properties":{"height":6.0,"crown_diameter":6.0},"id":"9776"},{"type":"Feature","geometry":{"type":"Point","coordinates":[1826349.7722799885,2187798.681702949]},"properties":{"height":11.0,"crown_diameter":7.76},"id":"9777"},{"type":"Feature","geometry":{"type":"Point","coordinates":[1826314.5324337515,2187635.205664363]},"properties":{"height":10.0,"crown_diameter":6.0},"id":"9778"},{"type":"Feature","geometry":{"type":"Point","coordinates":[1826844.2456203678,2187834.039056449]},"properties":{"height":6.0,"crown_diameter":6.0},"id":"9783"},{"type":"Feature","geometry":{"type":"Point","coordinates":[1827012.8835417153,2187291.4792747474]},"properties":{"height":6.0,"crown_diameter":6.0},"id":"9784"},{"type":"Feature","geometry":{"type":"Point","coordinates":[1827060.3882874434,2187547.6051616007]},"properties":{"height":6.0,"crown_diameter":6.0},"id":"9786"},{"type":"Feature","geometry":{"type":"Point","coordinates":[1826682.2659514574,2187851.8974404684]},"properties":{"height":7.0,"crown_diameter":7.0},"id":"9794"},{"type":"Feature","geometry":{"type":"Point","coordinates":[1826827.442480803,2187232.7606069003]},"properties":{"height":6.0,"crown_diameter":6.0},"id":"9795"},{"type":"Feature","geometry":{"type":"Point","coordinates":[1826843.1725618225,2187600.100719906]},"properties":{"height":6.0,"crown_diameter":6.0},"id":"9798"},{"type":"Feature","geometry":{"type":"Point","coordinates":[1827012.0337529895,2187486.6498520006]},"properties":{"height":6.0,"crown_diameter":6.0},"id":"9818"},{"type":"Feature","geometry":{"type":"Point","coordinates":[1826778.0077493163,2188071.713601056]},"properties":{"height":7.0,"crown_diameter":7.0},"id":"9822"},{"type":"Feature","geometry":{"type":"Point","coordinates":[1826971.2816419145,2186994.6720767026]},"properties":{"height":6.0,"crown_diameter":6.0},"id":"9825"},{"type":"Feature","geometry":{"type":"Point","coordinates":[1826968.7411138648,2187752.186860574]},"properties":{"height":6.0,"crown_diameter":6.0},"id":"9827"},{"type":"Feature","geometry":{"type":"Point","coordinates":[1826489.6418032248,2186642.6440754756]},"properties":{"height":6.0,"crown_diameter":6.0},"id":"9833"},{"type":"Feature","geometry":{"type":"Point","coordinates":[1826352.9055062144,2187593.7836736697]},"properties":{"height":6.0,"crown_diameter":6.0},"id":"9839"},{"type":"Feature","geometry":{"type":"Point","coordinates":[1826851.2271748951,2187171.0674003586]},"properties":{"height":11.0,"crown_diameter":10.58},"id":"9841"},{"type":"Feature","geometry":{"type":"Point","coordinates":[1826754.0087850916,2187962.298429664]},"properties":{"height":6.0,"crown_diameter":6.0},"id":"9843"},{"type":"Feature","geometry":{"type":"Point","coordinates":[1826495.6727561213,2187082.499612408]},"properties":{"height":8.0,"crown_diameter":7.58},"id":"9848"},{"type":"Feature","geometry":{"type":"Point","coordinates":[1826820.544959267,2186898.3375215344]},"properties":{"height":6.0,"crown_diameter":6.0},"id":"9853"},{"type":"Feature","geometry":{"type":"Point","coordinates":[1826745.5166576656,2187963.098510259]},"properties":{"height":6.0,"crown_diameter":6.0},"id":"9855"},{"type":"Feature","geometry":{"type":"Point","coordinates":[1826842.7717037776,2188074.846764688]},"properties":{"height":6.0,"crown_diameter":6.0},"id":"9857"},{"type":"Feature","geometry":{"type":"Point","coordinates":[1826733.4322832425,2186970.3308335994]},"properties":{"height":11.0,"crown_diameter":10.58},"id":"9860"},{"type":"Feature","geometry":{"type":"Point","coordinates":[1826973.7636134129,2186831.6597569576]},"properties":{"height":7.0,"crown_diameter":7.0},"id":"9865"},{"type":"Feature","geometry":{"type":"Point","coordinates":[1826312.2432006756,2186604.5348802777]},"properties":{"height":6.0,"crown_diameter":6.0},"id":"9866"},{"type":"Feature","geometry":{"type":"Point","coordinates":[1826399.7613774638,2187848.798585632]},"properties":{"height":6.0,"crown_diameter":6.0},"id":"9873"},{"type":"Feature","geometry":{"type":"Point","coordinates":[1827178.3498484385,2186993.0586674605]},"properties":{"height":6.0,"crown_diameter":6.0},"id":"9878"},{"type":"Feature","geometry":{"type":"Point","coordinates":[1827108.1477357696,2187227.9598064227]},"properties":{"height":6.0,"crown_diameter":6.0},"id":"9879"},{"type":"Feature","geometry":{"type":"Point","coordinates":[1826831.0664121027,2187995.438806722]},"properties":{"height":8.0,"crown_diameter":8.0},"id":"9880"},{"type":"Feature","geometry":{"type":"Point","coordinates":[1826953.7939628272,2187975.7983601117]},"properties":{"height":6.0,"crown_diameter":6.0},"id":"9882"},{"type":"Feature","geometry":{"type":"Point","coordinates":[1826027.8810235667,2186530.9184977007]},"properties":{"height":6.0,"crown_diameter":6.0},"id":"9883"},{"type":"Feature","geometry":{"type":"Point","coordinates":[1826739.2673849356,2187606.4277883978]},"properties":{"height":6.0,"crown_diameter":6.0},"id":"9888"},{"type":"Feature","geometry":{"type":"Point","coordinates":[1826383.5870290415,2186716.7183557544]},"properties":{"height":9.0,"crown_diameter":8.98},"id":"9891"},{"type":"Feature","geometry":{"type":"Point","coordinates":[1827166.268289423,2187177.1745031355]},"properties":{"height":6.0,"crown_diameter":6.0},"id":"9893"},{"type":"Feature","geometry":{"type":"Point","coordinates":[1826914.753594731,2187394.5180362044]},"properties":{"height":6.0,"crown_diameter":6.0},"id":"9899"},{"type":"Feature","geometry":{"type":"Point","coordinates":[1827065.4837492984,2186912.2004704643]},"properties":{"height":6.0,"crown_diameter":6.0},"id":"9901"},{"type":"Feature","geometry":{"type":"Point","coordinates":[1827016.390894351,2187808.300414354]},"properties":{"height":6.0,"crown_diameter":6.0},"id":"9903"},{"type":"Feature","geometry":{"type":"Point","coordinates":[1826488.837486917,2187330.4739063093]},"properties":{"height":6.0,"crown_diameter":6.0},"id":"9914"},{"type":"Feature","geometry":{"type":"Point","coordinates":[1826737.5576620565,2187609.763327137]},"properties":{"height":6.0,"crown_diameter":6.0},"id":"9920"},{"type":"Feature","geometry":{"type":"Point","coordinates":[1826899.310232196,2188105.014783687]},"properties":{"height":6.0,"crown_diameter":6.0},"id":"9921"},{"type":"Feature","geometry":{"type":"Point","coordinates":[1826670.865889338,2187247.227602041]},"properties":{"height":6.0,"crown_diameter":6.0},"id":"9922"},{"type":"Feature","geometry":{"type":"Point","coordinates":[1826365.697727794,2187289.270101709]},"properties":{"height":6.0,"crown_diameter":6.0},"id":"9923"},{"type":"Feature","geometry":{"type":"Point","coordinates":[1826913.2908861719,2188022.321809487]},"properties":{"height":6.0,"crown_diameter":6.0},"id":"9927"},{"type":"Feature","geometry":{"type":"Point","coordinates":[1826474.2857524194,2188017.8022153685]},"properties":{"height":6.0,"crown_diameter":6.0},"id":"9934"},{"type":"Feature","geometry":{"type":"Point","coordinates":[1826703.196551241,2186891.2148131863]},"properties":{"height":6.0,"crown_diameter":6.0},"id":"9935"},{"type":"Feature","geometry":{"type":"Point","coordinates":[1826900.581529036,2188037.081689977]},"properties":{"height":6.0,"crown_diameter":6.0},"id":"9939"},{"type":"Feature","geometry":{"type":"Point","coordinates":[1826931.170879212,2188173.2893914394]},"properties":{"height":6.0,"crown_diameter":6.0},"id":"9940"},{"type":"Feature","geometry":{"type":"Point","coordinates":[1826173.870803824,2186948.627564032]},"properties":{"height":6.0,"crown_diameter":6.0},"id":"9946"},{"type":"Feature","geometry":{"type":"Point","coordinates":[1826656.3250098643,2188043.9328656634]},"properties":{"height":6.0,"crown_diameter":6.0},"id":"9947"},{"type":"Feature","geometry":{"type":"Point","coordinates":[1826792.1545009718,2187898.3930062144]},"properties":{"height":6.0,"crown_diameter":6.0},"id":"9948"},{"type":"Feature","geometry":{"type":"Point","coordinates":[1826949.1773224564,2187971.904623762]},"properties":{"height":6.0,"crown_diameter":6.0},"id":"9950"},{"type":"Feature","geometry":{"type":"Point","coordinates":[1826441.7014222865,2187346.4612038448]},"properties":{"height":6.0,"crown_diameter":6.0},"id":"9953"},{"type":"Feature","geometry":{"type":"Point","coordinates":[1827108.0609991294,2186790.4333200622]},"properties":{"height":6.0,"crown_diameter":6.0},"id":"9954"},{"type":"Feature","geometry":{"type":"Point","coordinates":[1826317.1635297786,2186892.687830641]},"properties":{"height":6.0,"crown_diameter":6.0},"id":"9956"},{"type":"Feature","geometry":{"type":"Point","coordinates":[1827065.2945174342,2186936.4619077165]},"properties":{"height":6.0,"crown_diameter":6.0},"id":"9958"},{"type":"Feature","geometry":{"type":"Point","coordinates":[1827007.9677754417,2186893.9529013685]},"properties":{"height":6.0,"crown_diameter":6.0},"id":"9960"},{"type":"Feature","geometry":{"type":"Point","coordinates":[1826509.0173522835,2187811.9518162375]},"properties":{"height":6.0,"crown_diameter":6.0},"id":"9965"},{"type":"Feature","geometry":{"type":"Point","coordinates":[1826196.6076953996,2186637.088278968]},"properties":{"height":6.0,"crown_diameter":6.0},"id":"9966"},{"type":"Feature","geometry":{"type":"Point","coordinates":[1826373.8252378665,2187614.6095460025]},"properties":{"height":7.0,"crown_diameter":7.0},"id":"9971"},{"type":"Feature","geometry":{"type":"Point","coordinates":[1826688.3076979292,2187247.6039563343]},"properties":{"height":6.0,"crown_diameter":6.0},"id":"9972"},{"type":"Feature","geometry":{"type":"Point","coordinates":[1826488.4716635433,2187081.7354764906]},"properties":{"height":6.0,"crown_diameter":6.0},"id":"9973"},{"type":"Feature","geometry":{"type":"Point","coordinates":[1826260.3510086085,2187027.919264451]},"properties":{"height":6.0,"crown_diameter":6.0},"id":"9974"},{"type":"Feature","geometry":{"type":"Point","coordinates":[1826877.0239231098,2188035.260733489]},"properties":{"height":6.0,"crown_diameter":6.0},"id":"9979"},{"type":"Feature","geometry":{"type":"Point","coordinates":[1826752.947778393,2188029.3465326014]},"properties":{"height":6.0,"crown_diameter":6.0},"id":"9980"},{"type":"Feature","geometry":{"type":"Point","coordinates":[1826889.3314629933,2186974.3985703206]},"properties":{"height":6.0,"crown_diameter":6.0},"id":"9981"},{"type":"Feature","geometry":{"type":"Point","coordinates":[1826883.9920013612,2187884.547027225]},"properties":{"height":6.0,"crown_diameter":6.0},"id":"9982"},{"type":"Feature","geometry":{"type":"Point","coordinates":[1826309.0933963426,2186637.4462429914]},"properties":{"height":6.0,"crown_diameter":6.0},"id":"9989"},{"type":"Feature","geometry":{"type":"Point","coordinates":[1827149.2002554284,2186870.2571244193]},"properties":{"height":6.0,"crown_diameter":6.0},"id":"9992"},{"type":"Feature","geometry":{"type":"Point","coordinates":[1826659.6140038138,2188088.639294544]},"properties":{"height":6.0,"crown_diameter":6.0},"id":"9994"},{"type":"Feature","geometry":{"type":"Point","coordinates":[1827122.985647216,2187165.0895361]},"properties":{"height":6.0,"crown_diameter":6.0},"id":"9996"},{"type":"Feature","geometry":{"type":"Point","coordinates":[1827172.177379402,2187179.503977179]},"properties":{"height":6.0,"crown_diameter":6.0},"id":"9997"},{"type":"Feature","geometry":{"type":"Point","coordinates":[1826802.326224097,2188105.4934339905]},"properties":{"height":6.0,"crown_diameter":6.0},"id":"9998"},{"type":"Feature","geometry":{"type":"Point","coordinates":[1826011.1519587387,2186938.2905999143]},"properties":{"height":6.0,"crown_diameter":6.0},"id":"10000"},{"type":"Feature","geometry":{"type":"Point","coordinates":[1826694.1693547077,2187117.180685493]},"properties":{"height":6.0,"crown_diameter":6.0},"id":"10001"},{"type":"Feature","geometry":{"type":"Point","coordinates":[1826648.528934339,2187920.582561354]},"properties":{"height":6.0,"crown_diameter":6.0},"id":"10003"},{"type":"Feature","geometry":{"type":"Point","coordinates":[1826392.0168489057,2186986.065498856]},"properties":{"height":6.0,"crown_diameter":6.0},"id":"10004"},{"type":"Feature","geometry":{"type":"Point","coordinates":[1826358.8827127807,2187709.2297546617]},"properties":{"height":6.0,"crown_diameter":6.0},"id":"10005"},{"type":"Feature","geometry":{"type":"Point","coordinates":[1827184.2796258782,2187104.7694545267]},"properties":{"height":6.0,"crown_diameter":6.0},"id":"10006"},{"type":"Feature","geometry":{"type":"Point","coordinates":[1826179.171156027,2186679.7170349215]},"properties":{"height":10.0,"crown_diameter":10.0},"id":"10007"},{"type":"Feature","geometry":{"type":"Point","coordinates":[1826792.2460344364,2186795.3711128645]},"properties":{"height":6.0,"crown_diameter":6.0},"id":"10010"},{"type":"Feature","geometry":{"type":"Point","coordinates":[1826445.6383069977,2186836.99259199]},"properties":{"height":6.0,"crown_diameter":6.0},"id":"10012"},{"type":"Feature","geometry":{"type":"Point","coordinates":[1826515.3438454382,2187812.509855554]},"properties":{"height":6.0,"crown_diameter":6.0},"id":"10013"},{"type":"Feature","geometry":{"type":"Point","coordinates":[1826615.0013252383,2187988.381632873]},"properties":{"height":6.0,"crown_diameter":6.0},"id":"10019"},{"type":"Feature","geometry":{"type":"Point","coordinates":[1827107.7651952896,2187104.472919724]},"properties":{"height":6.0,"crown_diameter":6.0},"id":"10025"},{"type":"Feature","geometry":{"type":"Point","coordinates":[1826340.279636642,2186681.2615981367]},"properties":{"height":6.0,"crown_diameter":6.0},"id":"10027"},{"type":"Feature","geometry":{"type":"Point","coordinates":[1826891.8042920383,2188031.271369062]},"properties":{"height":6.0,"crown_diameter":6.0},"id":"10030"},{"type":"Feature","geometry":{"type":"Point","coordinates":[1826363.298999653,2187076.5095731006]},"properties":{"height":6.0,"crown_diameter":6.0},"id":"10032"},{"type":"Feature","geometry":{"type":"Point","coordinates":[1827124.235966706,2186987.766047623]},"properties":{"height":6.0,"crown_diameter":6.0},"id":"10035"},{"type":"Feature","geometry":{"type":"Point","coordinates":[1826503.9465114328,2187379.842139241]},"properties":{"height":7.0,"crown_diameter":7.0},"id":"10036"},{"type":"Feature","geometry":{"type":"Point","coordinates":[1827002.039047422,2187446.8998346697]},"properties":{"height":6.0,"crown_diameter":6.0},"id":"10039"},{"type":"Feature","geometry":{"type":"Point","coordinates":[1826438.0894896355,2187952.245887127]},"properties":{"height":6.0,"crown_diameter":6.0},"id":"10040"},{"type":"Feature","geometry":{"type":"Point","coordinates":[1826651.9331935341,2186674.3886066386]},"properties":{"height":6.0,"crown_diameter":6.0},"id":"10041"},{"type":"Feature","geometry":{"type":"Point","coordinates":[1826137.4500955502,2186586.6761008017]},"properties":{"height":6.0,"crown_diameter":6.0},"id":"10042"},{"type":"Feature","geometry":{"type":"Point","coordinates":[1826281.4412630403,2187341.3694357644]},"properties":{"height":6.0,"crown_diameter":6.0},"id":"10044"},{"type":"Feature","geometry":{"type":"Point","coordinates":[1826930.5424755388,2188089.953238685]},"properties":{"height":6.0,"crown_diameter":6.0},"id":"10046"},{"type":"Feature","geometry":{"type":"Point","coordinates":[1826611.0113485176,2187981.8319496885]},"properties":{"height":6.0,"crown_diameter":6.0},"id":"10049"},{"type":"Feature","geometry":{"type":"Point","coordinates":[1827045.7010922497,2186831.8085834533]},"properties":{"height":6.0,"crown_diameter":6.0},"id":"10050"},{"type":"Feature","geometry":{"type":"Point","coordinates":[1826446.4210446863,2186700.69158625]},"properties":{"height":6.0,"crown_diameter":6.0},"id":"10053"},{"type":"Feature","geometry":{"type":"Point","coordinates":[1826336.937287763,2186695.4305450423]},"properties":{"height":6.0,"crown_diameter":6.0},"id":"10058"},{"type":"Feature","geometry":{"type":"Point","coordinates":[1826814.9314050463,2187844.8808493223]},"properties":{"height":6.0,"crown_diameter":6.0},"id":"10059"},{"type":"Feature","geometry":{"type":"Point","coordinates":[1827193.304391778,2187070.440813977]},"properties":{"height":6.0,"crown_diameter":6.0},"id":"10060"},{"type":"Feature","geometry":{"type":"Point","coordinates":[1826801.7694070935,2187943.6588398535]},"properties":{"height":6.0,"crown_diameter":6.0},"id":"10070"},{"type":"Feature","geometry":{"type":"Point","coordinates":[1826788.974765736,2187735.935174342]},"properties":{"height":6.0,"crown_diameter":6.0},"id":"10071"},{"type":"Feature","geometry":{"type":"Point","coordinates":[1826851.2810672526,2187112.1870217016]},"properties":{"height":6.0,"crown_diameter":6.0},"id":"10075"},{"type":"Feature","geometry":{"type":"Point","coordinates":[1826876.5063060357,2186977.9159921543]},"properties":{"height":6.0,"crown_diameter":6.0},"id":"10079"},{"type":"Feature","geometry":{"type":"Point","coordinates":[1826867.1885117537,2187197.2692720448]},"properties":{"height":6.0,"crown_diameter":6.0},"id":"10080"},{"type":"Feature","geometry":{"type":"Point","coordinates":[1826394.2795160618,2186675.3033068157]},"properties":{"height":6.0,"crown_diameter":6.0},"id":"10085"},{"type":"Feature","geometry":{"type":"Point","coordinates":[1826439.624851723,2187910.547052035]},"properties":{"height":6.0,"crown_diameter":6.0},"id":"10087"},{"type":"Feature","geometry":{"type":"Point","coordinates":[1827019.6015765844,2187802.515013211]},"properties":{"height":6.0,"crown_diameter":6.0},"id":"10088"},{"type":"Feature","geometry":{"type":"Point","coordinates":[1826767.5361370563,2187236.3855647985]},"properties":{"height":6.0,"crown_diameter":6.0},"id":"10091"},{"type":"Feature","geometry":{"type":"Point","coordinates":[1826682.295297184,2188047.2572495067]},"properties":{"height":6.0,"crown_diameter":6.0},"id":"10094"},{"type":"Feature","geometry":{"type":"Point","coordinates":[1826663.8441465036,2187969.062254327]},"properties":{"height":6.0,"crown_diameter":6.0},"id":"10100"},{"type":"Feature","geometry":{"type":"Point","coordinates":[1826341.280133483,2186630.081350476]},"properties":{"height":6.0,"crown_diameter":6.0},"id":"10104"},{"type":"Feature","geometry":{"type":"Point","coordinates":[1826885.0877345153,2187692.2504052785]},"properties":{"height":6.0,"crown_diameter":6.0},"id":"10106"},{"type":"Feature","geometry":{"type":"Point","coordinates":[1826366.044857081,2187706.2459461535]},"properties":{"height":6.0,"crown_diameter":6.0},"id":"10108"},{"type":"Feature","geometry":{"type":"Point","coordinates":[1826840.7203081083,2188087.4483717834]},"properties":{"height":6.0,"crown_diameter":6.0},"id":"10110"},{"type":"Feature","geometry":{"type":"Point","coordinates":[1827078.2920329156,2186971.3140814104]},"properties":{"height":6.0,"crown_diameter":6.0},"id":"10111"},{"type":"Feature","geometry":{"type":"Point","coordinates":[1826151.6347566189,2186651.7208747803]},"properties":{"height":6.0,"crown_diameter":6.0},"id":"10112"},{"type":"Feature","geometry":{"type":"Point","coordinates":[1826672.4209094336,2187784.143971221]},"properties":{"height":6.0,"crown_diameter":6.0},"id":"10113"},{"type":"Feature","geometry":{"type":"Point","coordinates":[1826981.417612184,2187991.6651365696]},"properties":{"height":6.0,"crown_diameter":6.0},"id":"10117"},{"type":"Feature","geometry":{"type":"Point","coordinates":[1826464.9513578436,2187936.1513324575]},"properties":{"height":6.0,"crown_diameter":6.0},"id":"10123"},{"type":"Feature","geometry":{"type":"Point","coordinates":[1826888.3731012223,2187650.962060053]},"properties":{"height":6.0,"crown_diameter":6.0},"id":"10124"},{"type":"Feature","geometry":{"type":"Point","coordinates":[1826179.473249469,2186666.700675251]},"properties":{"height":6.0,"crown_diameter":6.0},"id":"10127"},{"type":"Feature","geometry":{"type":"Point","coordinates":[1826640.510712444,2187903.7352006896]},"properties":{"height":6.0,"crown_diameter":6.0},"id":"10132"},{"type":"Feature","geometry":{"type":"Point","coordinates":[1826329.8842629103,2186666.6564859506]},"properties":{"height":6.0,"crown_diameter":6.0},"id":"10136"},{"type":"Feature","geometry":{"type":"Point","coordinates":[1826411.4539513723,2187947.830741702]},"properties":{"height":6.0,"crown_diameter":6.0},"id":"10139"},{"type":"Feature","geometry":{"type":"Point","coordinates":[1826446.6059025242,2188017.8138814447]},"properties":{"height":6.0,"crown_diameter":6.0},"id":"10141"},{"type":"Feature","geometry":{"type":"Point","coordinates":[1827092.3403536135,2187259.7519832007]},"properties":{"height":6.0,"crown_diameter":6.0},"id":"10142"},{"type":"Feature","geometry":{"type":"Point","coordinates":[1826814.6177585833,2187236.27788739]},"properties":{"height":6.0,"crown_diameter":6.0},"id":"10143"},{"type":"Feature","geometry":{"type":"Point","coordinates":[1826379.2883735094,2186680.1804463267]},"properties":{"height":6.0,"crown_diameter":6.0},"id":"10144"},{"type":"Feature","geometry":{"type":"Point","coordinates":[1826487.0707578156,2188010.537373494]},"properties":{"height":6.0,"crown_diameter":6.0},"id":"10145"},{"type":"Feature","geometry":{"type":"Point","coordinates":[1826697.9628963866,2186784.343088707]},"properties":{"height":6.0,"crown_diameter":6.0},"id":"10146"},{"type":"Feature","geometry":{"type":"Point","coordinates":[1826572.4617728624,2187941.8905541287]},"properties":{"height":6.0,"crown_diameter":6.0},"id":"10147"},{"type":"Feature","geometry":{"type":"Point","coordinates":[1826833.4787988195,2187504.337103246]},"properties":{"height":6.0,"crown_diameter":6.0},"id":"10148"},{"type":"Feature","geometry":{"type":"Point","coordinates":[1826834.8670360176,2188026.246278811]},"properties":{"height":6.0,"crown_diameter":6.0},"id":"10152"},{"type":"Feature","geometry":{"type":"Point","coordinates":[1826818.070729585,2187510.983470734]},"properties":{"height":6.0,"crown_diameter":6.0},"id":"10154"},{"type":"Feature","geometry":{"type":"Point","coordinates":[1827083.6099293865,2186894.0417239424]},"properties":{"height":6.0,"crown_diameter":6.0},"id":"10157"},{"type":"Feature","geometry":{"type":"Point","coordinates":[1826285.7179859793,2187694.772564007]},"properties":{"height":6.0,"crown_diameter":6.0},"id":"10163"},{"type":"Feature","geometry":{"type":"Point","coordinates":[1826894.7464350145,2186971.0022012754]},"properties":{"height":6.0,"crown_diameter":6.0},"id":"10164"},{"type":"Feature","geometry":{"type":"Point","coordinates":[1826881.535476452,2187707.302746005]},"properties":{"height":6.0,"crown_diameter":6.0},"id":"10168"},{"type":"Feature","geometry":{"type":"Point","coordinates":[1826872.9764100704,2188001.5908089825]},"properties":{"height":6.0,"crown_diameter":6.0},"id":"10173"},{"type":"Feature","geometry":{"type":"Point","coordinates":[1826642.0571183104,2187435.7980698445]},"properties":{"height":7.0,"crown_diameter":7.0},"id":"10176"},{"type":"Feature","geometry":{"type":"Point","coordinates":[1827059.626383487,2186764.9799925885]},"properties":{"height":6.0,"crown_diameter":6.0},"id":"10180"},{"type":"Feature","geometry":{"type":"Point","coordinates":[1826911.4912449033,2187545.1816205075]},"properties":{"height":6.0,"crown_diameter":6.0},"id":"10185"},{"type":"Feature","geometry":{"type":"Point","coordinates":[1826974.3141756929,2186821.506257976]},"properties":{"height":6.0,"crown_diameter":6.0},"id":"10194"},{"type":"Feature","geometry":{"type":"Point","coordinates":[1826429.0672223233,2186985.458142786]},"properties":{"height":6.0,"crown_diameter":6.0},"id":"10195"},{"type":"Feature","geometry":{"type":"Point","coordinates":[1826418.901468223,2187951.4573115217]},"properties":{"height":6.0,"crown_diameter":6.0},"id":"10197"},{"type":"Feature","geometry":{"type":"Point","coordinates":[1826467.9558886783,2187739.637686423]},"properties":{"height":6.0,"crown_diameter":6.0},"id":"10198"},{"type":"Feature","geometry":{"type":"Point","coordinates":[1826576.166394274,2187941.830014026]},"properties":{"height":6.0,"crown_diameter":6.0},"id":"10200"},{"type":"Feature","geometry":{"type":"Point","coordinates":[1826912.5573145167,2187607.127469538]},"properties":{"height":6.0,"crown_diameter":6.0},"id":"10202"},{"type":"Feature","geometry":{"type":"Point","coordinates":[1826783.7290740318,2187691.6993464227]},"properties":{"height":6.0,"crown_diameter":6.0},"id":"10208"},{"type":"Feature","geometry":{"type":"Point","coordinates":[1826354.3666470102,2187395.9636261878]},"properties":{"height":6.0,"crown_diameter":6.0},"id":"10211"},{"type":"Feature","geometry":{"type":"Point","coordinates":[1826508.8214503056,2187089.3409572924]},"properties":{"height":6.0,"crown_diameter":6.0},"id":"10214"},{"type":"Feature","geometry":{"type":"Point","coordinates":[1826019.8210440106,2186510.3207664764]},"properties":{"height":6.0,"crown_diameter":6.0},"id":"10215"},{"type":"Feature","geometry":{"type":"Point","coordinates":[1826953.1476259737,2187955.082054953]},"properties":{"height":6.0,"crown_diameter":6.0},"id":"10216"},{"type":"Feature","geometry":{"type":"Point","coordinates":[1826695.6505924135,2186856.7151370733]},"properties":{"height":6.0,"crown_diameter":6.0},"id":"10218"},{"type":"Feature","geometry":{"type":"Point","coordinates":[1826732.9059163742,2188051.7230369225]},"properties":{"height":6.0,"crown_diameter":6.0},"id":"10221"},{"type":"Feature","geometry":{"type":"Point","coordinates":[1826161.8601082715,2186670.959676751]},"properties":{"height":6.0,"crown_diameter":6.0},"id":"10222"},{"type":"Feature","geometry":{"type":"Point","coordinates":[1826731.478340107,2187013.8064466966]},"properties":{"height":6.0,"crown_diameter":6.0},"id":"10228"},{"type":"Feature","geometry":{"type":"Point","coordinates":[1826887.8789266276,2187645.236928778]},"properties":{"height":6.0,"crown_diameter":6.0},"id":"10237"},{"type":"Feature","geometry":{"type":"Point","coordinates":[1826981.5034597034,2187549.552538396]},"properties":{"height":6.0,"crown_diameter":6.0},"id":"10241"},{"type":"Feature","geometry":{"type":"Point","coordinates":[1827077.556505118,2187177.7384149977]},"properties":{"height":6.0,"crown_diameter":6.0},"id":"10250"},{"type":"Feature","geometry":{"type":"Point","coordinates":[1826172.045667564,2186940.718677844]},"properties":{"height":7.0,"crown_diameter":7.0},"id":"10272"},{"type":"Feature","geometry":{"type":"Point","coordinates":[1826800.590343386,2187913.4697996485]},"properties":{"height":6.0,"crown_diameter":6.0},"id":"10274"},{"type":"Feature","geometry":{"type":"Point","coordinates":[1827043.327625148,2186877.0564653925]},"properties":{"height":6.0,"crown_diameter":6.0},"id":"10277"},{"type":"Feature","geometry":{"type":"Point","coordinates":[1827069.640674635,2186785.1057748417]},"properties":{"height":6.0,"crown_diameter":6.0},"id":"10278"},{"type":"Feature","geometry":{"type":"Point","coordinates":[1826490.738853044,2187345.8787663947]},"properties":{"height":6.0,"crown_diameter":6.0},"id":"10281"},{"type":"Feature","geometry":{"type":"Point","coordinates":[1826735.618226599,2187954.2196836043]},"properties":{"height":6.0,"crown_diameter":6.0},"id":"10282"},{"type":"Feature","geometry":{"type":"Point","coordinates":[1826755.9692250292,2188047.8187899278]},"properties":{"height":6.0,"crown_diameter":6.0},"id":"10283"},{"type":"Feature","geometry":{"type":"Point","coordinates":[1826696.1366178,2187886.9508352196]},"properties":{"height":6.0,"crown_diameter":6.0},"id":"10285"},{"type":"Feature","geometry":{"type":"Point","coordinates":[1826952.4073517183,2187989.491814353]},"properties":{"height":6.0,"crown_diameter":6.0},"id":"10287"},{"type":"Feature","geometry":{"type":"Point","coordinates":[1826833.2445222524,2186711.5594402645]},"properties":{"height":6.0,"crown_diameter":6.0},"id":"10290"},{"type":"Feature","geometry":{"type":"Point","coordinates":[1826296.3275192312,2187262.622402012]},"properties":{"height":6.0,"crown_diameter":6.0},"id":"10296"},{"type":"Feature","geometry":{"type":"Point","coordinates":[1826072.4030492767,2186662.947363656]},"properties":{"height":6.0,"crown_diameter":6.0},"id":"10300"},{"type":"Feature","geometry":{"type":"Point","coordinates":[1827094.9171576172,2186955.605845655]},"properties":{"height":6.0,"crown_diameter":6.0},"id":"10306"},{"type":"Feature","geometry":{"type":"Point","coordinates":[1827084.6770207195,2186998.9965539887]},"properties":{"height":6.0,"crown_diameter":6.0},"id":"10308"},{"type":"Feature","geometry":{"type":"Point","coordinates":[1827093.933232593,2187116.165750518]},"properties":{"height":6.0,"crown_diameter":6.0},"id":"10311"},{"type":"Feature","geometry":{"type":"Point","coordinates":[1826909.0518915374,2187348.3027382563]},"properties":{"height":6.0,"crown_diameter":6.0},"id":"10315"},{"type":"Feature","geometry":{"type":"Point","coordinates":[1826955.0984079328,2187117.9896289245]},"properties":{"height":6.0,"crown_diameter":6.0},"id":"10319"},{"type":"Feature","geometry":{"type":"Point","coordinates":[1826675.786171922,2187238.105896035]},"properties":{"height":6.0,"crown_diameter":6.0},"id":"10323"},{"type":"Feature","geometry":{"type":"Point","coordinates":[1826468.0151723595,2187766.7583939624]},"properties":{"height":6.0,"crown_diameter":6.0},"id":"10324"},{"type":"Feature","geometry":{"type":"Point","coordinates":[1826469.9436550296,2187656.916496081]},"properties":{"height":6.0,"crown_diameter":6.0},"id":"10332"},{"type":"Feature","geometry":{"type":"Point","coordinates":[1826935.8296718064,2187559.3383091963]},"properties":{"height":6.0,"crown_diameter":6.0},"id":"10336"},{"type":"Feature","geometry":{"type":"Point","coordinates":[1826768.723088618,2186797.299531529]},"properties":{"height":6.0,"crown_diameter":6.0},"id":"10337"},{"type":"Feature","geometry":{"type":"Point","coordinates":[1826798.9559174743,2186833.413428254]},"properties":{"height":6.0,"crown_diameter":6.0},"id":"10338"},{"type":"Feature","geometry":{"type":"Point","coordinates":[1827028.0906371432,2186922.0729195294]},"properties":{"height":6.0,"crown_diameter":6.0},"id":"10339"},{"type":"Feature","geometry":{"type":"Point","coordinates":[1827024.2660434416,2186781.8767535468]},"properties":{"height":6.0,"crown_diameter":6.0},"id":"10342"},{"type":"Feature","geometry":{"type":"Point","coordinates":[1826272.3343127312,2187133.572448615]},"properties":{"height":6.0,"crown_diameter":6.0},"id":"10347"},{"type":"Feature","geometry":{"type":"Point","coordinates":[1826303.590852747,2186993.249320038]},"properties":{"height":6.0,"crown_diameter":6.0},"id":"10348"},{"type":"Feature","geometry":{"type":"Point","coordinates":[1826462.3943176006,2187579.4221050492]},"properties":{"height":6.0,"crown_diameter":6.0},"id":"10349"},{"type":"Feature","geometry":{"type":"Point","coordinates":[1826263.2863753317,2187101.5250683147]},"properties":{"height":6.0,"crown_diameter":6.0},"id":"10350"},{"type":"Feature","geometry":{"type":"Point","coordinates":[1827143.5594399448,2186980.1735206735]},"properties":{"height":6.0,"crown_diameter":6.0},"id":"10351"},{"type":"Feature","geometry":{"type":"Point","coordinates":[1827036.2175547774,2186778.1531030554]},"properties":{"height":6.0,"crown_diameter":6.0},"id":"10356"},{"type":"Feature","geometry":{"type":"Point","coordinates":[1826431.8468271447,2188045.175890368]},"properties":{"height":6.0,"crown_diameter":6.0},"id":"10358"},{"type":"Feature","geometry":{"type":"Point","coordinates":[1826867.669250521,2186944.981159904]},"properties":{"height":6.0,"crown_diameter":6.0},"id":"10359"},{"type":"Feature","geometry":{"type":"Point","coordinates":[1826455.574815187,2188042.362417081]},"properties":{"height":6.0,"crown_diameter":6.0},"id":"10360"},{"type":"Feature","geometry":{"type":"Point","coordinates":[1826224.292050774,2186637.074537803]},"properties":{"height":6.0,"crown_diameter":6.0},"id":"10362"},{"type":"Feature","geometry":{"type":"Point","coordinates":[1826433.9377285647,2187418.475401197]},"properties":{"height":6.0,"crown_diameter":6.0},"id":"10364"},{"type":"Feature","geometry":{"type":"Point","coordinates":[1826535.8004264366,2187510.745473849]},"properties":{"height":6.0,"crown_diameter":6.0},"id":"10367"},{"type":"Feature","geometry":{"type":"Point","coordinates":[1826646.4906140778,2187827.565284492]},"properties":{"height":6.0,"crown_diameter":6.0},"id":"10371"},{"type":"Feature","geometry":{"type":"Point","coordinates":[1826734.3153368814,2187099.5439886726]},"properties":{"height":6.0,"crown_diameter":6.0},"id":"10374"},{"type":"Feature","geometry":{"type":"Point","coordinates":[1826764.3193973098,2187840.4147567186]},"properties":{"height":6.0,"crown_diameter":6.0},"id":"10376"},{"type":"Feature","geometry":{"type":"Point","coordinates":[1827036.9073089508,2186931.6323669925]},"properties":{"height":6.0,"crown_diameter":6.0},"id":"10377"},{"type":"Feature","geometry":{"type":"Point","coordinates":[1827131.0639657124,2187381.067816686]},"properties":{"height":6.0,"crown_diameter":6.0},"id":"10379"},{"type":"Feature","geometry":{"type":"Point","coordinates":[1827111.6772841625,2187017.521642669]},"properties":{"height":6.0,"crown_diameter":6.0},"id":"10380"},{"type":"Feature","geometry":{"type":"Point","coordinates":[1827018.6652408096,2187517.1930049057]},"properties":{"height":6.0,"crown_diameter":6.0},"id":"10381"},{"type":"Feature","geometry":{"type":"Point","coordinates":[1826857.3872691144,2186898.6175092384]},"properties":{"height":6.0,"crown_diameter":6.0},"id":"10405"},{"type":"Feature","geometry":{"type":"Point","coordinates":[1827093.813245938,2186889.9057053477]},"properties":{"height":6.0,"crown_diameter":6.0},"id":"10406"},{"type":"Feature","geometry":{"type":"Point","coordinates":[1826747.7398979296,2187261.627676342]},"properties":{"height":13.0,"crown_diameter":13.0},"id":"10408"},{"type":"Feature","geometry":{"type":"Point","coordinates":[1826549.8931947513,2186821.3907861086]},"properties":{"height":13.0,"crown_diameter":11.78},"id":"10410"},{"type":"Feature","geometry":{"type":"Point","coordinates":[1826759.911874238,2187151.389330793]},"properties":{"height":13.0,"crown_diameter":10.6},"id":"10411"},{"type":"Feature","geometry":{"type":"Point","coordinates":[1826898.9723358625,2187129.0499949395]},"properties":{"height":11.0,"crown_diameter":6.0},"id":"10417"},{"type":"Feature","geometry":{"type":"Point","coordinates":[1826470.4072116564,2187979.499672452]},"properties":{"height":19.0,"crown_diameter":11.74},"id":"10418"},{"type":"Feature","geometry":{"type":"Point","coordinates":[1826169.5427481248,2187397.2301787958]},"properties":{"height":12.0,"crown_diameter":11.36},"id":"10423"},{"type":"Feature","geometry":{"type":"Point","coordinates":[1826598.0215517646,2186816.8535115495]},"properties":{"height":9.0,"crown_diameter":9.0},"id":"10425"},{"type":"Feature","geometry":{"type":"Point","coordinates":[1826241.710664873,2187803.097761858]},"properties":{"height":10.0,"crown_diameter":10.0},"id":"10426"},{"type":"Feature","geometry":{"type":"Point","coordinates":[1827107.3533353873,2187450.255109747]},"properties":{"height":8.0,"crown_diameter":8.0},"id":"10429"},{"type":"Feature","geometry":{"type":"Point","coordinates":[1826860.7827504594,2187552.8448343924]},"properties":{"height":8.0,"crown_diameter":8.0},"id":"10432"},{"type":"Feature","geometry":{"type":"Point","coordinates":[1826795.6852414573,2187089.7198978853]},"properties":{"height":8.0,"crown_diameter":8.0},"id":"10445"},{"type":"Feature","geometry":{"type":"Point","coordinates":[1826320.633871958,2187847.88899096]},"properties":{"height":11.0,"crown_diameter":10.48},"id":"10449"},{"type":"Feature","geometry":{"type":"Point","coordinates":[1826599.4506821355,2186658.266889445]},"properties":{"height":8.0,"crown_diameter":8.0},"id":"10450"},{"type":"Feature","geometry":{"type":"Point","coordinates":[1826841.914855667,2188012.0196125605]},"properties":{"height":9.0,"crown_diameter":8.74},"id":"10451"},{"type":"Feature","geometry":{"type":"Point","coordinates":[1826059.2852506363,2186976.752346065]},"properties":{"height":7.0,"crown_diameter":7.0},"id":"10465"},{"type":"Feature","geometry":{"type":"Point","coordinates":[1827134.453534702,2186791.9876017133]},"properties":{"height":7.0,"crown_diameter":6.64},"id":"10478"},{"type":"Feature","geometry":{"type":"Point","coordinates":[1826882.7845389727,2187572.9932298185]},"properties":{"height":8.0,"crown_diameter":8.0},"id":"10481"},{"type":"Feature","geometry":{"type":"Point","coordinates":[1826980.257934387,2187941.851388777]},"properties":{"height":8.0,"crown_diameter":8.0},"id":"10482"},{"type":"Feature","geometry":{"type":"Point","coordinates":[1826298.2634660038,2187579.0230114763]},"properties":{"height":8.0,"crown_diameter":6.0},"id":"10488"},{"type":"Feature","geometry":{"type":"Point","coordinates":[1826208.0526737445,2187093.1696449723]},"properties":{"height":8.0,"crown_diameter":8.0},"id":"10489"},{"type":"Feature","geometry":{"type":"Point","coordinates":[1827154.91915831,2186853.844433101]},"properties":{"height":6.0,"crown_diameter":6.0},"id":"10490"},{"type":"Feature","geometry":{"type":"Point","coordinates":[1826733.2073735758,2187995.7123774667]},"properties":{"height":9.0,"crown_diameter":9.0},"id":"10495"},{"type":"Feature","geometry":{"type":"Point","coordinates":[1826758.995338772,2187745.685721484]},"properties":{"height":7.0,"crown_diameter":6.0},"id":"10501"},{"type":"Feature","geometry":{"type":"Point","coordinates":[1826417.542913122,2187839.9081558883]},"properties":{"height":7.0,"crown_diameter":7.0},"id":"10502"},{"type":"Feature","geometry":{"type":"Point","coordinates":[1826881.1112325154,2187537.077372726]},"properties":{"height":7.0,"crown_diameter":7.0},"id":"10505"},{"type":"Feature","geometry":{"type":"Point","coordinates":[1826633.4707317734,2188046.951997827]},"properties":{"height":7.0,"crown_diameter":7.0},"id":"10507"},{"type":"Feature","geometry":{"type":"Point","coordinates":[1826981.6350686955,2187498.1711449884]},"properties":{"height":8.0,"crown_diameter":8.0},"id":"10509"},{"type":"Feature","geometry":{"type":"Point","coordinates":[1826209.1525358418,2187221.4929023767]},"properties":{"height":8.0,"crown_diameter":8.0},"id":"10510"},{"type":"Feature","geometry":{"type":"Point","coordinates":[1826570.931613934,2187791.9764488186]},"properties":{"height":6.0,"crown_diameter":6.0},"id":"10513"},{"type":"Feature","geometry":{"type":"Point","coordinates":[1826605.7174382578,2186823.3434081143]},"properties":{"height":7.0,"crown_diameter":7.0},"id":"10519"},{"type":"Feature","geometry":{"type":"Point","coordinates":[1826299.307913236,2187574.595783128]},"properties":{"height":8.0,"crown_diameter":7.06},"id":"10522"},{"type":"Feature","geometry":{"type":"Point","coordinates":[1827066.645666899,2187005.0244021895]},"properties":{"height":8.0,"crown_diameter":8.0},"id":"10525"},{"type":"Feature","geometry":{"type":"Point","coordinates":[1826368.1989406324,2186895.3790739635]},"properties":{"height":6.0,"crown_diameter":6.0},"id":"10533"},{"type":"Feature","geometry":{"type":"Point","coordinates":[1827026.7953922662,2186837.6304781293]},"properties":{"height":7.0,"crown_diameter":7.0},"id":"10535"},{"type":"Feature","geometry":{"type":"Point","coordinates":[1826839.244153654,2187706.669680558]},"properties":{"height":6.0,"crown_diameter":6.0},"id":"10537"},{"type":"Feature","geometry":{"type":"Point","coordinates":[1826990.2814501964,2186976.7196921776]},"properties":{"height":7.0,"crown_diameter":7.0},"id":"10538"},{"type":"Feature","geometry":{"type":"Point","coordinates":[1826237.0684684906,2186692.4389339243]},"properties":{"height":7.0,"crown_diameter":7.0},"id":"10543"},{"type":"Feature","geometry":{"type":"Point","coordinates":[1827032.2603150455,2187182.0054722046]},"properties":{"height":6.0,"crown_diameter":6.0},"id":"10550"},{"type":"Feature","geometry":{"type":"Point","coordinates":[1826748.4697819692,2187739.4629599797]},"properties":{"height":7.0,"crown_diameter":7.0},"id":"10559"},{"type":"Feature","geometry":{"type":"Point","coordinates":[1826950.199870926,2187815.1121633924]},"properties":{"height":6.0,"crown_diameter":6.0},"id":"10560"},{"type":"Feature","geometry":{"type":"Point","coordinates":[1826122.6495246817,2186970.198085277]},"properties":{"height":7.0,"crown_diameter":7.0},"id":"10564"},{"type":"Feature","geometry":{"type":"Point","coordinates":[1826792.5661516904,2187040.373409698]},"properties":{"height":6.0,"crown_diameter":6.0},"id":"10570"},{"type":"Feature","geometry":{"type":"Point","coordinates":[1826282.3373849776,2187705.191540629]},"properties":{"height":6.0,"crown_diameter":6.0},"id":"10573"},{"type":"Feature","geometry":{"type":"Point","coordinates":[1826667.679109558,2187319.3887618626]},"properties":{"height":6.0,"crown_diameter":6.0},"id":"10574"},{"type":"Feature","geometry":{"type":"Point","coordinates":[1826621.067148744,2187771.0913851997]},"properties":{"height":7.0,"crown_diameter":6.0},"id":"10575"},{"type":"Feature","geometry":{"type":"Point","coordinates":[1826852.904903991,2186929.3443373833]},"properties":{"height":6.0,"crown_diameter":6.0},"id":"10576"},{"type":"Feature","geometry":{"type":"Point","coordinates":[1827055.4696711232,2186892.0750040873]},"properties":{"height":6.0,"crown_diameter":6.0},"id":"10582"},{"type":"Feature","geometry":{"type":"Point","coordinates":[1827022.7104158758,2186843.2104741842]},"properties":{"height":6.0,"crown_diameter":6.0},"id":"10583"},{"type":"Feature","geometry":{"type":"Point","coordinates":[1826283.7440776718,2187374.62901211]},"properties":{"height":6.0,"crown_diameter":6.0},"id":"10584"},{"type":"Feature","geometry":{"type":"Point","coordinates":[1826391.6986261988,2187976.8182894303]},"properties":{"height":6.0,"crown_diameter":6.0},"id":"10585"},{"type":"Feature","geometry":{"type":"Point","coordinates":[1826309.5574512754,2187660.204076235]},"properties":{"height":7.0,"crown_diameter":7.0},"id":"10587"},{"type":"Feature","geometry":{"type":"Point","coordinates":[1826935.2286154043,2187800.3620138797]},"properties":{"height":6.0,"crown_diameter":6.0},"id":"10589"},{"type":"Feature","geometry":{"type":"Point","coordinates":[1826423.8310486618,2187836.7182782074]},"properties":{"height":6.0,"crown_diameter":6.0},"id":"10590"},{"type":"Feature","geometry":{"type":"Point","coordinates":[1826324.470055427,2187647.8320832294]},"properties":{"height":12.0,"crown_diameter":10.9},"id":"10594"},{"type":"Feature","geometry":{"type":"Point","coordinates":[1826644.7739026917,2186720.3770087287]},"properties":{"height":6.0,"crown_diameter":6.0},"id":"10597"},{"type":"Feature","geometry":{"type":"Point","coordinates":[1827026.0278938888,2187169.316819327]},"properties":{"height":6.0,"crown_diameter":6.0},"id":"10598"},{"type":"Feature","geometry":{"type":"Point","coordinates":[1826886.0570598436,2187230.700802835]},"properties":{"height":6.0,"crown_diameter":6.0},"id":"10599"},{"type":"Feature","geometry":{"type":"Point","coordinates":[1826890.1957555884,2187615.871575186]},"properties":{"height":6.0,"crown_diameter":6.0},"id":"10602"},{"type":"Feature","geometry":{"type":"Point","coordinates":[1827032.8421851548,2186960.588078807]},"properties":{"height":8.0,"crown_diameter":8.0},"id":"10604"},{"type":"Feature","geometry":{"type":"Point","coordinates":[1827068.7735768976,2186999.917544561]},"properties":{"height":6.0,"crown_diameter":6.0},"id":"10607"},{"type":"Feature","geometry":{"type":"Point","coordinates":[1826892.72601249,2187714.617401768]},"properties":{"height":6.0,"crown_diameter":6.0},"id":"10614"},{"type":"Feature","geometry":{"type":"Point","coordinates":[1826579.7441253238,2188036.143437566]},"properties":{"height":7.0,"crown_diameter":7.0},"id":"10618"},{"type":"Feature","geometry":{"type":"Point","coordinates":[1826619.8900745923,2187783.8997204164]},"properties":{"height":6.0,"crown_diameter":6.0},"id":"10620"},{"type":"Feature","geometry":{"type":"Point","coordinates":[1826284.6425161972,2186952.3222501315]},"properties":{"height":6.0,"crown_diameter":6.0},"id":"10624"},{"type":"Feature","geometry":{"type":"Point","coordinates":[1826322.5729239474,2186697.6510836026]},"properties":{"height":6.0,"crown_diameter":6.0},"id":"10626"},{"type":"Feature","geometry":{"type":"Point","coordinates":[1826323.0109578678,2187505.4092326155]},"properties":{"height":8.0,"crown_diameter":8.0},"id":"10628"},{"type":"Feature","geometry":{"type":"Point","coordinates":[1826677.722432782,2187214.2582082273]},"properties":{"height":6.0,"crown_diameter":6.0},"id":"10629"},{"type":"Feature","geometry":{"type":"Point","coordinates":[1826867.451100085,2187544.1361111226]},"properties":{"height":6.0,"crown_diameter":6.0},"id":"10634"},{"type":"Feature","geometry":{"type":"Point","coordinates":[1826782.9897288515,2187726.1101770443]},"properties":{"height":8.0,"crown_diameter":8.0},"id":"10637"},{"type":"Feature","geometry":{"type":"Point","coordinates":[1826515.9834549779,2187981.8414099338]},"properties":{"height":7.0,"crown_diameter":7.0},"id":"10639"},{"type":"Feature","geometry":{"type":"Point","coordinates":[1826838.5271541725,2186716.5453814394]},"properties":{"height":6.0,"crown_diameter":6.0},"id":"10642"},{"type":"Feature","geometry":{"type":"Point","coordinates":[1826797.2394829057,2187028.3886590735]},"properties":{"height":6.0,"crown_diameter":6.0},"id":"10645"},{"type":"Feature","geometry":{"type":"Point","coordinates":[1826826.9524828913,2187719.6595478463]},"properties":{"height":6.0,"crown_diameter":6.0},"id":"10647"},{"type":"Feature","geometry":{"type":"Point","coordinates":[1826662.5832896219,2187845.383417413]},"properties":{"height":6.0,"crown_diameter":6.0},"id":"10648"},{"type":"Feature","geometry":{"type":"Point","coordinates":[1827077.2783932588,2186764.4713779376]},"properties":{"height":6.0,"crown_diameter":6.0},"id":"10653"},{"type":"Feature","geometry":{"type":"Point","coordinates":[1827137.4370913084,2186806.7147628595]},"properties":{"height":6.0,"crown_diameter":6.0},"id":"10654"},{"type":"Feature","geometry":{"type":"Point","coordinates":[1826968.0852198543,2186894.8245343263]},"properties":{"height":6.0,"crown_diameter":6.0},"id":"10660"},{"type":"Feature","geometry":{"type":"Point","coordinates":[1826603.0236839808,2186666.588703849]},"properties":{"height":6.0,"crown_diameter":6.0},"id":"10664"},{"type":"Feature","geometry":{"type":"Point","coordinates":[1826749.2649861423,2187047.917525622]},"properties":{"height":6.0,"crown_diameter":6.0},"id":"10665"},{"type":"Feature","geometry":{"type":"Point","coordinates":[1826601.3139059949,2186669.924736033]},"properties":{"height":6.0,"crown_diameter":6.0},"id":"10666"},{"type":"Feature","geometry":{"type":"Point","coordinates":[1827109.5733454975,2187261.014731236]},"properties":{"height":6.0,"crown_diameter":6.0},"id":"10667"},{"type":"Feature","geometry":{"type":"Point","coordinates":[1826559.988200127,2187787.524828721]},"properties":{"height":6.0,"crown_diameter":6.0},"id":"10670"},{"type":"Feature","geometry":{"type":"Point","coordinates":[1826902.1418292043,2188147.744292343]},"properties":{"height":6.0,"crown_diameter":6.0},"id":"10675"},{"type":"Feature","geometry":{"type":"Point","coordinates":[1826864.3895124646,2187478.914704737]},"properties":{"height":6.0,"crown_diameter":6.0},"id":"10679"},{"type":"Feature","geometry":{"type":"Point","coordinates":[1826997.5589893563,2186984.9809827385]},"properties":{"height":6.0,"crown_diameter":6.0},"id":"10680"},{"type":"Feature","geometry":{"type":"Point","coordinates":[1826953.1510887342,2187376.4708014214]},"properties":{"height":6.0,"crown_diameter":6.0},"id":"10684"},{"type":"Feature","geometry":{"type":"Point","coordinates":[1826295.0290759841,2187369.8132487424]},"properties":{"height":6.0,"crown_diameter":6.0},"id":"10686"},{"type":"Feature","geometry":{"type":"Point","coordinates":[1827114.900991315,2186777.0896316506]},"properties":{"height":6.0,"crown_diameter":6.0},"id":"10688"},{"type":"Feature","geometry":{"type":"Point","coordinates":[1826353.9563571743,2187292.1087071192]},"properties":{"height":6.0,"crown_diameter":6.0},"id":"10690"},{"type":"Feature","geometry":{"type":"Point","coordinates":[1826824.000188401,2186852.410736544]},"properties":{"height":6.0,"crown_diameter":6.0},"id":"10692"},{"type":"Feature","geometry":{"type":"Point","coordinates":[1826358.9530421037,2187290.4832120375]},"properties":{"height":6.0,"crown_diameter":6.0},"id":"10694"},{"type":"Feature","geometry":{"type":"Point","coordinates":[1827067.5932956708,2186926.7210731017]},"properties":{"height":6.0,"crown_diameter":6.0},"id":"10699"},{"type":"Feature","geometry":{"type":"Point","coordinates":[1826627.470162216,2187779.145320214]},"properties":{"height":6.0,"crown_diameter":6.0},"id":"10700"},{"type":"Feature","geometry":{"type":"Point","coordinates":[1826840.9476640453,2188066.9387095952]},"properties":{"height":6.0,"crown_diameter":6.0},"id":"10704"},{"type":"Feature","geometry":{"type":"Point","coordinates":[1827071.198119328,2186766.775956102]},"properties":{"height":6.0,"crown_diameter":6.0},"id":"10706"},{"type":"Feature","geometry":{"type":"Point","coordinates":[1827135.9164520935,2186785.7887598034]},"properties":{"height":7.0,"crown_diameter":7.0},"id":"10710"},{"type":"Feature","geometry":{"type":"Point","coordinates":[1827126.7818919679,2186980.8881337973]},"properties":{"height":6.0,"crown_diameter":6.0},"id":"10711"},{"type":"Feature","geometry":{"type":"Point","coordinates":[1826845.4147031722,2187606.23836574]},"properties":{"height":6.0,"crown_diameter":6.0},"id":"10720"},{"type":"Feature","geometry":{"type":"Point","coordinates":[1826985.2783871188,2187341.987149946]},"properties":{"height":6.0,"crown_diameter":6.0},"id":"10727"},{"type":"Feature","geometry":{"type":"Point","coordinates":[1826830.0781248566,2187983.989095575]},"properties":{"height":6.0,"crown_diameter":6.0},"id":"10736"},{"type":"Feature","geometry":{"type":"Point","coordinates":[1826294.9906444966,2187366.0651760516]},"properties":{"height":6.0,"crown_diameter":6.0},"id":"10744"},{"type":"Feature","geometry":{"type":"Point","coordinates":[1826796.6648921703,2188106.0267511494]},"properties":{"height":6.0,"crown_diameter":6.0},"id":"10747"},{"type":"Feature","geometry":{"type":"Point","coordinates":[1826513.216424714,2187817.616142973]},"properties":{"height":6.0,"crown_diameter":6.0},"id":"10748"},{"type":"Feature","geometry":{"type":"Point","coordinates":[1826615.016672521,2187135.8967104047]},"properties":{"height":6.0,"crown_diameter":6.0},"id":"10749"},{"type":"Feature","geometry":{"type":"Point","coordinates":[1827059.1394979085,2186974.2728674547]},"properties":{"height":6.0,"crown_diameter":6.0},"id":"10750"},{"type":"Feature","geometry":{"type":"Point","coordinates":[1826416.99662895,2187893.057036578]},"properties":{"height":6.0,"crown_diameter":6.0},"id":"10751"},{"type":"Feature","geometry":{"type":"Point","coordinates":[1826659.0254068305,2188095.0431865095]},"properties":{"height":6.0,"crown_diameter":6.0},"id":"10753"},{"type":"Feature","geometry":{"type":"Point","coordinates":[1826826.8676403149,2187989.774373183]},"properties":{"height":6.0,"crown_diameter":6.0},"id":"10754"},{"type":"Feature","geometry":{"type":"Point","coordinates":[1826625.884421373,2187132.852113299]},"properties":{"height":6.0,"crown_diameter":6.0},"id":"10756"},{"type":"Feature","geometry":{"type":"Point","coordinates":[1827121.826505862,2187158.27219698]},"properties":{"height":6.0,"crown_diameter":6.0},"id":"10757"},{"type":"Feature","geometry":{"type":"Point","coordinates":[1827097.7552769503,2187256.355907661]},"properties":{"height":6.0,"crown_diameter":6.0},"id":"10758"},{"type":"Feature","geometry":{"type":"Point","coordinates":[1826718.5015209466,2186767.687599448]},"properties":{"height":6.0,"crown_diameter":6.0},"id":"10759"},{"type":"Feature","geometry":{"type":"Point","coordinates":[1826676.3188454956,2187247.579470118]},"properties":{"height":6.0,"crown_diameter":6.0},"id":"10764"},{"type":"Feature","geometry":{"type":"Point","coordinates":[1826426.174041927,2187490.488861744]},"properties":{"height":6.0,"crown_diameter":6.0},"id":"10767"},{"type":"Feature","geometry":{"type":"Point","coordinates":[1826730.759339064,2187669.852164763]},"properties":{"height":6.0,"crown_diameter":6.0},"id":"10768"},{"type":"Feature","geometry":{"type":"Point","coordinates":[1826531.4102244193,2186868.4457877954]},"properties":{"height":6.0,"crown_diameter":6.0},"id":"10771"},{"type":"Feature","geometry":{"type":"Point","coordinates":[1827114.5483688528,2187107.0086325225]},"properties":{"height":6.0,"crown_diameter":6.0},"id":"10773"},{"type":"Feature","geometry":{"type":"Point","coordinates":[1826380.750684762,2186673.981521086]},"properties":{"height":6.0,"crown_diameter":6.0},"id":"10774"},{"type":"Feature","geometry":{"type":"Point","coordinates":[1826521.0914874654,2187948.4631028003]},"properties":{"height":6.0,"crown_diameter":6.0},"id":"10778"},{"type":"Feature","geometry":{"type":"Point","coordinates":[1827053.0410025434,2186996.2046866557]},"properties":{"height":6.0,"crown_diameter":6.0},"id":"10783"},{"type":"Feature","geometry":{"type":"Point","coordinates":[1826659.0308974192,2186792.9194217953]},"properties":{"height":6.0,"crown_diameter":6.0},"id":"10786"},{"type":"Feature","geometry":{"type":"Point","coordinates":[1826328.2130968242,2186673.7409776887]},"properties":{"height":6.0,"crown_diameter":6.0},"id":"10787"},{"type":"Feature","geometry":{"type":"Point","coordinates":[1826707.9463586998,2186886.726523881]},"properties":{"height":6.0,"crown_diameter":6.0},"id":"10793"},{"type":"Feature","geometry":{"type":"Point","coordinates":[1826872.269779676,2187375.144515386]},"properties":{"height":6.0,"crown_diameter":6.0},"id":"10794"},{"type":"Feature","geometry":{"type":"Point","coordinates":[1826309.2416854494,2186609.4359267526]},"properties":{"height":6.0,"crown_diameter":6.0},"id":"10804"},{"type":"Feature","geometry":{"type":"Point","coordinates":[1826643.721068117,2187897.949808214]},"properties":{"height":6.0,"crown_diameter":6.0},"id":"10807"},{"type":"Feature","geometry":{"type":"Point","coordinates":[1826335.590378946,2187350.4048167923]},"properties":{"height":6.0,"crown_diameter":6.0},"id":"10808"},{"type":"Feature","geometry":{"type":"Point","coordinates":[1826129.522148712,2186557.6958304113]},"properties":{"height":6.0,"crown_diameter":6.0},"id":"10810"},{"type":"Feature","geometry":{"type":"Point","coordinates":[1826849.1533222704,2187117.2938138284]},"properties":{"height":6.0,"crown_diameter":6.0},"id":"10813"},{"type":"Feature","geometry":{"type":"Point","coordinates":[1826832.4775608648,2187234.883560894]},"properties":{"height":6.0,"crown_diameter":6.0},"id":"10814"},{"type":"Feature","geometry":{"type":"Point","coordinates":[1826755.2946161516,2187147.4954119753]},"properties":{"height":10.0,"crown_diameter":10.0},"id":"10818"},{"type":"Feature","geometry":{"type":"Point","coordinates":[1826762.9080091235,2187060.4849021374]},"properties":{"height":11.0,"crown_diameter":9.42},"id":"10819"},{"type":"Feature","geometry":{"type":"Point","coordinates":[1826750.70332359,2187252.979032431]},"properties":{"height":8.0,"crown_diameter":8.0},"id":"10820"},{"type":"Feature","geometry":{"type":"Point","coordinates":[1826804.1400566641,2187085.1712533687]},"properties":{"height":6.0,"crown_diameter":6.0},"id":"10823"},{"type":"Feature","geometry":{"type":"Point","coordinates":[1826482.489526793,2186923.276560523]},"properties":{"height":6.0,"crown_diameter":6.0},"id":"10826"},{"type":"Feature","geometry":{"type":"Point","coordinates":[1826572.3940553232,2187785.7785126264]},"properties":{"height":6.0,"crown_diameter":6.0},"id":"10828"},{"type":"Feature","geometry":{"type":"Point","coordinates":[1826061.6213325292,2186970.759849776]},"properties":{"height":6.0,"crown_diameter":6.0},"id":"10833"},{"type":"Feature","geometry":{"type":"Point","coordinates":[1826667.2001134946,2187849.2770053744]},"properties":{"height":6.0,"crown_diameter":6.0},"id":"10835"},{"type":"Feature","geometry":{"type":"Point","coordinates":[1826845.5813627434,2188008.2113883393]},"properties":{"height":6.0,"crown_diameter":6.0},"id":"10843"},{"type":"Feature","geometry":{"type":"Point","coordinates":[1826940.3519712568,2187575.361795522]},"properties":{"height":6.0,"crown_diameter":6.0},"id":"10847"},{"type":"Feature","geometry":{"type":"Point","coordinates":[1826685.500373629,2187314.246038482]},"properties":{"height":6.0,"crown_diameter":6.0},"id":"10849"},{"type":"Feature","geometry":{"type":"Point","coordinates":[1826783.3131842199,2187736.468594828]},"properties":{"height":6.0,"crown_diameter":6.0},"id":"10850"},{"type":"Feature","geometry":{"type":"Point","coordinates":[1826616.888635265,2187788.7998001096]},"properties":{"height":6.0,"crown_diameter":6.0},"id":"10851"},{"type":"Feature","geometry":{"type":"Point","coordinates":[1826838.3810689156,2188007.4468192845]},"properties":{"height":6.0,"crown_diameter":6.0},"id":"10854"},{"type":"Feature","geometry":{"type":"Point","coordinates":[1826766.8249787875,2186824.8970612944]},"properties":{"height":6.0,"crown_diameter":6.0},"id":"10855"},{"type":"Feature","geometry":{"type":"Point","coordinates":[1826488.3221208707,2186918.108875145]},"properties":{"height":6.0,"crown_diameter":6.0},"id":"10859"},{"type":"Feature","geometry":{"type":"Point","coordinates":[1826571.0786624725,2187998.580519537]},"properties":{"height":17.0,"crown_diameter":10.12},"id":"10863"},{"type":"Feature","geometry":{"type":"Point","coordinates":[1826179.6615435581,2187193.971358047]},"properties":{"height":16.0,"crown_diameter":9.94},"id":"10877"},{"type":"Feature","geometry":{"type":"Point","coordinates":[1826045.8926669457,2187115.679541007]},"properties":{"height":14.0,"crown_diameter":9.52},"id":"10880"},{"type":"Feature","geometry":{"type":"Point","coordinates":[1827222.7915736726,2186925.9547586143]},"properties":{"height":18.0,"crown_diameter":9.0},"id":"10881"},{"type":"Feature","geometry":{"type":"Point","coordinates":[1826399.937218926,2187695.5479184007]},"properties":{"height":16.0,"crown_diameter":9.94},"id":"10883"},{"type":"Feature","geometry":{"type":"Point","coordinates":[1826056.8014935744,2187010.7535012783]},"properties":{"height":14.0,"crown_diameter":9.52},"id":"10884"},{"type":"Feature","geometry":{"type":"Point","coordinates":[1827170.635816709,2187006.195607148]},"properties":{"height":14.0,"crown_diameter":9.52},"id":"10885"},{"type":"Feature","geometry":{"type":"Point","coordinates":[1826247.888224604,2187831.6612794185]},"properties":{"height":12.0,"crown_diameter":10.24},"id":"10886"},{"type":"Feature","geometry":{"type":"Point","coordinates":[1826803.2685971486,2187127.966996179]},"properties":{"height":13.0,"crown_diameter":10.1},"id":"10887"},{"type":"Feature","geometry":{"type":"Point","coordinates":[1826404.7337511026,2187589.1862895098]},"properties":{"height":14.0,"crown_diameter":9.52},"id":"10892"},{"type":"Feature","geometry":{"type":"Point","coordinates":[1826137.496840332,2187439.2118291627]},"properties":{"height":12.0,"crown_diameter":9.6},"id":"10896"},{"type":"Feature","geometry":{"type":"Point","coordinates":[1826164.7410630083,2187014.713797706]},"properties":{"height":13.0,"crown_diameter":9.9},"id":"10898"},{"type":"Feature","geometry":{"type":"Point","coordinates":[1827054.683100099,2187286.3872595597]},"properties":{"height":17.0,"crown_diameter":10.12},"id":"10901"},{"type":"Feature","geometry":{"type":"Point","coordinates":[1826073.510907264,2187194.170788755]},"properties":{"height":14.0,"crown_diameter":9.52},"id":"10902"},{"type":"Feature","geometry":{"type":"Point","coordinates":[1826229.4034755006,2187835.7126294514]},"properties":{"height":12.0,"crown_diameter":10.24},"id":"10906"},{"type":"Feature","geometry":{"type":"Point","coordinates":[1826344.4603350693,2187684.3286765954]},"properties":{"height":13.0,"crown_diameter":9.28},"id":"10909"},{"type":"Feature","geometry":{"type":"Point","coordinates":[1826245.54719474,2187305.79394381]},"properties":{"height":14.0,"crown_diameter":9.52},"id":"10911"},{"type":"Feature","geometry":{"type":"Point","coordinates":[1826387.9278852972,2187672.150710445]},"properties":{"height":13.0,"crown_diameter":9.9},"id":"10915"},{"type":"Feature","geometry":{"type":"Point","coordinates":[1826071.101012736,2187087.038968242]},"properties":{"height":13.0,"crown_diameter":9.28},"id":"10917"},{"type":"Feature","geometry":{"type":"Point","coordinates":[1826132.1930640412,2187007.9711406967]},"properties":{"height":13.0,"crown_diameter":10.1},"id":"10918"},{"type":"Feature","geometry":{"type":"Point","coordinates":[1826192.1113217045,2187684.840750239]},"properties":{"height":13.0,"crown_diameter":9.28},"id":"10921"},{"type":"Feature","geometry":{"type":"Point","coordinates":[1826175.7519949274,2186686.389169454]},"properties":{"height":13.0,"crown_diameter":10.1},"id":"10922"},{"type":"Feature","geometry":{"type":"Point","coordinates":[1826126.684675756,2187426.3792549106]},"properties":{"height":11.0,"crown_diameter":9.26},"id":"10923"},{"type":"Feature","geometry":{"type":"Point","coordinates":[1826216.462792521,2187487.751210807]},"properties":{"height":12.0,"crown_diameter":9.78},"id":"10928"},{"type":"Feature","geometry":{"type":"Point","coordinates":[1826219.29360283,2187487.4842781536]},"properties":{"height":12.0,"crown_diameter":9.6},"id":"10932"},{"type":"Feature","geometry":{"type":"Point","coordinates":[1826289.0264234291,2187719.855542981]},"properties":{"height":15.0,"crown_diameter":9.74},"id":"10933"},{"type":"Feature","geometry":{"type":"Point","coordinates":[1827070.6416361018,2187226.58655132]},"properties":{"height":13.0,"crown_diameter":10.1},"id":"10934"},{"type":"Feature","geometry":{"type":"Point","coordinates":[1826201.146642626,2186887.755846745]},"properties":{"height":12.0,"crown_diameter":9.6},"id":"10935"},{"type":"Feature","geometry":{"type":"Point","coordinates":[1826389.7782997875,2187554.811677811]},"properties":{"height":13.0,"crown_diameter":10.1},"id":"10936"},{"type":"Feature","geometry":{"type":"Point","coordinates":[1826546.2648074517,2186828.9482435295]},"properties":{"height":12.0,"crown_diameter":9.6},"id":"10937"},{"type":"Feature","geometry":{"type":"Point","coordinates":[1826173.4564508772,2187544.906323264]},"properties":{"height":15.0,"crown_diameter":9.74},"id":"10940"},{"type":"Feature","geometry":{"type":"Point","coordinates":[1826359.0203567995,2187211.9784564935]},"properties":{"height":13.0,"crown_diameter":9.9},"id":"10941"},{"type":"Feature","geometry":{"type":"Point","coordinates":[1826720.145661975,2187163.5064976257]},"properties":{"height":13.0,"crown_diameter":9.28},"id":"10942"},{"type":"Feature","geometry":{"type":"Point","coordinates":[1826646.3120139749,2188023.8109070086]},"properties":{"height":13.0,"crown_diameter":9.28},"id":"10944"},{"type":"Feature","geometry":{"type":"Point","coordinates":[1826340.1118820931,2187898.2843526974]},"properties":{"height":14.0,"crown_diameter":9.52},"id":"10950"},{"type":"Feature","geometry":{"type":"Point","coordinates":[1826190.3633672239,2187089.9317001747]},"properties":{"height":11.0,"crown_diameter":9.86},"id":"10952"},{"type":"Feature","geometry":{"type":"Point","coordinates":[1826152.3319933517,2186613.5571754077]},"properties":{"height":14.0,"crown_diameter":10.18},"id":"10955"},{"type":"Feature","geometry":{"type":"Point","coordinates":[1827200.5618519338,2187012.3237409354]},"properties":{"height":14.0,"crown_diameter":9.52},"id":"10956"},{"type":"Feature","geometry":{"type":"Point","coordinates":[1826063.0613442315,2187195.445027499]},"properties":{"height":15.0,"crown_diameter":9.74},"id":"10957"},{"type":"Feature","geometry":{"type":"Point","coordinates":[1826285.9959567005,2187807.0026623616]},"properties":{"height":11.0,"crown_diameter":9.86},"id":"10959"},{"type":"Feature","geometry":{"type":"Point","coordinates":[1826183.2393377193,2187096.664236219]},"properties":{"height":14.0,"crown_diameter":9.52},"id":"10962"},{"type":"Feature","geometry":{"type":"Point","coordinates":[1826276.20882946,2187277.506298603]},"properties":{"height":11.0,"crown_diameter":9.26},"id":"10965"},{"type":"Feature","geometry":{"type":"Point","coordinates":[1826316.3432745303,2187514.118298796]},"properties":{"height":13.0,"crown_diameter":9.28},"id":"10967"},{"type":"Feature","geometry":{"type":"Point","coordinates":[1826242.2604860668,2187792.945817187]},"properties":{"height":11.0,"crown_diameter":9.86},"id":"10968"},{"type":"Feature","geometry":{"type":"Point","coordinates":[1826180.2424766496,2186995.9353956785]},"properties":{"height":13.0,"crown_diameter":9.28},"id":"10969"},{"type":"Feature","geometry":{"type":"Point","coordinates":[1826284.2186817308,2187888.83629596]},"properties":{"height":13.0,"crown_diameter":9.28},"id":"10970"},{"type":"Feature","geometry":{"type":"Point","coordinates":[1827041.9401479734,2187555.403189785]},"properties":{"height":11.0,"crown_diameter":9.58},"id":"10972"},{"type":"Feature","geometry":{"type":"Point","coordinates":[1827148.8085759876,2187282.4273895463]},"properties":{"height":13.0,"crown_diameter":10.1},"id":"10977"},{"type":"Feature","geometry":{"type":"Point","coordinates":[1826332.4128223015,2187848.7985995496]},"properties":{"height":13.0,"crown_diameter":10.26},"id":"10978"},{"type":"Feature","geometry":{"type":"Point","coordinates":[1826150.9816545625,2186990.902864345]},"properties":{"height":12.0,"crown_diameter":9.78},"id":"10979"},{"type":"Feature","geometry":{"type":"Point","coordinates":[1826311.5279404134,2187980.3354343795]},"properties":{"height":12.0,"crown_diameter":9.94},"id":"10980"},{"type":"Feature","geometry":{"type":"Point","coordinates":[1826869.8017229347,2187025.8798402715]},"properties":{"height":14.0,"crown_diameter":9.52},"id":"10981"},{"type":"Feature","geometry":{"type":"Point","coordinates":[1826158.3296068427,2187515.165636719]},"properties":{"height":11.0,"crown_diameter":9.42},"id":"10982"},{"type":"Feature","geometry":{"type":"Point","coordinates":[1826245.3570263335,2186586.8877565493]},"properties":{"height":11.0,"crown_diameter":9.26},"id":"10983"},{"type":"Feature","geometry":{"type":"Point","coordinates":[1826986.561831442,2187747.045291988]},"properties":{"height":11.0,"crown_diameter":9.58},"id":"10988"},{"type":"Feature","geometry":{"type":"Point","coordinates":[1826201.5159403991,2187687.9940773156]},"properties":{"height":12.0,"crown_diameter":9.6},"id":"10994"},{"type":"Feature","geometry":{"type":"Point","coordinates":[1826189.3189751324,2187094.3592361044]},"properties":{"height":10.0,"crown_diameter":9.44},"id":"10995"},{"type":"Feature","geometry":{"type":"Point","coordinates":[1826338.8667221395,2187989.5895940424]},"properties":{"height":13.0,"crown_diameter":9.28},"id":"10998"},{"type":"Feature","geometry":{"type":"Point","coordinates":[1826321.3159475862,2187829.3559991466]},"properties":{"height":13.0,"crown_diameter":9.9},"id":"10999"},{"type":"Feature","geometry":{"type":"Point","coordinates":[1826157.5194683436,2187139.205556622]},"properties":{"height":12.0,"crown_diameter":9.94},"id":"11001"},{"type":"Feature","geometry":{"type":"Point","coordinates":[1826387.6756751083,2187817.9061030694]},"properties":{"height":11.0,"crown_diameter":9.42},"id":"11003"},{"type":"Feature","geometry":{"type":"Point","coordinates":[1826729.0770481906,2187184.3099449603]},"properties":{"height":11.0,"crown_diameter":9.58},"id":"11005"},{"type":"Feature","geometry":{"type":"Point","coordinates":[1826683.7025494836,2186668.796175389]},"properties":{"height":11.0,"crown_diameter":9.42},"id":"11006"},{"type":"Feature","geometry":{"type":"Point","coordinates":[1826545.5058656593,2186839.987161219]},"properties":{"height":11.0,"crown_diameter":9.42},"id":"11013"},{"type":"Feature","geometry":{"type":"Point","coordinates":[1826399.849460904,2187985.2841928652]},"properties":{"height":12.0,"crown_diameter":9.78},"id":"11016"},{"type":"Feature","geometry":{"type":"Point","coordinates":[1826080.9045829487,2187213.675212353]},"properties":{"height":14.0,"crown_diameter":9.52},"id":"11019"},{"type":"Feature","geometry":{"type":"Point","coordinates":[1826747.6756676084,2187148.5020378]},"properties":{"height":9.0,"crown_diameter":8.98},"id":"11021"},{"type":"Feature","geometry":{"type":"Point","coordinates":[1826376.6807569703,2187872.328602225]},"properties":{"height":11.0,"crown_diameter":9.26},"id":"11025"},{"type":"Feature","geometry":{"type":"Point","coordinates":[1827081.0404235274,2187542.1968787117]},"properties":{"height":10.0,"crown_diameter":9.44},"id":"11027"},{"type":"Feature","geometry":{"type":"Point","coordinates":[1826516.9479064122,2187031.430925137]},"properties":{"height":12.0,"crown_diameter":9.78},"id":"11029"},{"type":"Feature","geometry":{"type":"Point","coordinates":[1826425.687566542,2187996.9886500454]},"properties":{"height":11.0,"crown_diameter":9.42},"id":"11033"},{"type":"Feature","geometry":{"type":"Point","coordinates":[1826245.7892228195,2187265.6564111332]},"properties":{"height":13.0,"crown_diameter":9.28},"id":"11037"},{"type":"Feature","geometry":{"type":"Point","coordinates":[1826638.5792792381,2188013.573944772]},"properties":{"height":17.0,"crown_diameter":8.86},"id":"11039"},{"type":"Feature","geometry":{"type":"Point","coordinates":[1826589.1455684619,2187996.3008661685]},"properties":{"height":10.0,"crown_diameter":9.44},"id":"11044"},{"type":"Feature","geometry":{"type":"Point","coordinates":[1826630.5676305632,2187249.87134089]},"properties":{"height":12.0,"crown_diameter":9.94},"id":"11046"},{"type":"Feature","geometry":{"type":"Point","coordinates":[1826325.6725347247,2187701.394581759]},"properties":{"height":13.0,"crown_diameter":9.9},"id":"11050"},{"type":"Feature","geometry":{"type":"Point","coordinates":[1826190.7974600184,2187068.534138794]},"properties":{"height":12.0,"crown_diameter":9.6},"id":"11051"},{"type":"Feature","geometry":{"type":"Point","coordinates":[1826301.6445271834,2186633.8194501097]},"properties":{"height":11.0,"crown_diameter":9.86},"id":"11053"},{"type":"Feature","geometry":{"type":"Point","coordinates":[1826926.8146325143,2187894.653391671]},"properties":{"height":11.0,"crown_diameter":9.58},"id":"11055"},{"type":"Feature","geometry":{"type":"Point","coordinates":[1826244.4624930979,2186711.9448237917]},"properties":{"height":8.0,"crown_diameter":8.0},"id":"11056"},{"type":"Feature","geometry":{"type":"Point","coordinates":[1826379.988736117,2187897.411102048]},"properties":{"height":9.0,"crown_diameter":8.74},"id":"11059"},{"type":"Feature","geometry":{"type":"Point","coordinates":[1826176.777133192,2186552.9494156395]},"properties":{"height":11.0,"crown_diameter":9.26},"id":"11060"},{"type":"Feature","geometry":{"type":"Point","coordinates":[1826319.3290132263,2187720.461638434]},"properties":{"height":11.0,"crown_diameter":9.58},"id":"11069"},{"type":"Feature","geometry":{"type":"Point","coordinates":[1826304.437976083,2187756.206195015]},"properties":{"height":11.0,"crown_diameter":9.86},"id":"11071"},{"type":"Feature","geometry":{"type":"Point","coordinates":[1827216.7868619536,2186892.7522942526]},"properties":{"height":12.0,"crown_diameter":9.78},"id":"11072"},{"type":"Feature","geometry":{"type":"Point","coordinates":[1826475.6645351672,2187683.5038674506]},"properties":{"height":9.0,"crown_diameter":8.98},"id":"11074"},{"type":"Feature","geometry":{"type":"Point","coordinates":[1826275.2229880423,2187797.9181995103]},"properties":{"height":8.0,"crown_diameter":8.0},"id":"11075"},{"type":"Feature","geometry":{"type":"Point","coordinates":[1826337.8650908002,2187657.535323434]},"properties":{"height":8.0,"crown_diameter":8.0},"id":"11080"},{"type":"Feature","geometry":{"type":"Point","coordinates":[1826478.733763123,2187173.8519969494]},"properties":{"height":7.0,"crown_diameter":7.0},"id":"11082"},{"type":"Feature","geometry":{"type":"Point","coordinates":[1827038.8700162307,2187103.1707086917]},"properties":{"height":9.0,"crown_diameter":8.98},"id":"11083"},{"type":"Feature","geometry":{"type":"Point","coordinates":[1827206.6617818705,2187076.3979215613]},"properties":{"height":9.0,"crown_diameter":8.98},"id":"11085"},{"type":"Feature","geometry":{"type":"Point","coordinates":[1826277.9901027966,2187238.6664235974]},"properties":{"height":7.0,"crown_diameter":7.0},"id":"11088"},{"type":"Feature","geometry":{"type":"Point","coordinates":[1826223.7658179488,2187711.0024661124]},"properties":{"height":12.0,"crown_diameter":9.6},"id":"11089"},{"type":"Feature","geometry":{"type":"Point","coordinates":[1826277.901732547,2187293.796593941]},"properties":{"height":7.0,"crown_diameter":7.0},"id":"11093"},{"type":"Feature","geometry":{"type":"Point","coordinates":[1826318.7731618427,2187495.996829129]},"properties":{"height":7.0,"crown_diameter":7.0},"id":"11094"},{"type":"Feature","geometry":{"type":"Point","coordinates":[1826819.2277308186,2187111.167014357]},"properties":{"height":7.0,"crown_diameter":7.0},"id":"11095"},{"type":"Feature","geometry":{"type":"Point","coordinates":[1827179.8866344553,2186865.3461298044]},"properties":{"height":8.0,"crown_diameter":8.0},"id":"11096"},{"type":"Feature","geometry":{"type":"Point","coordinates":[1826830.7225082717,2187105.4661260913]},"properties":{"height":7.0,"crown_diameter":7.0},"id":"11099"},{"type":"Feature","geometry":{"type":"Point","coordinates":[1826390.6650205804,2187492.3934311625]},"properties":{"height":7.0,"crown_diameter":7.0},"id":"11103"},{"type":"Feature","geometry":{"type":"Point","coordinates":[1826689.0328697532,2187917.054618678]},"properties":{"height":7.0,"crown_diameter":7.0},"id":"11104"},{"type":"Feature","geometry":{"type":"Point","coordinates":[1826840.079709274,2186932.861852136]},"properties":{"height":7.0,"crown_diameter":7.0},"id":"11105"},{"type":"Feature","geometry":{"type":"Point","coordinates":[1826792.9587770025,2188063.090944781]},"properties":{"height":9.0,"crown_diameter":8.98},"id":"11106"},{"type":"Feature","geometry":{"type":"Point","coordinates":[1826327.1088758148,2187628.825513499]},"properties":{"height":7.0,"crown_diameter":7.0},"id":"11107"},{"type":"Feature","geometry":{"type":"Point","coordinates":[1826320.9819668818,2187541.385187727]},"properties":{"height":7.0,"crown_diameter":7.0},"id":"11111"},{"type":"Feature","geometry":{"type":"Point","coordinates":[1826423.1070542666,2186701.735511286]},"properties":{"height":8.0,"crown_diameter":8.0},"id":"11113"},{"type":"Feature","geometry":{"type":"Point","coordinates":[1826234.3881377487,2187407.853463761]},"properties":{"height":6.0,"crown_diameter":6.0},"id":"11128"},{"type":"Feature","geometry":{"type":"Point","coordinates":[1826936.6978292644,2187387.5445104633]},"properties":{"height":6.0,"crown_diameter":6.0},"id":"11129"},{"type":"Feature","geometry":{"type":"Point","coordinates":[1826428.2745715238,2186695.4758388046]},"properties":{"height":7.0,"crown_diameter":7.0},"id":"11130"},{"type":"Feature","geometry":{"type":"Point","coordinates":[1827024.3075083739,2187493.2856639847]},"properties":{"height":6.0,"crown_diameter":6.0},"id":"11134"},{"type":"Feature","geometry":{"type":"Point","coordinates":[1827088.0720925254,2186796.9344159076]},"properties":{"height":8.0,"crown_diameter":8.0},"id":"11136"},{"type":"Feature","geometry":{"type":"Point","coordinates":[1826394.2494438966,2187246.4632381327]},"properties":{"height":7.0,"crown_diameter":7.0},"id":"11141"},{"type":"Feature","geometry":{"type":"Point","coordinates":[1826469.5987418385,2187623.1848948966]},"properties":{"height":6.0,"crown_diameter":6.0},"id":"11142"},{"type":"Feature","geometry":{"type":"Point","coordinates":[1826327.0255082336,2186600.5431126454]},"properties":{"height":7.0,"crown_diameter":7.0},"id":"11144"},{"type":"Feature","geometry":{"type":"Point","coordinates":[1826527.3444238359,2187984.5221271245]},"properties":{"height":6.0,"crown_diameter":6.0},"id":"11148"},{"type":"Feature","geometry":{"type":"Point","coordinates":[1826695.5379165774,2187400.7443049387]},"properties":{"height":6.0,"crown_diameter":6.0},"id":"11149"},{"type":"Feature","geometry":{"type":"Point","coordinates":[1826571.8040448637,2187279.9409956997]},"properties":{"height":6.0,"crown_diameter":6.0},"id":"11151"},{"type":"Feature","geometry":{"type":"Point","coordinates":[1826409.8204990784,2186660.272608258]},"properties":{"height":6.0,"crown_diameter":6.0},"id":"11153"},{"type":"Feature","geometry":{"type":"Point","coordinates":[1826932.709230943,2187423.994568428]},"properties":{"height":6.0,"crown_diameter":6.0},"id":"11155"},{"type":"Feature","geometry":{"type":"Point","coordinates":[1826447.2993066108,2187275.804837528]},"properties":{"height":6.0,"crown_diameter":6.0},"id":"11158"},{"type":"Feature","geometry":{"type":"Point","coordinates":[1826242.974884242,2187246.2972605336]},"properties":{"height":6.0,"crown_diameter":6.0},"id":"11163"},{"type":"Feature","geometry":{"type":"Point","coordinates":[1826549.6395022848,2187862.6639575474]},"properties":{"height":6.0,"crown_diameter":6.0},"id":"11165"},{"type":"Feature","geometry":{"type":"Point","coordinates":[1826367.0107972121,2186970.8182942327]},"properties":{"height":6.0,"crown_diameter":6.0},"id":"11166"},{"type":"Feature","geometry":{"type":"Point","coordinates":[1826786.5189079808,2186960.421205084]},"properties":{"height":7.0,"crown_diameter":7.0},"id":"11169"},{"type":"Feature","geometry":{"type":"Point","coordinates":[1826632.9836278155,2186825.1022955156]},"properties":{"height":6.0,"crown_diameter":6.0},"id":"11170"},{"type":"Feature","geometry":{"type":"Point","coordinates":[1826811.4802474692,2188019.7923260066]},"properties":{"height":6.0,"crown_diameter":6.0},"id":"11178"},{"type":"Feature","geometry":{"type":"Point","coordinates":[1826426.9876728936,2186740.044496609]},"properties":{"height":6.0,"crown_diameter":6.0},"id":"11179"},{"type":"Feature","geometry":{"type":"Point","coordinates":[1826839.9801352078,2187586.2607700564]},"properties":{"height":6.0,"crown_diameter":6.0},"id":"11180"},{"type":"Feature","geometry":{"type":"Point","coordinates":[1826497.3524053085,2187161.418512816]},"properties":{"height":6.0,"crown_diameter":6.0},"id":"11182"},{"type":"Feature","geometry":{"type":"Point","coordinates":[1826297.405317159,2187218.942603786]},"properties":{"height":6.0,"crown_diameter":6.0},"id":"11183"},{"type":"Feature","geometry":{"type":"Point","coordinates":[1826838.9788355103,2187723.432394907]},"properties":{"height":6.0,"crown_diameter":6.0},"id":"11190"},{"type":"Feature","geometry":{"type":"Point","coordinates":[1826230.2164600815,2187319.937747344]},"properties":{"height":6.0,"crown_diameter":6.0},"id":"11195"},{"type":"Feature","geometry":{"type":"Point","coordinates":[1826243.6782400357,2186953.876634915]},"properties":{"height":6.0,"crown_diameter":6.0},"id":"11197"},{"type":"Feature","geometry":{"type":"Point","coordinates":[1826710.747648615,2187566.981676707]},"properties":{"height":6.0,"crown_diameter":6.0},"id":"11198"},{"type":"Feature","geometry":{"type":"Point","coordinates":[1826108.844903766,2186899.636754941]},"properties":{"height":6.0,"crown_diameter":6.0},"id":"11200"},{"type":"Feature","geometry":{"type":"Point","coordinates":[1826756.7631759462,2187954.536079542]},"properties":{"height":6.0,"crown_diameter":6.0},"id":"11202"},{"type":"Feature","geometry":{"type":"Point","coordinates":[1826440.0301701857,2187353.545004355]},"properties":{"height":6.0,"crown_diameter":6.0},"id":"11206"},{"type":"Feature","geometry":{"type":"Point","coordinates":[1826872.7622359674,2187830.4869046523]},"properties":{"height":6.0,"crown_diameter":6.0},"id":"11207"},{"type":"Feature","geometry":{"type":"Point","coordinates":[1826418.670604873,2187502.739717106]},"properties":{"height":6.0,"crown_diameter":6.0},"id":"11212"},{"type":"Feature","geometry":{"type":"Point","coordinates":[1826309.4425264224,2187308.715404796]},"properties":{"height":6.0,"crown_diameter":6.0},"id":"11213"},{"type":"Feature","geometry":{"type":"Point","coordinates":[1826740.2921521333,2186980.362880845]},"properties":{"height":6.0,"crown_diameter":6.0},"id":"11216"},{"type":"Feature","geometry":{"type":"Point","coordinates":[1826477.301247859,2187097.7960076]},"properties":{"height":6.0,"crown_diameter":6.0},"id":"11221"},{"type":"Feature","geometry":{"type":"Point","coordinates":[1827104.446882817,2187486.025780306]},"properties":{"height":9.0,"crown_diameter":8.74},"id":"11223"},{"type":"Feature","geometry":{"type":"Point","coordinates":[1826706.1199857728,2188075.312031448]},"properties":{"height":6.0,"crown_diameter":6.0},"id":"11224"},{"type":"Feature","geometry":{"type":"Point","coordinates":[1827171.1291864088,2186968.918122249]},"properties":{"height":6.0,"crown_diameter":6.0},"id":"11225"},{"type":"Feature","geometry":{"type":"Point","coordinates":[1826407.7987648805,2187654.405587419]},"properties":{"height":6.0,"crown_diameter":6.0},"id":"11226"},{"type":"Feature","geometry":{"type":"Point","coordinates":[1826385.3438450545,2186951.773071251]},"properties":{"height":6.0,"crown_diameter":6.0},"id":"11228"},{"type":"Feature","geometry":{"type":"Point","coordinates":[1826741.5487154208,2188022.9176909663]},"properties":{"height":6.0,"crown_diameter":6.0},"id":"11230"},{"type":"Feature","geometry":{"type":"Point","coordinates":[1826830.8178736945,2187949.5794348833]},"properties":{"height":6.0,"crown_diameter":6.0},"id":"11232"},{"type":"Feature","geometry":{"type":"Point","coordinates":[1827077.0232034572,2187125.262476816]},"properties":{"height":6.0,"crown_diameter":6.0},"id":"11240"},{"type":"Feature","geometry":{"type":"Point","coordinates":[1826507.112915546,2187753.550246719]},"properties":{"height":6.0,"crown_diameter":6.0},"id":"11242"},{"type":"Feature","geometry":{"type":"Point","coordinates":[1826827.499070416,2186896.2390873684]},"properties":{"height":6.0,"crown_diameter":6.0},"id":"11244"},{"type":"Feature","geometry":{"type":"Point","coordinates":[1826734.721286391,2187203.402927293]},"properties":{"height":6.0,"crown_diameter":6.0},"id":"11245"},{"type":"Feature","geometry":{"type":"Point","coordinates":[1827081.81125286,2187124.5228251033]},"properties":{"height":6.0,"crown_diameter":6.0},"id":"11248"},{"type":"Feature","geometry":{"type":"Point","coordinates":[1826531.693371278,2187962.1810228303]},"properties":{"height":6.0,"crown_diameter":6.0},"id":"11252"},{"type":"Feature","geometry":{"type":"Point","coordinates":[1826463.7675402896,2187862.9656922715]},"properties":{"height":6.0,"crown_diameter":6.0},"id":"11256"},{"type":"Feature","geometry":{"type":"Point","coordinates":[1826715.0516385494,2187134.2604450188]},"properties":{"height":6.0,"crown_diameter":6.0},"id":"11258"},{"type":"Feature","geometry":{"type":"Point","coordinates":[1826830.957011701,2186893.3156810533]},"properties":{"height":6.0,"crown_diameter":6.0},"id":"11266"},{"type":"Feature","geometry":{"type":"Point","coordinates":[1826774.786596513,2187819.516807888]},"properties":{"height":6.0,"crown_diameter":6.0},"id":"11269"},{"type":"Feature","geometry":{"type":"Point","coordinates":[1826864.5551984243,2186981.6396770626]},"properties":{"height":6.0,"crown_diameter":6.0},"id":"11270"},{"type":"Feature","geometry":{"type":"Point","coordinates":[1826685.696566266,2188060.210858889]},"properties":{"height":6.0,"crown_diameter":6.0},"id":"11271"},{"type":"Feature","geometry":{"type":"Point","coordinates":[1827024.3490646977,2187669.0317325024]},"properties":{"height":6.0,"crown_diameter":6.0},"id":"11272"},{"type":"Feature","geometry":{"type":"Point","coordinates":[1826991.1124320272,2187379.8208769215]},"properties":{"height":6.0,"crown_diameter":6.0},"id":"11274"},{"type":"Feature","geometry":{"type":"Point","coordinates":[1826778.9999431677,2187355.9391456773]},"properties":{"height":6.0,"crown_diameter":6.0},"id":"11279"},{"type":"Feature","geometry":{"type":"Point","coordinates":[1826887.872457712,2187473.239157354]},"properties":{"height":6.0,"crown_diameter":6.0},"id":"11280"},{"type":"Feature","geometry":{"type":"Point","coordinates":[1826866.0755171967,2187366.204491074]},"properties":{"height":6.0,"crown_diameter":6.0},"id":"11283"},{"type":"Feature","geometry":{"type":"Point","coordinates":[1826633.623558445,2188061.94305641]},"properties":{"height":6.0,"crown_diameter":6.0},"id":"11284"},{"type":"Feature","geometry":{"type":"Point","coordinates":[1826620.0700314033,2186692.1120898486]},"properties":{"height":6.0,"crown_diameter":6.0},"id":"11285"},{"type":"Feature","geometry":{"type":"Point","coordinates":[1826764.9497071556,2187196.513777368]},"properties":{"height":6.0,"crown_diameter":6.0},"id":"11288"},{"type":"Feature","geometry":{"type":"Point","coordinates":[1826228.179737143,2186718.387104968]},"properties":{"height":6.0,"crown_diameter":6.0},"id":"11291"},{"type":"Feature","geometry":{"type":"Point","coordinates":[1827119.1112428026,2187255.787303586]},"properties":{"height":6.0,"crown_diameter":6.0},"id":"11301"},{"type":"Feature","geometry":{"type":"Point","coordinates":[1826033.0256185827,2186966.8194426177]},"properties":{"height":6.0,"crown_diameter":6.0},"id":"11303"},{"type":"Feature","geometry":{"type":"Point","coordinates":[1826961.8523965469,2186882.135516564]},"properties":{"height":6.0,"crown_diameter":6.0},"id":"11304"},{"type":"Feature","geometry":{"type":"Point","coordinates":[1827059.3243861804,2186821.000653698]},"properties":{"height":8.0,"crown_diameter":8.0},"id":"11309"},{"type":"Feature","geometry":{"type":"Point","coordinates":[1826774.051655372,2187212.6835149545]},"properties":{"height":6.0,"crown_diameter":6.0},"id":"11311"},{"type":"Feature","geometry":{"type":"Point","coordinates":[1826898.6442963814,2188060.9267660202]},"properties":{"height":6.0,"crown_diameter":6.0},"id":"11313"},{"type":"Feature","geometry":{"type":"Point","coordinates":[1826758.207617002,2187967.9628302404]},"properties":{"height":6.0,"crown_diameter":6.0},"id":"11314"},{"type":"Feature","geometry":{"type":"Point","coordinates":[1826699.387231565,2187286.674953017]},"properties":{"height":6.0,"crown_diameter":6.0},"id":"11317"},{"type":"Feature","geometry":{"type":"Point","coordinates":[1826565.1878420366,2187976.627278694]},"properties":{"height":6.0,"crown_diameter":6.0},"id":"11321"},{"type":"Feature","geometry":{"type":"Point","coordinates":[1826960.9731844054,2187867.1955548204]},"properties":{"height":6.0,"crown_diameter":6.0},"id":"11324"},{"type":"Feature","geometry":{"type":"Point","coordinates":[1826272.955691563,2186939.2825571676]},"properties":{"height":6.0,"crown_diameter":6.0},"id":"11327"},{"type":"Feature","geometry":{"type":"Point","coordinates":[1826257.1275412412,2186650.4288393473]},"properties":{"height":6.0,"crown_diameter":6.0},"id":"11328"},{"type":"Feature","geometry":{"type":"Point","coordinates":[1826575.8128766436,2188056.713544683]},"properties":{"height":6.0,"crown_diameter":6.0},"id":"11329"},{"type":"Feature","geometry":{"type":"Point","coordinates":[1826706.9049512814,2186934.1571853715]},"properties":{"height":6.0,"crown_diameter":6.0},"id":"11330"},{"type":"Feature","geometry":{"type":"Point","coordinates":[1826478.8119496873,2186649.437678053]},"properties":{"height":6.0,"crown_diameter":6.0},"id":"11332"},{"type":"Feature","geometry":{"type":"Point","coordinates":[1827056.1893512856,2187541.94028334]},"properties":{"height":6.0,"crown_diameter":6.0},"id":"11333"},{"type":"Feature","geometry":{"type":"Point","coordinates":[1826574.0987448574,2187461.8272464667]},"properties":{"height":6.0,"crown_diameter":6.0},"id":"11337"},{"type":"Feature","geometry":{"type":"Point","coordinates":[1826462.648883082,2186710.1289589726]},"properties":{"height":6.0,"crown_diameter":6.0},"id":"11339"},{"type":"Feature","geometry":{"type":"Point","coordinates":[1826880.762553851,2187374.3443372073]},"properties":{"height":6.0,"crown_diameter":6.0},"id":"11344"},{"type":"Feature","geometry":{"type":"Point","coordinates":[1826568.3686994703,2187818.47841007]},"properties":{"height":6.0,"crown_diameter":6.0},"id":"11345"},{"type":"Feature","geometry":{"type":"Point","coordinates":[1827003.0741932418,2187892.0876726173]},"properties":{"height":6.0,"crown_diameter":6.0},"id":"11346"},{"type":"Feature","geometry":{"type":"Point","coordinates":[1826538.018393729,2186640.968978344]},"properties":{"height":6.0,"crown_diameter":6.0},"id":"11348"},{"type":"Feature","geometry":{"type":"Point","coordinates":[1826495.2246427345,2188061.999440072]},"properties":{"height":6.0,"crown_diameter":6.0},"id":"11351"},{"type":"Feature","geometry":{"type":"Point","coordinates":[1826805.6414960118,2187852.97045449]},"properties":{"height":6.0,"crown_diameter":6.0},"id":"11354"},{"type":"Feature","geometry":{"type":"Point","coordinates":[1826283.1746054918,2187064.1513512703]},"properties":{"height":6.0,"crown_diameter":6.0},"id":"11356"},{"type":"Feature","geometry":{"type":"Point","coordinates":[1826556.525134056,2187469.832598236]},"properties":{"height":6.0,"crown_diameter":6.0},"id":"11359"},{"type":"Feature","geometry":{"type":"Point","coordinates":[1826847.7641000717,2187944.2315964634]},"properties":{"height":6.0,"crown_diameter":6.0},"id":"11362"},{"type":"Feature","geometry":{"type":"Point","coordinates":[1826570.292313705,2187622.6402035803]},"properties":{"height":6.0,"crown_diameter":6.0},"id":"11365"},{"type":"Feature","geometry":{"type":"Point","coordinates":[1826881.6601476623,2188062.5265687103]},"properties":{"height":6.0,"crown_diameter":6.0},"id":"11374"},{"type":"Feature","geometry":{"type":"Point","coordinates":[1827161.9169582033,2187156.516172994]},"properties":{"height":6.0,"crown_diameter":6.0},"id":"11381"},{"type":"Feature","geometry":{"type":"Point","coordinates":[1826053.057929605,2187007.0661675404]},"properties":{"height":16.0,"crown_diameter":9.06},"id":"11385"},{"type":"Feature","geometry":{"type":"Point","coordinates":[1826798.233441628,2187125.8440484237]},"properties":{"height":12.0,"crown_diameter":12.0},"id":"11386"},{"type":"Feature","geometry":{"type":"Point","coordinates":[1826211.0485107393,2187491.147622325]},"properties":{"height":12.0,"crown_diameter":9.6},"id":"11387"},{"type":"Feature","geometry":{"type":"Point","coordinates":[1826402.6063773772,2187594.2927583675]},"properties":{"height":12.0,"crown_diameter":10.24},"id":"11388"},{"type":"Feature","geometry":{"type":"Point","coordinates":[1826237.5085024936,2186714.0438054916]},"properties":{"height":8.0,"crown_diameter":8.0},"id":"11390"},{"type":"Feature","geometry":{"type":"Point","coordinates":[1826388.3073258353,2187666.63191172]},"properties":{"height":13.0,"crown_diameter":9.9},"id":"11391"},{"type":"Feature","geometry":{"type":"Point","coordinates":[1826585.1938143475,2187993.498997707]},"properties":{"height":8.0,"crown_diameter":8.0},"id":"11399"},{"type":"Feature","geometry":{"type":"Point","coordinates":[1826290.6038340197,2187724.9012267957]},"properties":{"height":8.0,"crown_diameter":6.62},"id":"11401"},{"type":"Feature","geometry":{"type":"Point","coordinates":[1826929.7059250541,2187385.8944667056]},"properties":{"height":6.0,"crown_diameter":6.0},"id":"11403"},{"type":"Feature","geometry":{"type":"Point","coordinates":[1826942.1125888687,2187384.148431059]},"properties":{"height":6.0,"crown_diameter":6.0},"id":"11410"},{"type":"Feature","geometry":{"type":"Point","coordinates":[1826341.3993011934,2187662.108006547]},"properties":{"height":6.0,"crown_diameter":6.0},"id":"11412"},{"type":"Feature","geometry":{"type":"Point","coordinates":[1827030.634313713,2187493.8440681975]},"properties":{"height":6.0,"crown_diameter":6.0},"id":"11415"},{"type":"Feature","geometry":{"type":"Point","coordinates":[1826237.389406024,2187402.9530131626]},"properties":{"height":6.0,"crown_diameter":6.0},"id":"11416"},{"type":"Feature","geometry":{"type":"Point","coordinates":[1826278.015302737,2187793.903474047]},"properties":{"height":6.0,"crown_diameter":6.0},"id":"11418"},{"type":"Feature","geometry":{"type":"Point","coordinates":[1826787.2592831037,2188059.8764988417]},"properties":{"height":6.0,"crown_diameter":6.0},"id":"11423"},{"type":"Feature","geometry":{"type":"Point","coordinates":[1826491.6904981546,2187161.9522756846]},"properties":{"height":6.0,"crown_diameter":6.0},"id":"11425"},{"type":"Feature","geometry":{"type":"Point","coordinates":[1826634.5611295074,2186830.148672162]},"properties":{"height":6.0,"crown_diameter":6.0},"id":"11427"},{"type":"Feature","geometry":{"type":"Point","coordinates":[1826414.2292963827,2186665.0520387692]},"properties":{"height":6.0,"crown_diameter":6.0},"id":"11430"},{"type":"Feature","geometry":{"type":"Point","coordinates":[1827166.132036417,2186970.5432896405]},"properties":{"height":6.0,"crown_diameter":6.0},"id":"11434"},{"type":"Feature","geometry":{"type":"Point","coordinates":[1826231.390054105,2186712.60056944]},"properties":{"height":6.0,"crown_diameter":6.0},"id":"11442"},{"type":"Feature","geometry":{"type":"Point","coordinates":[1827035.0422708518,2187498.6235015374]},"properties":{"height":6.0,"crown_diameter":6.0},"id":"11444"},{"type":"Feature","geometry":{"type":"Point","coordinates":[1827156.2687940395,2186879.4042303814]},"properties":{"height":6.0,"crown_diameter":6.0},"id":"11450"},{"type":"Feature","geometry":{"type":"Point","coordinates":[1826154.6196091147,2186920.7166616106]},"properties":{"height":10.0,"crown_diameter":10.0},"id":"11451"},{"type":"Feature","geometry":{"type":"Point","coordinates":[1826280.5578863472,2187106.534190501]},"properties":{"height":12.0,"crown_diameter":12.0},"id":"11453"},{"type":"Feature","geometry":{"type":"Point","coordinates":[1826502.9163639257,2187130.0135534178]},"properties":{"height":16.0,"crown_diameter":15.22},"id":"11454"},{"type":"Feature","geometry":{"type":"Point","coordinates":[1827088.2824458382,2186839.052942719]},"properties":{"height":8.0,"crown_diameter":8.0},"id":"11455"},{"type":"Feature","geometry":{"type":"Point","coordinates":[1826735.6035252558,2187332.611983263]},"properties":{"height":7.0,"crown_diameter":7.0},"id":"11457"},{"type":"Feature","geometry":{"type":"Point","coordinates":[1826915.322425266,2187364.7391336686]},"properties":{"height":10.0,"crown_diameter":10.0},"id":"11459"},{"type":"Feature","geometry":{"type":"Point","coordinates":[1827168.409781198,2186851.419125952]},"properties":{"height":11.0,"crown_diameter":11.0},"id":"11465"},{"type":"Feature","geometry":{"type":"Point","coordinates":[1826324.4995219847,2187225.334345617]},"properties":{"height":10.0,"crown_diameter":10.0},"id":"11471"},{"type":"Feature","geometry":{"type":"Point","coordinates":[1826564.6753485224,2186817.3996363636]},"properties":{"height":9.0,"crown_diameter":9.0},"id":"11472"},{"type":"Feature","geometry":{"type":"Point","coordinates":[1826985.7684916845,2188012.32101268]},"properties":{"height":8.0,"crown_diameter":8.0},"id":"11474"},{"type":"Feature","geometry":{"type":"Point","coordinates":[1826086.7652660047,2187274.881919137]},"properties":{"height":6.0,"crown_diameter":6.0},"id":"11480"},{"type":"Feature","geometry":{"type":"Point","coordinates":[1826397.796176509,2187188.4091090197]},"properties":{"height":7.0,"crown_diameter":7.0},"id":"11481"},{"type":"Feature","geometry":{"type":"Point","coordinates":[1826599.9530520034,2187176.2779139243]},"properties":{"height":13.0,"crown_diameter":13.0},"id":"11483"},{"type":"Feature","geometry":{"type":"Point","coordinates":[1826875.0349016148,2187625.3802652494]},"properties":{"height":16.0,"crown_diameter":16.0},"id":"11492"},{"type":"Feature","geometry":{"type":"Point","coordinates":[1826244.4739836426,2187881.32900999]},"properties":{"height":15.0,"crown_diameter":15.0},"id":"11495"},{"type":"Feature","geometry":{"type":"Point","coordinates":[1826310.2630147303,2187176.171946622]},"properties":{"height":8.0,"crown_diameter":8.0},"id":"11497"},{"type":"Feature","geometry":{"type":"Point","coordinates":[1826433.5613407046,2187658.6144463997]},"properties":{"height":11.0,"crown_diameter":11.0},"id":"11498"},{"type":"Feature","geometry":{"type":"Point","coordinates":[1826674.3940807565,2188084.64962194]},"properties":{"height":8.0,"crown_diameter":8.0},"id":"11500"},{"type":"Feature","geometry":{"type":"Point","coordinates":[1826838.2089864472,2187112.8416115125]},"properties":{"height":6.0,"crown_diameter":6.0},"id":"11502"},{"type":"Feature","geometry":{"type":"Point","coordinates":[1826100.7536135188,2186918.2937736884]},"properties":{"height":6.0,"crown_diameter":6.0},"id":"11503"},{"type":"Feature","geometry":{"type":"Point","coordinates":[1826541.6478386938,2187955.182942496]},"properties":{"height":10.0,"crown_diameter":10.0},"id":"11508"},{"type":"Feature","geometry":{"type":"Point","coordinates":[1826929.715870401,2187686.891911415]},"properties":{"height":6.0,"crown_diameter":6.0},"id":"11509"},{"type":"Feature","geometry":{"type":"Point","coordinates":[1826819.3041617612,2187118.6635495806]},"properties":{"height":10.0,"crown_diameter":10.0},"id":"11511"},{"type":"Feature","geometry":{"type":"Point","coordinates":[1826128.7797603805,2186549.107154627]},"properties":{"height":8.0,"crown_diameter":8.0},"id":"11513"},{"type":"Feature","geometry":{"type":"Point","coordinates":[1826770.465919239,2188080.2153937803]},"properties":{"height":10.0,"crown_diameter":10.0},"id":"11516"},{"type":"Feature","geometry":{"type":"Point","coordinates":[1826947.1459953529,2188050.875592706]},"properties":{"height":6.0,"crown_diameter":6.0},"id":"11517"},{"type":"Feature","geometry":{"type":"Point","coordinates":[1826665.6537767432,2187163.7360205594]},"properties":{"height":6.0,"crown_diameter":6.0},"id":"11518"},{"type":"Feature","geometry":{"type":"Point","coordinates":[1826398.4405972436,2187740.995838705]},"properties":{"height":8.0,"crown_diameter":8.0},"id":"11522"},{"type":"Feature","geometry":{"type":"Point","coordinates":[1826839.829232806,2188149.862386168]},"properties":{"height":6.0,"crown_diameter":6.0},"id":"11523"},{"type":"Feature","geometry":{"type":"Point","coordinates":[1826882.5252539674,2187761.751278804]},"properties":{"height":6.0,"crown_diameter":6.0},"id":"11527"},{"type":"Feature","geometry":{"type":"Point","coordinates":[1826770.7974716846,2187128.718172295]},"properties":{"height":10.0,"crown_diameter":10.0},"id":"11529"},{"type":"Feature","geometry":{"type":"Point","coordinates":[1827185.986320974,2186886.417829472]},"properties":{"height":6.0,"crown_diameter":6.0},"id":"11532"},{"type":"Feature","geometry":{"type":"Point","coordinates":[1826401.2450347578,2186610.572425267]},"properties":{"height":6.0,"crown_diameter":6.0},"id":"11533"},{"type":"Feature","geometry":{"type":"Point","coordinates":[1826337.503506886,2186665.649302227]},"properties":{"height":10.0,"crown_diameter":10.0},"id":"11535"},{"type":"Feature","geometry":{"type":"Point","coordinates":[1826661.3946134846,2186661.663172049]},"properties":{"height":6.0,"crown_diameter":6.0},"id":"11536"},{"type":"Feature","geometry":{"type":"Point","coordinates":[1826809.7931046986,2187639.895923312]},"properties":{"height":6.0,"crown_diameter":6.0},"id":"11537"},{"type":"Feature","geometry":{"type":"Point","coordinates":[1826255.4829630293,2186575.253594693]},"properties":{"height":11.0,"crown_diameter":10.4},"id":"11547"},{"type":"Feature","geometry":{"type":"Point","coordinates":[1826928.5234762903,2187269.701112415]},"properties":{"height":6.0,"crown_diameter":6.0},"id":"11550"},{"type":"Feature","geometry":{"type":"Point","coordinates":[1826266.688980528,2187114.479898693]},"properties":{"height":9.0,"crown_diameter":9.0},"id":"11552"},{"type":"Feature","geometry":{"type":"Point","coordinates":[1826637.2043113736,2186854.14318141]},"properties":{"height":7.0,"crown_diameter":7.0},"id":"11554"},{"type":"Feature","geometry":{"type":"Point","coordinates":[1826791.6039632123,2187908.544945978]},"properties":{"height":8.0,"crown_diameter":8.0},"id":"11557"},{"type":"Feature","geometry":{"type":"Point","coordinates":[1826813.361408166,2186877.9456674242]},"properties":{"height":6.0,"crown_diameter":6.0},"id":"11558"},{"type":"Feature","geometry":{"type":"Point","coordinates":[1826735.175601172,2187483.0092885154]},"properties":{"height":10.0,"crown_diameter":10.0},"id":"11559"},{"type":"Feature","geometry":{"type":"Point","coordinates":[1827073.1559838816,2187559.966271134]},"properties":{"height":6.0,"crown_diameter":6.0},"id":"11560"},{"type":"Feature","geometry":{"type":"Point","coordinates":[1827094.1019979368,2187025.52672182]},"properties":{"height":12.0,"crown_diameter":12.0},"id":"11561"},{"type":"Feature","geometry":{"type":"Point","coordinates":[1826880.7280226238,2187456.5967693613]},"properties":{"height":6.0,"crown_diameter":6.0},"id":"11565"},{"type":"Feature","geometry":{"type":"Point","coordinates":[1826704.3016436042,2187191.551121891]},"properties":{"height":6.0,"crown_diameter":6.0},"id":"11566"},{"type":"Feature","geometry":{"type":"Point","coordinates":[1826360.9110132176,2186652.474212967]},"properties":{"height":6.0,"crown_diameter":6.0},"id":"11567"},{"type":"Feature","geometry":{"type":"Point","coordinates":[1826734.4181396673,2187216.418540515]},"properties":{"height":6.0,"crown_diameter":6.0},"id":"11572"},{"type":"Feature","geometry":{"type":"Point","coordinates":[1826996.9712854035,2187656.0269546225]},"properties":{"height":6.0,"crown_diameter":6.0},"id":"11577"},{"type":"Feature","geometry":{"type":"Point","coordinates":[1826470.3065499843,2186712.8703405685]},"properties":{"height":7.0,"crown_diameter":7.0},"id":"11579"},{"type":"Feature","geometry":{"type":"Point","coordinates":[1826690.4414820727,2187969.730444305]},"properties":{"height":6.0,"crown_diameter":6.0},"id":"11581"},{"type":"Feature","geometry":{"type":"Point","coordinates":[1826823.2544868249,2187891.7116283393]},"properties":{"height":6.0,"crown_diameter":6.0},"id":"11582"},{"type":"Feature","geometry":{"type":"Point","coordinates":[1826459.475658515,2187251.5691491878]},"properties":{"height":11.0,"crown_diameter":11.0},"id":"11583"},{"type":"Feature","geometry":{"type":"Point","coordinates":[1826271.8561570137,2187108.2205808824]},"properties":{"height":10.0,"crown_diameter":10.0},"id":"11584"},{"type":"Feature","geometry":{"type":"Point","coordinates":[1826568.044627501,2188085.7249827073]},"properties":{"height":8.0,"crown_diameter":8.0},"id":"11588"},{"type":"Feature","geometry":{"type":"Point","coordinates":[1826725.2070526476,2187275.0065061925]},"properties":{"height":6.0,"crown_diameter":6.0},"id":"11590"},{"type":"Feature","geometry":{"type":"Point","coordinates":[1826246.6564787342,2187860.3460931485]},"properties":{"height":15.0,"crown_diameter":15.0},"id":"11593"},{"type":"Feature","geometry":{"type":"Point","coordinates":[1827078.6999129248,2187333.186754988]},"properties":{"height":14.0,"crown_diameter":14.0},"id":"11594"},{"type":"Feature","geometry":{"type":"Point","coordinates":[1826229.2929820002,2187081.353998812]},"properties":{"height":17.0,"crown_diameter":16.0},"id":"11597"},{"type":"Feature","geometry":{"type":"Point","coordinates":[1826736.1565955516,2186810.1820161934]},"properties":{"height":6.0,"crown_diameter":6.0},"id":"11598"},{"type":"Feature","geometry":{"type":"Point","coordinates":[1826244.584509957,2187849.5756939314]},"properties":{"height":6.0,"crown_diameter":6.0},"id":"11599"},{"type":"Feature","geometry":{"type":"Point","coordinates":[1826917.0929194053,2188139.1219533714]},"properties":{"height":6.0,"crown_diameter":6.0},"id":"11604"},{"type":"Feature","geometry":{"type":"Point","coordinates":[1826836.3817483468,2187875.180494255]},"properties":{"height":6.0,"crown_diameter":6.0},"id":"11608"},{"type":"Feature","geometry":{"type":"Point","coordinates":[1827090.5347887052,2187232.216302256]},"properties":{"height":6.0,"crown_diameter":6.0},"id":"11614"},{"type":"Feature","geometry":{"type":"Point","coordinates":[1826255.6045595987,2186629.5031538256]},"properties":{"height":6.0,"crown_diameter":6.0},"id":"11616"},{"type":"Feature","geometry":{"type":"Point","coordinates":[1826801.9888121004,2187344.537841249]},"properties":{"height":6.0,"crown_diameter":6.0},"id":"11617"},{"type":"Feature","geometry":{"type":"Point","coordinates":[1826566.6973425136,2187825.561731772]},"properties":{"height":6.0,"crown_diameter":6.0},"id":"11619"},{"type":"Feature","geometry":{"type":"Point","coordinates":[1826248.7823299814,2186623.21971248]},"properties":{"height":6.0,"crown_diameter":6.0},"id":"11620"},{"type":"Feature","geometry":{"type":"Point","coordinates":[1826926.3615525805,2188021.667801822]},"properties":{"height":6.0,"crown_diameter":6.0},"id":"11623"},{"type":"Feature","geometry":{"type":"Point","coordinates":[1827203.6394156949,2186971.916722867]},"properties":{"height":11.0,"crown_diameter":11.0},"id":"11624"},{"type":"Feature","geometry":{"type":"Point","coordinates":[1826997.3913951463,2187075.6202333136]},"properties":{"height":8.0,"crown_diameter":8.0},"id":"11625"},{"type":"Feature","geometry":{"type":"Point","coordinates":[1827165.8062102504,2186831.1724835807]},"properties":{"height":13.0,"crown_diameter":13.0},"id":"11626"},{"type":"Feature","geometry":{"type":"Point","coordinates":[1826428.1086922332,2187658.262689512]},"properties":{"height":8.0,"crown_diameter":8.0},"id":"11632"},{"type":"Feature","geometry":{"type":"Point","coordinates":[1826839.1314135364,2187738.4242173615]},"properties":{"height":6.0,"crown_diameter":6.0},"id":"11633"},{"type":"Feature","geometry":{"type":"Point","coordinates":[1826472.3884626252,2187810.786926175]},"properties":{"height":6.0,"crown_diameter":6.0},"id":"11642"},{"type":"Feature","geometry":{"type":"Point","coordinates":[1826884.324929341,2186804.0104258275]},"properties":{"height":6.0,"crown_diameter":6.0},"id":"11650"},{"type":"Feature","geometry":{"type":"Point","coordinates":[1826504.9079404713,2187985.770885377]},"properties":{"height":8.0,"crown_diameter":8.0},"id":"11651"},{"type":"Feature","geometry":{"type":"Point","coordinates":[1826498.864931701,2186713.0637944676]},"properties":{"height":9.0,"crown_diameter":9.0},"id":"11653"},{"type":"Feature","geometry":{"type":"Point","coordinates":[1827004.7533378645,2186813.731658991]},"properties":{"height":11.0,"crown_diameter":11.0},"id":"11654"},{"type":"Feature","geometry":{"type":"Point","coordinates":[1826265.4734824374,2187272.1694972287]},"properties":{"height":11.0,"crown_diameter":10.4},"id":"11655"},{"type":"Feature","geometry":{"type":"Point","coordinates":[1827143.5018612796,2186953.049306617]},"properties":{"height":6.0,"crown_diameter":6.0},"id":"11659"},{"type":"Feature","geometry":{"type":"Point","coordinates":[1827143.4237253652,2186859.545216901]},"properties":{"height":6.0,"crown_diameter":6.0},"id":"11662"},{"type":"Feature","geometry":{"type":"Point","coordinates":[1826733.4291776814,2186927.3280213834]},"properties":{"height":6.0,"crown_diameter":6.0},"id":"11663"},{"type":"Feature","geometry":{"type":"Point","coordinates":[1826497.6829409134,2187449.405904736]},"properties":{"height":6.0,"crown_diameter":6.0},"id":"11669"},{"type":"Feature","geometry":{"type":"Point","coordinates":[1826160.1890970434,2186678.0441598915]},"properties":{"height":6.0,"crown_diameter":6.0},"id":"11671"},{"type":"Feature","geometry":{"type":"Point","coordinates":[1826602.2384294632,2186802.8910175366]},"properties":{"height":7.0,"crown_diameter":7.0},"id":"11672"},{"type":"Feature","geometry":{"type":"Point","coordinates":[1826101.0960271123,2187311.913260365]},"properties":{"height":6.0,"crown_diameter":6.0},"id":"11673"},{"type":"Feature","geometry":{"type":"Point","coordinates":[1826520.360659367,2187365.0196018615]},"properties":{"height":8.0,"crown_diameter":8.0},"id":"11675"},{"type":"Feature","geometry":{"type":"Point","coordinates":[1826466.8002934947,2187157.9495564234]},"properties":{"height":6.0,"crown_diameter":6.0},"id":"11676"},{"type":"Feature","geometry":{"type":"Point","coordinates":[1826083.2255252176,2186613.149576865]},"properties":{"height":6.0,"crown_diameter":6.0},"id":"11680"},{"type":"Feature","geometry":{"type":"Point","coordinates":[1826299.8164216739,2187709.3152002376]},"properties":{"height":7.0,"crown_diameter":7.0},"id":"11681"},{"type":"Feature","geometry":{"type":"Point","coordinates":[1826815.5748702132,2186731.6965035177]},"properties":{"height":6.0,"crown_diameter":6.0},"id":"11684"},{"type":"Feature","geometry":{"type":"Point","coordinates":[1826342.6978361406,2186874.406249549]},"properties":{"height":6.0,"crown_diameter":6.0},"id":"11685"},{"type":"Feature","geometry":{"type":"Point","coordinates":[1826892.5669827433,2188149.2232763497]},"properties":{"height":6.0,"crown_diameter":6.0},"id":"11688"},{"type":"Feature","geometry":{"type":"Point","coordinates":[1826506.3383177954,2188061.817766824]},"properties":{"height":6.0,"crown_diameter":6.0},"id":"11691"},{"type":"Feature","geometry":{"type":"Point","coordinates":[1826839.073349071,2187711.30307788]},"properties":{"height":6.0,"crown_diameter":6.0},"id":"11692"},{"type":"Feature","geometry":{"type":"Point","coordinates":[1826340.3950736627,2186692.506876216]},"properties":{"height":7.0,"crown_diameter":7.0},"id":"11695"},{"type":"Feature","geometry":{"type":"Point","coordinates":[1827054.6047408865,2187192.8876920347]},"properties":{"height":7.0,"crown_diameter":7.0},"id":"11696"},{"type":"Feature","geometry":{"type":"Point","coordinates":[1826356.5460373862,2187523.60295143]},"properties":{"height":9.0,"crown_diameter":9.0},"id":"11698"},{"type":"Feature","geometry":{"type":"Point","coordinates":[1826159.967624471,2187547.332653146]},"properties":{"height":10.0,"crown_diameter":10.0},"id":"11702"},{"type":"Feature","geometry":{"type":"Point","coordinates":[1827058.676043761,2186757.2767663477]},"properties":{"height":8.0,"crown_diameter":8.0},"id":"11703"},{"type":"Feature","geometry":{"type":"Point","coordinates":[1826229.8995072136,2186652.419761232]},"properties":{"height":6.0,"crown_diameter":6.0},"id":"11705"},{"type":"Feature","geometry":{"type":"Point","coordinates":[1826992.9326325345,2186766.0687692594]},"properties":{"height":7.0,"crown_diameter":7.0},"id":"11707"},{"type":"Feature","geometry":{"type":"Point","coordinates":[1826559.2961199267,2187677.064299354]},"properties":{"height":6.0,"crown_diameter":6.0},"id":"11709"},{"type":"Feature","geometry":{"type":"Point","coordinates":[1826127.4439614175,2186758.1938133202]},"properties":{"height":6.0,"crown_diameter":6.0},"id":"11713"},{"type":"Feature","geometry":{"type":"Point","coordinates":[1826511.387537301,2186722.562000259]},"properties":{"height":6.0,"crown_diameter":6.0},"id":"11715"},{"type":"Feature","geometry":{"type":"Point","coordinates":[1827131.9906843307,2187107.3858613446]},"properties":{"height":6.0,"crown_diameter":6.0},"id":"11718"},{"type":"Feature","geometry":{"type":"Point","coordinates":[1826667.9528916974,2187431.626004]},"properties":{"height":6.0,"crown_diameter":6.0},"id":"11719"},{"type":"Feature","geometry":{"type":"Point","coordinates":[1826492.3813189408,2187037.7874496295]},"properties":{"height":12.0,"crown_diameter":12.0},"id":"11728"},{"type":"Feature","geometry":{"type":"Point","coordinates":[1826433.9408114909,2187653.095631292]},"properties":{"height":8.0,"crown_diameter":8.0},"id":"11731"},{"type":"Feature","geometry":{"type":"Point","coordinates":[1826080.248833523,2186535.790933566]},"properties":{"height":6.0,"crown_diameter":6.0},"id":"11732"},{"type":"Feature","geometry":{"type":"Point","coordinates":[1826412.6802127655,2187641.5364262504]},"properties":{"height":6.0,"crown_diameter":6.0},"id":"11740"},{"type":"Feature","geometry":{"type":"Point","coordinates":[1826800.1891867118,2187446.003889823]},"properties":{"height":6.0,"crown_diameter":6.0},"id":"11742"},{"type":"Feature","geometry":{"type":"Point","coordinates":[1826702.3410812998,2188110.873040096]},"properties":{"height":9.0,"crown_diameter":9.0},"id":"11744"},{"type":"Feature","geometry":{"type":"Point","coordinates":[1827072.757950385,2187628.1104329904]},"properties":{"height":6.0,"crown_diameter":6.0},"id":"11745"},{"type":"Feature","geometry":{"type":"Point","coordinates":[1826702.7823703405,2186701.343619509]},"properties":{"height":6.0,"crown_diameter":6.0},"id":"11746"},{"type":"Feature","geometry":{"type":"Point","coordinates":[1826639.1372687905,2187811.8093760023]},"properties":{"height":6.0,"crown_diameter":6.0},"id":"11749"},{"type":"Feature","geometry":{"type":"Point","coordinates":[1826884.4054695053,2187261.15946452]},"properties":{"height":8.0,"crown_diameter":8.0},"id":"11751"},{"type":"Feature","geometry":{"type":"Point","coordinates":[1826240.9567000864,2187857.1320306156]},"properties":{"height":13.0,"crown_diameter":13.0},"id":"11754"},{"type":"Feature","geometry":{"type":"Point","coordinates":[1827185.7213454542,2186946.186184945]},"properties":{"height":6.0,"crown_diameter":6.0},"id":"11757"},{"type":"Feature","geometry":{"type":"Point","coordinates":[1826063.9115757395,2186558.113173506]},"properties":{"height":6.0,"crown_diameter":6.0},"id":"11759"},{"type":"Feature","geometry":{"type":"Point","coordinates":[1827101.7211783656,2187024.5203585257]},"properties":{"height":6.0,"crown_diameter":6.0},"id":"11768"},{"type":"Feature","geometry":{"type":"Point","coordinates":[1827008.629336833,2186809.0371768447]},"properties":{"height":11.0,"crown_diameter":11.0},"id":"11771"},{"type":"Feature","geometry":{"type":"Point","coordinates":[1826890.2619649908,2187365.3686508094]},"properties":{"height":6.0,"crown_diameter":6.0},"id":"11774"},{"type":"Feature","geometry":{"type":"Point","coordinates":[1826904.7164741738,2187265.0177523964]},"properties":{"height":8.0,"crown_diameter":8.0},"id":"11776"},{"type":"Feature","geometry":{"type":"Point","coordinates":[1826882.0249921381,2187584.031096682]},"properties":{"height":6.0,"crown_diameter":6.0},"id":"11784"},{"type":"Feature","geometry":{"type":"Point","coordinates":[1826835.2105476633,2187567.3748234585]},"properties":{"height":6.0,"crown_diameter":6.0},"id":"11785"},{"type":"Feature","geometry":{"type":"Point","coordinates":[1826864.409309499,2188037.8918366767]},"properties":{"height":6.0,"crown_diameter":6.0},"id":"11791"},{"type":"Feature","geometry":{"type":"Point","coordinates":[1826306.086054457,2187534.132045665]},"properties":{"height":6.0,"crown_diameter":6.0},"id":"11793"},{"type":"Feature","geometry":{"type":"Point","coordinates":[1826428.2964471725,2187634.0041308524]},"properties":{"height":6.0,"crown_diameter":6.0},"id":"11794"},{"type":"Feature","geometry":{"type":"Point","coordinates":[1827025.106265608,2187528.9956624624]},"properties":{"height":6.0,"crown_diameter":6.0},"id":"11795"},{"type":"Feature","geometry":{"type":"Point","coordinates":[1826862.8736650217,2186816.7108115284]},"properties":{"height":8.0,"crown_diameter":8.0},"id":"11798"},{"type":"Feature","geometry":{"type":"Point","coordinates":[1826133.716085104,2187028.8956576944]},"properties":{"height":6.0,"crown_diameter":6.0},"id":"11801"},{"type":"Feature","geometry":{"type":"Point","coordinates":[1826641.5037795384,2187680.5715393242]},"properties":{"height":6.0,"crown_diameter":6.0},"id":"11804"},{"type":"Feature","geometry":{"type":"Point","coordinates":[1826859.1112791358,2187153.296880017]},"properties":{"height":6.0,"crown_diameter":6.0},"id":"11809"},{"type":"Feature","geometry":{"type":"Point","coordinates":[1826850.4973736554,2187870.0992424595]},"properties":{"height":6.0,"crown_diameter":6.0},"id":"11810"},{"type":"Feature","geometry":{"type":"Point","coordinates":[1826933.5059922284,2188081.305666953]},"properties":{"height":6.0,"crown_diameter":6.0},"id":"11811"},{"type":"Feature","geometry":{"type":"Point","coordinates":[1826308.3184079672,2186668.1131373914]},"properties":{"height":6.0,"crown_diameter":6.0},"id":"11814"},{"type":"Feature","geometry":{"type":"Point","coordinates":[1826362.0972885524,2186874.308559939]},"properties":{"height":6.0,"crown_diameter":6.0},"id":"11815"},{"type":"Feature","geometry":{"type":"Point","coordinates":[1826082.2425442096,2186644.701935778]},"properties":{"height":6.0,"crown_diameter":6.0},"id":"11817"},{"type":"Feature","geometry":{"type":"Point","coordinates":[1826216.94872584,2186707.32447518]},"properties":{"height":8.0,"crown_diameter":8.0},"id":"11819"},{"type":"Feature","geometry":{"type":"Point","coordinates":[1826866.6290502353,2187934.663023553]},"properties":{"height":6.0,"crown_diameter":6.0},"id":"11820"},{"type":"Feature","geometry":{"type":"Point","coordinates":[1826508.0478774959,2188058.4824357023]},"properties":{"height":6.0,"crown_diameter":6.0},"id":"11821"},{"type":"Feature","geometry":{"type":"Point","coordinates":[1826537.0017152454,2188076.5305685555]},"properties":{"height":7.0,"crown_diameter":7.0},"id":"11826"},{"type":"Feature","geometry":{"type":"Point","coordinates":[1826632.4464111226,2188074.7508752253]},"properties":{"height":6.0,"crown_diameter":6.0},"id":"11828"},{"type":"Feature","geometry":{"type":"Point","coordinates":[1826684.9997428255,2187500.146967372]},"properties":{"height":7.0,"crown_diameter":7.0},"id":"11829"},{"type":"Feature","geometry":{"type":"Point","coordinates":[1826733.6472120313,2188060.310208405]},"properties":{"height":6.0,"crown_diameter":6.0},"id":"11831"},{"type":"Feature","geometry":{"type":"Point","coordinates":[1826896.66746831,2187009.7836337322]},"properties":{"height":7.0,"crown_diameter":7.0},"id":"11835"},{"type":"Feature","geometry":{"type":"Point","coordinates":[1826947.942992332,2188000.5894258446]},"properties":{"height":9.0,"crown_diameter":9.0},"id":"11836"},{"type":"Feature","geometry":{"type":"Point","coordinates":[1826915.145140354,2187732.9947179323]},"properties":{"height":6.0,"crown_diameter":6.0},"id":"11839"},{"type":"Feature","geometry":{"type":"Point","coordinates":[1826254.956177983,2187500.5709876553]},"properties":{"height":16.0,"crown_diameter":14.66},"id":"11846"},{"type":"Feature","geometry":{"type":"Point","coordinates":[1826489.7064613828,2186712.7728483942]},"properties":{"height":9.0,"crown_diameter":9.0},"id":"11847"},{"type":"Feature","geometry":{"type":"Point","coordinates":[1826937.1455864124,2187174.5160165285]},"properties":{"height":6.0,"crown_diameter":6.0},"id":"11850"},{"type":"Feature","geometry":{"type":"Point","coordinates":[1826916.0227082386,2187862.1952168224]},"properties":{"height":6.0,"crown_diameter":6.0},"id":"11852"},{"type":"Feature","geometry":{"type":"Point","coordinates":[1826162.0844069899,2186904.7162638437]},"properties":{"height":6.0,"crown_diameter":6.0},"id":"11857"},{"type":"Feature","geometry":{"type":"Point","coordinates":[1826319.1401780169,2187212.8527708207]},"properties":{"height":6.0,"crown_diameter":6.0},"id":"11860"},{"type":"Feature","geometry":{"type":"Point","coordinates":[1827054.1166425978,2186780.5073655928]},"properties":{"height":9.0,"crown_diameter":9.0},"id":"11863"},{"type":"Feature","geometry":{"type":"Point","coordinates":[1827034.1398029304,2187131.0339491963]},"properties":{"height":6.0,"crown_diameter":6.0},"id":"11874"},{"type":"Feature","geometry":{"type":"Point","coordinates":[1826796.5822268694,2187926.5446108254]},"properties":{"height":6.0,"crown_diameter":6.0},"id":"11878"},{"type":"Feature","geometry":{"type":"Point","coordinates":[1827163.1889650745,2187088.573707444]},"properties":{"height":6.0,"crown_diameter":6.0},"id":"11879"},{"type":"Feature","geometry":{"type":"Point","coordinates":[1826465.0692992166,2187137.910617849]},"properties":{"height":6.0,"crown_diameter":6.0},"id":"11883"},{"type":"Feature","geometry":{"type":"Point","coordinates":[1826543.6512012393,2187809.841987699]},"properties":{"height":6.0,"crown_diameter":6.0},"id":"11885"},{"type":"Feature","geometry":{"type":"Point","coordinates":[1826291.6402279679,2186996.973754827]},"properties":{"height":6.0,"crown_diameter":6.0},"id":"11888"},{"type":"Feature","geometry":{"type":"Point","coordinates":[1826312.8930785672,2187411.4175597494]},"properties":{"height":13.0,"crown_diameter":12.44},"id":"11890"},{"type":"Feature","geometry":{"type":"Point","coordinates":[1826343.0408922483,2187205.404372891]},"properties":{"height":18.0,"crown_diameter":17.42},"id":"11891"},{"type":"Feature","geometry":{"type":"Point","coordinates":[1827043.667801801,2187489.4418710335]},"properties":{"height":6.0,"crown_diameter":6.0},"id":"11892"},{"type":"Feature","geometry":{"type":"Point","coordinates":[1826190.9095237122,2186782.5119010536]},"properties":{"height":6.0,"crown_diameter":6.0},"id":"11894"},{"type":"Feature","geometry":{"type":"Point","coordinates":[1826669.7212322885,2188096.632507458]},"properties":{"height":6.0,"crown_diameter":6.0},"id":"11895"},{"type":"Feature","geometry":{"type":"Point","coordinates":[1827124.4112612715,2187198.1447600992]},"properties":{"height":6.0,"crown_diameter":6.0},"id":"11897"},{"type":"Feature","geometry":{"type":"Point","coordinates":[1826912.6075969753,2187419.250719991]},"properties":{"height":10.0,"crown_diameter":10.0},"id":"11898"},{"type":"Feature","geometry":{"type":"Point","coordinates":[1826502.6607317235,2187041.1474398808]},"properties":{"height":12.0,"crown_diameter":12.0},"id":"11901"},{"type":"Feature","geometry":{"type":"Point","coordinates":[1826935.5761625825,2188049.07964684]},"properties":{"height":6.0,"crown_diameter":6.0},"id":"11905"},{"type":"Feature","geometry":{"type":"Point","coordinates":[1826711.1119683064,2187624.08725129]},"properties":{"height":6.0,"crown_diameter":6.0},"id":"11908"},{"type":"Feature","geometry":{"type":"Point","coordinates":[1826872.3403175662,2186889.9930286454]},"properties":{"height":6.0,"crown_diameter":6.0},"id":"11909"},{"type":"Feature","geometry":{"type":"Point","coordinates":[1827124.960451266,2187101.9873296255]},"properties":{"height":6.0,"crown_diameter":6.0},"id":"11910"},{"type":"Feature","geometry":{"type":"Point","coordinates":[1826837.5290299878,2187581.0085583553]},"properties":{"height":6.0,"crown_diameter":6.0},"id":"11912"},{"type":"Feature","geometry":{"type":"Point","coordinates":[1826346.8659273894,2187259.5886922595]},"properties":{"height":6.0,"crown_diameter":6.0},"id":"11914"},{"type":"Feature","geometry":{"type":"Point","coordinates":[1826876.530957539,2188072.532438833]},"properties":{"height":6.0,"crown_diameter":6.0},"id":"11916"},{"type":"Feature","geometry":{"type":"Point","coordinates":[1826915.7732782227,2187773.3367851456]},"properties":{"height":6.0,"crown_diameter":6.0},"id":"11917"},{"type":"Feature","geometry":{"type":"Point","coordinates":[1826629.7614501852,2186701.8774302234]},"properties":{"height":6.0,"crown_diameter":6.0},"id":"11919"},{"type":"Feature","geometry":{"type":"Point","coordinates":[1826341.0626398204,2187714.3726273216]},"properties":{"height":8.0,"crown_diameter":8.0},"id":"11923"},{"type":"Feature","geometry":{"type":"Point","coordinates":[1827111.7719954192,2187005.391050993]},"properties":{"height":6.0,"crown_diameter":6.0},"id":"11926"},{"type":"Feature","geometry":{"type":"Point","coordinates":[1826818.108534431,2186830.453917442]},"properties":{"height":6.0,"crown_diameter":6.0},"id":"11927"},{"type":"Feature","geometry":{"type":"Point","coordinates":[1827103.1851117616,2187061.3245155476]},"properties":{"height":6.0,"crown_diameter":6.0},"id":"11930"},{"type":"Feature","geometry":{"type":"Point","coordinates":[1826733.460740212,2187400.3450722094]},"properties":{"height":6.0,"crown_diameter":6.0},"id":"11934"},{"type":"Feature","geometry":{"type":"Point","coordinates":[1826246.2371640676,2186630.0980685735]},"properties":{"height":6.0,"crown_diameter":6.0},"id":"11937"},{"type":"Feature","geometry":{"type":"Point","coordinates":[1826432.3252720123,2187069.4240528215]},"properties":{"height":6.0,"crown_diameter":6.0},"id":"11942"},{"type":"Feature","geometry":{"type":"Point","coordinates":[1826296.189451631,2187908.48486992]},"properties":{"height":6.0,"crown_diameter":6.0},"id":"11946"},{"type":"Feature","geometry":{"type":"Point","coordinates":[1826892.7534265388,2187010.7296689358]},"properties":{"height":13.0,"crown_diameter":13.0},"id":"11949"},{"type":"Feature","geometry":{"type":"Point","coordinates":[1826540.2501925079,2188074.4930530605]},"properties":{"height":6.0,"crown_diameter":6.0},"id":"11952"},{"type":"Feature","geometry":{"type":"Point","coordinates":[1826219.5411424371,2187044.4665818796]},"properties":{"height":6.0,"crown_diameter":6.0},"id":"11956"},{"type":"Feature","geometry":{"type":"Point","coordinates":[1827021.3002399742,2187283.182795778]},"properties":{"height":10.0,"crown_diameter":10.0},"id":"11961"},{"type":"Feature","geometry":{"type":"Point","coordinates":[1826136.1489251165,2186650.872736634]},"properties":{"height":6.0,"crown_diameter":6.0},"id":"11965"},{"type":"Feature","geometry":{"type":"Point","coordinates":[1826226.1157501354,2187345.1434446014]},"properties":{"height":14.0,"crown_diameter":13.4},"id":"11967"},{"type":"Feature","geometry":{"type":"Point","coordinates":[1827075.8475861663,2187224.075935889]},"properties":{"height":6.0,"crown_diameter":6.0},"id":"11972"},{"type":"Feature","geometry":{"type":"Point","coordinates":[1826165.933496136,2186982.2774491273]},"properties":{"height":13.0,"crown_diameter":12.44},"id":"11973"},{"type":"Feature","geometry":{"type":"Point","coordinates":[1826377.2268987978,2187435.9425828564]},"properties":{"height":6.0,"crown_diameter":6.0},"id":"11975"},{"type":"Feature","geometry":{"type":"Point","coordinates":[1826842.285586863,2187748.5159485177]},"properties":{"height":6.0,"crown_diameter":6.0},"id":"11976"},{"type":"Feature","geometry":{"type":"Point","coordinates":[1826185.8552809947,2186651.379063652]},"properties":{"height":7.0,"crown_diameter":7.0},"id":"11978"},{"type":"Feature","geometry":{"type":"Point","coordinates":[1826483.47847288,2187317.992319375]},"properties":{"height":6.0,"crown_diameter":6.0},"id":"11983"},{"type":"Feature","geometry":{"type":"Point","coordinates":[1826622.7736643667,2187447.1389704295]},"properties":{"height":6.0,"crown_diameter":6.0},"id":"11988"},{"type":"Feature","geometry":{"type":"Point","coordinates":[1827176.6383396385,2186910.387675963]},"properties":{"height":6.0,"crown_diameter":6.0},"id":"11989"},{"type":"Feature","geometry":{"type":"Point","coordinates":[1826753.073023613,2187485.3630532376]},"properties":{"height":6.0,"crown_diameter":6.0},"id":"11990"},{"type":"Feature","geometry":{"type":"Point","coordinates":[1826905.9509299381,2187771.953425285]},"properties":{"height":8.0,"crown_diameter":8.0},"id":"11996"},{"type":"Feature","geometry":{"type":"Point","coordinates":[1826703.0442219418,2188115.712391275]},"properties":{"height":7.0,"crown_diameter":6.88},"id":"12000"},{"type":"Feature","geometry":{"type":"Point","coordinates":[1826463.060767529,2187005.630326719]},"properties":{"height":6.0,"crown_diameter":6.0},"id":"12005"},{"type":"Feature","geometry":{"type":"Point","coordinates":[1826868.8573523466,2188132.411283832]},"properties":{"height":6.0,"crown_diameter":6.0},"id":"12006"},{"type":"Feature","geometry":{"type":"Point","coordinates":[1826772.9139653582,2186951.6019982896]},"properties":{"height":6.0,"crown_diameter":6.0},"id":"12007"},{"type":"Feature","geometry":{"type":"Point","coordinates":[1826657.1229927493,2186926.1505848803]},"properties":{"height":6.0,"crown_diameter":6.0},"id":"12009"},{"type":"Feature","geometry":{"type":"Point","coordinates":[1826813.9660406762,2187493.1890676357]},"properties":{"height":6.0,"crown_diameter":6.0},"id":"12013"},{"type":"Feature","geometry":{"type":"Point","coordinates":[1826733.1386094843,2187753.6050036526]},"properties":{"height":6.0,"crown_diameter":6.0},"id":"12014"},{"type":"Feature","geometry":{"type":"Point","coordinates":[1826969.4304445253,2188034.6368287965]},"properties":{"height":13.0,"crown_diameter":13.0},"id":"12017"},{"type":"Feature","geometry":{"type":"Point","coordinates":[1826787.18468396,2187645.777662959]},"properties":{"height":8.0,"crown_diameter":8.0},"id":"12023"},{"type":"Feature","geometry":{"type":"Point","coordinates":[1826693.3622950383,2186995.4646418598]},"properties":{"height":6.0,"crown_diameter":6.0},"id":"12025"},{"type":"Feature","geometry":{"type":"Point","coordinates":[1826482.154239139,2188062.6541031348]},"properties":{"height":6.0,"crown_diameter":6.0},"id":"12031"},{"type":"Feature","geometry":{"type":"Point","coordinates":[1827102.3815764273,2186853.5986410147]},"properties":{"height":6.0,"crown_diameter":6.0},"id":"12034"},{"type":"Feature","geometry":{"type":"Point","coordinates":[1826562.204269514,2187449.6731986715]},"properties":{"height":6.0,"crown_diameter":6.0},"id":"12036"},{"type":"Feature","geometry":{"type":"Point","coordinates":[1827020.0173509563,2187671.7484144084]},"properties":{"height":6.0,"crown_diameter":6.0},"id":"12037"},{"type":"Feature","geometry":{"type":"Point","coordinates":[1826097.2593623153,2187320.355720887]},"properties":{"height":6.0,"crown_diameter":6.0},"id":"12038"},{"type":"Feature","geometry":{"type":"Point","coordinates":[1826708.2346111548,2187812.224253173]},"properties":{"height":13.0,"crown_diameter":13.0},"id":"12040"},{"type":"Feature","geometry":{"type":"Point","coordinates":[1826763.2167402674,2187133.4730435116]},"properties":{"height":6.0,"crown_diameter":6.0},"id":"12041"},{"type":"Feature","geometry":{"type":"Point","coordinates":[1826438.8555495932,2188027.2013515546]},"properties":{"height":6.0,"crown_diameter":6.0},"id":"12044"},{"type":"Feature","geometry":{"type":"Point","coordinates":[1826269.431076082,2186723.4435284645]},"properties":{"height":6.0,"crown_diameter":6.0},"id":"12045"},{"type":"Feature","geometry":{"type":"Point","coordinates":[1826350.160225379,2187687.5428656815]},"properties":{"height":16.0,"crown_diameter":11.2},"id":"12048"},{"type":"Feature","geometry":{"type":"Point","coordinates":[1827035.0236794034,2187518.249427188]},"properties":{"height":6.0,"crown_diameter":6.0},"id":"12057"},{"type":"Feature","geometry":{"type":"Point","coordinates":[1826478.0962997433,2186707.2293113996]},"properties":{"height":6.0,"crown_diameter":6.0},"id":"12058"},{"type":"Feature","geometry":{"type":"Point","coordinates":[1826552.864527783,2188071.8615082777]},"properties":{"height":6.0,"crown_diameter":6.0},"id":"12060"},{"type":"Feature","geometry":{"type":"Point","coordinates":[1826352.2842050684,2186958.9309549956]},"properties":{"height":7.0,"crown_diameter":7.0},"id":"12061"},{"type":"Feature","geometry":{"type":"Point","coordinates":[1827093.7406205013,2187011.41883609]},"properties":{"height":7.0,"crown_diameter":7.0},"id":"12062"},{"type":"Feature","geometry":{"type":"Point","coordinates":[1827112.0997968582,2187230.762168752]},"properties":{"height":6.0,"crown_diameter":6.0},"id":"12066"},{"type":"Feature","geometry":{"type":"Point","coordinates":[1826987.046089019,2187365.7741484796]},"properties":{"height":6.0,"crown_diameter":6.0},"id":"12069"},{"type":"Feature","geometry":{"type":"Point","coordinates":[1826631.775537457,2187667.0592192686]},"properties":{"height":6.0,"crown_diameter":6.0},"id":"12070"},{"type":"Feature","geometry":{"type":"Point","coordinates":[1826225.9231078292,2187029.1458493304]},"properties":{"height":6.0,"crown_diameter":6.0},"id":"12072"},{"type":"Feature","geometry":{"type":"Point","coordinates":[1827145.931594419,2186848.9187304694]},"properties":{"height":6.0,"crown_diameter":6.0},"id":"12074"},{"type":"Feature","geometry":{"type":"Point","coordinates":[1826484.087391934,2187761.20343244]},"properties":{"height":6.0,"crown_diameter":6.0},"id":"12076"},{"type":"Feature","geometry":{"type":"Point","coordinates":[1826701.5796728956,2188078.9140284997]},"properties":{"height":6.0,"crown_diameter":6.0},"id":"12081"},{"type":"Feature","geometry":{"type":"Point","coordinates":[1826809.5387265326,2186823.757540761]},"properties":{"height":6.0,"crown_diameter":6.0},"id":"12082"},{"type":"Feature","geometry":{"type":"Point","coordinates":[1826794.9750145413,2188132.7339121327]},"properties":{"height":6.0,"crown_diameter":6.0},"id":"12084"},{"type":"Feature","geometry":{"type":"Point","coordinates":[1826856.1543334986,2187740.572034572]},"properties":{"height":6.0,"crown_diameter":6.0},"id":"12087"},{"type":"Feature","geometry":{"type":"Point","coordinates":[1826857.906209938,2187377.3636369393]},"properties":{"height":6.0,"crown_diameter":6.0},"id":"12088"},{"type":"Feature","geometry":{"type":"Point","coordinates":[1826933.3350969492,2188085.938837292]},"properties":{"height":6.0,"crown_diameter":6.0},"id":"12091"},{"type":"Feature","geometry":{"type":"Point","coordinates":[1827083.5834265652,2187363.318089322]},"properties":{"height":15.0,"crown_diameter":14.44},"id":"12092"},{"type":"Feature","geometry":{"type":"Point","coordinates":[1826704.463398547,2187335.546604604]},"properties":{"height":6.0,"crown_diameter":6.0},"id":"12093"},{"type":"Feature","geometry":{"type":"Point","coordinates":[1827120.7993356579,2187100.0704362523]},"properties":{"height":7.0,"crown_diameter":6.46},"id":"12094"},{"type":"Feature","geometry":{"type":"Point","coordinates":[1826798.2366137616,2187532.4763293965]},"properties":{"height":6.0,"crown_diameter":6.0},"id":"12096"},{"type":"Feature","geometry":{"type":"Point","coordinates":[1826390.4038936675,2186679.9980878886]},"properties":{"height":6.0,"crown_diameter":6.0},"id":"12097"},{"type":"Feature","geometry":{"type":"Point","coordinates":[1826747.68612427,2188047.7334488784]},"properties":{"height":6.0,"crown_diameter":6.0},"id":"12101"},{"type":"Feature","geometry":{"type":"Point","coordinates":[1826598.2474764711,2187734.86094379]},"properties":{"height":6.0,"crown_diameter":6.0},"id":"12102"},{"type":"Feature","geometry":{"type":"Point","coordinates":[1826259.4720177702,2187962.4459392894]},"properties":{"height":6.0,"crown_diameter":6.0},"id":"12106"},{"type":"Feature","geometry":{"type":"Point","coordinates":[1826550.543018286,2188015.2326843]},"properties":{"height":13.0,"crown_diameter":13.0},"id":"12108"},{"type":"Feature","geometry":{"type":"Point","coordinates":[1826483.6496149495,2187121.728804603]},"properties":{"height":6.0,"crown_diameter":6.0},"id":"12109"},{"type":"Feature","geometry":{"type":"Point","coordinates":[1827085.7746560592,2186849.679442091]},"properties":{"height":11.0,"crown_diameter":11.0},"id":"12110"},{"type":"Feature","geometry":{"type":"Point","coordinates":[1826749.682083219,2186768.5006692903]},"properties":{"height":6.0,"crown_diameter":6.0},"id":"12113"},{"type":"Feature","geometry":{"type":"Point","coordinates":[1826854.8159295006,2188058.995281517]},"properties":{"height":6.0,"crown_diameter":6.0},"id":"12114"},{"type":"Feature","geometry":{"type":"Point","coordinates":[1826499.4522765495,2187942.42251032]},"properties":{"height":6.0,"crown_diameter":6.0},"id":"12118"},{"type":"Feature","geometry":{"type":"Point","coordinates":[1826603.9052589543,2187179.0799993933]},"properties":{"height":6.0,"crown_diameter":6.0},"id":"12119"},{"type":"Feature","geometry":{"type":"Point","coordinates":[1827067.6953015532,2187172.6066624303]},"properties":{"height":6.0,"crown_diameter":6.0},"id":"12120"},{"type":"Feature","geometry":{"type":"Point","coordinates":[1826729.4063368298,2187964.9049285916]},"properties":{"height":6.0,"crown_diameter":6.0},"id":"12121"},{"type":"Feature","geometry":{"type":"Point","coordinates":[1827088.7398489674,2186884.0341112115]},"properties":{"height":6.0,"crown_diameter":6.0},"id":"12123"},{"type":"Feature","geometry":{"type":"Point","coordinates":[1826457.654969464,2187095.030559035]},"properties":{"height":6.0,"crown_diameter":6.0},"id":"12127"},{"type":"Feature","geometry":{"type":"Point","coordinates":[1826502.1860669905,2186675.5186386597]},"properties":{"height":6.0,"crown_diameter":6.0},"id":"12128"},{"type":"Feature","geometry":{"type":"Point","coordinates":[1826467.0514894507,2187012.18065444]},"properties":{"height":6.0,"crown_diameter":6.0},"id":"12131"},{"type":"Feature","geometry":{"type":"Point","coordinates":[1826108.223951168,2186691.0274947337]},"properties":{"height":6.0,"crown_diameter":6.0},"id":"12132"},{"type":"Feature","geometry":{"type":"Point","coordinates":[1826858.424649103,2188028.0671074796]},"properties":{"height":6.0,"crown_diameter":6.0},"id":"12134"},{"type":"Feature","geometry":{"type":"Point","coordinates":[1826981.2215064245,2187671.93972233]},"properties":{"height":6.0,"crown_diameter":6.0},"id":"12135"},{"type":"Feature","geometry":{"type":"Point","coordinates":[1826089.579940225,2187294.2408459033]},"properties":{"height":6.0,"crown_diameter":6.0},"id":"12136"},{"type":"Feature","geometry":{"type":"Point","coordinates":[1826884.8237723869,2187752.0116090816]},"properties":{"height":6.0,"crown_diameter":6.0},"id":"12137"},{"type":"Feature","geometry":{"type":"Point","coordinates":[1826922.5125923161,2187600.129310992]},"properties":{"height":6.0,"crown_diameter":6.0},"id":"12145"},{"type":"Feature","geometry":{"type":"Point","coordinates":[1826722.8568865813,2188070.8495021365]},"properties":{"height":6.0,"crown_diameter":6.0},"id":"12147"},{"type":"Feature","geometry":{"type":"Point","coordinates":[1826237.609095345,2186893.5524178343]},"properties":{"height":6.0,"crown_diameter":6.0},"id":"12149"},{"type":"Feature","geometry":{"type":"Point","coordinates":[1826731.2285065392,2187929.8161110743]},"properties":{"height":6.0,"crown_diameter":6.0},"id":"12151"},{"type":"Feature","geometry":{"type":"Point","coordinates":[1826745.5040171903,2187063.8567696935]},"properties":{"height":10.0,"crown_diameter":10.0},"id":"12154"},{"type":"Feature","geometry":{"type":"Point","coordinates":[1826282.476350917,2187102.3128428664]},"properties":{"height":10.0,"crown_diameter":10.0},"id":"12158"},{"type":"Feature","geometry":{"type":"Point","coordinates":[1826652.3839422918,2187892.516345514]},"properties":{"height":6.0,"crown_diameter":6.0},"id":"12165"},{"type":"Feature","geometry":{"type":"Point","coordinates":[1826269.5457433946,2188009.6869582627]},"properties":{"height":6.0,"crown_diameter":6.0},"id":"12169"},{"type":"Feature","geometry":{"type":"Point","coordinates":[1826528.8178160843,2186785.569045138]},"properties":{"height":6.0,"crown_diameter":6.0},"id":"12171"},{"type":"Feature","geometry":{"type":"Point","coordinates":[1826330.716092504,2187257.6482745316]},"properties":{"height":6.0,"crown_diameter":6.0},"id":"12172"},{"type":"Feature","geometry":{"type":"Point","coordinates":[1826809.6242379325,2187687.5280668642]},"properties":{"height":6.0,"crown_diameter":6.0},"id":"12173"},{"type":"Feature","geometry":{"type":"Point","coordinates":[1826628.8278929128,2186674.546417855]},"properties":{"height":6.0,"crown_diameter":6.0},"id":"12175"},{"type":"Feature","geometry":{"type":"Point","coordinates":[1826787.6373111987,2186920.4873325485]},"properties":{"height":6.0,"crown_diameter":6.0},"id":"12176"},{"type":"Feature","geometry":{"type":"Point","coordinates":[1826864.7072772381,2187360.2728994004]},"properties":{"height":6.0,"crown_diameter":6.0},"id":"12181"},{"type":"Feature","geometry":{"type":"Point","coordinates":[1826379.1634668808,2187071.839055065]},"properties":{"height":6.0,"crown_diameter":6.0},"id":"12182"},{"type":"Feature","geometry":{"type":"Point","coordinates":[1826505.6112210555,2187990.6102687265]},"properties":{"height":7.0,"crown_diameter":7.0},"id":"12183"},{"type":"Feature","geometry":{"type":"Point","coordinates":[1826575.4562950172,2187573.3827335937]},"properties":{"height":6.0,"crown_diameter":6.0},"id":"12184"},{"type":"Feature","geometry":{"type":"Point","coordinates":[1826706.3698842793,2187436.9519345197]},"properties":{"height":6.0,"crown_diameter":6.0},"id":"12186"},{"type":"Feature","geometry":{"type":"Point","coordinates":[1826742.5632518558,2187780.1319642514]},"properties":{"height":6.0,"crown_diameter":6.0},"id":"12187"},{"type":"Feature","geometry":{"type":"Point","coordinates":[1826676.675365856,2186706.4021636853]},"properties":{"height":6.0,"crown_diameter":6.0},"id":"12192"},{"type":"Feature","geometry":{"type":"Point","coordinates":[1826566.9176861155,2187719.0558934277]},"properties":{"height":6.0,"crown_diameter":6.0},"id":"12195"},{"type":"Feature","geometry":{"type":"Point","coordinates":[1826773.2838681098,2187778.9689507796]},"properties":{"height":6.0,"crown_diameter":6.0},"id":"12197"},{"type":"Feature","geometry":{"type":"Point","coordinates":[1827219.7905128621,2187016.8620491205]},"properties":{"height":9.0,"crown_diameter":9.0},"id":"12201"},{"type":"Feature","geometry":{"type":"Point","coordinates":[1826027.2930775026,2186537.3236961435]},"properties":{"height":6.0,"crown_diameter":6.0},"id":"12202"},{"type":"Feature","geometry":{"type":"Point","coordinates":[1827023.2533886633,2187153.704943613]},"properties":{"height":6.0,"crown_diameter":6.0},"id":"12204"},{"type":"Feature","geometry":{"type":"Point","coordinates":[1826308.4192938951,2187676.760443236]},"properties":{"height":6.0,"crown_diameter":6.0},"id":"12206"},{"type":"Feature","geometry":{"type":"Point","coordinates":[1826816.1579329625,2187644.202175369]},"properties":{"height":6.0,"crown_diameter":6.0},"id":"12209"},{"type":"Feature","geometry":{"type":"Point","coordinates":[1826739.5719102386,2188000.0184234027]},"properties":{"height":6.0,"crown_diameter":6.0},"id":"12215"},{"type":"Feature","geometry":{"type":"Point","coordinates":[1826285.7947910961,2187702.2683695047]},"properties":{"height":6.0,"crown_diameter":6.0},"id":"12216"},{"type":"Feature","geometry":{"type":"Point","coordinates":[1826426.6599244461,2187218.5881203027]},"properties":{"height":6.0,"crown_diameter":6.0},"id":"12218"},{"type":"Feature","geometry":{"type":"Point","coordinates":[1826707.6026145099,2188092.486290957]},"properties":{"height":6.0,"crown_diameter":6.0},"id":"12226"},{"type":"Feature","geometry":{"type":"Point","coordinates":[1826876.5505538345,2188095.904501136]},"properties":{"height":6.0,"crown_diameter":6.0},"id":"12229"},{"type":"Feature","geometry":{"type":"Point","coordinates":[1826428.2758021909,2187227.382334894]},"properties":{"height":6.0,"crown_diameter":6.0},"id":"12231"},{"type":"Feature","geometry":{"type":"Point","coordinates":[1826045.9176869711,2186673.527382828]},"properties":{"height":6.0,"crown_diameter":6.0},"id":"12234"},{"type":"Feature","geometry":{"type":"Point","coordinates":[1826981.1481464924,2187793.4394387226]},"properties":{"height":6.0,"crown_diameter":6.0},"id":"12246"},{"type":"Feature","geometry":{"type":"Point","coordinates":[1826326.6189036001,2186688.322313114]},"properties":{"height":6.0,"crown_diameter":6.0},"id":"12258"},{"type":"Feature","geometry":{"type":"Point","coordinates":[1826297.860557369,2187901.4016396925]},"properties":{"height":6.0,"crown_diameter":6.0},"id":"12260"},{"type":"Feature","geometry":{"type":"Point","coordinates":[1826190.4107012637,2186882.4190070587]},"properties":{"height":13.0,"crown_diameter":9.24},"id":"12263"},{"type":"Feature","geometry":{"type":"Point","coordinates":[1826581.3453720715,2187829.9527999824]},"properties":{"height":6.0,"crown_diameter":6.0},"id":"12264"},{"type":"Feature","geometry":{"type":"Point","coordinates":[1826939.591318698,2187050.7621713337]},"properties":{"height":6.0,"crown_diameter":6.0},"id":"12267"},{"type":"Feature","geometry":{"type":"Point","coordinates":[1826525.3247675048,2187211.018274664]},"properties":{"height":6.0,"crown_diameter":6.0},"id":"12271"},{"type":"Feature","geometry":{"type":"Point","coordinates":[1826646.5997029876,2188073.417293725]},"properties":{"height":6.0,"crown_diameter":6.0},"id":"12272"},{"type":"Feature","geometry":{"type":"Point","coordinates":[1826282.8337611703,2187073.418819987]},"properties":{"height":6.0,"crown_diameter":6.0},"id":"12276"},{"type":"Feature","geometry":{"type":"Point","coordinates":[1826815.7124713073,2187900.213644745]},"properties":{"height":6.0,"crown_diameter":6.0},"id":"12279"},{"type":"Feature","geometry":{"type":"Point","coordinates":[1826347.36016558,2186627.776217244]},"properties":{"height":6.0,"crown_diameter":6.0},"id":"12281"},{"type":"Feature","geometry":{"type":"Point","coordinates":[1827105.8777691175,2186854.4237400647]},"properties":{"height":6.0,"crown_diameter":6.0},"id":"12282"},{"type":"Feature","geometry":{"type":"Point","coordinates":[1826140.371397538,2186934.182165722]},"properties":{"height":6.0,"crown_diameter":6.0},"id":"12286"},{"type":"Feature","geometry":{"type":"Point","coordinates":[1826814.9975136125,2186910.1162581]},"properties":{"height":6.0,"crown_diameter":6.0},"id":"12290"},{"type":"Feature","geometry":{"type":"Point","coordinates":[1826420.394183157,2186904.887959961]},"properties":{"height":6.0,"crown_diameter":6.0},"id":"12296"},{"type":"Feature","geometry":{"type":"Point","coordinates":[1826985.6424068487,2186906.4465357373]},"properties":{"height":6.0,"crown_diameter":6.0},"id":"12300"},{"type":"Feature","geometry":{"type":"Point","coordinates":[1826506.1952064952,2187045.720532736]},"properties":{"height":6.0,"crown_diameter":6.0},"id":"12305"},{"type":"Feature","geometry":{"type":"Point","coordinates":[1826712.2312072853,2187947.766024463]},"properties":{"height":6.0,"crown_diameter":6.0},"id":"12308"},{"type":"Feature","geometry":{"type":"Point","coordinates":[1826555.441570488,2187235.8848474193]},"properties":{"height":6.0,"crown_diameter":6.0},"id":"12311"},{"type":"Feature","geometry":{"type":"Point","coordinates":[1826408.4718271764,2187741.4931410383]},"properties":{"height":6.0,"crown_diameter":6.0},"id":"12314"},{"type":"Feature","geometry":{"type":"Point","coordinates":[1827022.6124381921,2186769.3332728236]},"properties":{"height":6.0,"crown_diameter":6.0},"id":"12315"},{"type":"Feature","geometry":{"type":"Point","coordinates":[1826500.6745583992,2187550.129698478]},"properties":{"height":6.0,"crown_diameter":6.0},"id":"12316"},{"type":"Feature","geometry":{"type":"Point","coordinates":[1826864.1324403402,2186897.404638066]},"properties":{"height":6.0,"crown_diameter":6.0},"id":"12317"},{"type":"Feature","geometry":{"type":"Point","coordinates":[1827108.4999133914,2186855.0425653886]},"properties":{"height":6.0,"crown_diameter":6.0},"id":"12319"},{"type":"Feature","geometry":{"type":"Point","coordinates":[1827156.0040479598,2186939.1725868555]},"properties":{"height":6.0,"crown_diameter":6.0},"id":"12320"},{"type":"Feature","geometry":{"type":"Point","coordinates":[1826931.2179367642,2187727.440506923]},"properties":{"height":6.0,"crown_diameter":6.0},"id":"12325"},{"type":"Feature","geometry":{"type":"Point","coordinates":[1826263.4293483475,2187030.5150140566]},"properties":{"height":6.0,"crown_diameter":6.0},"id":"12326"},{"type":"Feature","geometry":{"type":"Point","coordinates":[1826404.056031752,2187459.0977047803]},"properties":{"height":6.0,"crown_diameter":6.0},"id":"12336"},{"type":"Feature","geometry":{"type":"Point","coordinates":[1826400.4113760323,2186954.392851627]},"properties":{"height":6.0,"crown_diameter":6.0},"id":"12337"},{"type":"Feature","geometry":{"type":"Point","coordinates":[1826756.7068716679,2187970.4127856763]},"properties":{"height":6.0,"crown_diameter":6.0},"id":"12345"},{"type":"Feature","geometry":{"type":"Point","coordinates":[1826365.4902675524,2186652.619604712]},"properties":{"height":6.0,"crown_diameter":6.0},"id":"12347"},{"type":"Feature","geometry":{"type":"Point","coordinates":[1826424.9213246473,2187922.0329101156]},"properties":{"height":6.0,"crown_diameter":6.0},"id":"12350"},{"type":"Feature","geometry":{"type":"Point","coordinates":[1826944.710961598,2186825.738772815]},"properties":{"height":6.0,"crown_diameter":6.0},"id":"12351"},{"type":"Feature","geometry":{"type":"Point","coordinates":[1826730.693304074,2186680.8181547406]},"properties":{"height":6.0,"crown_diameter":6.0},"id":"12359"},{"type":"Feature","geometry":{"type":"Point","coordinates":[1826632.4947512457,2186670.737271288]},"properties":{"height":6.0,"crown_diameter":6.0},"id":"12360"},{"type":"Feature","geometry":{"type":"Point","coordinates":[1826347.4975870766,2186662.3978162184]},"properties":{"height":6.0,"crown_diameter":6.0},"id":"12361"},{"type":"Feature","geometry":{"type":"Point","coordinates":[1826556.5494333222,2187536.2055869754]},"properties":{"height":6.0,"crown_diameter":6.0},"id":"12365"},{"type":"Feature","geometry":{"type":"Point","coordinates":[1826778.1936578641,2187554.854595363]},"properties":{"height":6.0,"crown_diameter":6.0},"id":"12371"},{"type":"Feature","geometry":{"type":"Point","coordinates":[1826882.5054746494,2187738.3781456337]},"properties":{"height":6.0,"crown_diameter":6.0},"id":"12373"},{"type":"Feature","geometry":{"type":"Point","coordinates":[1826319.529549387,2188016.8062774674]},"properties":{"height":18.0,"crown_diameter":14.36},"id":"12374"},{"type":"Feature","geometry":{"type":"Point","coordinates":[1826812.5214422592,2187479.7614346137]},"properties":{"height":6.0,"crown_diameter":6.0},"id":"12382"},{"type":"Feature","geometry":{"type":"Point","coordinates":[1826929.7074189254,2188136.491004053]},"properties":{"height":6.0,"crown_diameter":6.0},"id":"12383"},{"type":"Feature","geometry":{"type":"Point","coordinates":[1826752.29910006,2187965.63378522]},"properties":{"height":6.0,"crown_diameter":6.0},"id":"12385"},{"type":"Feature","geometry":{"type":"Point","coordinates":[1826769.5649474147,2186879.7643843414]},"properties":{"height":6.0,"crown_diameter":6.0},"id":"12387"},{"type":"Feature","geometry":{"type":"Point","coordinates":[1826808.4024745147,2188017.196577981]},"properties":{"height":6.0,"crown_diameter":6.0},"id":"12389"},{"type":"Feature","geometry":{"type":"Point","coordinates":[1826861.4630342473,2187983.918282786]},"properties":{"height":6.0,"crown_diameter":6.0},"id":"12391"},{"type":"Feature","geometry":{"type":"Point","coordinates":[1826402.4067763896,2186957.668013575]},"properties":{"height":6.0,"crown_diameter":6.0},"id":"12395"},{"type":"Feature","geometry":{"type":"Point","coordinates":[1826960.9957293007,2187311.951839234]},"properties":{"height":6.0,"crown_diameter":6.0},"id":"12397"},{"type":"Feature","geometry":{"type":"Point","coordinates":[1826901.9999941022,2187276.52907852]},"properties":{"height":6.0,"crown_diameter":6.0},"id":"12405"},{"type":"Feature","geometry":{"type":"Point","coordinates":[1826278.502112472,2187076.1361315367]},"properties":{"height":6.0,"crown_diameter":6.0},"id":"12409"},{"type":"Feature","geometry":{"type":"Point","coordinates":[1826268.424561669,2188006.618425743]},"properties":{"height":6.0,"crown_diameter":6.0},"id":"12411"},{"type":"Feature","geometry":{"type":"Point","coordinates":[1827190.6237049159,2186956.691741632]},"properties":{"height":6.0,"crown_diameter":6.0},"id":"12412"},{"type":"Feature","geometry":{"type":"Point","coordinates":[1826343.194591852,2187220.3970043743]},"properties":{"height":6.0,"crown_diameter":6.0},"id":"12413"},{"type":"Feature","geometry":{"type":"Point","coordinates":[1826799.0974653575,2188130.9027433847]},"properties":{"height":8.0,"crown_diameter":8.0},"id":"12415"},{"type":"Feature","geometry":{"type":"Point","coordinates":[1826520.9208425065,2187953.0963048902]},"properties":{"height":9.0,"crown_diameter":9.0},"id":"12417"},{"type":"Feature","geometry":{"type":"Point","coordinates":[1826729.633030047,2187260.1594682606]},"properties":{"height":6.0,"crown_diameter":6.0},"id":"12420"},{"type":"Feature","geometry":{"type":"Point","coordinates":[1826934.7086227352,2187556.269447515]},"properties":{"height":6.0,"crown_diameter":6.0},"id":"12425"},{"type":"Feature","geometry":{"type":"Point","coordinates":[1826300.8445075364,2187384.2716825632]},"properties":{"height":6.0,"crown_diameter":6.0},"id":"12431"},{"type":"Feature","geometry":{"type":"Point","coordinates":[1826403.3471184778,2187794.497161487]},"properties":{"height":6.0,"crown_diameter":6.0},"id":"12433"},{"type":"Feature","geometry":{"type":"Point","coordinates":[1826489.690762304,2186924.040670831]},"properties":{"height":6.0,"crown_diameter":6.0},"id":"12434"},{"type":"Feature","geometry":{"type":"Point","coordinates":[1826550.348821037,2187953.497255336]},"properties":{"height":6.0,"crown_diameter":6.0},"id":"12435"},{"type":"Feature","geometry":{"type":"Point","coordinates":[1826589.2794552003,2187006.429934242]},"properties":{"height":6.0,"crown_diameter":6.0},"id":"12436"},{"type":"Feature","geometry":{"type":"Point","coordinates":[1826658.3199991283,2186702.071428859]},"properties":{"height":6.0,"crown_diameter":6.0},"id":"12437"},{"type":"Feature","geometry":{"type":"Point","coordinates":[1826672.728647922,2187536.511142025]},"properties":{"height":6.0,"crown_diameter":6.0},"id":"12439"},{"type":"Feature","geometry":{"type":"Point","coordinates":[1826462.259022644,2186969.918491588]},"properties":{"height":6.0,"crown_diameter":6.0},"id":"12441"},{"type":"Feature","geometry":{"type":"Point","coordinates":[1826920.1363589636,2187559.3737756843]},"properties":{"height":6.0,"crown_diameter":6.0},"id":"12442"},{"type":"Feature","geometry":{"type":"Point","coordinates":[1826275.0822927195,2187231.4370923946]},"properties":{"height":6.0,"crown_diameter":6.0},"id":"12447"},{"type":"Feature","geometry":{"type":"Point","coordinates":[1826494.3931120676,2186829.7981322273]},"properties":{"height":6.0,"crown_diameter":6.0},"id":"12449"},{"type":"Feature","geometry":{"type":"Point","coordinates":[1826074.5530699464,2186681.216120628]},"properties":{"height":6.0,"crown_diameter":6.0},"id":"12453"},{"type":"Feature","geometry":{"type":"Point","coordinates":[1826443.3170638212,2187163.626711769]},"properties":{"height":6.0,"crown_diameter":6.0},"id":"12462"},{"type":"Feature","geometry":{"type":"Point","coordinates":[1826634.3032122448,2187679.8071957817]},"properties":{"height":6.0,"crown_diameter":6.0},"id":"12466"},{"type":"Feature","geometry":{"type":"Point","coordinates":[1826859.180234972,2187888.0386453955]},"properties":{"height":6.0,"crown_diameter":6.0},"id":"12472"},{"type":"Feature","geometry":{"type":"Point","coordinates":[1827173.5062864635,2187095.6829248946]},"properties":{"height":6.0,"crown_diameter":6.0},"id":"12477"},{"type":"Feature","geometry":{"type":"Point","coordinates":[1827069.8109597329,2187488.133740465]},"properties":{"height":6.0,"crown_diameter":6.0},"id":"12482"},{"type":"Feature","geometry":{"type":"Point","coordinates":[1826195.1356444096,2186705.9185399725]},"properties":{"height":6.0,"crown_diameter":6.0},"id":"12486"},{"type":"Feature","geometry":{"type":"Point","coordinates":[1826900.3530093164,2188014.594813517]},"properties":{"height":6.0,"crown_diameter":6.0},"id":"12491"},{"type":"Feature","geometry":{"type":"Point","coordinates":[1826800.6610160216,2187385.3548750742]},"properties":{"height":6.0,"crown_diameter":6.0},"id":"12497"},{"type":"Feature","geometry":{"type":"Point","coordinates":[1826688.8913039134,2186685.9129997073]},"properties":{"height":6.0,"crown_diameter":6.0},"id":"12499"},{"type":"Feature","geometry":{"type":"Point","coordinates":[1826858.9026938577,2188139.4088157294]},"properties":{"height":6.0,"crown_diameter":6.0},"id":"12504"},{"type":"Feature","geometry":{"type":"Point","coordinates":[1827111.190542533,2187398.8124434063]},"properties":{"height":6.0,"crown_diameter":6.0},"id":"12508"},{"type":"Feature","geometry":{"type":"Point","coordinates":[1826517.4586957935,2187209.1623938647]},"properties":{"height":6.0,"crown_diameter":6.0},"id":"12516"},{"type":"Feature","geometry":{"type":"Point","coordinates":[1826588.2866297078,2187933.4735824107]},"properties":{"height":6.0,"crown_diameter":6.0},"id":"12523"},{"type":"Feature","geometry":{"type":"Point","coordinates":[1826846.3852586672,2187230.687059072]},"properties":{"height":6.0,"crown_diameter":6.0},"id":"12525"},{"type":"Feature","geometry":{"type":"Point","coordinates":[1826469.8998410096,2187183.920032403]},"properties":{"height":6.0,"crown_diameter":6.0},"id":"12526"},{"type":"Feature","geometry":{"type":"Point","coordinates":[1826701.260554188,2186680.4176940653]},"properties":{"height":6.0,"crown_diameter":6.0},"id":"12529"},{"type":"Feature","geometry":{"type":"Point","coordinates":[1826553.0535485458,2187535.380735964]},"properties":{"height":6.0,"crown_diameter":6.0},"id":"12530"},{"type":"Feature","geometry":{"type":"Point","coordinates":[1826704.4040689738,2187949.6577816964]},"properties":{"height":6.0,"crown_diameter":6.0},"id":"12531"},{"type":"Feature","geometry":{"type":"Point","coordinates":[1826705.8284297725,2187939.712152123]},"properties":{"height":6.0,"crown_diameter":6.0},"id":"12536"},{"type":"Feature","geometry":{"type":"Point","coordinates":[1826754.826404347,2187978.381352849]},"properties":{"height":6.0,"crown_diameter":6.0},"id":"12537"},{"type":"Feature","geometry":{"type":"Point","coordinates":[1827161.0392881725,2186941.2958018794]},"properties":{"height":6.0,"crown_diameter":6.0},"id":"12538"},{"type":"Feature","geometry":{"type":"Point","coordinates":[1826836.877421393,2187923.9027941315]},"properties":{"height":6.0,"crown_diameter":6.0},"id":"12540"},{"type":"Feature","geometry":{"type":"Point","coordinates":[1826677.9752030082,2187580.747652039]},"properties":{"height":6.0,"crown_diameter":6.0},"id":"12541"},{"type":"Feature","geometry":{"type":"Point","coordinates":[1826665.9225825744,2186955.336717947]},"properties":{"height":6.0,"crown_diameter":6.0},"id":"12544"},{"type":"Feature","geometry":{"type":"Point","coordinates":[1826674.7383853241,2187199.532212042]},"properties":{"height":6.0,"crown_diameter":6.0},"id":"12545"},{"type":"Feature","geometry":{"type":"Point","coordinates":[1826100.286900142,2186724.6786211752]},"properties":{"height":6.0,"crown_diameter":6.0},"id":"12546"},{"type":"Feature","geometry":{"type":"Point","coordinates":[1826941.6828455213,2187084.9094457435]},"properties":{"height":6.0,"crown_diameter":6.0},"id":"12548"},{"type":"Feature","geometry":{"type":"Point","coordinates":[1826897.4461218414,2188007.3658105764]},"properties":{"height":6.0,"crown_diameter":6.0},"id":"12553"},{"type":"Feature","geometry":{"type":"Point","coordinates":[1826704.3159154744,2188090.7759904414]},"properties":{"height":6.0,"crown_diameter":6.0},"id":"12554"},{"type":"Feature","geometry":{"type":"Point","coordinates":[1826344.1717251397,2186656.939056135]},"properties":{"height":6.0,"crown_diameter":6.0},"id":"12556"},{"type":"Feature","geometry":{"type":"Point","coordinates":[1826087.632283383,2186723.5634788093]},"properties":{"height":6.0,"crown_diameter":6.0},"id":"12558"},{"type":"Feature","geometry":{"type":"Point","coordinates":[1826116.7980174995,2186846.359380893]},"properties":{"height":6.0,"crown_diameter":6.0},"id":"12559"},{"type":"Feature","geometry":{"type":"Point","coordinates":[1827114.263222661,2187100.397520427]},"properties":{"height":6.0,"crown_diameter":6.0},"id":"12562"},{"type":"Feature","geometry":{"type":"Point","coordinates":[1826071.4586784337,2186698.247884278]},"properties":{"height":6.0,"crown_diameter":6.0},"id":"12563"},{"type":"Feature","geometry":{"type":"Point","coordinates":[1826651.6399749692,2187840.9316758625]},"properties":{"height":6.0,"crown_diameter":6.0},"id":"12569"},{"type":"Feature","geometry":{"type":"Point","coordinates":[1826794.0853242497,2186740.6487611486]},"properties":{"height":6.0,"crown_diameter":6.0},"id":"12572"},{"type":"Feature","geometry":{"type":"Point","coordinates":[1826782.91916817,2187847.608219942]},"properties":{"height":6.0,"crown_diameter":6.0},"id":"12573"},{"type":"Feature","geometry":{"type":"Point","coordinates":[1827083.4275174031,2187176.3195501445]},"properties":{"height":6.0,"crown_diameter":6.0},"id":"12574"},{"type":"Feature","geometry":{"type":"Point","coordinates":[1826294.987030229,2187174.437807717]},"properties":{"height":6.0,"crown_diameter":6.0},"id":"12575"},{"type":"Feature","geometry":{"type":"Point","coordinates":[1826315.9208185447,2186984.005585917]},"properties":{"height":6.0,"crown_diameter":6.0},"id":"12578"},{"type":"Feature","geometry":{"type":"Point","coordinates":[1827033.8361949646,2187144.0498062493]},"properties":{"height":6.0,"crown_diameter":6.0},"id":"12579"},{"type":"Feature","geometry":{"type":"Point","coordinates":[1827042.5763480542,2187146.1124794735]},"properties":{"height":6.0,"crown_diameter":6.0},"id":"12585"},{"type":"Feature","geometry":{"type":"Point","coordinates":[1826668.8209457807,2187345.8319502124]},"properties":{"height":6.0,"crown_diameter":6.0},"id":"12586"},{"type":"Feature","geometry":{"type":"Point","coordinates":[1826692.5083495455,2187894.5070397737]},"properties":{"height":6.0,"crown_diameter":6.0},"id":"12589"},{"type":"Feature","geometry":{"type":"Point","coordinates":[1826293.7221843638,2187242.3777065733]},"properties":{"height":7.0,"crown_diameter":7.0},"id":"12593"},{"type":"Feature","geometry":{"type":"Point","coordinates":[1826578.993074972,2186725.4238892375]},"properties":{"height":6.0,"crown_diameter":6.0},"id":"12596"},{"type":"Feature","geometry":{"type":"Point","coordinates":[1826605.3891430954,2187708.50431801]},"properties":{"height":6.0,"crown_diameter":6.0},"id":"12598"},{"type":"Feature","geometry":{"type":"Point","coordinates":[1826458.6069921677,2187720.6069710134]},"properties":{"height":6.0,"crown_diameter":6.0},"id":"12601"},{"type":"Feature","geometry":{"type":"Point","coordinates":[1826598.9177388388,2186648.7925917874]},"properties":{"height":6.0,"crown_diameter":6.0},"id":"12603"},{"type":"Feature","geometry":{"type":"Point","coordinates":[1826298.598746466,2186591.9678518977]},"properties":{"height":6.0,"crown_diameter":6.0},"id":"12604"},{"type":"Feature","geometry":{"type":"Point","coordinates":[1826960.196504632,2187983.8524576025]},"properties":{"height":6.0,"crown_diameter":6.0},"id":"12612"},{"type":"Feature","geometry":{"type":"Point","coordinates":[1826253.7695973602,2187427.3815363096]},"properties":{"height":8.0,"crown_diameter":8.0},"id":"12614"},{"type":"Feature","geometry":{"type":"Point","coordinates":[1826719.564121136,2187940.149408978]},"properties":{"height":6.0,"crown_diameter":6.0},"id":"12615"},{"type":"Feature","geometry":{"type":"Point","coordinates":[1826734.8164020174,2186678.9864016045]},"properties":{"height":6.0,"crown_diameter":6.0},"id":"12616"},{"type":"Feature","geometry":{"type":"Point","coordinates":[1826089.7754612041,2186698.8288402446]},"properties":{"height":6.0,"crown_diameter":6.0},"id":"12617"},{"type":"Feature","geometry":{"type":"Point","coordinates":[1826216.2165129625,2186636.10452843]},"properties":{"height":6.0,"crown_diameter":6.0},"id":"12620"},{"type":"Feature","geometry":{"type":"Point","coordinates":[1826690.8087997069,2187150.975453091]},"properties":{"height":6.0,"crown_diameter":6.0},"id":"12624"},{"type":"Feature","geometry":{"type":"Point","coordinates":[1826843.014947347,2186771.8261473705]},"properties":{"height":6.0,"crown_diameter":6.0},"id":"12627"},{"type":"Feature","geometry":{"type":"Point","coordinates":[1826664.3070428472,2188100.028281601]},"properties":{"height":6.0,"crown_diameter":6.0},"id":"12632"},{"type":"Feature","geometry":{"type":"Point","coordinates":[1826596.742552849,2187182.063960105]},"properties":{"height":6.0,"crown_diameter":6.0},"id":"12633"},{"type":"Feature","geometry":{"type":"Point","coordinates":[1827063.3818263148,2187155.696716185]},"properties":{"height":6.0,"crown_diameter":6.0},"id":"12637"},{"type":"Feature","geometry":{"type":"Point","coordinates":[1827100.7571786633,2187251.4555197433]},"properties":{"height":6.0,"crown_diameter":6.0},"id":"12638"},{"type":"Feature","geometry":{"type":"Point","coordinates":[1827113.2969906514,2187241.3276805207]},"properties":{"height":6.0,"crown_diameter":6.0},"id":"12643"},{"type":"Feature","geometry":{"type":"Point","coordinates":[1826913.2475295167,2187267.965766927]},"properties":{"height":6.0,"crown_diameter":6.0},"id":"12644"},{"type":"Feature","geometry":{"type":"Point","coordinates":[1826548.3198492902,2186859.3476410196]},"properties":{"height":6.0,"crown_diameter":6.0},"id":"12648"},{"type":"Feature","geometry":{"type":"Point","coordinates":[1827149.2807472937,2187092.7698616013]},"properties":{"height":6.0,"crown_diameter":6.0},"id":"12649"},{"type":"Feature","geometry":{"type":"Point","coordinates":[1826077.2683357678,2186669.703840575]},"properties":{"height":6.0,"crown_diameter":6.0},"id":"12650"},{"type":"Feature","geometry":{"type":"Point","coordinates":[1826928.869958602,2188054.039824057]},"properties":{"height":6.0,"crown_diameter":6.0},"id":"12651"},{"type":"Feature","geometry":{"type":"Point","coordinates":[1826457.7465751318,2187657.77760741]},"properties":{"height":6.0,"crown_diameter":6.0},"id":"12652"},{"type":"Feature","geometry":{"type":"Point","coordinates":[1827076.959302366,2186883.123643725]},"properties":{"height":6.0,"crown_diameter":6.0},"id":"12654"},{"type":"Feature","geometry":{"type":"Point","coordinates":[1826377.1774830273,2186665.659870349]},"properties":{"height":6.0,"crown_diameter":6.0},"id":"12661"},{"type":"Feature","geometry":{"type":"Point","coordinates":[1826856.3566692248,2187161.060141879]},"properties":{"height":6.0,"crown_diameter":6.0},"id":"12663"},{"type":"Feature","geometry":{"type":"Point","coordinates":[1826250.3883486856,2186694.6460401127]},"properties":{"height":6.0,"crown_diameter":6.0},"id":"12665"},{"type":"Feature","geometry":{"type":"Point","coordinates":[1826701.2938991408,2187110.448504696]},"properties":{"height":7.0,"crown_diameter":7.0},"id":"12668"},{"type":"Feature","geometry":{"type":"Point","coordinates":[1826441.4937799922,2186815.4486679486]},"properties":{"height":6.0,"crown_diameter":6.0},"id":"12671"},{"type":"Feature","geometry":{"type":"Point","coordinates":[1826868.0494401748,2187795.7244044114]},"properties":{"height":6.0,"crown_diameter":6.0},"id":"12675"},{"type":"Feature","geometry":{"type":"Point","coordinates":[1826763.8086316949,2186892.428703647]},"properties":{"height":6.0,"crown_diameter":6.0},"id":"12676"},{"type":"Feature","geometry":{"type":"Point","coordinates":[1826235.072923673,2186689.163728001]},"properties":{"height":6.0,"crown_diameter":6.0},"id":"12678"},{"type":"Feature","geometry":{"type":"Point","coordinates":[1826446.5363292159,2186711.9368745135]},"properties":{"height":6.0,"crown_diameter":6.0},"id":"12679"},{"type":"Feature","geometry":{"type":"Point","coordinates":[1826597.1074042583,2187004.537592861]},"properties":{"height":6.0,"crown_diameter":6.0},"id":"12681"},{"type":"Feature","geometry":{"type":"Point","coordinates":[1826228.3926568166,2186611.8663110114]},"properties":{"height":6.0,"crown_diameter":6.0},"id":"12683"},{"type":"Feature","geometry":{"type":"Point","coordinates":[1826469.4775313623,2187760.5604374995]},"properties":{"height":6.0,"crown_diameter":6.0},"id":"12686"},{"type":"Feature","geometry":{"type":"Point","coordinates":[1826644.9338542467,2187845.892225159]},"properties":{"height":6.0,"crown_diameter":6.0},"id":"12687"},{"type":"Feature","geometry":{"type":"Point","coordinates":[1827029.4280014976,2187139.2701927545]},"properties":{"height":6.0,"crown_diameter":6.0},"id":"12691"},{"type":"Feature","geometry":{"type":"Point","coordinates":[1826908.1561547895,2187281.721039125]},"properties":{"height":6.0,"crown_diameter":6.0},"id":"12696"},{"type":"Feature","geometry":{"type":"Point","coordinates":[1826347.8703264534,2187974.8896343457]},"properties":{"height":6.0,"crown_diameter":6.0},"id":"12697"},{"type":"Feature","geometry":{"type":"Point","coordinates":[1826454.2622465487,2188020.5550798797]},"properties":{"height":6.0,"crown_diameter":6.0},"id":"12705"},{"type":"Feature","geometry":{"type":"Point","coordinates":[1826356.1878650684,2186871.97968967]},"properties":{"height":6.0,"crown_diameter":6.0},"id":"12709"},{"type":"Feature","geometry":{"type":"Point","coordinates":[1826662.036246096,2186831.022119211]},"properties":{"height":6.0,"crown_diameter":6.0},"id":"12717"},{"type":"Feature","geometry":{"type":"Point","coordinates":[1826582.1835578305,2187122.5411979533]},"properties":{"height":6.0,"crown_diameter":6.0},"id":"12720"},{"type":"Feature","geometry":{"type":"Point","coordinates":[1826552.5799724334,2187553.0291480054]},"properties":{"height":6.0,"crown_diameter":6.0},"id":"12728"},{"type":"Feature","geometry":{"type":"Point","coordinates":[1826239.932057111,2186652.9165773597]},"properties":{"height":6.0,"crown_diameter":6.0},"id":"12729"},{"type":"Feature","geometry":{"type":"Point","coordinates":[1826823.025141348,2187419.6104088426]},"properties":{"height":6.0,"crown_diameter":6.0},"id":"12735"},{"type":"Feature","geometry":{"type":"Point","coordinates":[1827042.6777310132,2187391.9905071016]},"properties":{"height":6.0,"crown_diameter":6.0},"id":"12736"},{"type":"Feature","geometry":{"type":"Point","coordinates":[1827089.1196993852,2186878.5146166985]},"properties":{"height":6.0,"crown_diameter":6.0},"id":"12738"},{"type":"Feature","geometry":{"type":"Point","coordinates":[1826549.1555311645,2186855.8054880407]},"properties":{"height":6.0,"crown_diameter":6.0},"id":"12741"},{"type":"Feature","geometry":{"type":"Point","coordinates":[1826746.4405370934,2187454.8202499743]},"properties":{"height":6.0,"crown_diameter":6.0},"id":"12742"},{"type":"Feature","geometry":{"type":"Point","coordinates":[1826835.7193048135,2186783.192614198]},"properties":{"height":6.0,"crown_diameter":6.0},"id":"12743"},{"type":"Feature","geometry":{"type":"Point","coordinates":[1827065.3769314005,2187158.9720318294]},"properties":{"height":6.0,"crown_diameter":6.0},"id":"12746"},{"type":"Feature","geometry":{"type":"Point","coordinates":[1826945.513094485,2188104.702933888]},"properties":{"height":6.0,"crown_diameter":6.0},"id":"12748"},{"type":"Feature","geometry":{"type":"Point","coordinates":[1826411.0429731787,2187226.12105471]},"properties":{"height":6.0,"crown_diameter":6.0},"id":"12749"},{"type":"Feature","geometry":{"type":"Point","coordinates":[1826870.0275568417,2187369.006679962]},"properties":{"height":6.0,"crown_diameter":6.0},"id":"12752"},{"type":"Feature","geometry":{"type":"Point","coordinates":[1826425.9482077747,2187319.375495076]},"properties":{"height":6.0,"crown_diameter":6.0},"id":"12755"},{"type":"Feature","geometry":{"type":"Point","coordinates":[1826310.6220070475,2186850.012917682]},"properties":{"height":6.0,"crown_diameter":6.0},"id":"12761"},{"type":"Feature","geometry":{"type":"Point","coordinates":[1826614.9783649016,2187132.14847817]},"properties":{"height":6.0,"crown_diameter":6.0},"id":"12763"},{"type":"Feature","geometry":{"type":"Point","coordinates":[1827186.484207822,2187150.1617078916]},"properties":{"height":6.0,"crown_diameter":6.0},"id":"12765"},{"type":"Feature","geometry":{"type":"Point","coordinates":[1826977.2382827853,2188009.373010993]},"properties":{"height":6.0,"crown_diameter":6.0},"id":"12767"},{"type":"Feature","geometry":{"type":"Point","coordinates":[1826913.9948654957,2188070.1578735365]},"properties":{"height":6.0,"crown_diameter":6.0},"id":"12769"},{"type":"Feature","geometry":{"type":"Point","coordinates":[1826985.188103089,2186947.472502656]},"properties":{"height":6.0,"crown_diameter":6.0},"id":"12771"},{"type":"Feature","geometry":{"type":"Point","coordinates":[1826583.6863423807,2186928.455313746]},"properties":{"height":6.0,"crown_diameter":6.0},"id":"12774"},{"type":"Feature","geometry":{"type":"Point","coordinates":[1826728.4704307772,2186932.701797842]},"properties":{"height":6.0,"crown_diameter":6.0},"id":"12776"},{"type":"Feature","geometry":{"type":"Point","coordinates":[1826358.806636201,2187169.8630795777]},"properties":{"height":6.0,"crown_diameter":6.0},"id":"12778"},{"type":"Feature","geometry":{"type":"Point","coordinates":[1826611.1565229662,2187590.2190824663]},"properties":{"height":6.0,"crown_diameter":6.0},"id":"12780"},{"type":"Feature","geometry":{"type":"Point","coordinates":[1826449.9485634796,2186810.899466287]},"properties":{"height":6.0,"crown_diameter":6.0},"id":"12782"},{"type":"Feature","geometry":{"type":"Point","coordinates":[1826461.6293431558,2187739.0796937216]},"properties":{"height":6.0,"crown_diameter":6.0},"id":"12783"},{"type":"Feature","geometry":{"type":"Point","coordinates":[1826886.1062826044,2187492.4525577705]},"properties":{"height":6.0,"crown_diameter":6.0},"id":"12785"},{"type":"Feature","geometry":{"type":"Point","coordinates":[1826092.7472828238,2186627.548189449]},"properties":{"height":6.0,"crown_diameter":6.0},"id":"12786"},{"type":"Feature","geometry":{"type":"Point","coordinates":[1826554.7980604812,2187492.793916223]},"properties":{"height":6.0,"crown_diameter":6.0},"id":"12789"},{"type":"Feature","geometry":{"type":"Point","coordinates":[1826678.7650509232,2186932.191752366]},"properties":{"height":6.0,"crown_diameter":6.0},"id":"12791"},{"type":"Feature","geometry":{"type":"Point","coordinates":[1826380.8178766333,2187084.381644578]},"properties":{"height":6.0,"crown_diameter":6.0},"id":"12799"},{"type":"Feature","geometry":{"type":"Point","coordinates":[1827191.0054592742,2187080.1814511875]},"properties":{"height":6.0,"crown_diameter":6.0},"id":"12801"},{"type":"Feature","geometry":{"type":"Point","coordinates":[1826300.8417003963,2186598.106013484]},"properties":{"height":6.0,"crown_diameter":6.0},"id":"12803"},{"type":"Feature","geometry":{"type":"Point","coordinates":[1827099.598046762,2187244.638265794]},"properties":{"height":6.0,"crown_diameter":6.0},"id":"12804"},{"type":"Feature","geometry":{"type":"Point","coordinates":[1826589.6197466524,2187701.0444630086]},"properties":{"height":6.0,"crown_diameter":6.0},"id":"12805"},{"type":"Feature","geometry":{"type":"Point","coordinates":[1826421.8876062748,2187008.0692689954]},"properties":{"height":6.0,"crown_diameter":6.0},"id":"12806"},{"type":"Feature","geometry":{"type":"Point","coordinates":[1826070.6637675865,2186599.903620475]},"properties":{"height":6.0,"crown_diameter":6.0},"id":"12807"},{"type":"Feature","geometry":{"type":"Point","coordinates":[1826800.989471679,2186840.4371816157]},"properties":{"height":6.0,"crown_diameter":6.0},"id":"12812"},{"type":"Feature","geometry":{"type":"Point","coordinates":[1826233.219339606,2186614.8745048363]},"properties":{"height":6.0,"crown_diameter":6.0},"id":"12813"},{"type":"Feature","geometry":{"type":"Point","coordinates":[1826733.4764338387,2188064.9433664456]},"properties":{"height":6.0,"crown_diameter":6.0},"id":"12815"},{"type":"Feature","geometry":{"type":"Point","coordinates":[1827032.947408445,2187292.4751807153]},"properties":{"height":6.0,"crown_diameter":6.0},"id":"12816"},{"type":"Feature","geometry":{"type":"Point","coordinates":[1826910.7442974828,2187986.201837283]},"properties":{"height":6.0,"crown_diameter":6.0},"id":"12818"},{"type":"Feature","geometry":{"type":"Point","coordinates":[1827066.203537487,2187648.063017395]},"properties":{"height":6.0,"crown_diameter":6.0},"id":"12819"},{"type":"Feature","geometry":{"type":"Point","coordinates":[1826579.946835898,2186967.7702606865]},"properties":{"height":6.0,"crown_diameter":6.0},"id":"12830"},{"type":"Feature","geometry":{"type":"Point","coordinates":[1826765.6004761714,2188030.4630557965]},"properties":{"height":6.0,"crown_diameter":6.0},"id":"12831"},{"type":"Feature","geometry":{"type":"Point","coordinates":[1826973.989631922,2188011.410407546]},"properties":{"height":6.0,"crown_diameter":6.0},"id":"12832"},{"type":"Feature","geometry":{"type":"Point","coordinates":[1826447.7730081533,2186726.251211439]},"properties":{"height":6.0,"crown_diameter":6.0},"id":"12834"},{"type":"Feature","geometry":{"type":"Point","coordinates":[1826602.3918133068,2186817.88460091]},"properties":{"height":6.0,"crown_diameter":6.0},"id":"12837"},{"type":"Feature","geometry":{"type":"Point","coordinates":[1826894.1985636759,2188052.399916411]},"properties":{"height":6.0,"crown_diameter":6.0},"id":"12844"},{"type":"Feature","geometry":{"type":"Point","coordinates":[1826132.8681139315,2186946.4342339807]},"properties":{"height":6.0,"crown_diameter":6.0},"id":"12845"},{"type":"Feature","geometry":{"type":"Point","coordinates":[1826830.1049486503,2187280.128673075]},"properties":{"height":6.0,"crown_diameter":6.0},"id":"12846"},{"type":"Feature","geometry":{"type":"Point","coordinates":[1826894.957141574,2187998.3660156494]},"properties":{"height":6.0,"crown_diameter":6.0},"id":"12849"},{"type":"Feature","geometry":{"type":"Point","coordinates":[1826759.606032473,2186843.760273868]},"properties":{"height":6.0,"crown_diameter":6.0},"id":"12852"},{"type":"Feature","geometry":{"type":"Point","coordinates":[1826587.3914259458,2186928.394649295]},"properties":{"height":6.0,"crown_diameter":6.0},"id":"12853"},{"type":"Feature","geometry":{"type":"Point","coordinates":[1826805.5105416728,2187904.3490685173]},"properties":{"height":6.0,"crown_diameter":6.0},"id":"12855"},{"type":"Feature","geometry":{"type":"Point","coordinates":[1826300.7923134034,2187102.8944789595]},"properties":{"height":6.0,"crown_diameter":6.0},"id":"12857"},{"type":"Feature","geometry":{"type":"Point","coordinates":[1826433.739648784,2187739.9770768317]},"properties":{"height":6.0,"crown_diameter":6.0},"id":"12859"},{"type":"Feature","geometry":{"type":"Point","coordinates":[1827112.2901368649,2187249.503370916]},"properties":{"height":6.0,"crown_diameter":6.0},"id":"12860"},{"type":"Feature","geometry":{"type":"Point","coordinates":[1826783.3632543627,2187591.5951795937]},"properties":{"height":6.0,"crown_diameter":6.0},"id":"12862"},{"type":"Feature","geometry":{"type":"Point","coordinates":[1826874.4206393135,2188015.017546302]},"properties":{"height":6.0,"crown_diameter":6.0},"id":"12869"},{"type":"Feature","geometry":{"type":"Point","coordinates":[1826364.5489755727,2186879.56100043]},"properties":{"height":6.0,"crown_diameter":6.0},"id":"12871"},{"type":"Feature","geometry":{"type":"Point","coordinates":[1826700.4631133638,2186687.708410187]},"properties":{"height":6.0,"crown_diameter":6.0},"id":"12874"},{"type":"Feature","geometry":{"type":"Point","coordinates":[1826549.1914738577,2187712.069131577]},"properties":{"height":6.0,"crown_diameter":6.0},"id":"12875"},{"type":"Feature","geometry":{"type":"Point","coordinates":[1826722.0820279813,2187139.6585386493]},"properties":{"height":6.0,"crown_diameter":6.0},"id":"12878"},{"type":"Feature","geometry":{"type":"Point","coordinates":[1826940.5156872813,2186906.08071923]},"properties":{"height":6.0,"crown_diameter":6.0},"id":"12881"},{"type":"Feature","geometry":{"type":"Point","coordinates":[1826810.5400225003,2187777.478895083]},"properties":{"height":6.0,"crown_diameter":6.0},"id":"12884"},{"type":"Feature","geometry":{"type":"Point","coordinates":[1826516.8157155337,2187039.8129808838]},"properties":{"height":6.0,"crown_diameter":6.0},"id":"12885"},{"type":"Feature","geometry":{"type":"Point","coordinates":[1826696.4723389316,2186681.157671568]},"properties":{"height":6.0,"crown_diameter":6.0},"id":"12886"},{"type":"Feature","geometry":{"type":"Point","coordinates":[1826989.0851025882,2187587.79774832]},"properties":{"height":6.0,"crown_diameter":6.0},"id":"12891"},{"type":"Feature","geometry":{"type":"Point","coordinates":[1826679.231704558,2186828.535388816]},"properties":{"height":6.0,"crown_diameter":6.0},"id":"12898"},{"type":"Feature","geometry":{"type":"Point","coordinates":[1826916.7511361428,2188148.3882130478]},"properties":{"height":6.0,"crown_diameter":6.0},"id":"12902"},{"type":"Feature","geometry":{"type":"Point","coordinates":[1826711.9660570447,2187964.5281203296]},"properties":{"height":6.0,"crown_diameter":6.0},"id":"12905"},{"type":"Feature","geometry":{"type":"Point","coordinates":[1826690.6220187272,2186940.5983352032]},"properties":{"height":6.0,"crown_diameter":6.0},"id":"12906"},{"type":"Feature","geometry":{"type":"Point","coordinates":[1827187.393294522,2186939.1019498636]},"properties":{"height":6.0,"crown_diameter":6.0},"id":"12907"},{"type":"Feature","geometry":{"type":"Point","coordinates":[1826260.8404831316,2187968.376853427]},"properties":{"height":6.0,"crown_diameter":6.0},"id":"12911"},{"type":"Feature","geometry":{"type":"Point","coordinates":[1826733.8884592832,2187934.1826491384]},"properties":{"height":6.0,"crown_diameter":6.0},"id":"12914"},{"type":"Feature","geometry":{"type":"Point","coordinates":[1827056.682671433,2187504.665663881]},"properties":{"height":6.0,"crown_diameter":6.0},"id":"12921"},{"type":"Feature","geometry":{"type":"Point","coordinates":[1826960.6880694784,2187860.585159914]},"properties":{"height":6.0,"crown_diameter":6.0},"id":"12922"},{"type":"Feature","geometry":{"type":"Point","coordinates":[1827046.111720577,2187193.6877647056]},"properties":{"height":6.0,"crown_diameter":6.0},"id":"12925"},{"type":"Feature","geometry":{"type":"Point","coordinates":[1826726.1989444746,2187051.823066997]},"properties":{"height":6.0,"crown_diameter":6.0},"id":"12926"},{"type":"Feature","geometry":{"type":"Point","coordinates":[1826704.04454656,2187978.548711729]},"properties":{"height":6.0,"crown_diameter":6.0},"id":"12928"},{"type":"Feature","geometry":{"type":"Point","coordinates":[1826058.0932292922,2186649.289184762]},"properties":{"height":6.0,"crown_diameter":6.0},"id":"12930"},{"type":"Feature","geometry":{"type":"Point","coordinates":[1826302.9527653067,2186612.6266634697]},"properties":{"height":6.0,"crown_diameter":6.0},"id":"12934"},{"type":"Feature","geometry":{"type":"Point","coordinates":[1826879.1294996336,2187920.7882619826]},"properties":{"height":6.0,"crown_diameter":6.0},"id":"12936"},{"type":"Feature","geometry":{"type":"Point","coordinates":[1826553.6935920806,2187704.7189017064]},"properties":{"height":6.0,"crown_diameter":6.0},"id":"12941"},{"type":"Feature","geometry":{"type":"Point","coordinates":[1826562.2527307798,2187582.418964427]},"properties":{"height":6.0,"crown_diameter":6.0},"id":"12942"},{"type":"Feature","geometry":{"type":"Point","coordinates":[1827071.7812458659,2187210.028848939]},"properties":{"height":6.0,"crown_diameter":6.0},"id":"12943"},{"type":"Feature","geometry":{"type":"Point","coordinates":[1826760.5803018357,2186917.842331743]},"properties":{"height":6.0,"crown_diameter":6.0},"id":"12944"},{"type":"Feature","geometry":{"type":"Point","coordinates":[1826865.2886594078,2187631.4929979052]},"properties":{"height":6.0,"crown_diameter":6.0},"id":"12945"},{"type":"Feature","geometry":{"type":"Point","coordinates":[1826699.734101233,2187085.7754624803]},"properties":{"height":6.0,"crown_diameter":6.0},"id":"12947"},{"type":"Feature","geometry":{"type":"Point","coordinates":[1826539.4513105077,2186717.0298489025]},"properties":{"height":6.0,"crown_diameter":6.0},"id":"12948"},{"type":"Feature","geometry":{"type":"Point","coordinates":[1826756.2225961427,2187409.455271789]},"properties":{"height":6.0,"crown_diameter":6.0},"id":"12950"},{"type":"Feature","geometry":{"type":"Point","coordinates":[1827050.0810805801,2187133.8612642186]},"properties":{"height":6.0,"crown_diameter":6.0},"id":"12951"},{"type":"Feature","geometry":{"type":"Point","coordinates":[1826812.2116052436,2187770.395518159]},"properties":{"height":6.0,"crown_diameter":6.0},"id":"12952"},{"type":"Feature","geometry":{"type":"Point","coordinates":[1826525.7558424177,2187146.6196183744]},"properties":{"height":6.0,"crown_diameter":6.0},"id":"12956"},{"type":"Feature","geometry":{"type":"Point","coordinates":[1826604.2702536492,2187001.5535191423]},"properties":{"height":6.0,"crown_diameter":6.0},"id":"12958"},{"type":"Feature","geometry":{"type":"Point","coordinates":[1826452.1167491653,2187384.439394031]},"properties":{"height":6.0,"crown_diameter":6.0},"id":"12960"},{"type":"Feature","geometry":{"type":"Point","coordinates":[1826086.2585606598,2186568.992901052]},"properties":{"height":6.0,"crown_diameter":6.0},"id":"12961"},{"type":"Feature","geometry":{"type":"Point","coordinates":[1826598.4181447176,2187730.2275924715]},"properties":{"height":6.0,"crown_diameter":6.0},"id":"12962"},{"type":"Feature","geometry":{"type":"Point","coordinates":[1826500.5217414808,2187769.7546573756]},"properties":{"height":6.0,"crown_diameter":6.0},"id":"12966"},{"type":"Feature","geometry":{"type":"Point","coordinates":[1826357.807531066,2187072.4097074363]},"properties":{"height":6.0,"crown_diameter":6.0},"id":"12967"},{"type":"Feature","geometry":{"type":"Point","coordinates":[1826316.2440067707,2187142.9961139257]},"properties":{"height":6.0,"crown_diameter":6.0},"id":"12972"},{"type":"Feature","geometry":{"type":"Point","coordinates":[1826125.1143041481,2186807.1894203406]},"properties":{"height":6.0,"crown_diameter":6.0},"id":"12973"},{"type":"Feature","geometry":{"type":"Point","coordinates":[1826546.7402561004,2187706.8171360437]},"properties":{"height":6.0,"crown_diameter":6.0},"id":"12975"},{"type":"Feature","geometry":{"type":"Point","coordinates":[1826672.8165372873,2187160.752101529]},"properties":{"height":6.0,"crown_diameter":6.0},"id":"12983"},{"type":"Feature","geometry":{"type":"Point","coordinates":[1826858.5258432156,2187652.3310420914]},"properties":{"height":6.0,"crown_diameter":6.0},"id":"12985"},{"type":"Feature","geometry":{"type":"Point","coordinates":[1826526.80118878,2186950.557453862]},"properties":{"height":6.0,"crown_diameter":6.0},"id":"12988"},{"type":"Feature","geometry":{"type":"Point","coordinates":[1826285.6593568383,2187030.1502686264]},"properties":{"height":6.0,"crown_diameter":6.0},"id":"12989"},{"type":"Feature","geometry":{"type":"Point","coordinates":[1826866.3672742655,2188080.4154228456]},"properties":{"height":6.0,"crown_diameter":6.0},"id":"12995"},{"type":"Feature","geometry":{"type":"Point","coordinates":[1826513.9243164344,2187204.589377939]},"properties":{"height":6.0,"crown_diameter":6.0},"id":"12996"},{"type":"Feature","geometry":{"type":"Point","coordinates":[1826733.149869122,2187006.722292023]},"properties":{"height":14.0,"crown_diameter":12.12},"id":"12997"},{"type":"Feature","geometry":{"type":"Point","coordinates":[1826929.1675989428,2187783.041061053]},"properties":{"height":6.0,"crown_diameter":6.0},"id":"12998"},{"type":"Feature","geometry":{"type":"Point","coordinates":[1826790.4774689795,2187776.4832910197]},"properties":{"height":6.0,"crown_diameter":6.0},"id":"13002"},{"type":"Feature","geometry":{"type":"Point","coordinates":[1826088.7946502673,2186624.746254974]},"properties":{"height":6.0,"crown_diameter":6.0},"id":"13004"},{"type":"Feature","geometry":{"type":"Point","coordinates":[1826903.5820652652,2187989.185045193]},"properties":{"height":6.0,"crown_diameter":6.0},"id":"13009"},{"type":"Feature","geometry":{"type":"Point","coordinates":[1827064.5398746196,2187119.5118935555]},"properties":{"height":6.0,"crown_diameter":6.0},"id":"13010"},{"type":"Feature","geometry":{"type":"Point","coordinates":[1826723.7248113076,2187942.065967427]},"properties":{"height":6.0,"crown_diameter":6.0},"id":"13012"},{"type":"Feature","geometry":{"type":"Point","coordinates":[1826595.0723846066,2187701.396334244]},"properties":{"height":6.0,"crown_diameter":6.0},"id":"13013"},{"type":"Feature","geometry":{"type":"Point","coordinates":[1826418.7516802107,2187361.6114707594]},"properties":{"height":6.0,"crown_diameter":6.0},"id":"13014"},{"type":"Feature","geometry":{"type":"Point","coordinates":[1826876.6648238646,2188107.147814443]},"properties":{"height":6.0,"crown_diameter":6.0},"id":"13019"},{"type":"Feature","geometry":{"type":"Point","coordinates":[1826801.9385338954,2187896.028375564]},"properties":{"height":6.0,"crown_diameter":6.0},"id":"13021"},{"type":"Feature","geometry":{"type":"Point","coordinates":[1827115.1567349976,2187123.979140263]},"properties":{"height":6.0,"crown_diameter":6.0},"id":"13022"},{"type":"Feature","geometry":{"type":"Point","coordinates":[1826690.361785601,2187278.001818793]},"properties":{"height":6.0,"crown_diameter":6.0},"id":"13026"},{"type":"Feature","geometry":{"type":"Point","coordinates":[1826244.915144022,2186968.1903847167]},"properties":{"height":6.0,"crown_diameter":6.0},"id":"13028"},{"type":"Feature","geometry":{"type":"Point","coordinates":[1826080.1558061098,2186547.9219129127]},"properties":{"height":6.0,"crown_diameter":6.0},"id":"13029"},{"type":"Feature","geometry":{"type":"Point","coordinates":[1826633.5548891793,2187862.8360843603]},"properties":{"height":6.0,"crown_diameter":6.0},"id":"13030"},{"type":"Feature","geometry":{"type":"Point","coordinates":[1826524.6180696075,2186779.9040490566]},"properties":{"height":6.0,"crown_diameter":6.0},"id":"13031"},{"type":"Feature","geometry":{"type":"Point","coordinates":[1826891.6323280958,2187992.907790435]},"properties":{"height":6.0,"crown_diameter":6.0},"id":"13033"},{"type":"Feature","geometry":{"type":"Point","coordinates":[1826639.9031034114,2186862.2585999845]},"properties":{"height":6.0,"crown_diameter":6.0},"id":"13034"},{"type":"Feature","geometry":{"type":"Point","coordinates":[1826652.003022846,2187299.798645054]},"properties":{"height":6.0,"crown_diameter":6.0},"id":"13037"},{"type":"Feature","geometry":{"type":"Point","coordinates":[1827197.501824146,2186947.096827475]},"properties":{"height":6.0,"crown_diameter":6.0},"id":"13038"},{"type":"Feature","geometry":{"type":"Point","coordinates":[1826896.4334824102,2187800.5535569536]},"properties":{"height":6.0,"crown_diameter":6.0},"id":"13039"},{"type":"Feature","geometry":{"type":"Point","coordinates":[1826586.3161798494,2187015.0789059578]},"properties":{"height":6.0,"crown_diameter":6.0},"id":"13040"},{"type":"Feature","geometry":{"type":"Point","coordinates":[1826334.6683160183,2187260.450185569]},"properties":{"height":6.0,"crown_diameter":6.0},"id":"13046"},{"type":"Feature","geometry":{"type":"Point","coordinates":[1826703.9032440393,2186939.0578977643]},"properties":{"height":6.0,"crown_diameter":6.0},"id":"13049"},{"type":"Feature","geometry":{"type":"Point","coordinates":[1826315.6173284557,2187145.652616691]},"properties":{"height":6.0,"crown_diameter":6.0},"id":"13051"},{"type":"Feature","geometry":{"type":"Point","coordinates":[1826741.248962218,2188121.9242187478]},"properties":{"height":6.0,"crown_diameter":6.0},"id":"13056"},{"type":"Feature","geometry":{"type":"Point","coordinates":[1826536.316132556,2188052.067104716]},"properties":{"height":6.0,"crown_diameter":6.0},"id":"13057"},{"type":"Feature","geometry":{"type":"Point","coordinates":[1826906.8306995467,2187987.1476169447]},"properties":{"height":6.0,"crown_diameter":6.0},"id":"13058"},{"type":"Feature","geometry":{"type":"Point","coordinates":[1826643.827930857,2187780.20105158]},"properties":{"height":6.0,"crown_diameter":6.0},"id":"13059"},{"type":"Feature","geometry":{"type":"Point","coordinates":[1826127.6207683445,2186796.5628919783]},"properties":{"height":6.0,"crown_diameter":6.0},"id":"13063"},{"type":"Feature","geometry":{"type":"Point","coordinates":[1826236.166051326,2186625.8528073146]},"properties":{"height":6.0,"crown_diameter":6.0},"id":"13068"},{"type":"Feature","geometry":{"type":"Point","coordinates":[1826812.5965059346,2187893.8699961063]},"properties":{"height":6.0,"crown_diameter":6.0},"id":"13069"},{"type":"Feature","geometry":{"type":"Point","coordinates":[1826324.9642052047,2186675.779099376]},"properties":{"height":6.0,"crown_diameter":6.0},"id":"13070"},{"type":"Feature","geometry":{"type":"Point","coordinates":[1826085.3596958565,2186651.0461149323]},"properties":{"height":6.0,"crown_diameter":6.0},"id":"13075"},{"type":"Feature","geometry":{"type":"Point","coordinates":[1826398.0798641243,2187003.387485132]},"properties":{"height":6.0,"crown_diameter":6.0},"id":"13076"},{"type":"Feature","geometry":{"type":"Point","coordinates":[1826668.8644091494,2186688.6667209417]},"properties":{"height":6.0,"crown_diameter":6.0},"id":"13077"},{"type":"Feature","geometry":{"type":"Point","coordinates":[1826599.4068570798,2187741.6775789764]},"properties":{"height":6.0,"crown_diameter":6.0},"id":"13082"},{"type":"Feature","geometry":{"type":"Point","coordinates":[1826728.785345288,2188096.5504589193]},"properties":{"height":6.0,"crown_diameter":6.0},"id":"13083"},{"type":"Feature","geometry":{"type":"Point","coordinates":[1826893.152714968,2188013.830194353]},"properties":{"height":6.0,"crown_diameter":6.0},"id":"13091"},{"type":"Feature","geometry":{"type":"Point","coordinates":[1826340.0487519577,2186658.770990446]},"properties":{"height":6.0,"crown_diameter":6.0},"id":"13092"},{"type":"Feature","geometry":{"type":"Point","coordinates":[1827109.2670910791,2187145.024976661]},"properties":{"height":6.0,"crown_diameter":6.0},"id":"13095"},{"type":"Feature","geometry":{"type":"Point","coordinates":[1826532.2611824316,2187932.404780064]},"properties":{"height":6.0,"crown_diameter":6.0},"id":"13099"},{"type":"Feature","geometry":{"type":"Point","coordinates":[1826532.014001466,2187929.5423662877]},"properties":{"height":6.0,"crown_diameter":6.0},"id":"13102"},{"type":"Feature","geometry":{"type":"Point","coordinates":[1826401.383889551,2186985.4708836186]},"properties":{"height":6.0,"crown_diameter":6.0},"id":"13109"},{"type":"Feature","geometry":{"type":"Point","coordinates":[1827149.5820399954,2186950.744871604]},"properties":{"height":6.0,"crown_diameter":6.0},"id":"13112"},{"type":"Feature","geometry":{"type":"Point","coordinates":[1826541.6468202095,2186633.4113034066]},"properties":{"height":6.0,"crown_diameter":6.0},"id":"13115"},{"type":"Feature","geometry":{"type":"Point","coordinates":[1826975.5772477693,2187031.20946723]},"properties":{"height":6.0,"crown_diameter":6.0},"id":"13116"},{"type":"Feature","geometry":{"type":"Point","coordinates":[1826718.5073851703,2188093.1902962294]},"properties":{"height":6.0,"crown_diameter":6.0},"id":"13118"},{"type":"Feature","geometry":{"type":"Point","coordinates":[1826530.29470423,2187334.6465928913]},"properties":{"height":6.0,"crown_diameter":6.0},"id":"13120"},{"type":"Feature","geometry":{"type":"Point","coordinates":[1826496.5417263897,2187892.1968588186]},"properties":{"height":6.0,"crown_diameter":6.0},"id":"13129"},{"type":"Feature","geometry":{"type":"Point","coordinates":[1826966.3512551936,2187946.0469561373]},"properties":{"height":6.0,"crown_diameter":6.0},"id":"13134"},{"type":"Feature","geometry":{"type":"Point","coordinates":[1826896.9403645482,2187614.6590042855]},"properties":{"height":6.0,"crown_diameter":6.0},"id":"13147"},{"type":"Feature","geometry":{"type":"Point","coordinates":[1827021.8397488373,2187593.6586103896]},"properties":{"height":6.0,"crown_diameter":6.0},"id":"13148"},{"type":"Feature","geometry":{"type":"Point","coordinates":[1826685.9267377518,2187163.8455037093]},"properties":{"height":6.0,"crown_diameter":6.0},"id":"13149"},{"type":"Feature","geometry":{"type":"Point","coordinates":[1826454.1506124025,2187199.8348043473]},"properties":{"height":6.0,"crown_diameter":6.0},"id":"13151"},{"type":"Feature","geometry":{"type":"Point","coordinates":[1827107.534635521,2186995.9774276447]},"properties":{"height":6.0,"crown_diameter":6.0},"id":"13155"},{"type":"Feature","geometry":{"type":"Point","coordinates":[1826305.591453451,2187528.406967352]},"properties":{"height":6.0,"crown_diameter":6.0},"id":"13157"},{"type":"Feature","geometry":{"type":"Point","coordinates":[1826408.5524335385,2187791.9864677177]},"properties":{"height":6.0,"crown_diameter":6.0},"id":"13159"},{"type":"Feature","geometry":{"type":"Point","coordinates":[1826745.0806553375,2187984.493798691]},"properties":{"height":6.0,"crown_diameter":6.0},"id":"13162"},{"type":"Feature","geometry":{"type":"Point","coordinates":[1826350.0695415004,2186870.536359818]},"properties":{"height":6.0,"crown_diameter":6.0},"id":"13163"},{"type":"Feature","geometry":{"type":"Point","coordinates":[1827045.2758140664,2187197.2297514384]},"properties":{"height":6.0,"crown_diameter":6.0},"id":"13164"},{"type":"Feature","geometry":{"type":"Point","coordinates":[1826490.1841036228,2187739.274034476]},"properties":{"height":6.0,"crown_diameter":6.0},"id":"13167"},{"type":"Feature","geometry":{"type":"Point","coordinates":[1826869.860539579,2187995.2472045845]},"properties":{"height":6.0,"crown_diameter":6.0},"id":"13171"},{"type":"Feature","geometry":{"type":"Point","coordinates":[1827053.4532436316,2187530.0772291473]},"properties":{"height":6.0,"crown_diameter":6.0},"id":"13172"},{"type":"Feature","geometry":{"type":"Point","coordinates":[1826979.1164245643,2187164.7896289527]},"properties":{"height":6.0,"crown_diameter":6.0},"id":"13174"},{"type":"Feature","geometry":{"type":"Point","coordinates":[1826776.6926735733,2186916.035170693]},"properties":{"height":6.0,"crown_diameter":6.0},"id":"13177"},{"type":"Feature","geometry":{"type":"Point","coordinates":[1826392.150746542,2186829.0484526455]},"properties":{"height":6.0,"crown_diameter":6.0},"id":"13180"},{"type":"Feature","geometry":{"type":"Point","coordinates":[1826861.5613574237,2188100.779205608]},"properties":{"height":6.0,"crown_diameter":6.0},"id":"13182"},{"type":"Feature","geometry":{"type":"Point","coordinates":[1827184.0513283925,2187082.279508747]},"properties":{"height":6.0,"crown_diameter":6.0},"id":"13183"},{"type":"Feature","geometry":{"type":"Point","coordinates":[1827113.288124276,2186854.3028622707]},"properties":{"height":6.0,"crown_diameter":6.0},"id":"13184"},{"type":"Feature","geometry":{"type":"Point","coordinates":[1826129.4074425164,2186800.7235636413]},"properties":{"height":6.0,"crown_diameter":6.0},"id":"13185"},{"type":"Feature","geometry":{"type":"Point","coordinates":[1826937.7427051985,2188090.7179012224]},"properties":{"height":6.0,"crown_diameter":6.0},"id":"13188"},{"type":"Feature","geometry":{"type":"Point","coordinates":[1826585.6165379814,2187053.2410012493]},"properties":{"height":6.0,"crown_diameter":6.0},"id":"13190"},{"type":"Feature","geometry":{"type":"Point","coordinates":[1826439.471038284,2187086.0666014277]},"properties":{"height":6.0,"crown_diameter":6.0},"id":"13191"},{"type":"Feature","geometry":{"type":"Point","coordinates":[1826296.4222127572,2187101.8635598347]},"properties":{"height":6.0,"crown_diameter":6.0},"id":"13192"},{"type":"Feature","geometry":{"type":"Point","coordinates":[1826068.6206905155,2186655.511480818]},"properties":{"height":6.0,"crown_diameter":6.0},"id":"13194"},{"type":"Feature","geometry":{"type":"Point","coordinates":[1827056.5692411736,2187536.4212968755]},"properties":{"height":6.0,"crown_diameter":6.0},"id":"13195"},{"type":"Feature","geometry":{"type":"Point","coordinates":[1827095.4750835833,2187246.4696410624]},"properties":{"height":6.0,"crown_diameter":6.0},"id":"13199"},{"type":"Feature","geometry":{"type":"Point","coordinates":[1826756.8494241615,2187406.7988658873]},"properties":{"height":6.0,"crown_diameter":6.0},"id":"13204"},{"type":"Feature","geometry":{"type":"Point","coordinates":[1826834.162534653,2187978.410057691]},"properties":{"height":6.0,"crown_diameter":6.0},"id":"13205"},{"type":"Feature","geometry":{"type":"Point","coordinates":[1826763.9498821544,2187013.0549843195]},"properties":{"height":6.0,"crown_diameter":6.0},"id":"13207"},{"type":"Feature","geometry":{"type":"Point","coordinates":[1826686.8468986591,2187895.0404845015]},"properties":{"height":6.0,"crown_diameter":6.0},"id":"13208"},{"type":"Feature","geometry":{"type":"Point","coordinates":[1826881.127961043,2188053.0539588076]},"properties":{"height":6.0,"crown_diameter":6.0},"id":"13209"},{"type":"Feature","geometry":{"type":"Point","coordinates":[1826937.9317419764,2186909.21033925]},"properties":{"height":6.0,"crown_diameter":6.0},"id":"13210"},{"type":"Feature","geometry":{"type":"Point","coordinates":[1826352.9178436503,2186702.004810663]},"properties":{"height":6.0,"crown_diameter":6.0},"id":"13211"},{"type":"Feature","geometry":{"type":"Point","coordinates":[1826413.158200432,2187475.2663523327]},"properties":{"height":6.0,"crown_diameter":6.0},"id":"13215"},{"type":"Feature","geometry":{"type":"Point","coordinates":[1826952.1142494567,2187638.8970958465]},"properties":{"height":6.0,"crown_diameter":6.0},"id":"13216"},{"type":"Feature","geometry":{"type":"Point","coordinates":[1826922.4730560887,2187553.3818782046]},"properties":{"height":6.0,"crown_diameter":6.0},"id":"13219"},{"type":"Feature","geometry":{"type":"Point","coordinates":[1826582.4788801356,2187023.5216509597]},"properties":{"height":6.0,"crown_diameter":6.0},"id":"13221"},{"type":"Feature","geometry":{"type":"Point","coordinates":[1827066.7500219685,2187379.910722827]},"properties":{"height":6.0,"crown_diameter":6.0},"id":"13225"},{"type":"Feature","geometry":{"type":"Point","coordinates":[1826038.507413185,2186673.649264086]},"properties":{"height":6.0,"crown_diameter":6.0},"id":"13228"},{"type":"Feature","geometry":{"type":"Point","coordinates":[1826640.7351386037,2187284.9877958717]},"properties":{"height":6.0,"crown_diameter":6.0},"id":"13229"},{"type":"Feature","geometry":{"type":"Point","coordinates":[1826695.4220320624,2188030.726382569]},"properties":{"height":6.0,"crown_diameter":6.0},"id":"13231"},{"type":"Feature","geometry":{"type":"Point","coordinates":[1826720.9301756509,2187903.0834383555]},"properties":{"height":6.0,"crown_diameter":6.0},"id":"13237"},{"type":"Feature","geometry":{"type":"Point","coordinates":[1827179.2632313354,2187083.0191141744]},"properties":{"height":6.0,"crown_diameter":6.0},"id":"13240"},{"type":"Feature","geometry":{"type":"Point","coordinates":[1826422.9199135744,2187066.2703594933]},"properties":{"height":6.0,"crown_diameter":6.0},"id":"13243"},{"type":"Feature","geometry":{"type":"Point","coordinates":[1826591.1572636466,2187190.09405607]},"properties":{"height":6.0,"crown_diameter":6.0},"id":"13246"},{"type":"Feature","geometry":{"type":"Point","coordinates":[1826755.4567778152,2187013.8554184376]},"properties":{"height":6.0,"crown_diameter":6.0},"id":"13251"},{"type":"Feature","geometry":{"type":"Point","coordinates":[1827031.9076570598,2187511.905358119]},"properties":{"height":6.0,"crown_diameter":6.0},"id":"13253"},{"type":"Feature","geometry":{"type":"Point","coordinates":[1826992.1804033043,2186949.122596496]},"properties":{"height":6.0,"crown_diameter":6.0},"id":"13255"},{"type":"Feature","geometry":{"type":"Point","coordinates":[1826071.8327106768,2186544.089172967]},"properties":{"height":6.0,"crown_diameter":6.0},"id":"13256"},{"type":"Feature","geometry":{"type":"Point","coordinates":[1826735.3558478986,2186774.468892526]},"properties":{"height":6.0,"crown_diameter":6.0},"id":"13260"},{"type":"Feature","geometry":{"type":"Point","coordinates":[1826634.16497683,2187089.935377614]},"properties":{"height":6.0,"crown_diameter":6.0},"id":"13266"},{"type":"Feature","geometry":{"type":"Point","coordinates":[1826953.1281912562,2187267.0943935746]},"properties":{"height":6.0,"crown_diameter":6.0},"id":"13268"},{"type":"Feature","geometry":{"type":"Point","coordinates":[1826923.7592947301,2188044.4213004485]},"properties":{"height":6.0,"crown_diameter":6.0},"id":"13271"},{"type":"Feature","geometry":{"type":"Point","coordinates":[1826240.2787990426,2186686.6523770294]},"properties":{"height":6.0,"crown_diameter":6.0},"id":"13273"},{"type":"Feature","geometry":{"type":"Point","coordinates":[1826340.2300956547,2186740.1444750265]},"properties":{"height":6.0,"crown_diameter":6.0},"id":"13274"},{"type":"Feature","geometry":{"type":"Point","coordinates":[1826637.0070760273,2187773.917943898]},"properties":{"height":6.0,"crown_diameter":6.0},"id":"13276"},{"type":"Feature","geometry":{"type":"Point","coordinates":[1826674.8590030943,2187895.0157524445]},"properties":{"height":6.0,"crown_diameter":6.0},"id":"13277"},{"type":"Feature","geometry":{"type":"Point","coordinates":[1826452.768854117,2187064.8991427477]},"properties":{"height":6.0,"crown_diameter":6.0},"id":"13283"},{"type":"Feature","geometry":{"type":"Point","coordinates":[1826605.321294919,2187830.0019590226]},"properties":{"height":6.0,"crown_diameter":6.0},"id":"13287"},{"type":"Feature","geometry":{"type":"Point","coordinates":[1827179.108960861,2186939.016456268]},"properties":{"height":6.0,"crown_diameter":6.0},"id":"13288"},{"type":"Feature","geometry":{"type":"Point","coordinates":[1826709.8385205183,2187969.634272827]},"properties":{"height":6.0,"crown_diameter":6.0},"id":"13297"},{"type":"Feature","geometry":{"type":"Point","coordinates":[1826229.668300166,2186629.9291482675]},"properties":{"height":6.0,"crown_diameter":6.0},"id":"13304"},{"type":"Feature","geometry":{"type":"Point","coordinates":[1826693.0910180397,2186691.578169593]},"properties":{"height":6.0,"crown_diameter":6.0},"id":"13305"},{"type":"Feature","geometry":{"type":"Point","coordinates":[1826527.6368596067,2186947.0153477113]},"properties":{"height":6.0,"crown_diameter":6.0},"id":"13307"},{"type":"Feature","geometry":{"type":"Point","coordinates":[1826717.3863765786,2188090.1216900824]},"properties":{"height":6.0,"crown_diameter":6.0},"id":"13309"},{"type":"Feature","geometry":{"type":"Point","coordinates":[1826235.4490176656,2186937.9134417614]},"properties":{"height":6.0,"crown_diameter":6.0},"id":"13319"},{"type":"Feature","geometry":{"type":"Point","coordinates":[1826537.5583739087,2186787.6311482005]},"properties":{"height":6.0,"crown_diameter":6.0},"id":"13322"},{"type":"Feature","geometry":{"type":"Point","coordinates":[1826078.8620664077,2186655.122535916]},"properties":{"height":6.0,"crown_diameter":6.0},"id":"13323"},{"type":"Feature","geometry":{"type":"Point","coordinates":[1826548.4323617027,2187723.106697546]},"properties":{"height":6.0,"crown_diameter":6.0},"id":"13324"},{"type":"Feature","geometry":{"type":"Point","coordinates":[1826712.4761676425,2186988.756743072]},"properties":{"height":6.0,"crown_diameter":6.0},"id":"13325"},{"type":"Feature","geometry":{"type":"Point","coordinates":[1826723.9597710834,2188093.542304444]},"properties":{"height":6.0,"crown_diameter":6.0},"id":"13326"},{"type":"Feature","geometry":{"type":"Point","coordinates":[1826446.8739679018,2188044.048153966]},"properties":{"height":6.0,"crown_diameter":6.0},"id":"13327"},{"type":"Feature","geometry":{"type":"Point","coordinates":[1826038.6489634754,2186962.5370755936]},"properties":{"height":6.0,"crown_diameter":6.0},"id":"13328"},{"type":"Feature","geometry":{"type":"Point","coordinates":[1826183.8076359616,2186812.6204232685]},"properties":{"height":6.0,"crown_diameter":6.0},"id":"13330"},{"type":"Feature","geometry":{"type":"Point","coordinates":[1826828.2090893898,2186709.4364189953]},"properties":{"height":6.0,"crown_diameter":6.0},"id":"13331"},{"type":"Feature","geometry":{"type":"Point","coordinates":[1826807.3455110805,2186993.380361475]},"properties":{"height":6.0,"crown_diameter":6.0},"id":"13333"},{"type":"Feature","geometry":{"type":"Point","coordinates":[1826545.7722308708,2187718.740137795]},"properties":{"height":6.0,"crown_diameter":6.0},"id":"13334"},{"type":"Feature","geometry":{"type":"Point","coordinates":[1826603.399935012,2187044.3494983683]},"properties":{"height":6.0,"crown_diameter":6.0},"id":"13336"},{"type":"Feature","geometry":{"type":"Point","coordinates":[1826433.0496404958,2187672.5145649426]},"properties":{"height":6.0,"crown_diameter":6.0},"id":"13339"},{"type":"Feature","geometry":{"type":"Point","coordinates":[1826711.3549179297,2186985.687715468]},"properties":{"height":6.0,"crown_diameter":6.0},"id":"13341"},{"type":"Feature","geometry":{"type":"Point","coordinates":[1826803.3932472956,2186990.5781125063]},"properties":{"height":6.0,"crown_diameter":6.0},"id":"13342"},{"type":"Feature","geometry":{"type":"Point","coordinates":[1826391.1419328183,2187326.120085526]},"properties":{"height":6.0,"crown_diameter":6.0},"id":"13344"},{"type":"Feature","geometry":{"type":"Point","coordinates":[1826791.7455786094,2186703.637190315]},"properties":{"height":6.0,"crown_diameter":6.0},"id":"13346"},{"type":"Feature","geometry":{"type":"Point","coordinates":[1826735.3128562067,2187924.2369934805]},"properties":{"height":6.0,"crown_diameter":6.0},"id":"13348"},{"type":"Feature","geometry":{"type":"Point","coordinates":[1827073.2469686966,2187332.8346046857]},"properties":{"height":6.0,"crown_diameter":6.0},"id":"13354"},{"type":"Feature","geometry":{"type":"Point","coordinates":[1826942.341301263,2188157.2319873157]},"properties":{"height":6.0,"crown_diameter":6.0},"id":"13358"},{"type":"Feature","geometry":{"type":"Point","coordinates":[1826542.6176969372,2187708.648578793]},"properties":{"height":6.0,"crown_diameter":6.0},"id":"13359"},{"type":"Feature","geometry":{"type":"Point","coordinates":[1826716.1267344048,2187966.4446713547]},"properties":{"height":6.0,"crown_diameter":6.0},"id":"13373"},{"type":"Feature","geometry":{"type":"Point","coordinates":[1826073.0910056103,2186687.415032701]},"properties":{"height":6.0,"crown_diameter":6.0},"id":"13383"},{"type":"Feature","geometry":{"type":"Point","coordinates":[1827103.5258423411,2187009.0539750936]},"properties":{"height":6.0,"crown_diameter":6.0},"id":"13384"},{"type":"Feature","geometry":{"type":"Point","coordinates":[1826552.155240556,2187468.801534739]},"properties":{"height":6.0,"crown_diameter":6.0},"id":"13388"},{"type":"Feature","geometry":{"type":"Point","coordinates":[1827055.3251796153,2187135.098877972]},"properties":{"height":6.0,"crown_diameter":6.0},"id":"13390"},{"type":"Feature","geometry":{"type":"Point","coordinates":[1826865.3754323171,2187040.727378111]},"properties":{"height":6.0,"crown_diameter":6.0},"id":"13392"},{"type":"Feature","geometry":{"type":"Point","coordinates":[1826490.4591206159,2187851.5041976185]},"properties":{"height":6.0,"crown_diameter":6.0},"id":"13396"},{"type":"Feature","geometry":{"type":"Point","coordinates":[1826569.9237528034,2186861.640144937]},"properties":{"height":6.0,"crown_diameter":6.0},"id":"13399"},{"type":"Feature","geometry":{"type":"Point","coordinates":[1826354.9409725752,2186623.020574751]},"properties":{"height":6.0,"crown_diameter":6.0},"id":"13400"},{"type":"Feature","geometry":{"type":"Point","coordinates":[1826773.830508735,2188132.417303809]},"properties":{"height":6.0,"crown_diameter":6.0},"id":"13401"},{"type":"Feature","geometry":{"type":"Point","coordinates":[1827009.8448413112,2187335.6325012464]},"properties":{"height":6.0,"crown_diameter":6.0},"id":"13402"},{"type":"Feature","geometry":{"type":"Point","coordinates":[1826345.2919137247,2186957.281439071]},"properties":{"height":6.0,"crown_diameter":6.0},"id":"13403"},{"type":"Feature","geometry":{"type":"Point","coordinates":[1827068.424235514,2187501.828160042]},"properties":{"height":6.0,"crown_diameter":6.0},"id":"13406"},{"type":"Feature","geometry":{"type":"Point","coordinates":[1826798.931644648,2187771.935255517]},"properties":{"height":6.0,"crown_diameter":6.0},"id":"13415"},{"type":"Feature","geometry":{"type":"Point","coordinates":[1826777.0790483416,2188130.3798876936]},"properties":{"height":6.0,"crown_diameter":6.0},"id":"13417"},{"type":"Feature","geometry":{"type":"Point","coordinates":[1826080.4260858991,2186574.1611164357]},"properties":{"height":6.0,"crown_diameter":6.0},"id":"13419"},{"type":"Feature","geometry":{"type":"Point","coordinates":[1826805.559930008,2186711.5710658007]},"properties":{"height":6.0,"crown_diameter":6.0},"id":"13420"},{"type":"Feature","geometry":{"type":"Point","coordinates":[1826077.9493925425,2186651.1679665516]},"properties":{"height":6.0,"crown_diameter":6.0},"id":"13421"},{"type":"Feature","geometry":{"type":"Point","coordinates":[1827189.0465641974,2186951.645248693]},"properties":{"height":6.0,"crown_diameter":6.0},"id":"13425"},{"type":"Feature","geometry":{"type":"Point","coordinates":[1826788.8116828196,2187505.948435568]},"properties":{"height":6.0,"crown_diameter":6.0},"id":"13426"},{"type":"Feature","geometry":{"type":"Point","coordinates":[1826911.123073782,2187937.6860833876]},"properties":{"height":6.0,"crown_diameter":6.0},"id":"13429"},{"type":"Feature","geometry":{"type":"Point","coordinates":[1826732.160701826,2187957.1425793767]},"properties":{"height":6.0,"crown_diameter":6.0},"id":"13432"},{"type":"Feature","geometry":{"type":"Point","coordinates":[1826411.798130911,2187363.709985237]},"properties":{"height":6.0,"crown_diameter":6.0},"id":"13433"},{"type":"Feature","geometry":{"type":"Point","coordinates":[1826779.0135954213,2187613.9375146464]},"properties":{"height":6.0,"crown_diameter":6.0},"id":"13435"},{"type":"Feature","geometry":{"type":"Point","coordinates":[1826907.2856993447,2187367.51648209]},"properties":{"height":6.0,"crown_diameter":6.0},"id":"13436"},{"type":"Feature","geometry":{"type":"Point","coordinates":[1826350.018189827,2187078.0504558235]},"properties":{"height":6.0,"crown_diameter":6.0},"id":"13439"},{"type":"Feature","geometry":{"type":"Point","coordinates":[1826516.3254914514,2186885.4530620063]},"properties":{"height":6.0,"crown_diameter":6.0},"id":"13441"},{"type":"Feature","geometry":{"type":"Point","coordinates":[1826101.932590689,2186799.8519337103]},"properties":{"height":6.0,"crown_diameter":6.0},"id":"13446"},{"type":"Feature","geometry":{"type":"Point","coordinates":[1826118.0607512644,2186778.416152738]},"properties":{"height":6.0,"crown_diameter":6.0},"id":"13447"},{"type":"Feature","geometry":{"type":"Point","coordinates":[1827136.2262636533,2187030.794103016]},"properties":{"height":6.0,"crown_diameter":6.0},"id":"13448"},{"type":"Feature","geometry":{"type":"Point","coordinates":[1826877.879358579,2188055.091370283]},"properties":{"height":6.0,"crown_diameter":6.0},"id":"13451"},{"type":"Feature","geometry":{"type":"Point","coordinates":[1826679.6129371705,2187976.5221326565]},"properties":{"height":6.0,"crown_diameter":6.0},"id":"13452"},{"type":"Feature","geometry":{"type":"Point","coordinates":[1826684.6093417853,2187974.89708044]},"properties":{"height":6.0,"crown_diameter":6.0},"id":"13455"},{"type":"Feature","geometry":{"type":"Point","coordinates":[1826891.3119942767,2187489.9419762157]},"properties":{"height":6.0,"crown_diameter":6.0},"id":"13456"},{"type":"Feature","geometry":{"type":"Point","coordinates":[1826676.820435393,2187980.5366571965]},"properties":{"height":6.0,"crown_diameter":6.0},"id":"13458"},{"type":"Feature","geometry":{"type":"Point","coordinates":[1826573.3845905047,2187562.611734511]},"properties":{"height":6.0,"crown_diameter":6.0},"id":"13466"},{"type":"Feature","geometry":{"type":"Point","coordinates":[1827121.048837222,2187231.939438126]},"properties":{"height":6.0,"crown_diameter":6.0},"id":"13467"},{"type":"Feature","geometry":{"type":"Point","coordinates":[1826963.1973523318,2187935.9553891784]},"properties":{"height":6.0,"crown_diameter":6.0},"id":"13468"},{"type":"Feature","geometry":{"type":"Point","coordinates":[1826306.801162414,2186987.4630454164]},"properties":{"height":6.0,"crown_diameter":6.0},"id":"13469"},{"type":"Feature","geometry":{"type":"Point","coordinates":[1826344.5149903109,2187136.5785272536]},"properties":{"height":6.0,"crown_diameter":6.0},"id":"13472"},{"type":"Feature","geometry":{"type":"Point","coordinates":[1826808.6539164216,2187656.452534651]},"properties":{"height":6.0,"crown_diameter":6.0},"id":"13475"},{"type":"Feature","geometry":{"type":"Point","coordinates":[1826086.3288104602,2186533.4855786613]},"properties":{"height":6.0,"crown_diameter":6.0},"id":"13478"},{"type":"Feature","geometry":{"type":"Point","coordinates":[1826106.000846722,2186813.8988350187]},"properties":{"height":6.0,"crown_diameter":6.0},"id":"13481"},{"type":"Feature","geometry":{"type":"Point","coordinates":[1826959.587862437,2187259.270806398]},"properties":{"height":6.0,"crown_diameter":6.0},"id":"13482"},{"type":"Feature","geometry":{"type":"Point","coordinates":[1826812.5549654432,2187804.1268297257]},"properties":{"height":6.0,"crown_diameter":6.0},"id":"13485"},{"type":"Feature","geometry":{"type":"Point","coordinates":[1826716.5571014835,2187495.4415908125]},"properties":{"height":6.0,"crown_diameter":6.0},"id":"13488"},{"type":"Feature","geometry":{"type":"Point","coordinates":[1826968.061041256,2187942.7116120546]},"properties":{"height":6.0,"crown_diameter":6.0},"id":"13493"},{"type":"Feature","geometry":{"type":"Point","coordinates":[1826377.6018250925,2187387.423986572]},"properties":{"height":6.0,"crown_diameter":6.0},"id":"13502"},{"type":"Feature","geometry":{"type":"Point","coordinates":[1826643.5451947905,2187816.588376919]},"properties":{"height":6.0,"crown_diameter":6.0},"id":"13505"},{"type":"Feature","geometry":{"type":"Point","coordinates":[1827101.4545073751,2186998.2818675195]},"properties":{"height":6.0,"crown_diameter":6.0},"id":"13507"},{"type":"Feature","geometry":{"type":"Point","coordinates":[1827020.5840774816,2187512.9719910864]},"properties":{"height":6.0,"crown_diameter":6.0},"id":"13511"},{"type":"Feature","geometry":{"type":"Point","coordinates":[1826744.1000406807,2187738.4317881297]},"properties":{"height":6.0,"crown_diameter":6.0},"id":"13514"},{"type":"Feature","geometry":{"type":"Point","coordinates":[1826859.3378954646,2188075.0176610397]},"properties":{"height":6.0,"crown_diameter":6.0},"id":"13515"},{"type":"Feature","geometry":{"type":"Point","coordinates":[1826160.28228304,2186665.913366034]},"properties":{"height":6.0,"crown_diameter":6.0},"id":"13516"},{"type":"Feature","geometry":{"type":"Point","coordinates":[1826548.5068220408,2187965.2136366055]},"properties":{"height":6.0,"crown_diameter":6.0},"id":"13520"},{"type":"Feature","geometry":{"type":"Point","coordinates":[1826840.9254025365,2186780.6816427577]},"properties":{"height":6.0,"crown_diameter":6.0},"id":"13523"},{"type":"Feature","geometry":{"type":"Point","coordinates":[1826956.6972947198,2187811.037204549]},"properties":{"height":6.0,"crown_diameter":6.0},"id":"13524"},{"type":"Feature","geometry":{"type":"Point","coordinates":[1826592.5033075842,2187919.513368004]},"properties":{"height":6.0,"crown_diameter":6.0},"id":"13526"},{"type":"Feature","geometry":{"type":"Point","coordinates":[1827190.3221703614,2187141.7192419684]},"properties":{"height":6.0,"crown_diameter":6.0},"id":"13530"},{"type":"Feature","geometry":{"type":"Point","coordinates":[1827106.4026429243,2187399.552008695]},"properties":{"height":6.0,"crown_diameter":6.0},"id":"13534"},{"type":"Feature","geometry":{"type":"Point","coordinates":[1826488.324216894,2188005.2250260767]},"properties":{"height":6.0,"crown_diameter":6.0},"id":"13536"},{"type":"Feature","geometry":{"type":"Point","coordinates":[1827081.2914083423,2186880.4065842154]},"properties":{"height":6.0,"crown_diameter":6.0},"id":"13537"},{"type":"Feature","geometry":{"type":"Point","coordinates":[1827162.4678209666,2187146.3630810427]},"properties":{"height":6.0,"crown_diameter":6.0},"id":"13538"},{"type":"Feature","geometry":{"type":"Point","coordinates":[1826308.1972174353,2186613.8637711206]},"properties":{"height":6.0,"crown_diameter":6.0},"id":"13539"},{"type":"Feature","geometry":{"type":"Point","coordinates":[1826581.455332921,2187051.324407781]},"properties":{"height":6.0,"crown_diameter":6.0},"id":"13541"},{"type":"Feature","geometry":{"type":"Point","coordinates":[1826561.2954355362,2187488.7184501346]},"properties":{"height":6.0,"crown_diameter":6.0},"id":"13544"},{"type":"Feature","geometry":{"type":"Point","coordinates":[1826307.3666893605,2187106.314966417]},"properties":{"height":6.0,"crown_diameter":6.0},"id":"13546"},{"type":"Feature","geometry":{"type":"Point","coordinates":[1826259.4601807315,2186898.706872116]},"properties":{"height":6.0,"crown_diameter":6.0},"id":"13553"},{"type":"Feature","geometry":{"type":"Point","coordinates":[1826786.6538631287,2188128.900765135]},"properties":{"height":6.0,"crown_diameter":6.0},"id":"13554"},{"type":"Feature","geometry":{"type":"Point","coordinates":[1826259.4253058312,2186640.687631057]},"properties":{"height":6.0,"crown_diameter":6.0},"id":"13555"},{"type":"Feature","geometry":{"type":"Point","coordinates":[1826857.7189501796,2187937.23380443]},"properties":{"height":6.0,"crown_diameter":6.0},"id":"13557"},{"type":"Feature","geometry":{"type":"Point","coordinates":[1826053.8016994428,2186550.119683084]},"properties":{"height":6.0,"crown_diameter":6.0},"id":"13558"},{"type":"Feature","geometry":{"type":"Point","coordinates":[1826591.6703818343,2187966.051748339]},"properties":{"height":6.0,"crown_diameter":6.0},"id":"13563"},{"type":"Feature","geometry":{"type":"Point","coordinates":[1826667.3911673997,2187868.016349661]},"properties":{"height":6.0,"crown_diameter":6.0},"id":"13565"},{"type":"Feature","geometry":{"type":"Point","coordinates":[1826087.7639670358,2186715.181168846]},"properties":{"height":6.0,"crown_diameter":6.0},"id":"13567"},{"type":"Feature","geometry":{"type":"Point","coordinates":[1826938.337529998,2187056.075258181]},"properties":{"height":6.0,"crown_diameter":6.0},"id":"13572"},{"type":"Feature","geometry":{"type":"Point","coordinates":[1826491.5482818312,2186701.05439816]},"properties":{"height":6.0,"crown_diameter":6.0},"id":"13574"},{"type":"Feature","geometry":{"type":"Point","coordinates":[1826794.538395616,2187297.910003415]},"properties":{"height":6.0,"crown_diameter":6.0},"id":"13579"},{"type":"Feature","geometry":{"type":"Point","coordinates":[1826836.6768290135,2187240.548480037]},"properties":{"height":6.0,"crown_diameter":6.0},"id":"13580"},{"type":"Feature","geometry":{"type":"Point","coordinates":[1826680.767584543,2187897.344745028]},"properties":{"height":6.0,"crown_diameter":6.0},"id":"13582"},{"type":"Feature","geometry":{"type":"Point","coordinates":[1826552.0605242027,2187715.5502676233]},"properties":{"height":6.0,"crown_diameter":6.0},"id":"13585"},{"type":"Feature","geometry":{"type":"Point","coordinates":[1826088.4812052534,2186806.0272804936]},"properties":{"height":6.0,"crown_diameter":6.0},"id":"13593"},{"type":"Feature","geometry":{"type":"Point","coordinates":[1826620.2572484938,2187094.1323532546]},"properties":{"height":6.0,"crown_diameter":6.0},"id":"13595"},{"type":"Feature","geometry":{"type":"Point","coordinates":[1826966.840883154,2187736.7824824476]},"properties":{"height":6.0,"crown_diameter":6.0},"id":"13597"},{"type":"Feature","geometry":{"type":"Point","coordinates":[1826325.2247541286,2187253.5485042646]},"properties":{"height":6.0,"crown_diameter":6.0},"id":"13599"},{"type":"Feature","geometry":{"type":"Point","coordinates":[1826883.8309275715,2187611.5652447147]},"properties":{"height":6.0,"crown_diameter":6.0},"id":"13600"},{"type":"Feature","geometry":{"type":"Point","coordinates":[1826447.0062848248,2188035.6672695694]},"properties":{"height":6.0,"crown_diameter":6.0},"id":"13604"},{"type":"Feature","geometry":{"type":"Point","coordinates":[1826832.7944685288,2187972.478946261]},"properties":{"height":6.0,"crown_diameter":6.0},"id":"13607"},{"type":"Feature","geometry":{"type":"Point","coordinates":[1827039.2031725782,2187500.540295398]},"properties":{"height":6.0,"crown_diameter":6.0},"id":"13608"},{"type":"Feature","geometry":{"type":"Point","coordinates":[1826617.4262575551,2187094.39920158]},"properties":{"height":6.0,"crown_diameter":6.0},"id":"13609"},{"type":"Feature","geometry":{"type":"Point","coordinates":[1826339.9707892346,2186948.547725251]},"properties":{"height":6.0,"crown_diameter":6.0},"id":"13610"},{"type":"Feature","geometry":{"type":"Point","coordinates":[1826945.069778405,2187203.495536473]},"properties":{"height":6.0,"crown_diameter":6.0},"id":"13611"},{"type":"Feature","geometry":{"type":"Point","coordinates":[1827168.7949174864,2187146.9215497053]},"properties":{"height":6.0,"crown_diameter":6.0},"id":"13615"},{"type":"Feature","geometry":{"type":"Point","coordinates":[1826257.4297516888,2186637.4123975355]},"properties":{"height":6.0,"crown_diameter":6.0},"id":"13620"},{"type":"Feature","geometry":{"type":"Point","coordinates":[1826903.580778639,2187367.576947028]},"properties":{"height":6.0,"crown_diameter":6.0},"id":"13621"},{"type":"Feature","geometry":{"type":"Point","coordinates":[1826443.0928163207,2188036.6132431007]},"properties":{"height":6.0,"crown_diameter":6.0},"id":"13622"},{"type":"Feature","geometry":{"type":"Point","coordinates":[1826855.9103311892,2187823.7057041847]},"properties":{"height":6.0,"crown_diameter":6.0},"id":"13624"},{"type":"Feature","geometry":{"type":"Point","coordinates":[1826084.1905223422,2186706.859765959]},"properties":{"height":6.0,"crown_diameter":6.0},"id":"13626"},{"type":"Feature","geometry":{"type":"Point","coordinates":[1827111.2666468066,2187406.308758198]},"properties":{"height":6.0,"crown_diameter":6.0},"id":"13629"},{"type":"Feature","geometry":{"type":"Point","coordinates":[1826341.2278207536,2187134.868269864]},"properties":{"height":6.0,"crown_diameter":6.0},"id":"13632"},{"type":"Feature","geometry":{"type":"Point","coordinates":[1826310.4677245049,2186983.6539944843]},"properties":{"height":6.0,"crown_diameter":6.0},"id":"13636"},{"type":"Feature","geometry":{"type":"Point","coordinates":[1826522.7378092858,2186787.8739771815]},"properties":{"height":6.0,"crown_diameter":6.0},"id":"13638"},{"type":"Feature","geometry":{"type":"Point","coordinates":[1826749.2031718716,2186977.7913718047]},"properties":{"height":6.0,"crown_diameter":6.0},"id":"13639"},{"type":"Feature","geometry":{"type":"Point","coordinates":[1826555.20064931,2187788.264602449]},"properties":{"height":6.0,"crown_diameter":6.0},"id":"13640"},{"type":"Feature","geometry":{"type":"Point","coordinates":[1827026.397242063,2187484.4310722477]},"properties":{"height":6.0,"crown_diameter":6.0},"id":"13641"},{"type":"Feature","geometry":{"type":"Point","coordinates":[1826711.512090466,2188005.547798738]},"properties":{"height":6.0,"crown_diameter":6.0},"id":"13646"},{"type":"Feature","geometry":{"type":"Point","coordinates":[1826831.864088186,2187988.149407767]},"properties":{"height":6.0,"crown_diameter":6.0},"id":"13650"},{"type":"Feature","geometry":{"type":"Point","coordinates":[1827040.8479964605,2187169.0750878965]},"properties":{"height":6.0,"crown_diameter":6.0},"id":"13652"},{"type":"Feature","geometry":{"type":"Point","coordinates":[1826875.1932439192,2187319.7471742723]},"properties":{"height":6.0,"crown_diameter":6.0},"id":"13654"},{"type":"Feature","geometry":{"type":"Point","coordinates":[1826782.7787709485,2187683.997166659]},"properties":{"height":6.0,"crown_diameter":6.0},"id":"13655"},{"type":"Feature","geometry":{"type":"Point","coordinates":[1826764.5392656159,2188097.5105558]},"properties":{"height":6.0,"crown_diameter":6.0},"id":"13658"},{"type":"Feature","geometry":{"type":"Point","coordinates":[1826745.362348005,2187220.8705634237]},"properties":{"height":6.0,"crown_diameter":6.0},"id":"13664"},{"type":"Feature","geometry":{"type":"Point","coordinates":[1826709.394585505,2187498.4252623697]},"properties":{"height":6.0,"crown_diameter":6.0},"id":"13665"},{"type":"Feature","geometry":{"type":"Point","coordinates":[1826299.3526462163,2186983.836344183]},"properties":{"height":6.0,"crown_diameter":6.0},"id":"13666"},{"type":"Feature","geometry":{"type":"Point","coordinates":[1826581.0139993832,2187455.9808456465]},"properties":{"height":6.0,"crown_diameter":6.0},"id":"13671"},{"type":"Feature","geometry":{"type":"Point","coordinates":[1826669.6937675788,2186833.7636885964]},"properties":{"height":6.0,"crown_diameter":6.0},"id":"13677"},{"type":"Feature","geometry":{"type":"Point","coordinates":[1827200.6577497893,2187086.198918505]},"properties":{"height":6.0,"crown_diameter":6.0},"id":"13682"},{"type":"Feature","geometry":{"type":"Point","coordinates":[1826665.3197355028,2187857.2457091906]},"properties":{"height":6.0,"crown_diameter":6.0},"id":"13689"},{"type":"Feature","geometry":{"type":"Point","coordinates":[1827105.7680597047,2187015.1921959617]},"properties":{"height":6.0,"crown_diameter":6.0},"id":"13690"},{"type":"Feature","geometry":{"type":"Point","coordinates":[1826839.4060615585,2187979.6475252286]},"properties":{"height":6.0,"crown_diameter":6.0},"id":"13692"},{"type":"Feature","geometry":{"type":"Point","coordinates":[1826371.0883543808,2187070.8688333086]},"properties":{"height":6.0,"crown_diameter":6.0},"id":"13693"},{"type":"Feature","geometry":{"type":"Point","coordinates":[1826685.7208999277,2187207.732355741]},"properties":{"height":6.0,"crown_diameter":6.0},"id":"13694"},{"type":"Feature","geometry":{"type":"Point","coordinates":[1826906.0230979556,2187650.453646221]},"properties":{"height":6.0,"crown_diameter":6.0},"id":"13698"},{"type":"Feature","geometry":{"type":"Point","coordinates":[1826301.1391802067,2186987.996980572]},"properties":{"height":6.0,"crown_diameter":6.0},"id":"13699"},{"type":"Feature","geometry":{"type":"Point","coordinates":[1826805.1612367507,2187335.0038295165]},"properties":{"height":6.0,"crown_diameter":6.0},"id":"13701"},{"type":"Feature","geometry":{"type":"Point","coordinates":[1826911.3850518176,2187256.30864832]},"properties":{"height":6.0,"crown_diameter":6.0},"id":"13702"},{"type":"Feature","geometry":{"type":"Point","coordinates":[1826349.4110992,2187252.7109876694]},"properties":{"height":6.0,"crown_diameter":6.0},"id":"13705"},{"type":"Feature","geometry":{"type":"Point","coordinates":[1826465.2354858532,2187090.2754186946]},"properties":{"height":6.0,"crown_diameter":6.0},"id":"13706"},{"type":"Feature","geometry":{"type":"Point","coordinates":[1826356.7934322872,2186697.3100344446]},"properties":{"height":6.0,"crown_diameter":6.0},"id":"13707"},{"type":"Feature","geometry":{"type":"Point","coordinates":[1827035.413362858,2187149.0961214355]},"properties":{"height":6.0,"crown_diameter":6.0},"id":"13712"},{"type":"Feature","geometry":{"type":"Point","coordinates":[1826900.5372759416,2187282.727476936]},"properties":{"height":6.0,"crown_diameter":6.0},"id":"13720"},{"type":"Feature","geometry":{"type":"Point","coordinates":[1826401.1892455048,2187115.361663515]},"properties":{"height":6.0,"crown_diameter":6.0},"id":"13724"},{"type":"Feature","geometry":{"type":"Point","coordinates":[1826086.8513100822,2186711.226628017]},"properties":{"height":6.0,"crown_diameter":6.0},"id":"13726"},{"type":"Feature","geometry":{"type":"Point","coordinates":[1826454.9912125235,2186707.387584827]},"properties":{"height":6.0,"crown_diameter":6.0},"id":"13728"},{"type":"Feature","geometry":{"type":"Point","coordinates":[1826467.610259905,2187088.0312989363]},"properties":{"height":6.0,"crown_diameter":6.0},"id":"13734"},{"type":"Feature","geometry":{"type":"Point","coordinates":[1826854.960135995,2187816.0036329567]},"properties":{"height":6.0,"crown_diameter":6.0},"id":"13735"},{"type":"Feature","geometry":{"type":"Point","coordinates":[1826911.0578873176,2187652.576600399]},"properties":{"height":6.0,"crown_diameter":6.0},"id":"13737"},{"type":"Feature","geometry":{"type":"Point","coordinates":[1826806.9679365836,2187769.158069051]},"properties":{"height":6.0,"crown_diameter":6.0},"id":"13738"},{"type":"Feature","geometry":{"type":"Point","coordinates":[1827045.6728878191,2187129.081634313]},"properties":{"height":6.0,"crown_diameter":6.0},"id":"13741"},{"type":"Feature","geometry":{"type":"Point","coordinates":[1826746.150785236,2186806.9310834254]},"properties":{"height":6.0,"crown_diameter":6.0},"id":"13745"},{"type":"Feature","geometry":{"type":"Point","coordinates":[1826443.4617235153,2187092.6168511426]},"properties":{"height":6.0,"crown_diameter":6.0},"id":"13746"},{"type":"Feature","geometry":{"type":"Point","coordinates":[1826468.664067656,2186637.6951745655]},"properties":{"height":6.0,"crown_diameter":6.0},"id":"13747"},{"type":"Feature","geometry":{"type":"Point","coordinates":[1826944.6639793064,2187549.2712458577]},"properties":{"height":6.0,"crown_diameter":6.0},"id":"13748"},{"type":"Feature","geometry":{"type":"Point","coordinates":[1826490.7479849139,2187901.111495404]},"properties":{"height":6.0,"crown_diameter":6.0},"id":"13750"},{"type":"Feature","geometry":{"type":"Point","coordinates":[1826862.660231205,2187994.4826153326]},"properties":{"height":6.0,"crown_diameter":6.0},"id":"13752"},{"type":"Feature","geometry":{"type":"Point","coordinates":[1826901.6179870048,2187731.671783338]},"properties":{"height":6.0,"crown_diameter":6.0},"id":"13754"},{"type":"Feature","geometry":{"type":"Point","coordinates":[1826362.9941877024,2187238.154806553]},"properties":{"height":6.0,"crown_diameter":6.0},"id":"13755"},{"type":"Feature","geometry":{"type":"Point","coordinates":[1826394.905311355,2187161.5532370936]},"properties":{"height":6.0,"crown_diameter":6.0},"id":"13756"},{"type":"Feature","geometry":{"type":"Point","coordinates":[1826839.7549413536,2187243.144439245]},"properties":{"height":6.0,"crown_diameter":6.0},"id":"13761"},{"type":"Feature","geometry":{"type":"Point","coordinates":[1826373.0837265032,2187074.1439404623]},"properties":{"height":6.0,"crown_diameter":6.0},"id":"13763"},{"type":"Feature","geometry":{"type":"Point","coordinates":[1826714.6384375682,2187499.662645372]},"properties":{"height":6.0,"crown_diameter":6.0},"id":"13769"},{"type":"Feature","geometry":{"type":"Point","coordinates":[1826378.2793041286,2187325.889809702]},"properties":{"height":6.0,"crown_diameter":6.0},"id":"13770"},{"type":"Feature","geometry":{"type":"Point","coordinates":[1826710.5416865244,2187974.4737159717]},"properties":{"height":6.0,"crown_diameter":6.0},"id":"13774"},{"type":"Feature","geometry":{"type":"Point","coordinates":[1826924.4623218793,2188049.2607475165]},"properties":{"height":6.0,"crown_diameter":6.0},"id":"13783"},{"type":"Feature","geometry":{"type":"Point","coordinates":[1826465.610062429,2187425.013167451]},"properties":{"height":6.0,"crown_diameter":6.0},"id":"13787"},{"type":"Feature","geometry":{"type":"Point","coordinates":[1826722.437653145,2187666.01897252]},"properties":{"height":6.0,"crown_diameter":6.0},"id":"13788"},{"type":"Feature","geometry":{"type":"Point","coordinates":[1826726.8074353097,2187667.050132149]},"properties":{"height":6.0,"crown_diameter":6.0},"id":"13790"},{"type":"Feature","geometry":{"type":"Point","coordinates":[1826609.9778797976,2187325.4042687938]},"properties":{"height":6.0,"crown_diameter":6.0},"id":"13791"},{"type":"Feature","geometry":{"type":"Point","coordinates":[1826752.6958151516,2187213.2530415254]},"properties":{"height":6.0,"crown_diameter":6.0},"id":"13792"},{"type":"Feature","geometry":{"type":"Point","coordinates":[1827078.219741882,2187066.2027284796]},"properties":{"height":35.58,"crown_diameter":24.9},"id":"13811"},{"type":"Feature","geometry":{"type":"Point","coordinates":[1827074.8205338032,2187089.898783789]},"properties":{"height":35.58,"crown_diameter":24.9},"id":"13812"},{"type":"Feature","geometry":{"type":"Point","coordinates":[1827089.8831484267,2187055.883439955]},"properties":{"height":20.43,"crown_diameter":14.3},"id":"13813"},{"type":"Feature","geometry":{"type":"Point","coordinates":[1827077.475594132,2187100.294778874]},"properties":{"height":17.4,"crown_diameter":12.18},"id":"13814"},{"type":"Feature","geometry":{"type":"Point","coordinates":[1827079.9720178614,2187086.1090299794]},"properties":{"height":34.07,"crown_diameter":23.84},"id":"13815"},{"type":"Feature","geometry":{"type":"Point","coordinates":[1827080.9256712382,2187091.397150046]},"properties":{"height":34.07,"crown_diameter":23.84},"id":"13816"},{"type":"Feature","geometry":{"type":"Point","coordinates":[1827090.2881427903,2187069.7643409865]},"properties":{"height":29.52,"crown_diameter":20.66},"id":"13817"},{"type":"Feature","geometry":{"type":"Point","coordinates":[1827091.130321874,2187075.23328001]},"properties":{"height":29.52,"crown_diameter":20.66},"id":"13818"},{"type":"Feature","geometry":{"type":"Point","coordinates":[1827093.9307286602,2187085.778656261]},"properties":{"height":15.0,"crown_diameter":10.0},"id":"13819"},{"type":"Feature","geometry":{"type":"Point","coordinates":[1827142.370509234,2187058.3978600577]},"properties":{"height":38.61,"crown_diameter":27.02},"id":"13828"},{"type":"Feature","geometry":{"type":"Point","coordinates":[1827133.115478644,2187043.2797580045]},"properties":{"height":38.61,"crown_diameter":27.02},"id":"13829"},{"type":"Feature","geometry":{"type":"Point","coordinates":[1827127.5753063518,2187065.296835766]},"properties":{"height":15.0,"crown_diameter":10.0},"id":"13830"},{"type":"Feature","geometry":{"type":"Point","coordinates":[1827137.1172656473,2187054.419384452]},"properties":{"height":41.64,"crown_diameter":29.14},"id":"13831"},{"type":"Feature","geometry":{"type":"Point","coordinates":[1827181.0599125237,2187061.982703582]},"properties":{"height":15.0,"crown_diameter":10.0},"id":"13834"},{"type":"Feature","geometry":{"type":"Point","coordinates":[1827180.0093076217,2187044.060027847]},"properties":{"height":41.64,"crown_diameter":29.14},"id":"13835"},{"type":"Feature","geometry":{"type":"Point","coordinates":[1827130.2676326663,2187075.8627550933]},"properties":{"height":15.0,"crown_diameter":10.0},"id":"13836"},{"type":"Feature","geometry":{"type":"Point","coordinates":[1827142.2699624407,2187040.676419664]},"properties":{"height":40.13,"crown_diameter":28.08},"id":"13837"},{"type":"Feature","geometry":{"type":"Point","coordinates":[1827125.6402354578,2187060.1222895184]},"properties":{"height":15.0,"crown_diameter":10.0},"id":"13838"},{"type":"Feature","geometry":{"type":"Point","coordinates":[1827147.3873767196,2187051.388935567]},"properties":{"height":41.64,"crown_diameter":29.14},"id":"13839"},{"type":"Feature","geometry":{"type":"Point","coordinates":[1827148.9719360075,2187038.7715442805]},"properties":{"height":44.67,"crown_diameter":31.26},"id":"13840"},{"type":"Feature","geometry":{"type":"Point","coordinates":[1827161.510428698,2187015.379811558]},"properties":{"height":15.0,"crown_diameter":10.0},"id":"13841"},{"type":"Feature","geometry":{"type":"Point","coordinates":[1827155.8652190831,2187043.7814850486]},"properties":{"height":46.19,"crown_diameter":32.34},"id":"13842"},{"type":"Feature","geometry":{"type":"Point","coordinates":[1827153.486963063,2187052.218637751]},"properties":{"height":41.64,"crown_diameter":29.14},"id":"13843"},{"type":"Feature","geometry":{"type":"Point","coordinates":[1827154.2975871945,2187037.2322638356]},"properties":{"height":44.67,"crown_diameter":31.26},"id":"13844"},{"type":"Feature","geometry":{"type":"Point","coordinates":[1827145.1387943937,2187076.4037078954]},"properties":{"height":15.0,"crown_diameter":10.0},"id":"13845"},{"type":"Feature","geometry":{"type":"Point","coordinates":[1827150.0424970868,2187072.2793415315]},"properties":{"height":15.0,"crown_diameter":10.0},"id":"13846"},{"type":"Feature","geometry":{"type":"Point","coordinates":[1827161.3250717337,2187042.1473061116]},"properties":{"height":46.19,"crown_diameter":32.34},"id":"13847"},{"type":"Feature","geometry":{"type":"Point","coordinates":[1827201.0589814954,2187037.152886964]},"properties":{"height":46.19,"crown_diameter":32.34},"id":"13848"},{"type":"Feature","geometry":{"type":"Point","coordinates":[1827193.1902766074,2187032.9598225765]},"properties":{"height":46.19,"crown_diameter":32.34},"id":"13849"},{"type":"Feature","geometry":{"type":"Point","coordinates":[1827191.1768564447,2187040.6891002855]},"properties":{"height":46.19,"crown_diameter":32.34},"id":"13850"},{"type":"Feature","geometry":{"type":"Point","coordinates":[1827185.3317551364,2187075.2573657986]},"properties":{"height":15.0,"crown_diameter":10.0},"id":"13851"},{"type":"Feature","geometry":{"type":"Point","coordinates":[1827186.8197146766,2187034.735758201]},"properties":{"height":46.19,"crown_diameter":32.34},"id":"13852"},{"type":"Feature","geometry":{"type":"Point","coordinates":[1827195.3697961837,2187050.2168842745]},"properties":{"height":35.58,"crown_diameter":24.9},"id":"13853"},{"type":"Feature","geometry":{"type":"Point","coordinates":[1827186.4796509626,2187028.050491853]},"properties":{"height":46.19,"crown_diameter":32.34},"id":"13854"},{"type":"Feature","geometry":{"type":"Point","coordinates":[1827185.741859792,2187042.145015803]},"properties":{"height":43.16,"crown_diameter":30.2},"id":"13855"},{"type":"Feature","geometry":{"type":"Point","coordinates":[1827209.88273207,2187001.7341793454]},"properties":{"height":15.0,"crown_diameter":10.0},"id":"13856"},{"type":"Feature","geometry":{"type":"Point","coordinates":[1827204.5696145515,2187022.861279373]},"properties":{"height":40.13,"crown_diameter":28.08},"id":"13857"},{"type":"Feature","geometry":{"type":"Point","coordinates":[1827204.0431349755,2187029.7562820697]},"properties":{"height":43.16,"crown_diameter":30.2},"id":"13859"},{"type":"Feature","geometry":{"type":"Point","coordinates":[1827198.5905495973,2187031.3231100296]},"properties":{"height":44.67,"crown_diameter":31.26},"id":"13860"},{"type":"Feature","geometry":{"type":"Point","coordinates":[1827196.0836170749,2187038.9934454532]},"properties":{"height":46.19,"crown_diameter":32.34},"id":"13861"},{"type":"Feature","geometry":{"type":"Point","coordinates":[1827197.371099367,2187024.902077322]},"properties":{"height":41.64,"crown_diameter":29.14},"id":"13862"},{"type":"Feature","geometry":{"type":"Point","coordinates":[1827202.3360422635,2187003.8654073556]},"properties":{"height":15.0,"crown_diameter":10.0},"id":"13863"},{"type":"Feature","geometry":{"type":"Point","coordinates":[1827119.0491207927,2187047.381973336]},"properties":{"height":15.0,"crown_diameter":10.0},"id":"13864"},{"type":"Feature","geometry":{"type":"Point","coordinates":[1827121.2376959636,2187059.24435206]},"properties":{"height":15.0,"crown_diameter":10.0},"id":"13865"},{"type":"Feature","geometry":{"type":"Point","coordinates":[1827212.0481869131,2187033.8089331235]},"properties":{"height":43.16,"crown_diameter":30.2},"id":"13867"},{"type":"Feature","geometry":{"type":"Point","coordinates":[1827093.6813070336,2187066.7563430322]},"properties":{"height":26.49,"crown_diameter":18.54},"id":"13868"},{"type":"Feature","geometry":{"type":"Point","coordinates":[1827215.1481167322,2187026.3591059474]},"properties":{"height":38.61,"crown_diameter":27.02},"id":"13876"},{"type":"Feature","geometry":{"type":"Point","coordinates":[1827180.7840202018,2187036.4411410475]},"properties":{"height":46.19,"crown_diameter":32.34},"id":"13877"},{"type":"Feature","geometry":{"type":"Point","coordinates":[1827206.5257127779,2187035.416795394]},"properties":{"height":44.67,"crown_diameter":31.26},"id":"13878"},{"type":"Feature","geometry":{"type":"Point","coordinates":[1827209.5776161207,2187028.024674319]},"properties":{"height":43.16,"crown_diameter":30.2},"id":"13879"},{"type":"Feature","geometry":{"type":"Point","coordinates":[1827212.8143187277,2187020.469043278]},"properties":{"height":37.1,"crown_diameter":25.96},"id":"13880"},{"type":"Feature","geometry":{"type":"Point","coordinates":[1827209.9709047673,2187050.8092768434]},"properties":{"height":37.1,"crown_diameter":25.96},"id":"13881"},{"type":"Feature","geometry":{"type":"Point","coordinates":[1827151.8957140401,2187083.7403976526]},"properties":{"height":15.0,"crown_diameter":10.0},"id":"13886"},{"type":"Feature","geometry":{"type":"Point","coordinates":[1827174.1180489117,2187038.4120246484]},"properties":{"height":46.19,"crown_diameter":32.34},"id":"13888"},{"type":"Feature","geometry":{"type":"Point","coordinates":[1827173.8690056764,2187046.062920095]},"properties":{"height":38.61,"crown_diameter":27.02},"id":"13889"},{"type":"Feature","geometry":{"type":"Point","coordinates":[1827180.9863378047,2187029.607718586]},"properties":{"height":46.19,"crown_diameter":32.34},"id":"13890"},{"type":"Feature","geometry":{"type":"Point","coordinates":[1827190.6342024442,2187007.167767437]},"properties":{"height":15.0,"crown_diameter":10.0},"id":"13891"},{"type":"Feature","geometry":{"type":"Point","coordinates":[1827170.878478477,2187012.7463504164]},"properties":{"height":15.0,"crown_diameter":10.0},"id":"13892"},{"type":"Feature","geometry":{"type":"Point","coordinates":[1827172.307320673,2187032.1276178327]},"properties":{"height":46.19,"crown_diameter":32.34},"id":"13893"},{"type":"Feature","geometry":{"type":"Point","coordinates":[1827177.1084136958,2187010.983237117]},"properties":{"height":15.0,"crown_diameter":10.0},"id":"13894"},{"type":"Feature","geometry":{"type":"Point","coordinates":[1827167.0795607136,2187048.1197352596]},"properties":{"height":43.16,"crown_diameter":30.2},"id":"13895"},{"type":"Feature","geometry":{"type":"Point","coordinates":[1827162.055497019,2187067.220780253]},"properties":{"height":15.0,"crown_diameter":10.0},"id":"13896"},{"type":"Feature","geometry":{"type":"Point","coordinates":[1827166.6541558118,2187040.6663787356]},"properties":{"height":46.19,"crown_diameter":32.34},"id":"13899"},{"type":"Feature","geometry":{"type":"Point","coordinates":[1827163.762512365,2187034.55262321]},"properties":{"height":47.7,"crown_diameter":33.4},"id":"13900"},{"type":"Feature","geometry":{"type":"Point","coordinates":[1827160.1254733175,2187049.9996138765]},"properties":{"height":43.16,"crown_diameter":30.2},"id":"13901"},{"type":"Feature","geometry":{"type":"Point","coordinates":[1827055.0683843666,2187349.7471402055]},"properties":{"height":29.52,"crown_diameter":20.66},"id":"13918"},{"type":"Feature","geometry":{"type":"Point","coordinates":[1827043.3390083404,2187329.810581935]},"properties":{"height":15.0,"crown_diameter":10.0},"id":"13979"},{"type":"Feature","geometry":{"type":"Point","coordinates":[1827059.9812288482,2187322.7721539955]},"properties":{"height":38.61,"crown_diameter":27.02},"id":"13980"},{"type":"Feature","geometry":{"type":"Point","coordinates":[1827058.0523685894,2187334.261126979]},"properties":{"height":38.61,"crown_diameter":27.02},"id":"13981"},{"type":"Feature","geometry":{"type":"Point","coordinates":[1827059.5997546513,2187340.2762282165]},"properties":{"height":35.58,"crown_diameter":24.9},"id":"13983"},{"type":"Feature","geometry":{"type":"Point","coordinates":[1827065.2258716465,2187360.820627688]},"properties":{"height":28.0,"crown_diameter":19.6},"id":"13984"},{"type":"Feature","geometry":{"type":"Point","coordinates":[1827052.8560042267,2187342.286319922]},"properties":{"height":35.58,"crown_diameter":24.9},"id":"13985"},{"type":"Feature","geometry":{"type":"Point","coordinates":[1827057.7974102492,2187359.792379167]},"properties":{"height":15.0,"crown_diameter":10.0},"id":"13987"},{"type":"Feature","geometry":{"type":"Point","coordinates":[1827061.066959054,2187345.9387055966]},"properties":{"height":35.58,"crown_diameter":24.9},"id":"13988"},{"type":"Feature","geometry":{"type":"Point","coordinates":[1827062.414107141,2187350.8709262055]},"properties":{"height":28.0,"crown_diameter":19.6},"id":"13989"},{"type":"Feature","geometry":{"type":"Point","coordinates":[1827133.2911577956,2187347.6803445304]},"properties":{"height":43.16,"crown_diameter":30.2},"id":"13990"},{"type":"Feature","geometry":{"type":"Point","coordinates":[1827059.9816627565,2187271.2441970347]},"properties":{"height":40.13,"crown_diameter":28.08},"id":"13991"},{"type":"Feature","geometry":{"type":"Point","coordinates":[1827048.8949067106,2187301.42241721]},"properties":{"height":40.13,"crown_diameter":28.08},"id":"13992"},{"type":"Feature","geometry":{"type":"Point","coordinates":[1827069.3932712283,2187283.729592007]},"properties":{"height":41.64,"crown_diameter":29.14},"id":"13995"},{"type":"Feature","geometry":{"type":"Point","coordinates":[1827050.545213301,2187307.220157729]},"properties":{"height":40.13,"crown_diameter":28.08},"id":"13996"},{"type":"Feature","geometry":{"type":"Point","coordinates":[1827135.8418355568,2187327.1440606765]},"properties":{"height":46.19,"crown_diameter":32.34},"id":"13997"},{"type":"Feature","geometry":{"type":"Point","coordinates":[1827155.1172715635,2187264.020946212]},"properties":{"height":31.04,"crown_diameter":21.72},"id":"13998"},{"type":"Feature","geometry":{"type":"Point","coordinates":[1827146.821347762,2187266.412593522]},"properties":{"height":21.94,"crown_diameter":15.36},"id":"13999"},{"type":"Feature","geometry":{"type":"Point","coordinates":[1827051.7620437625,2187312.1216175663]},"properties":{"height":35.58,"crown_diameter":24.9},"id":"14000"},{"type":"Feature","geometry":{"type":"Point","coordinates":[1827134.030352328,2187335.8760603443]},"properties":{"height":46.19,"crown_diameter":32.34},"id":"14001"},{"type":"Feature","geometry":{"type":"Point","coordinates":[1827128.3982663753,2187356.1683676946]},"properties":{"height":40.13,"crown_diameter":28.08},"id":"14002"},{"type":"Feature","geometry":{"type":"Point","coordinates":[1827089.6890746623,2187294.0429247813]},"properties":{"height":41.64,"crown_diameter":29.14},"id":"14003"},{"type":"Feature","geometry":{"type":"Point","coordinates":[1827082.0155173144,2187339.0191193223]},"properties":{"height":23.46,"crown_diameter":16.42},"id":"14004"},{"type":"Feature","geometry":{"type":"Point","coordinates":[1827083.1705822018,2187345.2753387424]},"properties":{"height":18.91,"crown_diameter":13.24},"id":"14005"},{"type":"Feature","geometry":{"type":"Point","coordinates":[1827095.0291711034,2187298.0534081147]},"properties":{"height":31.04,"crown_diameter":21.72},"id":"14006"},{"type":"Feature","geometry":{"type":"Point","coordinates":[1827088.9680794016,2187335.9421574455]},"properties":{"height":29.52,"crown_diameter":20.66},"id":"14007"},{"type":"Feature","geometry":{"type":"Point","coordinates":[1827080.1728448118,2187369.9291416486]},"properties":{"height":15.0,"crown_diameter":10.0},"id":"14008"},{"type":"Feature","geometry":{"type":"Point","coordinates":[1827125.3357017443,2187364.4439907335]},"properties":{"height":18.91,"crown_diameter":13.24},"id":"14009"},{"type":"Feature","geometry":{"type":"Point","coordinates":[1827136.358082565,2187261.4805983743]},"properties":{"height":15.0,"crown_diameter":10.0},"id":"14010"},{"type":"Feature","geometry":{"type":"Point","coordinates":[1827034.9157803499,2187250.4961040355]},"properties":{"height":44.67,"crown_diameter":31.26},"id":"14011"},{"type":"Feature","geometry":{"type":"Point","coordinates":[1827062.5043429653,2187262.012641975]},"properties":{"height":40.13,"crown_diameter":28.08},"id":"14012"},{"type":"Feature","geometry":{"type":"Point","coordinates":[1827038.456680631,2187310.742037351]},"properties":{"height":23.46,"crown_diameter":16.42},"id":"14013"},{"type":"Feature","geometry":{"type":"Point","coordinates":[1827044.7401724842,2187286.012185924]},"properties":{"height":43.16,"crown_diameter":30.2},"id":"14014"},{"type":"Feature","geometry":{"type":"Point","coordinates":[1827040.6393093623,2187297.8860966386]},"properties":{"height":41.64,"crown_diameter":29.14},"id":"14015"},{"type":"Feature","geometry":{"type":"Point","coordinates":[1827043.338104175,2187280.8023528317]},"properties":{"height":43.16,"crown_diameter":30.2},"id":"14016"},{"type":"Feature","geometry":{"type":"Point","coordinates":[1827046.0191833423,2187290.9053042503]},"properties":{"height":43.16,"crown_diameter":30.2},"id":"14017"},{"type":"Feature","geometry":{"type":"Point","coordinates":[1827043.8331732687,2187309.387337003]},"properties":{"height":37.1,"crown_diameter":25.96},"id":"14018"},{"type":"Feature","geometry":{"type":"Point","coordinates":[1827047.5211460744,2187296.311318288]},"properties":{"height":41.64,"crown_diameter":29.14},"id":"14019"},{"type":"Feature","geometry":{"type":"Point","coordinates":[1827035.246705634,2187278.2828839254]},"properties":{"height":40.13,"crown_diameter":28.08},"id":"14020"},{"type":"Feature","geometry":{"type":"Point","coordinates":[1827038.3908600756,2187289.7033451144]},"properties":{"height":41.64,"crown_diameter":29.14},"id":"14021"},{"type":"Feature","geometry":{"type":"Point","coordinates":[1827041.9424624206,2187275.455953962]},"properties":{"height":43.16,"crown_diameter":30.2},"id":"14022"},{"type":"Feature","geometry":{"type":"Point","coordinates":[1827040.6291411715,2187270.416656976]},"properties":{"height":43.16,"crown_diameter":30.2},"id":"14023"},{"type":"Feature","geometry":{"type":"Point","coordinates":[1827047.0674646508,2187251.407763137]},"properties":{"height":38.61,"crown_diameter":27.02},"id":"14024"},{"type":"Feature","geometry":{"type":"Point","coordinates":[1827039.2377875985,2187265.635111003]},"properties":{"height":41.64,"crown_diameter":29.14},"id":"14025"},{"type":"Feature","geometry":{"type":"Point","coordinates":[1827037.9261774218,2187260.7343022344]},"properties":{"height":43.16,"crown_diameter":30.2},"id":"14026"},{"type":"Feature","geometry":{"type":"Point","coordinates":[1827133.5999058716,2187253.235030697]},"properties":{"height":15.0,"crown_diameter":10.0},"id":"14027"},{"type":"Feature","geometry":{"type":"Point","coordinates":[1827032.8395927118,2187269.533372947]},"properties":{"height":44.67,"crown_diameter":31.26},"id":"14028"},{"type":"Feature","geometry":{"type":"Point","coordinates":[1827036.5335278392,2187255.630257699]},"properties":{"height":43.16,"crown_diameter":30.2},"id":"14029"},{"type":"Feature","geometry":{"type":"Point","coordinates":[1827134.781461885,2187354.3378988523]},"properties":{"height":38.61,"crown_diameter":27.02},"id":"14030"},{"type":"Feature","geometry":{"type":"Point","coordinates":[1827133.315678967,2187279.254230607]},"properties":{"height":34.07,"crown_diameter":23.84},"id":"14031"},{"type":"Feature","geometry":{"type":"Point","coordinates":[1827141.588372363,2187320.9057514034]},"properties":{"height":38.61,"crown_diameter":27.02},"id":"14032"},{"type":"Feature","geometry":{"type":"Point","coordinates":[1827139.0449567973,2187346.4032529322]},"properties":{"height":41.64,"crown_diameter":29.14},"id":"14033"},{"type":"Feature","geometry":{"type":"Point","coordinates":[1827140.7033281503,2187352.6401979327]},"properties":{"height":37.1,"crown_diameter":25.96},"id":"14034"},{"type":"Feature","geometry":{"type":"Point","coordinates":[1827137.4992647008,2187360.859409447]},"properties":{"height":31.04,"crown_diameter":21.72},"id":"14035"},{"type":"Feature","geometry":{"type":"Point","coordinates":[1827151.1448263244,2187300.4925295706]},"properties":{"height":43.16,"crown_diameter":30.2},"id":"14036"},{"type":"Feature","geometry":{"type":"Point","coordinates":[1827162.6989005178,2187261.449211723]},"properties":{"height":15.0,"crown_diameter":10.0},"id":"14037"},{"type":"Feature","geometry":{"type":"Point","coordinates":[1827106.772260173,2187362.605751617]},"properties":{"height":29.52,"crown_diameter":20.66},"id":"14043"},{"type":"Feature","geometry":{"type":"Point","coordinates":[1827103.9656869636,2187355.6950835963]},"properties":{"height":38.61,"crown_diameter":27.02},"id":"14044"},{"type":"Feature","geometry":{"type":"Point","coordinates":[1827127.4691923005,2187259.497753965]},"properties":{"height":15.0,"crown_diameter":10.0},"id":"14045"},{"type":"Feature","geometry":{"type":"Point","coordinates":[1827056.475829979,2187329.171208115]},"properties":{"height":40.13,"crown_diameter":28.08},"id":"14046"},{"type":"Feature","geometry":{"type":"Point","coordinates":[1827131.1071165013,2187244.3386691087]},"properties":{"height":15.0,"crown_diameter":10.0},"id":"14047"},{"type":"Feature","geometry":{"type":"Point","coordinates":[1827125.9351473374,2187272.7024015808]},"properties":{"height":28.0,"crown_diameter":19.6},"id":"14048"},{"type":"Feature","geometry":{"type":"Point","coordinates":[1827128.8514979805,2187263.7708858014]},"properties":{"height":15.0,"crown_diameter":10.0},"id":"14049"},{"type":"Feature","geometry":{"type":"Point","coordinates":[1827132.6266276871,2187248.759253537]},"properties":{"height":15.0,"crown_diameter":10.0},"id":"14050"},{"type":"Feature","geometry":{"type":"Point","coordinates":[1827126.199218289,2187255.5503155515]},"properties":{"height":15.0,"crown_diameter":10.0},"id":"14051"},{"type":"Feature","geometry":{"type":"Point","coordinates":[1827120.4544237223,2187274.3891731175]},"properties":{"height":29.52,"crown_diameter":20.66},"id":"14053"},{"type":"Feature","geometry":{"type":"Point","coordinates":[1827098.486304142,2187364.9192234236]},"properties":{"height":15.0,"crown_diameter":10.0},"id":"14057"},{"type":"Feature","geometry":{"type":"Point","coordinates":[1827125.0192797869,2187251.440015955]},"properties":{"height":15.0,"crown_diameter":10.0},"id":"14061"},{"type":"Feature","geometry":{"type":"Point","coordinates":[1827117.2379349605,2187275.2640244327]},"properties":{"height":28.0,"crown_diameter":19.6},"id":"14065"},{"type":"Feature","geometry":{"type":"Point","coordinates":[1827114.4334762779,2187275.9599545766]},"properties":{"height":29.52,"crown_diameter":20.66},"id":"14066"},{"type":"Feature","geometry":{"type":"Point","coordinates":[1827123.7008489599,2187246.4225019217]},"properties":{"height":15.0,"crown_diameter":10.0},"id":"14067"},{"type":"Feature","geometry":{"type":"Point","coordinates":[1827112.5118684883,2187295.9082594654]},"properties":{"height":20.43,"crown_diameter":14.3},"id":"14068"},{"type":"Feature","geometry":{"type":"Point","coordinates":[1827099.6456272898,2187346.5976088177]},"properties":{"height":41.64,"crown_diameter":29.14},"id":"14069"},{"type":"Feature","geometry":{"type":"Point","coordinates":[1827091.8450106399,2187353.778006907]},"properties":{"height":29.52,"crown_diameter":20.66},"id":"14070"},{"type":"Feature","geometry":{"type":"Point","coordinates":[1827102.4624172954,2187301.867488956]},"properties":{"height":15.0,"crown_diameter":10.0},"id":"14071"},{"type":"Feature","geometry":{"type":"Point","coordinates":[1827124.9143192533,2187292.3685094994]},"properties":{"height":15.0,"crown_diameter":10.0},"id":"14073"},{"type":"Feature","geometry":{"type":"Point","coordinates":[1827127.944716219,2187280.6216929588]},"properties":{"height":31.04,"crown_diameter":21.72},"id":"14074"},{"type":"Feature","geometry":{"type":"Point","coordinates":[1827134.7665478685,2187256.9279438537]},"properties":{"height":15.0,"crown_diameter":10.0},"id":"14075"},{"type":"Feature","geometry":{"type":"Point","coordinates":[1827116.3213392862,2187322.801561445]},"properties":{"height":15.0,"crown_diameter":10.0},"id":"14076"},{"type":"Feature","geometry":{"type":"Point","coordinates":[1827114.4524256317,2187333.4531744844]},"properties":{"height":41.64,"crown_diameter":29.14},"id":"14077"},{"type":"Feature","geometry":{"type":"Point","coordinates":[1827110.1962390703,2187354.2198072365]},"properties":{"height":41.64,"crown_diameter":29.14},"id":"14078"},{"type":"Feature","geometry":{"type":"Point","coordinates":[1827107.1139641365,2187369.429473253]},"properties":{"height":15.0,"crown_diameter":10.0},"id":"14079"},{"type":"Feature","geometry":{"type":"Point","coordinates":[1827112.715120102,2187360.8554534577]},"properties":{"height":32.55,"crown_diameter":22.78},"id":"14080"},{"type":"Feature","geometry":{"type":"Point","coordinates":[1827118.3857558214,2187340.836904143]},"properties":{"height":44.67,"crown_diameter":31.26},"id":"14081"},{"type":"Feature","geometry":{"type":"Point","coordinates":[1827116.1489662386,2187352.609922172]},"properties":{"height":43.16,"crown_diameter":30.2},"id":"14082"},{"type":"Feature","geometry":{"type":"Point","coordinates":[1827124.7565357315,2187330.131629552]},"properties":{"height":43.16,"crown_diameter":30.2},"id":"14083"},{"type":"Feature","geometry":{"type":"Point","coordinates":[1827117.913249443,2187359.3091198094]},"properties":{"height":35.58,"crown_diameter":24.9},"id":"14084"},{"type":"Feature","geometry":{"type":"Point","coordinates":[1827128.2465086812,2187349.3779646084]},"properties":{"height":43.16,"crown_diameter":30.2},"id":"14085"},{"type":"Feature","geometry":{"type":"Point","coordinates":[1827122.9231610522,2187357.8679568195]},"properties":{"height":37.1,"crown_diameter":25.96},"id":"14086"},{"type":"Feature","geometry":{"type":"Point","coordinates":[1827113.5207394352,2187308.942100746]},"properties":{"height":15.0,"crown_diameter":10.0},"id":"14087"},{"type":"Feature","geometry":{"type":"Point","coordinates":[1827053.4513616012,2187318.227746935]},"properties":{"height":32.55,"crown_diameter":22.78},"id":"14093"},{"type":"Feature","geometry":{"type":"Point","coordinates":[1827055.1248100344,2187324.146021033]},"properties":{"height":37.1,"crown_diameter":25.96},"id":"14094"},{"type":"Feature","geometry":{"type":"Point","coordinates":[1827051.2082878125,2187336.259049337]},"properties":{"height":34.07,"crown_diameter":23.84},"id":"14096"},{"type":"Feature","geometry":{"type":"Point","coordinates":[1827056.718370862,2187311.381193522]},"properties":{"height":34.07,"crown_diameter":23.84},"id":"14097"},{"type":"Feature","geometry":{"type":"Point","coordinates":[1827117.5522291814,2187366.6689138752]},"properties":{"height":18.91,"crown_diameter":13.24},"id":"14098"},{"type":"Feature","geometry":{"type":"Point","coordinates":[1827139.698494028,2187288.320755393]},"properties":{"height":34.07,"crown_diameter":23.84},"id":"14099"},{"type":"Feature","geometry":{"type":"Point","coordinates":[1827122.0862614377,2187351.06544038]},"properties":{"height":43.16,"crown_diameter":30.2},"id":"14100"},{"type":"Feature","geometry":{"type":"Point","coordinates":[1827137.6181961144,2187277.9683023286]},"properties":{"height":37.1,"crown_diameter":25.96},"id":"14101"},{"type":"Feature","geometry":{"type":"Point","coordinates":[1827036.620609016,2187399.1997351125]},"properties":{"height":21.94,"crown_diameter":15.36},"id":"14102"},{"type":"Feature","geometry":{"type":"Point","coordinates":[1827079.7689983582,2187397.4389859596]},"properties":{"height":15.0,"crown_diameter":10.0},"id":"14103"},{"type":"Feature","geometry":{"type":"Point","coordinates":[1827044.0339573857,2187385.8982770634]},"properties":{"height":15.0,"crown_diameter":10.0},"id":"14104"},{"type":"Feature","geometry":{"type":"Point","coordinates":[1827084.4683559658,2187459.0401060292]},"properties":{"height":15.0,"crown_diameter":10.0},"id":"14105"},{"type":"Feature","geometry":{"type":"Point","coordinates":[1827085.556622086,2187395.6175172715]},"properties":{"height":15.0,"crown_diameter":10.0},"id":"14106"},{"type":"Feature","geometry":{"type":"Point","coordinates":[1827079.952892985,2187442.0257656192]},"properties":{"height":15.0,"crown_diameter":10.0},"id":"14109"},{"type":"Feature","geometry":{"type":"Point","coordinates":[1827082.7143959682,2187452.078693516]},"properties":{"height":15.0,"crown_diameter":10.0},"id":"14110"},{"type":"Feature","geometry":{"type":"Point","coordinates":[1827080.8639062494,2187465.0935683027]},"properties":{"height":15.0,"crown_diameter":10.0},"id":"14111"},{"type":"Feature","geometry":{"type":"Point","coordinates":[1827073.802010333,2187494.5416287514]},"properties":{"height":15.0,"crown_diameter":10.0},"id":"14112"},{"type":"Feature","geometry":{"type":"Point","coordinates":[1827066.338578153,2187469.2484610197]},"properties":{"height":15.0,"crown_diameter":10.0},"id":"14113"},{"type":"Feature","geometry":{"type":"Point","coordinates":[1827062.3898628925,2187476.578494364]},"properties":{"height":15.0,"crown_diameter":10.0},"id":"14114"},{"type":"Feature","geometry":{"type":"Point","coordinates":[1827064.0208177113,2187460.704117394]},"properties":{"height":20.43,"crown_diameter":14.3},"id":"14115"},{"type":"Feature","geometry":{"type":"Point","coordinates":[1827102.033866677,2187465.142036636]},"properties":{"height":15.0,"crown_diameter":10.0},"id":"14116"},{"type":"Feature","geometry":{"type":"Point","coordinates":[1827093.701567508,2187489.952140696]},"properties":{"height":28.0,"crown_diameter":19.6},"id":"14117"},{"type":"Feature","geometry":{"type":"Point","coordinates":[1827057.4159172755,2187379.920028967]},"properties":{"height":15.0,"crown_diameter":10.0},"id":"14118"},{"type":"Feature","geometry":{"type":"Point","coordinates":[1827072.4460552887,2187413.673016379]},"properties":{"height":15.88,"crown_diameter":11.12},"id":"14119"},{"type":"Feature","geometry":{"type":"Point","coordinates":[1827057.3564590078,2187436.1058693295]},"properties":{"height":15.0,"crown_diameter":10.0},"id":"14120"},{"type":"Feature","geometry":{"type":"Point","coordinates":[1827042.5117491083,2187482.461899218]},"properties":{"height":15.0,"crown_diameter":10.0},"id":"14121"},{"type":"Feature","geometry":{"type":"Point","coordinates":[1827055.1492820613,2187427.9673607214]},"properties":{"height":15.0,"crown_diameter":10.0},"id":"14122"},{"type":"Feature","geometry":{"type":"Point","coordinates":[1827053.1886267513,2187420.7155346433]},"properties":{"height":15.0,"crown_diameter":10.0},"id":"14123"},{"type":"Feature","geometry":{"type":"Point","coordinates":[1827048.057929579,2187480.8250834793]},"properties":{"height":17.4,"crown_diameter":12.18},"id":"14124"},{"type":"Feature","geometry":{"type":"Point","coordinates":[1827058.3352803632,2187439.7199211945]},"properties":{"height":15.0,"crown_diameter":10.0},"id":"14125"},{"type":"Feature","geometry":{"type":"Point","coordinates":[1827059.997515353,2187445.831175028]},"properties":{"height":15.0,"crown_diameter":10.0},"id":"14126"},{"type":"Feature","geometry":{"type":"Point","coordinates":[1827053.9008011608,2187479.097196476]},"properties":{"height":15.0,"crown_diameter":10.0},"id":"14127"},{"type":"Feature","geometry":{"type":"Point","coordinates":[1827062.0035960977,2187453.2548238705]},"properties":{"height":15.0,"crown_diameter":10.0},"id":"14128"},{"type":"Feature","geometry":{"type":"Point","coordinates":[1827034.1500383038,2187484.769029429]},"properties":{"height":15.0,"crown_diameter":10.0},"id":"14129"},{"type":"Feature","geometry":{"type":"Point","coordinates":[1827051.095053575,2187413.006583499]},"properties":{"height":15.88,"crown_diameter":11.12},"id":"14130"},{"type":"Feature","geometry":{"type":"Point","coordinates":[1827098.6053584977,2187508.8187186494]},"properties":{"height":15.0,"crown_diameter":10.0},"id":"14132"},{"type":"Feature","geometry":{"type":"Point","coordinates":[1827100.6319442205,2187516.5924377637]},"properties":{"height":18.91,"crown_diameter":13.24},"id":"14136"},{"type":"Feature","geometry":{"type":"Point","coordinates":[1827096.2370701418,2187499.6870816434]},"properties":{"height":15.0,"crown_diameter":10.0},"id":"14138"},{"type":"Feature","geometry":{"type":"Point","coordinates":[1826903.6746355204,2187964.3415329778]},"properties":{"height":15.0,"crown_diameter":10.0},"id":"14174"},{"type":"Feature","geometry":{"type":"Point","coordinates":[1826951.824977287,2188007.3955269996]},"properties":{"height":26.49,"crown_diameter":18.54},"id":"14183"},{"type":"Feature","geometry":{"type":"Point","coordinates":[1826875.4021683002,2187972.8236326007]},"properties":{"height":15.0,"crown_diameter":10.0},"id":"14185"},{"type":"Feature","geometry":{"type":"Point","coordinates":[1826930.1479686133,2188008.48167949]},"properties":{"height":15.0,"crown_diameter":10.0},"id":"14209"},{"type":"Feature","geometry":{"type":"Point","coordinates":[1826895.2388164594,2188041.1497448506]},"properties":{"height":15.0,"crown_diameter":10.0},"id":"14224"},{"type":"Feature","geometry":{"type":"Point","coordinates":[1826868.645443914,2188143.3373068627]},"properties":{"height":15.0,"crown_diameter":10.0},"id":"14225"},{"type":"Feature","geometry":{"type":"Point","coordinates":[1826887.5687285955,2188043.7351703183]},"properties":{"height":15.0,"crown_diameter":10.0},"id":"14228"},{"type":"Feature","geometry":{"type":"Point","coordinates":[1826843.9953611437,2188106.704345659]},"properties":{"height":23.46,"crown_diameter":16.42},"id":"14258"},{"type":"Feature","geometry":{"type":"Point","coordinates":[1826880.262630537,2188045.543490104]},"properties":{"height":15.0,"crown_diameter":10.0},"id":"14266"},{"type":"Feature","geometry":{"type":"Point","coordinates":[1826872.427933495,2188047.7333655967]},"properties":{"height":15.0,"crown_diameter":10.0},"id":"14267"},{"type":"Feature","geometry":{"type":"Point","coordinates":[1826847.3790053956,2188118.2733251182]},"properties":{"height":15.0,"crown_diameter":10.0},"id":"14268"},{"type":"Feature","geometry":{"type":"Point","coordinates":[1826851.8711461055,2188065.3893038305]},"properties":{"height":15.0,"crown_diameter":10.0},"id":"14270"},{"type":"Feature","geometry":{"type":"Point","coordinates":[1826846.2855982147,2188054.405330278]},"properties":{"height":15.0,"crown_diameter":10.0},"id":"14271"},{"type":"Feature","geometry":{"type":"Point","coordinates":[1826808.7883173095,2188102.7795405625]},"properties":{"height":15.0,"crown_diameter":10.0},"id":"14390"},{"type":"Feature","geometry":{"type":"Point","coordinates":[1826805.2511412709,2188089.5288794674]},"properties":{"height":15.0,"crown_diameter":10.0},"id":"14391"},{"type":"Feature","geometry":{"type":"Point","coordinates":[1826807.2878822458,2188097.040233069]},"properties":{"height":21.94,"crown_diameter":15.36},"id":"14392"},{"type":"Feature","geometry":{"type":"Point","coordinates":[1826823.581717468,2188032.0055363863]},"properties":{"height":15.0,"crown_diameter":10.0},"id":"14393"},{"type":"Feature","geometry":{"type":"Point","coordinates":[1826819.895718205,2188019.20303677]},"properties":{"height":18.91,"crown_diameter":13.24},"id":"14394"},{"type":"Feature","geometry":{"type":"Point","coordinates":[1826825.7402343054,2188039.511113492]},"properties":{"height":15.0,"crown_diameter":10.0},"id":"14395"},{"type":"Feature","geometry":{"type":"Point","coordinates":[1826828.1448184485,2188047.8687372436]},"properties":{"height":32.55,"crown_diameter":22.78},"id":"14397"},{"type":"Feature","geometry":{"type":"Point","coordinates":[1826795.7262583924,2188054.026242315]},"properties":{"height":15.0,"crown_diameter":10.0},"id":"14398"},{"type":"Feature","geometry":{"type":"Point","coordinates":[1826792.1191271737,2188041.6911429497]},"properties":{"height":15.0,"crown_diameter":10.0},"id":"14399"},{"type":"Feature","geometry":{"type":"Point","coordinates":[1826788.774347938,2188029.337413622]},"properties":{"height":15.0,"crown_diameter":10.0},"id":"14400"},{"type":"Feature","geometry":{"type":"Point","coordinates":[1826786.6145080018,2188021.2907215175]},"properties":{"height":15.0,"crown_diameter":10.0},"id":"14401"},{"type":"Feature","geometry":{"type":"Point","coordinates":[1826783.57537308,2188011.103373868]},"properties":{"height":15.0,"crown_diameter":10.0},"id":"14403"},{"type":"Feature","geometry":{"type":"Point","coordinates":[1826817.8341608448,2188135.9023173484]},"properties":{"height":15.0,"crown_diameter":10.0},"id":"14406"},{"type":"Feature","geometry":{"type":"Point","coordinates":[1826815.165134135,2188126.0784477624]},"properties":{"height":15.0,"crown_diameter":10.0},"id":"14407"},{"type":"Feature","geometry":{"type":"Point","coordinates":[1826813.2360204002,2188118.9492010353]},"properties":{"height":15.0,"crown_diameter":10.0},"id":"14408"},{"type":"Feature","geometry":{"type":"Point","coordinates":[1826829.4716445694,2188052.4854334043]},"properties":{"height":32.55,"crown_diameter":22.78},"id":"14409"},{"type":"Feature","geometry":{"type":"Point","coordinates":[1826658.6698550645,2187761.272408863]},"properties":{"height":15.0,"crown_diameter":10.0},"id":"14410"},{"type":"Feature","geometry":{"type":"Point","coordinates":[1826818.4304015827,2188014.1164009874]},"properties":{"height":15.0,"crown_diameter":10.0},"id":"14411"},{"type":"Feature","geometry":{"type":"Point","coordinates":[1826761.8406932494,2187947.4273968134]},"properties":{"height":15.0,"crown_diameter":10.0},"id":"14412"},{"type":"Feature","geometry":{"type":"Point","coordinates":[1826815.2999860242,2188000.708585232]},"properties":{"height":15.0,"crown_diameter":10.0},"id":"14413"},{"type":"Feature","geometry":{"type":"Point","coordinates":[1826816.3961902696,2188005.719616688]},"properties":{"height":15.0,"crown_diameter":10.0},"id":"14414"},{"type":"Feature","geometry":{"type":"Point","coordinates":[1826802.6238301683,2187965.2217214247]},"properties":{"height":15.0,"crown_diameter":10.0},"id":"14415"},{"type":"Feature","geometry":{"type":"Point","coordinates":[1826794.4923472106,2187938.8622026048]},"properties":{"height":15.0,"crown_diameter":10.0},"id":"14416"},{"type":"Feature","geometry":{"type":"Point","coordinates":[1826798.9428743136,2187953.7092042607]},"properties":{"height":24.97,"crown_diameter":17.48},"id":"14417"},{"type":"Feature","geometry":{"type":"Point","coordinates":[1826791.6113493033,2187930.3001210582]},"properties":{"height":15.0,"crown_diameter":10.0},"id":"14418"},{"type":"Feature","geometry":{"type":"Point","coordinates":[1826772.227285587,2187976.1831512563]},"properties":{"height":15.0,"crown_diameter":10.0},"id":"14419"},{"type":"Feature","geometry":{"type":"Point","coordinates":[1826770.1557209434,2187970.458670728]},"properties":{"height":15.0,"crown_diameter":10.0},"id":"14420"},{"type":"Feature","geometry":{"type":"Point","coordinates":[1826756.6669311728,2187882.8920239625]},"properties":{"height":21.94,"crown_diameter":15.36},"id":"14421"},{"type":"Feature","geometry":{"type":"Point","coordinates":[1826773.6606870648,2187882.7637026515]},"properties":{"height":15.0,"crown_diameter":10.0},"id":"14422"},{"type":"Feature","geometry":{"type":"Point","coordinates":[1826741.5667948534,2187790.02797566]},"properties":{"height":15.0,"crown_diameter":10.0},"id":"14423"},{"type":"Feature","geometry":{"type":"Point","coordinates":[1826770.9356838937,2187874.7792730597]},"properties":{"height":15.0,"crown_diameter":10.0},"id":"14424"},{"type":"Feature","geometry":{"type":"Point","coordinates":[1826758.3307396905,2187937.7043073336]},"properties":{"height":18.91,"crown_diameter":13.24},"id":"14425"},{"type":"Feature","geometry":{"type":"Point","coordinates":[1826767.42395012,2187864.4804230896]},"properties":{"height":15.0,"crown_diameter":10.0},"id":"14426"},{"type":"Feature","geometry":{"type":"Point","coordinates":[1826764.3027784924,2187855.3323728084]},"properties":{"height":15.0,"crown_diameter":10.0},"id":"14427"},{"type":"Feature","geometry":{"type":"Point","coordinates":[1826766.6149298036,2187960.6477475036]},"properties":{"height":15.0,"crown_diameter":10.0},"id":"14428"},{"type":"Feature","geometry":{"type":"Point","coordinates":[1826763.78623177,2187952.811446998]},"properties":{"height":15.0,"crown_diameter":10.0},"id":"14429"},{"type":"Feature","geometry":{"type":"Point","coordinates":[1826744.340503423,2187896.7064288557]},"properties":{"height":24.97,"crown_diameter":17.48},"id":"14430"},{"type":"Feature","geometry":{"type":"Point","coordinates":[1826761.603471148,2187847.4575762856]},"properties":{"height":15.0,"crown_diameter":10.0},"id":"14431"},{"type":"Feature","geometry":{"type":"Point","coordinates":[1826764.6565397568,2187827.0860283165]},"properties":{"height":15.0,"crown_diameter":10.0},"id":"14432"},{"type":"Feature","geometry":{"type":"Point","coordinates":[1826767.7624480396,2187814.9083074047]},"properties":{"height":20.43,"crown_diameter":14.3},"id":"14433"},{"type":"Feature","geometry":{"type":"Point","coordinates":[1826757.1720630864,2187834.6058204295]},"properties":{"height":15.0,"crown_diameter":10.0},"id":"14434"},{"type":"Feature","geometry":{"type":"Point","coordinates":[1826728.7500376361,2187853.524414104]},"properties":{"height":17.4,"crown_diameter":12.18},"id":"14435"},{"type":"Feature","geometry":{"type":"Point","coordinates":[1826675.2646628655,2187755.9598388835]},"properties":{"height":15.0,"crown_diameter":10.0},"id":"14436"},{"type":"Feature","geometry":{"type":"Point","coordinates":[1826725.7557337396,2187845.2233130145]},"properties":{"height":23.46,"crown_diameter":16.42},"id":"14437"},{"type":"Feature","geometry":{"type":"Point","coordinates":[1826714.2853913559,2187762.5326581574]},"properties":{"height":15.0,"crown_diameter":10.0},"id":"14438"},{"type":"Feature","geometry":{"type":"Point","coordinates":[1826782.765601793,2187957.089021584]},"properties":{"height":21.94,"crown_diameter":15.36},"id":"14439"},{"type":"Feature","geometry":{"type":"Point","coordinates":[1826744.2136730244,2187848.547274041]},"properties":{"height":31.04,"crown_diameter":21.72},"id":"14440"},{"type":"Feature","geometry":{"type":"Point","coordinates":[1826714.8777061198,2187814.2114646006]},"properties":{"height":15.0,"crown_diameter":10.0},"id":"14441"},{"type":"Feature","geometry":{"type":"Point","coordinates":[1826702.6274503383,2187833.4367747586]},"properties":{"height":15.0,"crown_diameter":10.0},"id":"14442"},{"type":"Feature","geometry":{"type":"Point","coordinates":[1826709.9235554568,2187800.0396926985]},"properties":{"height":15.0,"crown_diameter":10.0},"id":"14443"},{"type":"Feature","geometry":{"type":"Point","coordinates":[1826732.3188375689,2187863.3994414737]},"properties":{"height":15.0,"crown_diameter":10.0},"id":"14444"},{"type":"Feature","geometry":{"type":"Point","coordinates":[1826745.6102631083,2187801.4993992597]},"properties":{"height":15.0,"crown_diameter":10.0},"id":"14445"},{"type":"Feature","geometry":{"type":"Point","coordinates":[1826705.60092467,2187787.6739329896]},"properties":{"height":15.0,"crown_diameter":10.0},"id":"14446"},{"type":"Feature","geometry":{"type":"Point","coordinates":[1826701.6624331258,2187776.3769053314]},"properties":{"height":15.0,"crown_diameter":10.0},"id":"14447"},{"type":"Feature","geometry":{"type":"Point","coordinates":[1826685.0856543712,2187765.6877021804]},"properties":{"height":15.0,"crown_diameter":10.0},"id":"14448"},{"type":"Feature","geometry":{"type":"Point","coordinates":[1826717.1187490209,2187770.511381957]},"properties":{"height":15.0,"crown_diameter":10.0},"id":"14449"},{"type":"Feature","geometry":{"type":"Point","coordinates":[1826753.5536316196,2187874.3058357676]},"properties":{"height":17.4,"crown_diameter":12.18},"id":"14450"},{"type":"Feature","geometry":{"type":"Point","coordinates":[1826728.4520944455,2187802.4262808226]},"properties":{"height":23.46,"crown_diameter":16.42},"id":"14451"},{"type":"Feature","geometry":{"type":"Point","coordinates":[1826776.7585238337,2187940.1410075095]},"properties":{"height":29.52,"crown_diameter":20.66},"id":"14452"},{"type":"Feature","geometry":{"type":"Point","coordinates":[1826759.780220738,2187891.4782126327]},"properties":{"height":15.0,"crown_diameter":10.0},"id":"14453"},{"type":"Feature","geometry":{"type":"Point","coordinates":[1826747.327002544,2187857.1334608104]},"properties":{"height":28.0,"crown_diameter":19.6},"id":"14454"},{"type":"Feature","geometry":{"type":"Point","coordinates":[1826785.7691263643,2187965.563029239]},"properties":{"height":20.43,"crown_diameter":14.3},"id":"14455"},{"type":"Feature","geometry":{"type":"Point","coordinates":[1826722.7854387804,2187786.468830659]},"properties":{"height":24.97,"crown_diameter":17.48},"id":"14456"},{"type":"Feature","geometry":{"type":"Point","coordinates":[1826773.7549704448,2187931.667001081]},"properties":{"height":28.0,"crown_diameter":19.6},"id":"14457"},{"type":"Feature","geometry":{"type":"Point","coordinates":[1826779.7620676146,2187948.615014343]},"properties":{"height":21.94,"crown_diameter":15.36},"id":"14458"},{"type":"Feature","geometry":{"type":"Point","coordinates":[1826734.1187160125,2187818.383732446]},"properties":{"height":15.0,"crown_diameter":10.0},"id":"14459"},{"type":"Feature","geometry":{"type":"Point","coordinates":[1826725.6187708739,2187794.447555561]},"properties":{"height":26.49,"crown_diameter":18.54},"id":"14460"},{"type":"Feature","geometry":{"type":"Point","coordinates":[1826788.7726413321,2187974.037037289]},"properties":{"height":15.0,"crown_diameter":10.0},"id":"14461"},{"type":"Feature","geometry":{"type":"Point","coordinates":[1826750.440322075,2187865.719648055]},"properties":{"height":15.0,"crown_diameter":10.0},"id":"14462"},{"type":"Feature","geometry":{"type":"Point","coordinates":[1826860.870472043,2187977.4834391405]},"properties":{"height":15.0,"crown_diameter":10.0},"id":"14463"},{"type":"Feature","geometry":{"type":"Point","coordinates":[1826741.1003335153,2187839.961087757]},"properties":{"height":21.94,"crown_diameter":15.36},"id":"14464"},{"type":"Feature","geometry":{"type":"Point","coordinates":[1826731.2854094892,2187810.4050064525]},"properties":{"height":15.0,"crown_diameter":10.0},"id":"14465"},{"type":"Feature","geometry":{"type":"Point","coordinates":[1826791.776146696,2187982.5110457493]},"properties":{"height":21.94,"crown_diameter":15.36},"id":"14466"},{"type":"Feature","geometry":{"type":"Point","coordinates":[1826719.9520981626,2187778.490106133]},"properties":{"height":21.94,"crown_diameter":15.36},"id":"14467"},{"type":"Feature","geometry":{"type":"Point","coordinates":[1826837.14907336,2187643.7555564656]},"properties":{"height":15.0,"crown_diameter":10.0},"id":"14468"},{"type":"Feature","geometry":{"type":"Point","coordinates":[1826670.9590934701,2187615.698401623]},"properties":{"height":15.0,"crown_diameter":10.0},"id":"14469"},{"type":"Feature","geometry":{"type":"Point","coordinates":[1826749.7475779522,2187566.953956985]},"properties":{"height":18.91,"crown_diameter":13.24},"id":"14470"},{"type":"Feature","geometry":{"type":"Point","coordinates":[1826663.3554953742,2187587.2215888924]},"properties":{"height":15.0,"crown_diameter":10.0},"id":"14471"},{"type":"Feature","geometry":{"type":"Point","coordinates":[1826680.4748846542,2187514.0505248606]},"properties":{"height":15.0,"crown_diameter":10.0},"id":"14472"},{"type":"Feature","geometry":{"type":"Point","coordinates":[1826762.0469516045,2187563.447009483]},"properties":{"height":15.0,"crown_diameter":10.0},"id":"14473"},{"type":"Feature","geometry":{"type":"Point","coordinates":[1826674.735801397,2187566.8358100005]},"properties":{"height":15.0,"crown_diameter":10.0},"id":"14474"},{"type":"Feature","geometry":{"type":"Point","coordinates":[1826784.4575008787,2187557.032955494]},"properties":{"height":15.0,"crown_diameter":10.0},"id":"14475"},{"type":"Feature","geometry":{"type":"Point","coordinates":[1826639.5145845693,2187506.1805130737]},"properties":{"height":15.0,"crown_diameter":10.0},"id":"14476"},{"type":"Feature","geometry":{"type":"Point","coordinates":[1826662.4988800057,2187644.898652587]},"properties":{"height":15.0,"crown_diameter":10.0},"id":"14477"},{"type":"Feature","geometry":{"type":"Point","coordinates":[1826659.4781370556,2187634.92288771]},"properties":{"height":15.0,"crown_diameter":10.0},"id":"14478"},{"type":"Feature","geometry":{"type":"Point","coordinates":[1826771.2058947128,2187560.8214690974]},"properties":{"height":15.0,"crown_diameter":10.0},"id":"14479"},{"type":"Feature","geometry":{"type":"Point","coordinates":[1826673.3039775928,2187623.8215481373]},"properties":{"height":15.0,"crown_diameter":10.0},"id":"14480"},{"type":"Feature","geometry":{"type":"Point","coordinates":[1826658.588465749,2187570.677632095]},"properties":{"height":15.0,"crown_diameter":10.0},"id":"14481"},{"type":"Feature","geometry":{"type":"Point","coordinates":[1826821.0778552252,2187603.5552599244]},"properties":{"height":15.0,"crown_diameter":10.0},"id":"14482"},{"type":"Feature","geometry":{"type":"Point","coordinates":[1826825.4297703183,2187619.5871896306]},"properties":{"height":15.0,"crown_diameter":10.0},"id":"14483"},{"type":"Feature","geometry":{"type":"Point","coordinates":[1826822.7148649169,2187609.5914362245]},"properties":{"height":15.0,"crown_diameter":10.0},"id":"14484"},{"type":"Feature","geometry":{"type":"Point","coordinates":[1826836.4645052487,2187553.184615187]},"properties":{"height":15.0,"crown_diameter":10.0},"id":"14485"},{"type":"Feature","geometry":{"type":"Point","coordinates":[1826690.3478147245,2187583.948169017]},"properties":{"height":15.0,"crown_diameter":10.0},"id":"14486"},{"type":"Feature","geometry":{"type":"Point","coordinates":[1826632.8167737604,2187541.0536086475]},"properties":{"height":15.0,"crown_diameter":10.0},"id":"14487"},{"type":"Feature","geometry":{"type":"Point","coordinates":[1826623.0503335479,2187505.9087705305]},"properties":{"height":15.0,"crown_diameter":10.0},"id":"14488"},{"type":"Feature","geometry":{"type":"Point","coordinates":[1826635.847888729,2187550.3298799545]},"properties":{"height":15.0,"crown_diameter":10.0},"id":"14489"},{"type":"Feature","geometry":{"type":"Point","coordinates":[1826621.2039135345,2187499.81175759]},"properties":{"height":15.0,"crown_diameter":10.0},"id":"14490"},{"type":"Feature","geometry":{"type":"Point","coordinates":[1826614.956179653,2187521.880440199]},"properties":{"height":15.0,"crown_diameter":10.0},"id":"14491"},{"type":"Feature","geometry":{"type":"Point","coordinates":[1826674.1159847947,2187516.0711330045]},"properties":{"height":17.4,"crown_diameter":12.18},"id":"14492"},{"type":"Feature","geometry":{"type":"Point","coordinates":[1826664.6973767534,2187532.225044371]},"properties":{"height":15.0,"crown_diameter":10.0},"id":"14493"},{"type":"Feature","geometry":{"type":"Point","coordinates":[1826633.8469929607,2187600.6487108036]},"properties":{"height":15.0,"crown_diameter":10.0},"id":"14494"},{"type":"Feature","geometry":{"type":"Point","coordinates":[1826653.8214034138,2187554.133675249]},"properties":{"height":15.0,"crown_diameter":10.0},"id":"14495"},{"type":"Feature","geometry":{"type":"Point","coordinates":[1826682.6834351588,2187656.3141340786]},"properties":{"height":15.0,"crown_diameter":10.0},"id":"14496"},{"type":"Feature","geometry":{"type":"Point","coordinates":[1826695.7443431506,2187701.1773466803]},"properties":{"height":15.0,"crown_diameter":10.0},"id":"14497"},{"type":"Feature","geometry":{"type":"Point","coordinates":[1826694.6299162637,2187594.5552886543]},"properties":{"height":15.0,"crown_diameter":10.0},"id":"14498"},{"type":"Feature","geometry":{"type":"Point","coordinates":[1826697.0059367686,2187582.0442199153]},"properties":{"height":15.0,"crown_diameter":10.0},"id":"14499"},{"type":"Feature","geometry":{"type":"Point","coordinates":[1826691.0876692778,2187684.968418381]},"properties":{"height":15.0,"crown_diameter":10.0},"id":"14500"},{"type":"Feature","geometry":{"type":"Point","coordinates":[1826693.416010132,2187693.0728825456]},"properties":{"height":15.0,"crown_diameter":10.0},"id":"14501"},{"type":"Feature","geometry":{"type":"Point","coordinates":[1826668.6142014528,2187607.5752550983]},"properties":{"height":15.0,"crown_diameter":10.0},"id":"14502"},{"type":"Feature","geometry":{"type":"Point","coordinates":[1826660.9719846514,2187578.9496104997]},"properties":{"height":15.0,"crown_diameter":10.0},"id":"14503"},{"type":"Feature","geometry":{"type":"Point","coordinates":[1826698.072668333,2187709.2818108033]},"properties":{"height":15.0,"crown_diameter":10.0},"id":"14504"},{"type":"Feature","geometry":{"type":"Point","coordinates":[1826700.4009856768,2187717.3862749054]},"properties":{"height":15.0,"crown_diameter":10.0},"id":"14505"},{"type":"Feature","geometry":{"type":"Point","coordinates":[1826675.6488538252,2187631.9446946364]},"properties":{"height":15.0,"crown_diameter":10.0},"id":"14506"},{"type":"Feature","geometry":{"type":"Point","coordinates":[1826646.6707485886,2187529.3177398606]},"properties":{"height":15.0,"crown_diameter":10.0},"id":"14507"},{"type":"Feature","geometry":{"type":"Point","coordinates":[1826685.0282798167,2187664.4372805366]},"properties":{"height":15.0,"crown_diameter":10.0},"id":"14508"},{"type":"Feature","geometry":{"type":"Point","coordinates":[1826649.0543083725,2187537.589718341]},"properties":{"height":15.0,"crown_diameter":10.0},"id":"14509"},{"type":"Feature","geometry":{"type":"Point","coordinates":[1826668.5526530135,2187545.516065574]},"properties":{"height":15.0,"crown_diameter":10.0},"id":"14510"},{"type":"Feature","geometry":{"type":"Point","coordinates":[1826707.3858906834,2187741.699667113]},"properties":{"height":15.0,"crown_diameter":10.0},"id":"14511"},{"type":"Feature","geometry":{"type":"Point","coordinates":[1826671.91565754,2187557.102994297]},"properties":{"height":15.0,"crown_diameter":10.0},"id":"14512"},{"type":"Feature","geometry":{"type":"Point","coordinates":[1826717.908829906,2187671.8509693407]},"properties":{"height":15.0,"crown_diameter":10.0},"id":"14513"},{"type":"Feature","geometry":{"type":"Point","coordinates":[1826666.133710722,2187659.6335515953]},"properties":{"height":15.0,"crown_diameter":10.0},"id":"14514"},{"type":"Feature","geometry":{"type":"Point","coordinates":[1826715.3592720518,2187588.8145046895]},"properties":{"height":15.0,"crown_diameter":10.0},"id":"14515"},{"type":"Feature","geometry":{"type":"Point","coordinates":[1826704.9004885126,2187591.846793893]},"properties":{"height":15.0,"crown_diameter":10.0},"id":"14516"},{"type":"Feature","geometry":{"type":"Point","coordinates":[1826724.6824161469,2187574.1224954566]},"properties":{"height":26.49,"crown_diameter":18.54},"id":"14517"},{"type":"Feature","geometry":{"type":"Point","coordinates":[1826815.5823940462,2187583.295120782]},"properties":{"height":17.4,"crown_diameter":12.18},"id":"14518"},{"type":"Feature","geometry":{"type":"Point","coordinates":[1826815.4568376406,2187566.189323805]},"properties":{"height":15.0,"crown_diameter":10.0},"id":"14519"},{"type":"Feature","geometry":{"type":"Point","coordinates":[1826702.9356558633,2187580.3481192575]},"properties":{"height":15.0,"crown_diameter":10.0},"id":"14520"},{"type":"Feature","geometry":{"type":"Point","coordinates":[1826656.3411402733,2187623.435317285]},"properties":{"height":15.0,"crown_diameter":10.0},"id":"14521"},{"type":"Feature","geometry":{"type":"Point","coordinates":[1826734.6237574492,2187571.2788056284]},"properties":{"height":26.49,"crown_diameter":18.54},"id":"14522"},{"type":"Feature","geometry":{"type":"Point","coordinates":[1826678.2564081422,2187701.0073944675]},"properties":{"height":15.0,"crown_diameter":10.0},"id":"14523"},{"type":"Feature","geometry":{"type":"Point","coordinates":[1826710.222742915,2187691.704586749]},"properties":{"height":15.0,"crown_diameter":10.0},"id":"14524"},{"type":"Feature","geometry":{"type":"Point","coordinates":[1826715.9475326417,2187661.066538858]},"properties":{"height":29.52,"crown_diameter":20.66},"id":"14525"},{"type":"Feature","geometry":{"type":"Point","coordinates":[1826697.4852907476,2187648.125876505]},"properties":{"height":15.0,"crown_diameter":10.0},"id":"14526"},{"type":"Feature","geometry":{"type":"Point","coordinates":[1826699.8392754637,2187656.9547463674]},"properties":{"height":15.0,"crown_diameter":10.0},"id":"14527"},{"type":"Feature","geometry":{"type":"Point","coordinates":[1826651.4378599836,2187545.8616968025]},"properties":{"height":15.0,"crown_diameter":10.0},"id":"14528"},{"type":"Feature","geometry":{"type":"Point","coordinates":[1826680.3385826058,2187648.190987612]},"properties":{"height":15.0,"crown_diameter":10.0},"id":"14529"},{"type":"Feature","geometry":{"type":"Point","coordinates":[1826702.7292951806,2187725.4907389977]},"properties":{"height":15.0,"crown_diameter":10.0},"id":"14530"},{"type":"Feature","geometry":{"type":"Point","coordinates":[1826719.3082340818,2187723.0988641363]},"properties":{"height":17.4,"crown_diameter":12.18},"id":"14531"},{"type":"Feature","geometry":{"type":"Point","coordinates":[1826722.32029928,2187734.7871459825]},"properties":{"height":15.88,"crown_diameter":11.12},"id":"14532"},{"type":"Feature","geometry":{"type":"Point","coordinates":[1826677.9937221615,2187640.06784113]},"properties":{"height":15.0,"crown_diameter":10.0},"id":"14533"},{"type":"Feature","geometry":{"type":"Point","coordinates":[1826705.0575968504,2187733.595203067]},"properties":{"height":15.0,"crown_diameter":10.0},"id":"14534"},{"type":"Feature","geometry":{"type":"Point","coordinates":[1826656.204938671,2187562.405653677]},"properties":{"height":15.0,"crown_diameter":10.0},"id":"14535"},{"type":"Feature","geometry":{"type":"Point","coordinates":[1826793.5491519875,2187554.437584356]},"properties":{"height":15.0,"crown_diameter":10.0},"id":"14536"},{"type":"Feature","geometry":{"type":"Point","coordinates":[1826228.6827256004,2187554.3742897]},"properties":{"height":31.04,"crown_diameter":21.72},"id":"14537"},{"type":"Feature","geometry":{"type":"Point","coordinates":[1826217.7638443657,2187530.48814955]},"properties":{"height":29.52,"crown_diameter":20.66},"id":"14538"},{"type":"Feature","geometry":{"type":"Point","coordinates":[1826220.8125950512,2187526.6047097584]},"properties":{"height":17.4,"crown_diameter":12.18},"id":"14539"},{"type":"Feature","geometry":{"type":"Point","coordinates":[1826226.5436526341,2187543.2835527756]},"properties":{"height":32.55,"crown_diameter":22.78},"id":"14540"},{"type":"Feature","geometry":{"type":"Point","coordinates":[1826181.099725839,2187519.7562761856]},"properties":{"height":15.0,"crown_diameter":10.0},"id":"14541"},{"type":"Feature","geometry":{"type":"Point","coordinates":[1826232.9429965024,2187568.830592213]},"properties":{"height":15.0,"crown_diameter":10.0},"id":"14542"},{"type":"Feature","geometry":{"type":"Point","coordinates":[1826157.6034281487,2187425.7161068614]},"properties":{"height":21.94,"crown_diameter":15.36},"id":"14543"},{"type":"Feature","geometry":{"type":"Point","coordinates":[1826196.6245586402,2187405.095883581]},"properties":{"height":15.0,"crown_diameter":10.0},"id":"14544"},{"type":"Feature","geometry":{"type":"Point","coordinates":[1825998.931687525,2186886.1501440667]},"properties":{"height":21.94,"crown_diameter":15.36},"id":"14545"},{"type":"Feature","geometry":{"type":"Point","coordinates":[1826001.0950204781,2186895.206147956]},"properties":{"height":26.49,"crown_diameter":18.54},"id":"14546"},{"type":"Feature","geometry":{"type":"Point","coordinates":[1826005.0062583939,2186903.6144659636]},"properties":{"height":18.91,"crown_diameter":13.24},"id":"14547"},{"type":"Feature","geometry":{"type":"Point","coordinates":[1826186.253524918,2187185.5696736267]},"properties":{"height":37.1,"crown_diameter":25.96},"id":"14548"},{"type":"Feature","geometry":{"type":"Point","coordinates":[1826215.1774822853,2187259.389330073]},"properties":{"height":40.13,"crown_diameter":28.08},"id":"14549"},{"type":"Feature","geometry":{"type":"Point","coordinates":[1826192.5026485492,2187218.383468787]},"properties":{"height":38.61,"crown_diameter":27.02},"id":"14550"},{"type":"Feature","geometry":{"type":"Point","coordinates":[1826237.0840108357,2187264.3865226572]},"properties":{"height":41.64,"crown_diameter":29.14},"id":"14551"},{"type":"Feature","geometry":{"type":"Point","coordinates":[1826543.1983172882,2187275.067096549]},"properties":{"height":15.0,"crown_diameter":10.0},"id":"14552"},{"type":"Feature","geometry":{"type":"Point","coordinates":[1826187.4608617749,2187177.4235660746]},"properties":{"height":35.58,"crown_diameter":24.9},"id":"14553"},{"type":"Feature","geometry":{"type":"Point","coordinates":[1826199.7297376946,2187240.5574513744]},"properties":{"height":41.64,"crown_diameter":29.14},"id":"14555"},{"type":"Feature","geometry":{"type":"Point","coordinates":[1826473.603426353,2187403.942721124]},"properties":{"height":15.0,"crown_diameter":10.0},"id":"14556"},{"type":"Feature","geometry":{"type":"Point","coordinates":[1826556.443707779,2187259.021960248]},"properties":{"height":15.0,"crown_diameter":10.0},"id":"14557"},{"type":"Feature","geometry":{"type":"Point","coordinates":[1826518.4498189737,2187391.4066208475]},"properties":{"height":17.4,"crown_diameter":12.18},"id":"14558"},{"type":"Feature","geometry":{"type":"Point","coordinates":[1826484.572311688,2187411.2139104237]},"properties":{"height":15.0,"crown_diameter":10.0},"id":"14559"},{"type":"Feature","geometry":{"type":"Point","coordinates":[1826503.7656786577,2187406.2607917143]},"properties":{"height":15.0,"crown_diameter":10.0},"id":"14560"},{"type":"Feature","geometry":{"type":"Point","coordinates":[1826202.8295227739,2187216.0557627464]},"properties":{"height":37.1,"crown_diameter":25.96},"id":"14561"},{"type":"Feature","geometry":{"type":"Point","coordinates":[1826196.0019754714,2187233.273760075]},"properties":{"height":43.16,"crown_diameter":30.2},"id":"14562"},{"type":"Feature","geometry":{"type":"Point","coordinates":[1826189.1856495964,2187380.891618603]},"properties":{"height":23.46,"crown_diameter":16.42},"id":"14563"},{"type":"Feature","geometry":{"type":"Point","coordinates":[1826188.1360433183,2187210.005253617]},"properties":{"height":38.61,"crown_diameter":27.02},"id":"14564"},{"type":"Feature","geometry":{"type":"Point","coordinates":[1826186.6152127385,2187201.933370815]},"properties":{"height":40.13,"crown_diameter":28.08},"id":"14565"},{"type":"Feature","geometry":{"type":"Point","coordinates":[1826446.81119978,2187392.006275711]},"properties":{"height":15.0,"crown_diameter":10.0},"id":"14566"},{"type":"Feature","geometry":{"type":"Point","coordinates":[1826190.2887472655,2187217.929278498]},"properties":{"height":38.61,"crown_diameter":27.02},"id":"14567"},{"type":"Feature","geometry":{"type":"Point","coordinates":[1826213.1564052196,2187213.728070185]},"properties":{"height":40.13,"crown_diameter":28.08},"id":"14568"},{"type":"Feature","geometry":{"type":"Point","coordinates":[1826229.340100625,2187266.3411371666]},"properties":{"height":41.64,"crown_diameter":29.14},"id":"14569"},{"type":"Feature","geometry":{"type":"Point","coordinates":[1826209.3571827994,2187253.7070758524]},"properties":{"height":46.19,"crown_diameter":32.34},"id":"14570"},{"type":"Feature","geometry":{"type":"Point","coordinates":[1826185.888760394,2187193.7617049674]},"properties":{"height":38.61,"crown_diameter":27.02},"id":"14571"},{"type":"Feature","geometry":{"type":"Point","coordinates":[1826204.0654724885,2187247.4875238147]},"properties":{"height":46.19,"crown_diameter":32.34},"id":"14572"},{"type":"Feature","geometry":{"type":"Point","coordinates":[1826270.0427448442,2187312.193224953]},"properties":{"height":32.55,"crown_diameter":22.78},"id":"14573"},{"type":"Feature","geometry":{"type":"Point","coordinates":[1826251.8613912875,2187276.3299090727]},"properties":{"height":31.04,"crown_diameter":21.72},"id":"14574"},{"type":"Feature","geometry":{"type":"Point","coordinates":[1826257.4804572968,2187288.782396198]},"properties":{"height":31.04,"crown_diameter":21.72},"id":"14575"},{"type":"Feature","geometry":{"type":"Point","coordinates":[1826261.1066625358,2187296.4497711407]},"properties":{"height":37.1,"crown_diameter":25.96},"id":"14576"},{"type":"Feature","geometry":{"type":"Point","coordinates":[1826264.6942444264,2187303.843384849]},"properties":{"height":37.1,"crown_diameter":25.96},"id":"14577"},{"type":"Feature","geometry":{"type":"Point","coordinates":[1826275.7578550135,2187321.0668100617]},"properties":{"height":17.4,"crown_diameter":12.18},"id":"14578"},{"type":"Feature","geometry":{"type":"Point","coordinates":[1826223.4832958798,2187211.4003911205]},"properties":{"height":32.55,"crown_diameter":22.78},"id":"14581"},{"type":"Feature","geometry":{"type":"Point","coordinates":[1826192.8224179773,2187225.733193138]},"properties":{"height":38.61,"crown_diameter":27.02},"id":"14582"},{"type":"Feature","geometry":{"type":"Point","coordinates":[1826189.9453676457,2187169.5722850864]},"properties":{"height":32.55,"crown_diameter":22.78},"id":"14583"},{"type":"Feature","geometry":{"type":"Point","coordinates":[1826193.186119582,2187396.8514754553]},"properties":{"height":18.91,"crown_diameter":13.24},"id":"14584"},{"type":"Feature","geometry":{"type":"Point","coordinates":[1826282.8301654158,2187332.607935672]},"properties":{"height":15.0,"crown_diameter":10.0},"id":"14585"},{"type":"Feature","geometry":{"type":"Point","coordinates":[1826221.7759279031,2187264.06901727]},"properties":{"height":40.13,"crown_diameter":28.08},"id":"14586"},{"type":"Feature","geometry":{"type":"Point","coordinates":[1826187.138403452,2187372.4000641815]},"properties":{"height":24.97,"crown_diameter":17.48},"id":"14587"},{"type":"Feature","geometry":{"type":"Point","coordinates":[1826646.1466111222,2187467.5406726473]},"properties":{"height":15.0,"crown_diameter":10.0},"id":"14588"},{"type":"Feature","geometry":{"type":"Point","coordinates":[1826832.6815795912,2187543.305042808]},"properties":{"height":15.0,"crown_diameter":10.0},"id":"14589"},{"type":"Feature","geometry":{"type":"Point","coordinates":[1826802.755826832,2187539.0737515455]},"properties":{"height":15.0,"crown_diameter":10.0},"id":"14590"},{"type":"Feature","geometry":{"type":"Point","coordinates":[1826798.840683816,2187524.6523223612]},"properties":{"height":15.0,"crown_diameter":10.0},"id":"14591"},{"type":"Feature","geometry":{"type":"Point","coordinates":[1826591.242085509,2187394.0830593947]},"properties":{"height":21.94,"crown_diameter":15.36},"id":"14592"},{"type":"Feature","geometry":{"type":"Point","coordinates":[1826750.8812398543,2187330.3649170646]},"properties":{"height":15.0,"crown_diameter":10.0},"id":"14593"},{"type":"Feature","geometry":{"type":"Point","coordinates":[1826675.1907558686,2187345.50626667]},"properties":{"height":15.0,"crown_diameter":10.0},"id":"14594"},{"type":"Feature","geometry":{"type":"Point","coordinates":[1826679.3870121753,2187323.057054239]},"properties":{"height":15.0,"crown_diameter":10.0},"id":"14595"},{"type":"Feature","geometry":{"type":"Point","coordinates":[1826684.9860946843,2187342.662521862]},"properties":{"height":15.0,"crown_diameter":10.0},"id":"14596"},{"type":"Feature","geometry":{"type":"Point","coordinates":[1826650.8205986386,2187484.177714133]},"properties":{"height":15.0,"crown_diameter":10.0},"id":"14597"},{"type":"Feature","geometry":{"type":"Point","coordinates":[1826655.0438818375,2187499.189517504]},"properties":{"height":15.0,"crown_diameter":10.0},"id":"14598"},{"type":"Feature","geometry":{"type":"Point","coordinates":[1826693.9306466428,2187318.859752725]},"properties":{"height":15.0,"crown_diameter":10.0},"id":"14599"},{"type":"Feature","geometry":{"type":"Point","coordinates":[1826712.5916155658,2187334.643267561]},"properties":{"height":15.0,"crown_diameter":10.0},"id":"14600"},{"type":"Feature","geometry":{"type":"Point","coordinates":[1826695.612334296,2187339.5775887766]},"properties":{"height":15.0,"crown_diameter":10.0},"id":"14601"},{"type":"Feature","geometry":{"type":"Point","coordinates":[1826604.2424562043,2187381.4092314737]},"properties":{"height":15.88,"crown_diameter":11.12},"id":"14602"},{"type":"Feature","geometry":{"type":"Point","coordinates":[1826629.8561248535,2187471.4523800593]},"properties":{"height":15.0,"crown_diameter":10.0},"id":"14603"},{"type":"Feature","geometry":{"type":"Point","coordinates":[1826588.9154337947,2187338.0829559434]},"properties":{"height":15.0,"crown_diameter":10.0},"id":"14604"},{"type":"Feature","geometry":{"type":"Point","coordinates":[1826842.2680240588,2187540.4352487903]},"properties":{"height":23.46,"crown_diameter":16.42},"id":"14605"},{"type":"Feature","geometry":{"type":"Point","coordinates":[1826933.7945661005,2187513.8324666247]},"properties":{"height":35.58,"crown_diameter":24.9},"id":"14606"},{"type":"Feature","geometry":{"type":"Point","coordinates":[1826572.7999237997,2187253.655940884]},"properties":{"height":15.0,"crown_diameter":10.0},"id":"14607"},{"type":"Feature","geometry":{"type":"Point","coordinates":[1826586.8492279367,2187329.4543999094]},"properties":{"height":15.88,"crown_diameter":11.12},"id":"14608"},{"type":"Feature","geometry":{"type":"Point","coordinates":[1826608.5166221983,2187397.88283582]},"properties":{"height":21.94,"crown_diameter":15.36},"id":"14609"},{"type":"Feature","geometry":{"type":"Point","coordinates":[1826634.685372398,2187488.8164467136]},"properties":{"height":15.0,"crown_diameter":10.0},"id":"14610"},{"type":"Feature","geometry":{"type":"Point","coordinates":[1826953.15628646,2187508.2412161324]},"properties":{"height":40.13,"crown_diameter":28.08},"id":"14611"},{"type":"Feature","geometry":{"type":"Point","coordinates":[1826900.4449820947,2187523.4525856227]},"properties":{"height":15.0,"crown_diameter":10.0},"id":"14612"},{"type":"Feature","geometry":{"type":"Point","coordinates":[1826912.1640143618,2187520.0735327224]},"properties":{"height":15.0,"crown_diameter":10.0},"id":"14613"},{"type":"Feature","geometry":{"type":"Point","coordinates":[1826866.7799506944,2187533.1709816237]},"properties":{"height":29.52,"crown_diameter":20.66},"id":"14614"},{"type":"Feature","geometry":{"type":"Point","coordinates":[1826852.8084052363,2187537.2037315047]},"properties":{"height":23.46,"crown_diameter":16.42},"id":"14615"},{"type":"Feature","geometry":{"type":"Point","coordinates":[1826647.9253155193,2187353.4332707436]},"properties":{"height":15.0,"crown_diameter":10.0},"id":"14616"},{"type":"Feature","geometry":{"type":"Point","coordinates":[1826574.3135556565,2187449.8664523964]},"properties":{"height":31.04,"crown_diameter":21.72},"id":"14617"},{"type":"Feature","geometry":{"type":"Point","coordinates":[1826602.923140256,2187314.1054866086]},"properties":{"height":20.43,"crown_diameter":14.3},"id":"14618"},{"type":"Feature","geometry":{"type":"Point","coordinates":[1826625.1004728146,2187339.4060618267]},"properties":{"height":17.4,"crown_diameter":12.18},"id":"14619"},{"type":"Feature","geometry":{"type":"Point","coordinates":[1826585.9406812848,2187446.2926536375]},"properties":{"height":17.4,"crown_diameter":12.18},"id":"14620"},{"type":"Feature","geometry":{"type":"Point","coordinates":[1826597.8845500443,2187417.248564904]},"properties":{"height":28.0,"crown_diameter":19.6},"id":"14621"},{"type":"Feature","geometry":{"type":"Point","coordinates":[1826600.7486373072,2187427.233331587]},"properties":{"height":15.0,"crown_diameter":10.0},"id":"14622"},{"type":"Feature","geometry":{"type":"Point","coordinates":[1826644.8124072812,2187333.0221508313]},"properties":{"height":23.46,"crown_diameter":16.42},"id":"14623"},{"type":"Feature","geometry":{"type":"Point","coordinates":[1826628.5768849617,2187405.803499415]},"properties":{"height":28.0,"crown_diameter":19.6},"id":"14624"},{"type":"Feature","geometry":{"type":"Point","coordinates":[1826593.9419607169,2187403.488255432]},"properties":{"height":15.0,"crown_diameter":10.0},"id":"14625"},{"type":"Feature","geometry":{"type":"Point","coordinates":[1826633.119331122,2187421.650026976]},"properties":{"height":15.0,"crown_diameter":10.0},"id":"14626"},{"type":"Feature","geometry":{"type":"Point","coordinates":[1826630.968394614,2187414.1463753083]},"properties":{"height":24.97,"crown_diameter":17.48},"id":"14627"},{"type":"Feature","geometry":{"type":"Point","coordinates":[1826615.1662067007,2187476.9269764624]},"properties":{"height":15.0,"crown_diameter":10.0},"id":"14628"},{"type":"Feature","geometry":{"type":"Point","coordinates":[1826613.0427659664,2187470.1087176325]},"properties":{"height":15.0,"crown_diameter":10.0},"id":"14629"},{"type":"Feature","geometry":{"type":"Point","coordinates":[1826611.1945864756,2187463.6545855645]},"properties":{"height":15.0,"crown_diameter":10.0},"id":"14630"},{"type":"Feature","geometry":{"type":"Point","coordinates":[1826633.6430179845,2187336.8419981995]},"properties":{"height":15.0,"crown_diameter":10.0},"id":"14631"},{"type":"Feature","geometry":{"type":"Point","coordinates":[1826642.4785814274,2187454.5124918716]},"properties":{"height":17.4,"crown_diameter":12.18},"id":"14632"},{"type":"Feature","geometry":{"type":"Point","coordinates":[1826537.206344177,2187385.9362522447]},"properties":{"height":26.49,"crown_diameter":18.54},"id":"14633"},{"type":"Feature","geometry":{"type":"Point","coordinates":[1826598.359917766,2187298.346157842]},"properties":{"height":28.0,"crown_diameter":19.6},"id":"14634"},{"type":"Feature","geometry":{"type":"Point","coordinates":[1826614.927813562,2187422.59324112]},"properties":{"height":15.0,"crown_diameter":10.0},"id":"14635"},{"type":"Feature","geometry":{"type":"Point","coordinates":[1826584.7830139692,2187320.825843598]},"properties":{"height":15.0,"crown_diameter":10.0},"id":"14636"},{"type":"Feature","geometry":{"type":"Point","coordinates":[1826562.0813642736,2187292.133791988]},"properties":{"height":15.0,"crown_diameter":10.0},"id":"14637"},{"type":"Feature","geometry":{"type":"Point","coordinates":[1826566.4195511094,2187307.6443715524]},"properties":{"height":15.0,"crown_diameter":10.0},"id":"14638"},{"type":"Feature","geometry":{"type":"Point","coordinates":[1826552.4922858877,2187380.9243060946]},"properties":{"height":15.0,"crown_diameter":10.0},"id":"14639"},{"type":"Feature","geometry":{"type":"Point","coordinates":[1826563.4935852375,2187297.7025720985]},"properties":{"height":15.0,"crown_diameter":10.0},"id":"14640"},{"type":"Feature","geometry":{"type":"Point","coordinates":[1826602.9039220966,2187259.9155439236]},"properties":{"height":37.1,"crown_diameter":25.96},"id":"14641"},{"type":"Feature","geometry":{"type":"Point","coordinates":[1826596.0399135577,2187290.319356094]},"properties":{"height":31.04,"crown_diameter":21.72},"id":"14642"},{"type":"Feature","geometry":{"type":"Point","coordinates":[1826758.7930977822,2187379.2372721448]},"properties":{"height":15.0,"crown_diameter":10.0},"id":"14643"},{"type":"Feature","geometry":{"type":"Point","coordinates":[1826576.5180770403,2187286.3116155243]},"properties":{"height":17.4,"crown_diameter":12.18},"id":"14644"},{"type":"Feature","geometry":{"type":"Point","coordinates":[1826755.8416819468,2187369.404402118]},"properties":{"height":15.0,"crown_diameter":10.0},"id":"14645"},{"type":"Feature","geometry":{"type":"Point","coordinates":[1826612.7907574584,2187414.356439514]},"properties":{"height":15.0,"crown_diameter":10.0},"id":"14646"},{"type":"Feature","geometry":{"type":"Point","coordinates":[1826632.2707530488,2187480.134413421]},"properties":{"height":15.0,"crown_diameter":10.0},"id":"14647"},{"type":"Feature","geometry":{"type":"Point","coordinates":[1826610.6536936716,2187406.1196377454]},"properties":{"height":20.43,"crown_diameter":14.3},"id":"14648"},{"type":"Feature","geometry":{"type":"Point","coordinates":[1826578.5843234342,2187294.940172967]},"properties":{"height":15.0,"crown_diameter":10.0},"id":"14649"},{"type":"Feature","geometry":{"type":"Point","coordinates":[1826625.0268419313,2187454.088313099]},"properties":{"height":21.94,"crown_diameter":15.36},"id":"14650"},{"type":"Feature","geometry":{"type":"Point","coordinates":[1826600.1052748826,2187304.361770207]},"properties":{"height":20.43,"crown_diameter":14.3},"id":"14651"},{"type":"Feature","geometry":{"type":"Point","coordinates":[1826777.3972110904,2187445.1889026626]},"properties":{"height":15.0,"crown_diameter":10.0},"id":"14652"},{"type":"Feature","geometry":{"type":"Point","coordinates":[1826637.099982906,2187497.4984799325]},"properties":{"height":15.0,"crown_diameter":10.0},"id":"14653"},{"type":"Feature","geometry":{"type":"Point","coordinates":[1826617.0648619798,2187430.83004256]},"properties":{"height":15.0,"crown_diameter":10.0},"id":"14654"},{"type":"Feature","geometry":{"type":"Point","coordinates":[1826573.8844130293,2187262.0092938766]},"properties":{"height":15.0,"crown_diameter":10.0},"id":"14655"},{"type":"Feature","geometry":{"type":"Point","coordinates":[1826580.650561719,2187303.56873013]},"properties":{"height":15.0,"crown_diameter":10.0},"id":"14656"},{"type":"Feature","geometry":{"type":"Point","coordinates":[1826606.3795430453,2187389.6460337224]},"properties":{"height":15.0,"crown_diameter":10.0},"id":"14657"},{"type":"Feature","geometry":{"type":"Point","coordinates":[1826627.441487815,2187462.7703466155]},"properties":{"height":21.94,"crown_diameter":15.36},"id":"14658"},{"type":"Feature","geometry":{"type":"Point","coordinates":[1826659.9630878025,2187328.6573496694]},"properties":{"height":15.0,"crown_diameter":10.0},"id":"14659"},{"type":"Feature","geometry":{"type":"Point","coordinates":[1826619.5645409126,2187493.1652471884]},"properties":{"height":15.0,"crown_diameter":10.0},"id":"14660"},{"type":"Feature","geometry":{"type":"Point","coordinates":[1826582.7167918978,2187312.197286998]},"properties":{"height":15.0,"crown_diameter":10.0},"id":"14661"},{"type":"Feature","geometry":{"type":"Point","coordinates":[1826779.4193404715,2187451.269905488]},"properties":{"height":17.4,"crown_diameter":12.18},"id":"14662"},{"type":"Feature","geometry":{"type":"Point","coordinates":[1826781.482743197,2187461.111878663]},"properties":{"height":17.4,"crown_diameter":12.18},"id":"14663"},{"type":"Feature","geometry":{"type":"Point","coordinates":[1826770.5031238697,2187421.1237440826]},"properties":{"height":15.0,"crown_diameter":10.0},"id":"14664"},{"type":"Feature","geometry":{"type":"Point","coordinates":[1826794.1926328817,2187488.7012453987]},"properties":{"height":15.0,"crown_diameter":10.0},"id":"14665"},{"type":"Feature","geometry":{"type":"Point","coordinates":[1826792.1255856145,2187499.9389397595]},"properties":{"height":15.0,"crown_diameter":10.0},"id":"14666"},{"type":"Feature","geometry":{"type":"Point","coordinates":[1826778.3125697689,2187485.7708926084]},"properties":{"height":15.0,"crown_diameter":10.0},"id":"14667"},{"type":"Feature","geometry":{"type":"Point","coordinates":[1826644.1526534357,2187460.4652828323]},"properties":{"height":15.0,"crown_diameter":10.0},"id":"14668"},{"type":"Feature","geometry":{"type":"Point","coordinates":[1827009.8780220146,2187161.7373641306]},"properties":{"height":38.61,"crown_diameter":27.02},"id":"14669"},{"type":"Feature","geometry":{"type":"Point","coordinates":[1827013.4712245576,2187172.895547888]},"properties":{"height":40.13,"crown_diameter":28.08},"id":"14670"},{"type":"Feature","geometry":{"type":"Point","coordinates":[1827011.4328477927,2187190.3883034657]},"properties":{"height":34.07,"crown_diameter":23.84},"id":"14671"},{"type":"Feature","geometry":{"type":"Point","coordinates":[1827008.664171775,2187180.0000508516]},"properties":{"height":37.1,"crown_diameter":25.96},"id":"14672"},{"type":"Feature","geometry":{"type":"Point","coordinates":[1827013.0596120835,2187152.154995729]},"properties":{"height":43.16,"crown_diameter":30.2},"id":"14673"},{"type":"Feature","geometry":{"type":"Point","coordinates":[1827016.1683136746,2187162.6695215805]},"properties":{"height":34.07,"crown_diameter":23.84},"id":"14674"},{"type":"Feature","geometry":{"type":"Point","coordinates":[1827022.1017832214,2187138.110190754]},"properties":{"height":15.0,"crown_diameter":10.0},"id":"14675"},{"type":"Feature","geometry":{"type":"Point","coordinates":[1827014.78160517,2187178.1297559403]},"properties":{"height":40.13,"crown_diameter":28.08},"id":"14676"},{"type":"Feature","geometry":{"type":"Point","coordinates":[1827018.9464183603,2187172.507670514]},"properties":{"height":40.13,"crown_diameter":28.08},"id":"14677"},{"type":"Feature","geometry":{"type":"Point","coordinates":[1827024.2114406228,2187146.4442791254]},"properties":{"height":15.0,"crown_diameter":10.0},"id":"14678"},{"type":"Feature","geometry":{"type":"Point","coordinates":[1827005.6695226186,2187169.293813065]},"properties":{"height":32.55,"crown_diameter":22.78},"id":"14679"},{"type":"Feature","geometry":{"type":"Point","coordinates":[1827032.2788520977,2187165.136780385]},"properties":{"height":15.0,"crown_diameter":10.0},"id":"14680"},{"type":"Feature","geometry":{"type":"Point","coordinates":[1827007.4654901181,2187127.2456241017]},"properties":{"height":32.55,"crown_diameter":22.78},"id":"14681"},{"type":"Feature","geometry":{"type":"Point","coordinates":[1827030.6734377146,2187261.439090714]},"properties":{"height":44.67,"crown_diameter":31.26},"id":"14682"},{"type":"Feature","geometry":{"type":"Point","coordinates":[1827005.6037396423,2187123.6188444486]},"properties":{"height":28.0,"crown_diameter":19.6},"id":"14683"},{"type":"Feature","geometry":{"type":"Point","coordinates":[1827028.0257598667,2187251.4130758466]},"properties":{"height":41.64,"crown_diameter":29.14},"id":"14684"},{"type":"Feature","geometry":{"type":"Point","coordinates":[1827030.4372487075,2187235.182080319]},"properties":{"height":35.58,"crown_diameter":24.9},"id":"14685"},{"type":"Feature","geometry":{"type":"Point","coordinates":[1827022.2093168427,2187251.1335459636]},"properties":{"height":38.61,"crown_diameter":27.02},"id":"14686"},{"type":"Feature","geometry":{"type":"Point","coordinates":[1827023.3727023655,2187209.361809705]},"properties":{"height":41.64,"crown_diameter":29.14},"id":"14687"},{"type":"Feature","geometry":{"type":"Point","coordinates":[1827025.1637136566,2187215.802609045]},"properties":{"height":40.13,"crown_diameter":28.08},"id":"14688"},{"type":"Feature","geometry":{"type":"Point","coordinates":[1827021.9693093966,2187229.812111307]},"properties":{"height":29.52,"crown_diameter":20.66},"id":"14689"},{"type":"Feature","geometry":{"type":"Point","coordinates":[1827034.7379052204,2187172.828396798]},"properties":{"height":15.0,"crown_diameter":10.0},"id":"14690"},{"type":"Feature","geometry":{"type":"Point","coordinates":[1827016.2287490743,2187183.039525964]},"properties":{"height":38.61,"crown_diameter":27.02},"id":"14691"},{"type":"Feature","geometry":{"type":"Point","coordinates":[1827018.9755658552,2187218.300588834]},"properties":{"height":35.58,"crown_diameter":24.9},"id":"14692"},{"type":"Feature","geometry":{"type":"Point","coordinates":[1827021.8934060975,2187203.8230744046]},"properties":{"height":41.64,"crown_diameter":29.14},"id":"14693"},{"type":"Feature","geometry":{"type":"Point","coordinates":[1827020.5530277388,2187198.5702766464]},"properties":{"height":41.64,"crown_diameter":29.14},"id":"14694"},{"type":"Feature","geometry":{"type":"Point","coordinates":[1827029.800479985,2187156.543066477]},"properties":{"height":15.88,"crown_diameter":11.12},"id":"14695"},{"type":"Feature","geometry":{"type":"Point","coordinates":[1827017.6201620835,2187188.476969572]},"properties":{"height":38.61,"crown_diameter":27.02},"id":"14696"},{"type":"Feature","geometry":{"type":"Point","coordinates":[1827018.8078963908,2187192.991819964]},"properties":{"height":41.64,"crown_diameter":29.14},"id":"14697"},{"type":"Feature","geometry":{"type":"Point","coordinates":[1827013.7452430737,2187220.0925574107]},"properties":{"height":15.0,"crown_diameter":10.0},"id":"14698"},{"type":"Feature","geometry":{"type":"Point","coordinates":[1827016.7862121062,2187210.304404611]},"properties":{"height":37.1,"crown_diameter":25.96},"id":"14699"},{"type":"Feature","geometry":{"type":"Point","coordinates":[1827014.2117965668,2187200.5143240127]},"properties":{"height":38.61,"crown_diameter":27.02},"id":"14700"},{"type":"Feature","geometry":{"type":"Point","coordinates":[1827010.314503683,2187142.5777915227]},"properties":{"height":35.58,"crown_diameter":24.9},"id":"14701"},{"type":"Feature","geometry":{"type":"Point","coordinates":[1826570.6309276544,2187236.949232861]},"properties":{"height":29.52,"crown_diameter":20.66},"id":"14702"},{"type":"Feature","geometry":{"type":"Point","coordinates":[1827000.2264585162,2187149.575195556]},"properties":{"height":37.1,"crown_diameter":25.96},"id":"14703"},{"type":"Feature","geometry":{"type":"Point","coordinates":[1826997.5907381321,2187161.2540700897]},"properties":{"height":15.0,"crown_diameter":10.0},"id":"14704"},{"type":"Feature","geometry":{"type":"Point","coordinates":[1827003.804151443,2187137.658344189]},"properties":{"height":38.61,"crown_diameter":27.02},"id":"14705"},{"type":"Feature","geometry":{"type":"Point","coordinates":[1826569.5464207372,2187228.595877842]},"properties":{"height":28.0,"crown_diameter":19.6},"id":"14706"},{"type":"Feature","geometry":{"type":"Point","coordinates":[1827005.1540015107,2187143.016931458]},"properties":{"height":37.1,"crown_diameter":25.96},"id":"14707"},{"type":"Feature","geometry":{"type":"Point","coordinates":[1827003.0479055615,2187159.8493176475]},"properties":{"height":37.1,"crown_diameter":25.96},"id":"14708"},{"type":"Feature","geometry":{"type":"Point","coordinates":[1827006.4395213488,2187147.7734849956]},"properties":{"height":41.64,"crown_diameter":29.14},"id":"14709"},{"type":"Feature","geometry":{"type":"Point","coordinates":[1827008.131992072,2187155.433765704]},"properties":{"height":43.16,"crown_diameter":30.2},"id":"14710"},{"type":"Feature","geometry":{"type":"Point","coordinates":[1826571.715428675,2187245.3025872046]},"properties":{"height":15.0,"crown_diameter":10.0},"id":"14711"},{"type":"Feature","geometry":{"type":"Point","coordinates":[1826598.915363848,2187103.5409512026]},"properties":{"height":26.49,"crown_diameter":18.54},"id":"14712"},{"type":"Feature","geometry":{"type":"Point","coordinates":[1827001.0083922406,2187126.619322486]},"properties":{"height":32.55,"crown_diameter":22.78},"id":"14713"},{"type":"Feature","geometry":{"type":"Point","coordinates":[1826564.65455754,2187155.226889081]},"properties":{"height":32.55,"crown_diameter":22.78},"id":"14714"},{"type":"Feature","geometry":{"type":"Point","coordinates":[1826216.070760632,2186953.7211204893]},"properties":{"height":15.0,"crown_diameter":10.0},"id":"14715"},{"type":"Feature","geometry":{"type":"Point","coordinates":[1826567.3773892142,2187211.8891657884]},"properties":{"height":31.04,"crown_diameter":21.72},"id":"14716"},{"type":"Feature","geometry":{"type":"Point","coordinates":[1826562.0887774643,2187045.1067467597]},"properties":{"height":17.4,"crown_diameter":12.18},"id":"14717"},{"type":"Feature","geometry":{"type":"Point","coordinates":[1826551.921739709,2187216.5882494813]},"properties":{"height":15.0,"crown_diameter":10.0},"id":"14718"},{"type":"Feature","geometry":{"type":"Point","coordinates":[1826580.1686968605,2187134.627739544]},"properties":{"height":24.97,"crown_diameter":17.48},"id":"14719"},{"type":"Feature","geometry":{"type":"Point","coordinates":[1826215.2424068633,2186940.097474374]},"properties":{"height":31.04,"crown_diameter":21.72},"id":"14720"},{"type":"Feature","geometry":{"type":"Point","coordinates":[1826193.4628883882,2187162.1530341753]},"properties":{"height":32.55,"crown_diameter":22.78},"id":"14721"},{"type":"Feature","geometry":{"type":"Point","coordinates":[1826562.009866135,2187036.448195338]},"properties":{"height":15.0,"crown_diameter":10.0},"id":"14722"},{"type":"Feature","geometry":{"type":"Point","coordinates":[1826533.8844724563,2187195.279570461]},"properties":{"height":15.0,"crown_diameter":10.0},"id":"14723"},{"type":"Feature","geometry":{"type":"Point","coordinates":[1826564.0300430255,2187128.7553584897]},"properties":{"height":32.55,"crown_diameter":22.78},"id":"14724"},{"type":"Feature","geometry":{"type":"Point","coordinates":[1826545.3021415283,2187047.5571152843]},"properties":{"height":15.0,"crown_diameter":10.0},"id":"14725"},{"type":"Feature","geometry":{"type":"Point","coordinates":[1826546.116758739,2187063.1683624103]},"properties":{"height":15.88,"crown_diameter":11.12},"id":"14726"},{"type":"Feature","geometry":{"type":"Point","coordinates":[1826546.1523820169,2187074.2807859764]},"properties":{"height":15.0,"crown_diameter":10.0},"id":"14727"},{"type":"Feature","geometry":{"type":"Point","coordinates":[1826520.1339322033,2187198.812808902]},"properties":{"height":15.0,"crown_diameter":10.0},"id":"14728"},{"type":"Feature","geometry":{"type":"Point","coordinates":[1826198.585426633,2187155.8862210037]},"properties":{"height":32.55,"crown_diameter":22.78},"id":"14729"},{"type":"Feature","geometry":{"type":"Point","coordinates":[1826554.8751834352,2187244.1648717]},"properties":{"height":15.88,"crown_diameter":11.12},"id":"14730"},{"type":"Feature","geometry":{"type":"Point","coordinates":[1826534.6574826457,2187206.473912933]},"properties":{"height":15.0,"crown_diameter":10.0},"id":"14731"},{"type":"Feature","geometry":{"type":"Point","coordinates":[1826552.3909862929,2187225.352045144]},"properties":{"height":15.0,"crown_diameter":10.0},"id":"14732"},{"type":"Feature","geometry":{"type":"Point","coordinates":[1826547.9209602242,2187134.0729149855]},"properties":{"height":15.0,"crown_diameter":10.0},"id":"14733"},{"type":"Feature","geometry":{"type":"Point","coordinates":[1826548.1560005439,2187146.417585148]},"properties":{"height":15.0,"crown_diameter":10.0},"id":"14734"},{"type":"Feature","geometry":{"type":"Point","coordinates":[1826578.4696649127,2187034.336628588]},"properties":{"height":15.88,"crown_diameter":11.12},"id":"14735"},{"type":"Feature","geometry":{"type":"Point","coordinates":[1826588.592589835,2187022.99743062]},"properties":{"height":15.0,"crown_diameter":10.0},"id":"14736"},{"type":"Feature","geometry":{"type":"Point","coordinates":[1826578.6374926434,2187042.1547995172]},"properties":{"height":20.43,"crown_diameter":14.3},"id":"14737"},{"type":"Feature","geometry":{"type":"Point","coordinates":[1826579.3437100768,2187076.231864401]},"properties":{"height":15.0,"crown_diameter":10.0},"id":"14738"},{"type":"Feature","geometry":{"type":"Point","coordinates":[1826579.511318474,2187087.0762638557]},"properties":{"height":15.0,"crown_diameter":10.0},"id":"14739"},{"type":"Feature","geometry":{"type":"Point","coordinates":[1826563.821862141,2187119.931513036]},"properties":{"height":28.0,"crown_diameter":19.6},"id":"14740"},{"type":"Feature","geometry":{"type":"Point","coordinates":[1826218.6357271927,2187078.5058290376]},"properties":{"height":15.0,"crown_diameter":10.0},"id":"14741"},{"type":"Feature","geometry":{"type":"Point","coordinates":[1826205.196803426,2187151.0957647082]},"properties":{"height":28.0,"crown_diameter":19.6},"id":"14742"},{"type":"Feature","geometry":{"type":"Point","coordinates":[1826579.8458266489,2187128.4874951146]},"properties":{"height":15.0,"crown_diameter":10.0},"id":"14743"},{"type":"Feature","geometry":{"type":"Point","coordinates":[1826590.2375988367,2187106.3493673527]},"properties":{"height":32.55,"crown_diameter":22.78},"id":"14744"},{"type":"Feature","geometry":{"type":"Point","coordinates":[1826581.4038964177,2187157.9327086983]},"properties":{"height":15.88,"crown_diameter":11.12},"id":"14745"},{"type":"Feature","geometry":{"type":"Point","coordinates":[1826581.9083640042,2187167.5678305966]},"properties":{"height":15.0,"crown_diameter":10.0},"id":"14746"},{"type":"Feature","geometry":{"type":"Point","coordinates":[1826218.202612709,2187107.101222673]},"properties":{"height":21.94,"crown_diameter":15.36},"id":"14747"},{"type":"Feature","geometry":{"type":"Point","coordinates":[1826217.919544682,2187121.061043947]},"properties":{"height":15.88,"crown_diameter":11.12},"id":"14748"},{"type":"Feature","geometry":{"type":"Point","coordinates":[1826217.7497016601,2187135.4157865974]},"properties":{"height":31.04,"crown_diameter":21.72},"id":"14749"},{"type":"Feature","geometry":{"type":"Point","coordinates":[1826568.4619079249,2187220.2425221503]},"properties":{"height":20.43,"crown_diameter":14.3},"id":"14750"},{"type":"Feature","geometry":{"type":"Point","coordinates":[1826216.9165581102,2186966.3593111946]},"properties":{"height":15.0,"crown_diameter":10.0},"id":"14751"},{"type":"Feature","geometry":{"type":"Point","coordinates":[1826562.483270123,2187088.39948981]},"properties":{"height":15.0,"crown_diameter":10.0},"id":"14752"},{"type":"Feature","geometry":{"type":"Point","coordinates":[1826566.2928646097,2187203.5358087453]},"properties":{"height":28.0,"crown_diameter":19.6},"id":"14753"},{"type":"Feature","geometry":{"type":"Point","coordinates":[1826564.8627196634,2187164.0507306806]},"properties":{"height":15.0,"crown_diameter":10.0},"id":"14754"},{"type":"Feature","geometry":{"type":"Point","coordinates":[1826562.325485853,2187071.0823954064]},"properties":{"height":28.0,"crown_diameter":19.6},"id":"14755"},{"type":"Feature","geometry":{"type":"Point","coordinates":[1826212.588137359,2187147.672483585]},"properties":{"height":28.0,"crown_diameter":19.6},"id":"14756"},{"type":"Feature","geometry":{"type":"Point","coordinates":[1826562.4043801215,2187079.7409430784]},"properties":{"height":28.0,"crown_diameter":19.6},"id":"14757"},{"type":"Feature","geometry":{"type":"Point","coordinates":[1826564.4463907257,2187146.4030465097]},"properties":{"height":35.58,"crown_diameter":24.9},"id":"14758"},{"type":"Feature","geometry":{"type":"Point","coordinates":[1826562.2465873223,2187062.4238467943]},"properties":{"height":23.46,"crown_diameter":16.42},"id":"14759"},{"type":"Feature","geometry":{"type":"Point","coordinates":[1826565.070877096,2187172.874571323]},"properties":{"height":15.0,"crown_diameter":10.0},"id":"14760"},{"type":"Feature","geometry":{"type":"Point","coordinates":[1826218.2237368554,2187093.413303293]},"properties":{"height":20.43,"crown_diameter":14.3},"id":"14761"},{"type":"Feature","geometry":{"type":"Point","coordinates":[1826565.2790298376,2187181.698411001]},"properties":{"height":15.0,"crown_diameter":10.0},"id":"14762"},{"type":"Feature","geometry":{"type":"Point","coordinates":[1826217.9816251742,2186980.51056919]},"properties":{"height":20.43,"crown_diameter":14.3},"id":"14763"},{"type":"Feature","geometry":{"type":"Point","coordinates":[1826218.437010745,2186994.8401969415]},"properties":{"height":17.4,"crown_diameter":12.18},"id":"14764"},{"type":"Feature","geometry":{"type":"Point","coordinates":[1826218.6862549516,2187010.0072098756]},"properties":{"height":15.88,"crown_diameter":11.12},"id":"14765"},{"type":"Feature","geometry":{"type":"Point","coordinates":[1826218.5286541705,2187022.0865258705]},"properties":{"height":28.0,"crown_diameter":19.6},"id":"14766"},{"type":"Feature","geometry":{"type":"Point","coordinates":[1826218.2763042934,2187052.139877108]},"properties":{"height":24.97,"crown_diameter":17.48},"id":"14767"},{"type":"Feature","geometry":{"type":"Point","coordinates":[1826562.5621558593,2187097.0580356056]},"properties":{"height":15.0,"crown_diameter":10.0},"id":"14768"},{"type":"Feature","geometry":{"type":"Point","coordinates":[1826218.397112319,2187065.700183945]},"properties":{"height":15.88,"crown_diameter":11.12},"id":"14769"},{"type":"Feature","geometry":{"type":"Point","coordinates":[1826562.1676845248,2187053.7652972457]},"properties":{"height":23.46,"crown_diameter":16.42},"id":"14770"},{"type":"Feature","geometry":{"type":"Point","coordinates":[1826564.2382192211,2187137.579202984]},"properties":{"height":31.04,"crown_diameter":21.72},"id":"14771"},{"type":"Feature","geometry":{"type":"Point","coordinates":[1826218.3050485253,2187037.9819831657]},"properties":{"height":15.0,"crown_diameter":10.0},"id":"14772"},{"type":"Feature","geometry":{"type":"Point","coordinates":[1826315.6038063662,2186794.451416716]},"properties":{"height":15.0,"crown_diameter":10.0},"id":"14773"},{"type":"Feature","geometry":{"type":"Point","coordinates":[1826318.3817807862,2186728.6441782]},"properties":{"height":15.0,"crown_diameter":10.0},"id":"14774"},{"type":"Feature","geometry":{"type":"Point","coordinates":[1826582.1550693111,2186866.275300308]},"properties":{"height":28.0,"crown_diameter":19.6},"id":"14775"},{"type":"Feature","geometry":{"type":"Point","coordinates":[1826548.0396114085,2186929.4417506536]},"properties":{"height":24.97,"crown_diameter":17.48},"id":"14776"},{"type":"Feature","geometry":{"type":"Point","coordinates":[1826326.7260471515,2186759.7704653437]},"properties":{"height":15.0,"crown_diameter":10.0},"id":"14777"},{"type":"Feature","geometry":{"type":"Point","coordinates":[1826581.9392486096,2186874.3711722763]},"properties":{"height":26.49,"crown_diameter":18.54},"id":"14778"},{"type":"Feature","geometry":{"type":"Point","coordinates":[1826549.1312796983,2186896.053554157]},"properties":{"height":28.0,"crown_diameter":19.6},"id":"14779"},{"type":"Feature","geometry":{"type":"Point","coordinates":[1826548.4365290585,2186908.731181464]},"properties":{"height":21.94,"crown_diameter":15.36},"id":"14780"},{"type":"Feature","geometry":{"type":"Point","coordinates":[1826550.017271054,2186845.966555453]},"properties":{"height":24.97,"crown_diameter":17.48},"id":"14781"},{"type":"Feature","geometry":{"type":"Point","coordinates":[1826206.9145308926,2186892.313615918]},"properties":{"height":29.52,"crown_diameter":20.66},"id":"14782"},{"type":"Feature","geometry":{"type":"Point","coordinates":[1826549.3387093975,2186876.0001907013]},"properties":{"height":29.52,"crown_diameter":20.66},"id":"14783"},{"type":"Feature","geometry":{"type":"Point","coordinates":[1826549.1664769675,2186886.9370010085]},"properties":{"height":29.52,"crown_diameter":20.66},"id":"14784"},{"type":"Feature","geometry":{"type":"Point","coordinates":[1826550.472375689,2186834.0493672853]},"properties":{"height":29.52,"crown_diameter":20.66},"id":"14785"},{"type":"Feature","geometry":{"type":"Point","coordinates":[1826550.772874645,2186810.3933325047]},"properties":{"height":15.0,"crown_diameter":10.0},"id":"14786"},{"type":"Feature","geometry":{"type":"Point","coordinates":[1826581.7029272318,2186883.42877581]},"properties":{"height":26.49,"crown_diameter":18.54},"id":"14787"},{"type":"Feature","geometry":{"type":"Point","coordinates":[1826578.8030040122,2187004.3826150284]},"properties":{"height":15.0,"crown_diameter":10.0},"id":"14788"},{"type":"Feature","geometry":{"type":"Point","coordinates":[1826578.968032704,2186998.507073276]},"properties":{"height":15.0,"crown_diameter":10.0},"id":"14789"},{"type":"Feature","geometry":{"type":"Point","coordinates":[1826581.2695983998,2186900.1379257394]},"properties":{"height":23.46,"crown_diameter":16.42},"id":"14790"},{"type":"Feature","geometry":{"type":"Point","coordinates":[1826580.997768703,2186910.257280719]},"properties":{"height":18.91,"crown_diameter":13.24},"id":"14791"},{"type":"Feature","geometry":{"type":"Point","coordinates":[1826580.7422088452,2186920.161845617]},"properties":{"height":15.0,"crown_diameter":10.0},"id":"14792"},{"type":"Feature","geometry":{"type":"Point","coordinates":[1826591.0656757082,2186937.4987745495]},"properties":{"height":15.0,"crown_diameter":10.0},"id":"14793"},{"type":"Feature","geometry":{"type":"Point","coordinates":[1826579.4087611132,2186982.1678874735]},"properties":{"height":15.0,"crown_diameter":10.0},"id":"14794"},{"type":"Feature","geometry":{"type":"Point","coordinates":[1826579.2266693327,2186989.0635057758]},"properties":{"height":15.0,"crown_diameter":10.0},"id":"14795"},{"type":"Feature","geometry":{"type":"Point","coordinates":[1826563.2059589166,2186951.695432041]},"properties":{"height":31.04,"crown_diameter":21.72},"id":"14796"},{"type":"Feature","geometry":{"type":"Point","coordinates":[1826563.4912491897,2186928.54209793]},"properties":{"height":15.0,"crown_diameter":10.0},"id":"14797"},{"type":"Feature","geometry":{"type":"Point","coordinates":[1826562.6446039402,2186978.054840836]},"properties":{"height":29.52,"crown_diameter":20.66},"id":"14798"},{"type":"Feature","geometry":{"type":"Point","coordinates":[1826564.6578370656,2186893.185825442]},"properties":{"height":24.97,"crown_diameter":17.48},"id":"14799"},{"type":"Feature","geometry":{"type":"Point","coordinates":[1826488.7121518073,2186775.914216225]},"properties":{"height":15.0,"crown_diameter":10.0},"id":"14800"},{"type":"Feature","geometry":{"type":"Point","coordinates":[1826205.7174702783,2186899.2113884166]},"properties":{"height":29.52,"crown_diameter":20.66},"id":"14801"},{"type":"Feature","geometry":{"type":"Point","coordinates":[1826212.068852698,2186897.2230735156]},"properties":{"height":28.0,"crown_diameter":19.6},"id":"14802"},{"type":"Feature","geometry":{"type":"Point","coordinates":[1826212.7932972545,2186912.709294631]},"properties":{"height":23.46,"crown_diameter":16.42},"id":"14803"},{"type":"Feature","geometry":{"type":"Point","coordinates":[1826213.9920365086,2186925.637856189]},"properties":{"height":29.52,"crown_diameter":20.66},"id":"14804"},{"type":"Feature","geometry":{"type":"Point","coordinates":[1826564.366195613,2186902.0248950445]},"properties":{"height":26.49,"crown_diameter":18.54},"id":"14805"},{"type":"Feature","geometry":{"type":"Point","coordinates":[1826562.0832143582,2187004.414240851]},"properties":{"height":15.0,"crown_diameter":10.0},"id":"14806"},{"type":"Feature","geometry":{"type":"Point","coordinates":[1826561.8960768082,2187013.200705565]},"properties":{"height":15.0,"crown_diameter":10.0},"id":"14807"},{"type":"Feature","geometry":{"type":"Point","coordinates":[1826564.0745504845,2186910.8639636575]},"properties":{"height":20.43,"crown_diameter":14.3},"id":"14808"},{"type":"Feature","geometry":{"type":"Point","coordinates":[1826340.3392807925,2186808.6633137367]},"properties":{"height":15.0,"crown_diameter":10.0},"id":"14809"},{"type":"Feature","geometry":{"type":"Point","coordinates":[1826336.8810703445,2186796.053177211]},"properties":{"height":17.4,"crown_diameter":12.18},"id":"14810"},{"type":"Feature","geometry":{"type":"Point","coordinates":[1826332.3261173882,2186780.3997096005]},"properties":{"height":15.88,"crown_diameter":11.12},"id":"14811"},{"type":"Feature","geometry":{"type":"Point","coordinates":[1826313.5988660685,2186787.201030027]},"properties":{"height":15.0,"crown_diameter":10.0},"id":"14812"},{"type":"Feature","geometry":{"type":"Point","coordinates":[1826563.0188444385,2186960.481902614]},"properties":{"height":35.58,"crown_diameter":24.9},"id":"14813"},{"type":"Feature","geometry":{"type":"Point","coordinates":[1826564.9494748432,2186884.346754851]},"properties":{"height":23.46,"crown_diameter":16.42},"id":"14814"},{"type":"Feature","geometry":{"type":"Point","coordinates":[1826562.457477927,2186986.8413084857]},"properties":{"height":28.0,"crown_diameter":19.6},"id":"14815"},{"type":"Feature","geometry":{"type":"Point","coordinates":[1826562.2703480672,2186995.6277751513]},"properties":{"height":15.0,"crown_diameter":10.0},"id":"14816"},{"type":"Feature","geometry":{"type":"Point","coordinates":[1826563.7829016743,2186919.703031287]},"properties":{"height":15.0,"crown_diameter":10.0},"id":"14817"},{"type":"Feature","geometry":{"type":"Point","coordinates":[1826562.831726111,2186969.268372215]},"properties":{"height":31.04,"crown_diameter":21.72},"id":"14818"},{"type":"Feature","geometry":{"type":"Point","coordinates":[1826565.24110894,2186875.5076832753]},"properties":{"height":24.97,"crown_diameter":17.48},"id":"14819"},{"type":"Feature","geometry":{"type":"Point","coordinates":[1826550.8656353557,2186802.8552786126]},"properties":{"height":18.91,"crown_diameter":13.24},"id":"14820"},{"type":"Feature","geometry":{"type":"Point","coordinates":[1826550.9796845624,2186793.7688351693]},"properties":{"height":18.91,"crown_diameter":13.24},"id":"14821"},{"type":"Feature","geometry":{"type":"Point","coordinates":[1826565.5327393604,2186866.668610718]},"properties":{"height":15.0,"crown_diameter":10.0},"id":"14822"},{"type":"Feature","geometry":{"type":"Point","coordinates":[1826604.2579205476,2186933.4540922972]},"properties":{"height":15.0,"crown_diameter":10.0},"id":"14823"},{"type":"Feature","geometry":{"type":"Point","coordinates":[1826595.1846136544,2187021.411392823]},"properties":{"height":15.0,"crown_diameter":10.0},"id":"14824"},{"type":"Feature","geometry":{"type":"Point","coordinates":[1826942.5264375347,2187015.251193976]},"properties":{"height":20.43,"crown_diameter":14.3},"id":"14825"},{"type":"Feature","geometry":{"type":"Point","coordinates":[1826952.2644731686,2187051.575109818]},"properties":{"height":23.46,"crown_diameter":16.42},"id":"14826"},{"type":"Feature","geometry":{"type":"Point","coordinates":[1826953.7661810776,2187057.165130108]},"properties":{"height":23.46,"crown_diameter":16.42},"id":"14827"},{"type":"Feature","geometry":{"type":"Point","coordinates":[1826955.2567367763,2187062.729505625]},"properties":{"height":23.46,"crown_diameter":16.42},"id":"14828"},{"type":"Feature","geometry":{"type":"Point","coordinates":[1826964.640791325,2187097.1633461746]},"properties":{"height":21.94,"crown_diameter":15.36},"id":"14829"},{"type":"Feature","geometry":{"type":"Point","coordinates":[1827073.3802145573,2187083.5752559695]},"properties":{"height":35.58,"crown_diameter":24.9},"id":"14830"},{"type":"Feature","geometry":{"type":"Point","coordinates":[1827075.0963474615,2187073.060181112]},"properties":{"height":35.58,"crown_diameter":24.9},"id":"14831"},{"type":"Feature","geometry":{"type":"Point","coordinates":[1827076.4025265456,2187059.617648143]},"properties":{"height":37.1,"crown_diameter":25.96},"id":"14832"},{"type":"Feature","geometry":{"type":"Point","coordinates":[1827072.625296599,2187067.6786142266]},"properties":{"height":37.1,"crown_diameter":25.96},"id":"14833"},{"type":"Feature","geometry":{"type":"Point","coordinates":[1827066.032515524,2187104.5788935865]},"properties":{"height":17.4,"crown_diameter":12.18},"id":"14834"},{"type":"Feature","geometry":{"type":"Point","coordinates":[1827001.10646483,2187088.485538179]},"properties":{"height":41.64,"crown_diameter":29.14},"id":"14835"},{"type":"Feature","geometry":{"type":"Point","coordinates":[1826718.0282989407,2186900.726854722]},"properties":{"height":31.04,"crown_diameter":21.72},"id":"14836"},{"type":"Feature","geometry":{"type":"Point","coordinates":[1826820.2491930178,2186859.7294083643]},"properties":{"height":31.04,"crown_diameter":21.72},"id":"14837"},{"type":"Feature","geometry":{"type":"Point","coordinates":[1826806.8133957216,2186875.1196141676]},"properties":{"height":15.0,"crown_diameter":10.0},"id":"14838"},{"type":"Feature","geometry":{"type":"Point","coordinates":[1826814.0115811701,2186861.5255114473]},"properties":{"height":18.91,"crown_diameter":13.24},"id":"14839"},{"type":"Feature","geometry":{"type":"Point","coordinates":[1826797.429989372,2186877.818918784]},"properties":{"height":15.0,"crown_diameter":10.0},"id":"14840"},{"type":"Feature","geometry":{"type":"Point","coordinates":[1826806.826840295,2186863.58142036]},"properties":{"height":15.0,"crown_diameter":10.0},"id":"14841"},{"type":"Feature","geometry":{"type":"Point","coordinates":[1826795.1804170553,2186866.7593490374]},"properties":{"height":15.0,"crown_diameter":10.0},"id":"14842"},{"type":"Feature","geometry":{"type":"Point","coordinates":[1826788.2571121033,2186880.46434735]},"properties":{"height":18.91,"crown_diameter":13.24},"id":"14843"},{"type":"Feature","geometry":{"type":"Point","coordinates":[1826692.7059717462,2186908.0309275095]},"properties":{"height":15.0,"crown_diameter":10.0},"id":"14844"},{"type":"Feature","geometry":{"type":"Point","coordinates":[1826714.920706762,2186889.9136476056]},"properties":{"height":17.4,"crown_diameter":12.18},"id":"14845"},{"type":"Feature","geometry":{"type":"Point","coordinates":[1826704.4821755923,2186904.6303495327]},"properties":{"height":15.0,"crown_diameter":10.0},"id":"14846"},{"type":"Feature","geometry":{"type":"Point","coordinates":[1826820.480982568,2186871.1758840126]},"properties":{"height":26.49,"crown_diameter":18.54},"id":"14847"},{"type":"Feature","geometry":{"type":"Point","coordinates":[1826727.471715087,2186886.327690955]},"properties":{"height":15.0,"crown_diameter":10.0},"id":"14848"},{"type":"Feature","geometry":{"type":"Point","coordinates":[1826726.3809062315,2186898.3135668426]},"properties":{"height":15.0,"crown_diameter":10.0},"id":"14849"},{"type":"Feature","geometry":{"type":"Point","coordinates":[1826657.8733763765,2186933.4812140386]},"properties":{"height":15.0,"crown_diameter":10.0},"id":"14850"},{"type":"Feature","geometry":{"type":"Point","coordinates":[1826662.3287127446,2186905.776944168]},"properties":{"height":15.0,"crown_diameter":10.0},"id":"14851"},{"type":"Feature","geometry":{"type":"Point","coordinates":[1826670.2263230935,2186914.222229259]},"properties":{"height":15.0,"crown_diameter":10.0},"id":"14852"},{"type":"Feature","geometry":{"type":"Point","coordinates":[1827063.0516286604,2187096.29232785]},"properties":{"height":28.0,"crown_diameter":19.6},"id":"14853"},{"type":"Feature","geometry":{"type":"Point","coordinates":[1827057.380726846,2187111.903703557]},"properties":{"height":15.0,"crown_diameter":10.0},"id":"14854"},{"type":"Feature","geometry":{"type":"Point","coordinates":[1827067.4043086465,2187069.357709003]},"properties":{"height":38.61,"crown_diameter":27.02},"id":"14855"},{"type":"Feature","geometry":{"type":"Point","coordinates":[1827062.119435342,2187070.9066602415]},"properties":{"height":40.13,"crown_diameter":28.08},"id":"14856"},{"type":"Feature","geometry":{"type":"Point","coordinates":[1827065.6775578032,2187062.8630243544]},"properties":{"height":40.13,"crown_diameter":28.08},"id":"14857"},{"type":"Feature","geometry":{"type":"Point","coordinates":[1826768.8862190566,2186886.0541633405]},"properties":{"height":15.0,"crown_diameter":10.0},"id":"14858"},{"type":"Feature","geometry":{"type":"Point","coordinates":[1826926.4280585018,2186883.058407776]},"properties":{"height":15.0,"crown_diameter":10.0},"id":"14859"},{"type":"Feature","geometry":{"type":"Point","coordinates":[1826923.877179283,2186871.053134109]},"properties":{"height":21.94,"crown_diameter":15.36},"id":"14860"},{"type":"Feature","geometry":{"type":"Point","coordinates":[1826928.271733731,2186891.7554191533]},"properties":{"height":15.0,"crown_diameter":10.0},"id":"14861"},{"type":"Feature","geometry":{"type":"Point","coordinates":[1826927.6974468958,2186906.9815958533]},"properties":{"height":15.0,"crown_diameter":10.0},"id":"14862"},{"type":"Feature","geometry":{"type":"Point","coordinates":[1826933.7826097598,2186928.865307796]},"properties":{"height":15.0,"crown_diameter":10.0},"id":"14863"},{"type":"Feature","geometry":{"type":"Point","coordinates":[1826873.109302924,2186856.00094784]},"properties":{"height":26.49,"crown_diameter":18.54},"id":"14864"},{"type":"Feature","geometry":{"type":"Point","coordinates":[1826746.8120428647,2186892.4215062414]},"properties":{"height":15.88,"crown_diameter":11.12},"id":"14865"},{"type":"Feature","geometry":{"type":"Point","coordinates":[1826748.461134243,2186880.475299936]},"properties":{"height":28.0,"crown_diameter":19.6},"id":"14866"},{"type":"Feature","geometry":{"type":"Point","coordinates":[1826737.3802381547,2186895.143970421]},"properties":{"height":15.0,"crown_diameter":10.0},"id":"14867"},{"type":"Feature","geometry":{"type":"Point","coordinates":[1826758.2457266822,2186889.124284524]},"properties":{"height":15.0,"crown_diameter":10.0},"id":"14868"},{"type":"Feature","geometry":{"type":"Point","coordinates":[1826943.2843977613,2187036.165483093]},"properties":{"height":17.4,"crown_diameter":12.18},"id":"14869"},{"type":"Feature","geometry":{"type":"Point","coordinates":[1826763.1684104602,2186876.316529315]},"properties":{"height":15.0,"crown_diameter":10.0},"id":"14870"},{"type":"Feature","geometry":{"type":"Point","coordinates":[1826778.5015595206,2186883.2829822786]},"properties":{"height":15.0,"crown_diameter":10.0},"id":"14871"},{"type":"Feature","geometry":{"type":"Point","coordinates":[1826781.5021266232,2186870.712101406]},"properties":{"height":15.88,"crown_diameter":11.12},"id":"14872"},{"type":"Feature","geometry":{"type":"Point","coordinates":[1826864.1576045195,2186858.583426447]},"properties":{"height":24.97,"crown_diameter":17.48},"id":"14873"},{"type":"Feature","geometry":{"type":"Point","coordinates":[1826854.4772130458,2186849.6021720166]},"properties":{"height":28.0,"crown_diameter":19.6},"id":"14874"},{"type":"Feature","geometry":{"type":"Point","coordinates":[1826856.1933516555,2186860.881109595]},"properties":{"height":15.0,"crown_diameter":10.0},"id":"14875"},{"type":"Feature","geometry":{"type":"Point","coordinates":[1826841.964472068,2186864.980014304]},"properties":{"height":34.07,"crown_diameter":23.84},"id":"14876"},{"type":"Feature","geometry":{"type":"Point","coordinates":[1826843.9090977467,2186852.8388695153]},"properties":{"height":28.0,"crown_diameter":19.6},"id":"14877"},{"type":"Feature","geometry":{"type":"Point","coordinates":[1826831.396799315,2186868.032716532]},"properties":{"height":31.04,"crown_diameter":21.72},"id":"14878"},{"type":"Feature","geometry":{"type":"Point","coordinates":[1826831.2422198954,2186856.9151407005]},"properties":{"height":32.55,"crown_diameter":22.78},"id":"14879"},{"type":"Feature","geometry":{"type":"Point","coordinates":[1827002.1218966534,2187061.6609094893]},"properties":{"height":15.0,"crown_diameter":10.0},"id":"14880"},{"type":"Feature","geometry":{"type":"Point","coordinates":[1827014.392472736,2187090.458758225]},"properties":{"height":43.16,"crown_diameter":30.2},"id":"14881"},{"type":"Feature","geometry":{"type":"Point","coordinates":[1827018.1162542254,2187056.9318606034]},"properties":{"height":15.0,"crown_diameter":10.0},"id":"14882"},{"type":"Feature","geometry":{"type":"Point","coordinates":[1827011.1878023462,2187085.5254617212]},"properties":{"height":40.13,"crown_diameter":28.08},"id":"14883"},{"type":"Feature","geometry":{"type":"Point","coordinates":[1827013.6190966896,2187077.664662328]},"properties":{"height":37.1,"crown_diameter":25.96},"id":"14884"},{"type":"Feature","geometry":{"type":"Point","coordinates":[1827007.4878028994,2187093.040825974]},"properties":{"height":44.67,"crown_diameter":31.26},"id":"14885"},{"type":"Feature","geometry":{"type":"Point","coordinates":[1827006.5040706603,2187086.859595224]},"properties":{"height":41.64,"crown_diameter":29.14},"id":"14886"},{"type":"Feature","geometry":{"type":"Point","coordinates":[1827006.6525742642,2187060.4287333856]},"properties":{"height":15.0,"crown_diameter":10.0},"id":"14887"},{"type":"Feature","geometry":{"type":"Point","coordinates":[1827004.7618470553,2187080.2116931104]},"properties":{"height":35.58,"crown_diameter":24.9},"id":"14888"},{"type":"Feature","geometry":{"type":"Point","coordinates":[1826996.6256860166,2187111.6271445225]},"properties":{"height":35.58,"crown_diameter":24.9},"id":"14889"},{"type":"Feature","geometry":{"type":"Point","coordinates":[1826994.965386489,2187105.9076247066]},"properties":{"height":38.61,"crown_diameter":27.02},"id":"14890"},{"type":"Feature","geometry":{"type":"Point","coordinates":[1827058.9128679256,2187077.3877713773]},"properties":{"height":37.1,"crown_diameter":25.96},"id":"14891"},{"type":"Feature","geometry":{"type":"Point","coordinates":[1826993.3771238185,2187100.53880642]},"properties":{"height":38.61,"crown_diameter":27.02},"id":"14892"},{"type":"Feature","geometry":{"type":"Point","coordinates":[1826990.2080896364,2187113.530190251]},"properties":{"height":18.91,"crown_diameter":13.24},"id":"14893"},{"type":"Feature","geometry":{"type":"Point","coordinates":[1826994.490143218,2187083.3224710603]},"properties":{"height":17.4,"crown_diameter":12.18},"id":"14894"},{"type":"Feature","geometry":{"type":"Point","coordinates":[1826987.15931571,2187102.178318491]},"properties":{"height":29.52,"crown_diameter":20.66},"id":"14895"},{"type":"Feature","geometry":{"type":"Point","coordinates":[1826990.4751491451,2187065.0225437023]},"properties":{"height":15.0,"crown_diameter":10.0},"id":"14896"},{"type":"Feature","geometry":{"type":"Point","coordinates":[1826647.8614643994,2186896.1613406786]},"properties":{"height":15.0,"crown_diameter":10.0},"id":"14897"},{"type":"Feature","geometry":{"type":"Point","coordinates":[1826950.6092449494,2187045.3965307507]},"properties":{"height":23.46,"crown_diameter":16.42},"id":"14898"},{"type":"Feature","geometry":{"type":"Point","coordinates":[1826944.9996791612,2187042.8185062325]},"properties":{"height":23.46,"crown_diameter":16.42},"id":"14899"},{"type":"Feature","geometry":{"type":"Point","coordinates":[1826944.1761128248,2187021.416951011]},"properties":{"height":15.88,"crown_diameter":11.12},"id":"14900"},{"type":"Feature","geometry":{"type":"Point","coordinates":[1826949.325034485,2186984.7282989924]},"properties":{"height":15.0,"crown_diameter":10.0},"id":"14901"},{"type":"Feature","geometry":{"type":"Point","coordinates":[1827022.1500696898,2187075.2247506888]},"properties":{"height":29.52,"crown_diameter":20.66},"id":"14902"},{"type":"Feature","geometry":{"type":"Point","coordinates":[1827064.305779634,2187075.5996568874]},"properties":{"height":35.58,"crown_diameter":24.9},"id":"14903"},{"type":"Feature","geometry":{"type":"Point","coordinates":[1827056.545585799,2187072.7326240577]},"properties":{"height":41.64,"crown_diameter":29.14},"id":"14904"},{"type":"Feature","geometry":{"type":"Point","coordinates":[1827052.9539955813,2187079.1688986174]},"properties":{"height":40.13,"crown_diameter":28.08},"id":"14905"},{"type":"Feature","geometry":{"type":"Point","coordinates":[1827051.0694877575,2187074.1443969095]},"properties":{"height":41.64,"crown_diameter":29.14},"id":"14906"},{"type":"Feature","geometry":{"type":"Point","coordinates":[1827054.948734197,2187065.7968155434]},"properties":{"height":41.64,"crown_diameter":29.14},"id":"14907"},{"type":"Feature","geometry":{"type":"Point","coordinates":[1827046.6508267766,2187080.6961720143]},"properties":{"height":43.16,"crown_diameter":30.2},"id":"14908"},{"type":"Feature","geometry":{"type":"Point","coordinates":[1827045.4193189905,2187075.7107103188]},"properties":{"height":43.16,"crown_diameter":30.2},"id":"14909"},{"type":"Feature","geometry":{"type":"Point","coordinates":[1827041.3239452436,2187082.131657619]},"properties":{"height":43.16,"crown_diameter":30.2},"id":"14910"},{"type":"Feature","geometry":{"type":"Point","coordinates":[1827043.711846028,2187069.0249660523]},"properties":{"height":41.64,"crown_diameter":29.14},"id":"14911"},{"type":"Feature","geometry":{"type":"Point","coordinates":[1827031.9938317875,2187106.7984447777]},"properties":{"height":32.55,"crown_diameter":22.78},"id":"14912"},{"type":"Feature","geometry":{"type":"Point","coordinates":[1827035.7055161102,2187083.8550564405]},"properties":{"height":37.1,"crown_diameter":25.96},"id":"14913"},{"type":"Feature","geometry":{"type":"Point","coordinates":[1827034.9782214311,2187078.7009176523]},"properties":{"height":41.64,"crown_diameter":29.14},"id":"14914"},{"type":"Feature","geometry":{"type":"Point","coordinates":[1827033.2433011818,2187071.985686188]},"properties":{"height":40.13,"crown_diameter":28.08},"id":"14915"},{"type":"Feature","geometry":{"type":"Point","coordinates":[1827030.8592817956,2187085.4039794053]},"properties":{"height":37.1,"crown_diameter":25.96},"id":"14916"},{"type":"Feature","geometry":{"type":"Point","coordinates":[1827029.7542448563,2187080.13768202]},"properties":{"height":38.61,"crown_diameter":27.02},"id":"14917"},{"type":"Feature","geometry":{"type":"Point","coordinates":[1827025.6113053847,2187087.088233593]},"properties":{"height":40.13,"crown_diameter":28.08},"id":"14918"},{"type":"Feature","geometry":{"type":"Point","coordinates":[1827020.9459248683,2187102.9944526567]},"properties":{"height":46.19,"crown_diameter":32.34},"id":"14919"},{"type":"Feature","geometry":{"type":"Point","coordinates":[1827020.455515116,2187088.7827392165]},"properties":{"height":41.64,"crown_diameter":29.14},"id":"14920"},{"type":"Feature","geometry":{"type":"Point","coordinates":[1827023.9990416537,2187081.748261929]},"properties":{"height":35.58,"crown_diameter":24.9},"id":"14921"},{"type":"Feature","geometry":{"type":"Point","coordinates":[1827019.525824152,2187083.028507251]},"properties":{"height":37.1,"crown_diameter":25.96},"id":"14922"},{"type":"Feature","geometry":{"type":"Point","coordinates":[1827011.5853904083,2187107.9657254973]},"properties":{"height":47.7,"crown_diameter":33.4},"id":"14923"},{"type":"Feature","geometry":{"type":"Point","coordinates":[1826787.3778640584,2186710.91073755]},"properties":{"height":15.0,"crown_diameter":10.0},"id":"14925"},{"type":"Feature","geometry":{"type":"Point","coordinates":[1826859.5615210375,2186712.69652349]},"properties":{"height":20.43,"crown_diameter":14.3},"id":"14928"},{"type":"Feature","geometry":{"type":"Point","coordinates":[1826886.7292761523,2186735.262819663]},"properties":{"height":15.0,"crown_diameter":10.0},"id":"14929"},{"type":"Feature","geometry":{"type":"Point","coordinates":[1826888.1398119233,2186740.2559443447]},"properties":{"height":15.0,"crown_diameter":10.0},"id":"14930"},{"type":"Feature","geometry":{"type":"Point","coordinates":[1826884.8658562663,2186750.4494459582]},"properties":{"height":15.0,"crown_diameter":10.0},"id":"14931"},{"type":"Feature","geometry":{"type":"Point","coordinates":[1826867.895365016,2186846.278551407]},"properties":{"height":18.91,"crown_diameter":13.24},"id":"14932"},{"type":"Feature","geometry":{"type":"Point","coordinates":[1826811.9196161241,2186703.7102739154]},"properties":{"height":18.91,"crown_diameter":13.24},"id":"14933"},{"type":"Feature","geometry":{"type":"Point","coordinates":[1826869.8926505751,2186750.886135611]},"properties":{"height":15.0,"crown_diameter":10.0},"id":"14934"},{"type":"Feature","geometry":{"type":"Point","coordinates":[1826921.020929867,2186857.5719631272]},"properties":{"height":15.0,"crown_diameter":10.0},"id":"14935"},{"type":"Feature","geometry":{"type":"Point","coordinates":[1826825.1145071741,2186699.839053663]},"properties":{"height":15.0,"crown_diameter":10.0},"id":"14936"},{"type":"Feature","geometry":{"type":"Point","coordinates":[1826800.5161287722,2186707.0606427793]},"properties":{"height":15.0,"crown_diameter":10.0},"id":"14938"},{"type":"Feature","geometry":{"type":"Point","coordinates":[1826906.3864861368,2186750.4761334956]},"properties":{"height":18.91,"crown_diameter":13.24},"id":"14939"},{"type":"Feature","geometry":{"type":"Point","coordinates":[1826876.1880407732,2186843.3909746353]},"properties":{"height":15.0,"crown_diameter":10.0},"id":"14940"},{"type":"Feature","geometry":{"type":"Point","coordinates":[1826883.0214370596,2186853.1388098793]},"properties":{"height":15.0,"crown_diameter":10.0},"id":"14941"},{"type":"Feature","geometry":{"type":"Point","coordinates":[1826883.2824798543,2186723.0806988277]},"properties":{"height":15.0,"crown_diameter":10.0},"id":"14943"},{"type":"Feature","geometry":{"type":"Point","coordinates":[1826749.096390301,2186722.1416879212]},"properties":{"height":15.0,"crown_diameter":10.0},"id":"14944"},{"type":"Feature","geometry":{"type":"Point","coordinates":[1826738.8124714503,2186725.1579368087]},"properties":{"height":15.0,"crown_diameter":10.0},"id":"14945"},{"type":"Feature","geometry":{"type":"Point","coordinates":[1826756.3506639942,2186720.0100528947]},"properties":{"height":15.0,"crown_diameter":10.0},"id":"14946"},{"type":"Feature","geometry":{"type":"Point","coordinates":[1826778.8042563943,2186713.421458347]},"properties":{"height":15.88,"crown_diameter":11.12},"id":"14947"},{"type":"Feature","geometry":{"type":"Point","coordinates":[1826768.361238326,2186716.4921903214]},"properties":{"height":15.0,"crown_diameter":10.0},"id":"14948"},{"type":"Feature","geometry":{"type":"Point","coordinates":[1826885.012956471,2186729.1964427615]},"properties":{"height":15.0,"crown_diameter":10.0},"id":"14951"},{"type":"Feature","geometry":{"type":"Point","coordinates":[1826891.1143925437,2186773.0275103855]},"properties":{"height":15.0,"crown_diameter":10.0},"id":"14952"},{"type":"Feature","geometry":{"type":"Point","coordinates":[1826862.4452827803,2186723.3649447]},"properties":{"height":15.0,"crown_diameter":10.0},"id":"14953"},{"type":"Feature","geometry":{"type":"Point","coordinates":[1826866.0782716754,2186736.799204928]},"properties":{"height":18.91,"crown_diameter":13.24},"id":"14954"},{"type":"Feature","geometry":{"type":"Point","coordinates":[1826880.8096259655,2186714.315802625]},"properties":{"height":15.0,"crown_diameter":10.0},"id":"14959"},{"type":"Feature","geometry":{"type":"Point","coordinates":[1826549.4568267968,2186631.4404703635]},"properties":{"height":15.0,"crown_diameter":10.0},"id":"14967"},{"type":"Feature","geometry":{"type":"Point","coordinates":[1826554.4170053327,2186648.9847961203]},"properties":{"height":15.0,"crown_diameter":10.0},"id":"14968"},{"type":"Feature","geometry":{"type":"Point","coordinates":[1826552.1730804122,2186639.2845208263]},"properties":{"height":15.0,"crown_diameter":10.0},"id":"14969"},{"type":"Feature","geometry":{"type":"Point","coordinates":[1826596.7134372,2186687.1896893196]},"properties":{"height":21.94,"crown_diameter":15.36},"id":"14972"},{"type":"Feature","geometry":{"type":"Point","coordinates":[1826598.0294366977,2186679.169268635]},"properties":{"height":26.49,"crown_diameter":18.54},"id":"14973"},{"type":"Feature","geometry":{"type":"Point","coordinates":[1826640.0503738811,2186753.061064338]},"properties":{"height":15.0,"crown_diameter":10.0},"id":"14976"},{"type":"Feature","geometry":{"type":"Point","coordinates":[1826309.9061705067,2186693.9543846794]},"properties":{"height":29.52,"crown_diameter":20.66},"id":"14977"},{"type":"Feature","geometry":{"type":"Point","coordinates":[1826256.0502213258,2186583.121674695]},"properties":{"height":20.43,"crown_diameter":14.3},"id":"14978"},{"type":"Feature","geometry":{"type":"Point","coordinates":[1826660.395952795,2186747.240582087]},"properties":{"height":15.0,"crown_diameter":10.0},"id":"14982"},{"type":"Feature","geometry":{"type":"Point","coordinates":[1826652.5204614543,2186749.4903772846]},"properties":{"height":15.0,"crown_diameter":10.0},"id":"14983"},{"type":"Feature","geometry":{"type":"Point","coordinates":[1826645.659424344,2186751.4502138766]},"properties":{"height":15.0,"crown_diameter":10.0},"id":"14984"},{"type":"Feature","geometry":{"type":"Point","coordinates":[1826596.5022059532,2186697.818137633]},"properties":{"height":15.0,"crown_diameter":10.0},"id":"14985"},{"type":"Feature","geometry":{"type":"Point","coordinates":[1826585.5262896556,2186643.4366489374]},"properties":{"height":15.0,"crown_diameter":10.0},"id":"14987"},{"type":"Feature","geometry":{"type":"Point","coordinates":[1826265.7098642066,2186618.481846156]},"properties":{"height":15.0,"crown_diameter":10.0},"id":"14988"},{"type":"Feature","geometry":{"type":"Point","coordinates":[1826286.5921253434,2186606.6654696018]},"properties":{"height":15.0,"crown_diameter":10.0},"id":"14991"},{"type":"Feature","geometry":{"type":"Point","coordinates":[1826288.31063788,2186612.870201412]},"properties":{"height":15.0,"crown_diameter":10.0},"id":"14992"},{"type":"Feature","geometry":{"type":"Point","coordinates":[1826274.8425211923,2186651.5544897146]},"properties":{"height":15.0,"crown_diameter":10.0},"id":"14993"},{"type":"Feature","geometry":{"type":"Point","coordinates":[1826285.0391490238,2186600.706906367]},"properties":{"height":15.0,"crown_diameter":10.0},"id":"14994"},{"type":"Feature","geometry":{"type":"Point","coordinates":[1826269.9924932302,2186634.416184356]},"properties":{"height":15.0,"crown_diameter":10.0},"id":"14995"},{"type":"Feature","geometry":{"type":"Point","coordinates":[1826268.0322764223,2186625.9911930165]},"properties":{"height":15.0,"crown_diameter":10.0},"id":"14997"},{"type":"Feature","geometry":{"type":"Point","coordinates":[1826289.9558232075,2186619.057637311]},"properties":{"height":15.0,"crown_diameter":10.0},"id":"14998"},{"type":"Feature","geometry":{"type":"Point","coordinates":[1826286.952275988,2186689.943596971]},"properties":{"height":15.0,"crown_diameter":10.0},"id":"14999"},{"type":"Feature","geometry":{"type":"Point","coordinates":[1826289.7692679374,2186699.5487722377]},"properties":{"height":15.0,"crown_diameter":10.0},"id":"15000"},{"type":"Feature","geometry":{"type":"Point","coordinates":[1826291.392562453,2186624.816184443]},"properties":{"height":15.0,"crown_diameter":10.0},"id":"15003"},{"type":"Feature","geometry":{"type":"Point","coordinates":[1826272.2234518626,2186641.1100026215]},"properties":{"height":15.0,"crown_diameter":10.0},"id":"15004"},{"type":"Feature","geometry":{"type":"Point","coordinates":[1826283.5003250148,2186594.7977089724]},"properties":{"height":15.0,"crown_diameter":10.0},"id":"15005"},{"type":"Feature","geometry":{"type":"Point","coordinates":[1826312.6405620787,2186704.9669174207]},"properties":{"height":21.94,"crown_diameter":15.36},"id":"15007"},{"type":"Feature","geometry":{"type":"Point","coordinates":[1826557.6616506372,2186658.3803484337]},"properties":{"height":15.0,"crown_diameter":10.0},"id":"15008"},{"type":"Feature","geometry":{"type":"Point","coordinates":[1826307.2311862165,2186684.8774822876]},"properties":{"height":15.0,"crown_diameter":10.0},"id":"15010"},{"type":"Feature","geometry":{"type":"Point","coordinates":[1826537.8939149706,2186761.017168661]},"properties":{"height":15.0,"crown_diameter":10.0},"id":"15011"},{"type":"Feature","geometry":{"type":"Point","coordinates":[1825950.8550904866,2186607.3673719554]},"properties":{"height":15.0,"crown_diameter":10.0},"id":"15017"},{"type":"Feature","geometry":{"type":"Point","coordinates":[1825975.1323086557,2186791.9557607975]},"properties":{"height":20.43,"crown_diameter":14.3},"id":"15018"},{"type":"Feature","geometry":{"type":"Point","coordinates":[1825996.7683456535,2186877.094139867]},"properties":{"height":28.0,"crown_diameter":19.6},"id":"15019"},{"type":"Feature","geometry":{"type":"Point","coordinates":[1825991.1760863413,2186769.1086847065]},"properties":{"height":17.4,"crown_diameter":12.18},"id":"15020"},{"type":"Feature","geometry":{"type":"Point","coordinates":[1825992.4416351577,2186858.9821305214]},"properties":{"height":28.0,"crown_diameter":19.6},"id":"15021"},{"type":"Feature","geometry":{"type":"Point","coordinates":[1825987.3644064108,2186841.679067349]},"properties":{"height":15.88,"crown_diameter":11.12},"id":"15022"},{"type":"Feature","geometry":{"type":"Point","coordinates":[1825978.4333409164,2186808.6209822916]},"properties":{"height":18.91,"crown_diameter":13.24},"id":"15023"},{"type":"Feature","geometry":{"type":"Point","coordinates":[1825989.087597934,2186761.263417482]},"properties":{"height":15.0,"crown_diameter":10.0},"id":"15024"},{"type":"Feature","geometry":{"type":"Point","coordinates":[1825979.314695281,2186784.958142796]},"properties":{"height":21.94,"crown_diameter":15.36},"id":"15025"},{"type":"Feature","geometry":{"type":"Point","coordinates":[1825976.2005548065,2186800.3564607576]},"properties":{"height":18.91,"crown_diameter":13.24},"id":"15026"},{"type":"Feature","geometry":{"type":"Point","coordinates":[1825973.5105230524,2186685.7196089365]},"properties":{"height":15.0,"crown_diameter":10.0},"id":"15027"},{"type":"Feature","geometry":{"type":"Point","coordinates":[1825984.206786881,2186718.182372676]},"properties":{"height":15.0,"crown_diameter":10.0},"id":"15028"},{"type":"Feature","geometry":{"type":"Point","coordinates":[1825994.6049948644,2186868.0381353484]},"properties":{"height":29.52,"crown_diameter":20.66},"id":"15029"},{"type":"Feature","geometry":{"type":"Point","coordinates":[1826002.8794041248,2186775.8962536952]},"properties":{"height":15.0,"crown_diameter":10.0},"id":"15030"},{"type":"Feature","geometry":{"type":"Point","coordinates":[1825980.666119127,2186816.885503723]},"properties":{"height":21.94,"crown_diameter":15.36},"id":"15031"},{"type":"Feature","geometry":{"type":"Point","coordinates":[1825990.2782665319,2186849.9261253844]},"properties":{"height":23.46,"crown_diameter":16.42},"id":"15032"},{"type":"Feature","geometry":{"type":"Point","coordinates":[1825982.8988894483,2186825.1500250422]},"properties":{"height":20.43,"crown_diameter":14.3},"id":"15033"},{"type":"Feature","geometry":{"type":"Point","coordinates":[1825987.3956990258,2186782.6734277066]},"properties":{"height":15.0,"crown_diameter":10.0},"id":"15034"},{"type":"Feature","geometry":{"type":"Point","coordinates":[1825985.1316518753,2186833.4145462536]},"properties":{"height":24.97,"crown_diameter":17.48},"id":"15035"},{"type":"Feature","geometry":{"type":"Point","coordinates":[1825995.3848758875,2186779.9566150103]},"properties":{"height":15.0,"crown_diameter":10.0},"id":"15036"}]}